<?xml version="1.0" encoding="UTF-8"?>
<gpx version="1.1" creator="TrainLCD scripts/generate-location-gpx.mjs" xmlns="http://www.topografix.com/GPX/1/1" xmlns:trainlcd="https://trainlcd.app/xmlns/gpx/v1">
<wpt lat="35.4424300" lon="139.6504460">
<time>2026-01-01T00:00:00.000Z</time>
<extensions><trainlcd:accuracy>48</trainlcd:accuracy></extensions>
</wpt>
<wpt lat="35.4424335" lon="139.6504397">
<time>2026-01-01T00:00:01.000Z</time>
<extensions><trainlcd:accuracy>429</trainlcd:accuracy></extensions>
</wpt>
<wpt lat="35.4424406" lon="139.6504271">
<time>2026-01-01T00:00:02.000Z</time>
<extensions><trainlcd:accuracy>589</trainlcd:accuracy></extensions>
</wpt>
<wpt lat="35.4424512" lon="139.6504082">
<time>2026-01-01T00:00:03.000Z</time>
<extensions><trainlcd:accuracy>333</trainlcd:accuracy></extensions>
</wpt>
<wpt lat="35.4424653" lon="139.6503830">
<time>2026-01-01T00:00:04.000Z</time>
<extensions><trainlcd:accuracy>325</trainlcd:accuracy></extensions>
</wpt>
<wpt lat="35.4424829" lon="139.6503515">
<time>2026-01-01T00:00:05.000Z</time>
<extensions><trainlcd:accuracy>528</trainlcd:accuracy></extensions>
</wpt>
<wpt lat="35.4425041" lon="139.6503137">
<time>2026-01-01T00:00:06.000Z</time>
<extensions><trainlcd:accuracy>611</trainlcd:accuracy></extensions>
</wpt>
<wpt lat="35.4425288" lon="139.6502696">
<time>2026-01-01T00:00:07.000Z</time>
<extensions><trainlcd:accuracy>286</trainlcd:accuracy></extensions>
</wpt>
<wpt lat="35.4425571" lon="139.6502192">
<time>2026-01-01T00:00:08.000Z</time>
<extensions><trainlcd:accuracy>546</trainlcd:accuracy></extensions>
</wpt>
<wpt lat="35.4425888" lon="139.6501625">
<time>2026-01-01T00:00:09.000Z</time>
<extensions><trainlcd:accuracy>490</trainlcd:accuracy></extensions>
</wpt>
<wpt lat="35.4426241" lon="139.6500995">
<time>2026-01-01T00:00:10.000Z</time>
<extensions><trainlcd:accuracy>542</trainlcd:accuracy></extensions>
</wpt>
<wpt lat="35.4426629" lon="139.6500302">
<time>2026-01-01T00:00:11.000Z</time>
<extensions><trainlcd:accuracy>389</trainlcd:accuracy></extensions>
</wpt>
<wpt lat="35.4427053" lon="139.6499546">
<time>2026-01-01T00:00:12.000Z</time>
<extensions><trainlcd:accuracy>375</trainlcd:accuracy></extensions>
</wpt>
<wpt lat="35.4427512" lon="139.6498727">
<time>2026-01-01T00:00:13.000Z</time>
<extensions><trainlcd:accuracy>262</trainlcd:accuracy></extensions>
</wpt>
<wpt lat="35.4428006" lon="139.6497845">
<time>2026-01-01T00:00:14.000Z</time>
<extensions><trainlcd:accuracy>466</trainlcd:accuracy></extensions>
</wpt>
<wpt lat="35.4428535" lon="139.6496900">
<time>2026-01-01T00:00:15.000Z</time>
<extensions><trainlcd:accuracy>294</trainlcd:accuracy></extensions>
</wpt>
<wpt lat="35.4429100" lon="139.6495892">
<time>2026-01-01T00:00:16.000Z</time>
<extensions><trainlcd:accuracy>443</trainlcd:accuracy></extensions>
</wpt>
<wpt lat="35.4429700" lon="139.6494821">
<time>2026-01-01T00:00:17.000Z</time>
<extensions><trainlcd:accuracy>510</trainlcd:accuracy></extensions>
</wpt>
<wpt lat="35.4430335" lon="139.6493687">
<time>2026-01-01T00:00:18.000Z</time>
<extensions><trainlcd:accuracy>360</trainlcd:accuracy></extensions>
</wpt>
<wpt lat="35.4431006" lon="139.6492490">
<time>2026-01-01T00:00:19.000Z</time>
<extensions><trainlcd:accuracy>369</trainlcd:accuracy></extensions>
</wpt>
<wpt lat="35.4431712" lon="139.6491230">
<time>2026-01-01T00:00:20.000Z</time>
<extensions><trainlcd:accuracy>487</trainlcd:accuracy></extensions>
</wpt>
<wpt lat="35.4567578" lon="139.6329957">
<time>2026-01-01T00:02:18.000Z</time>
<extensions><trainlcd:accuracy>564</trainlcd:accuracy></extensions>
</wpt>
<wpt lat="35.4568868" lon="139.6329338">
<time>2026-01-01T00:02:19.000Z</time>
<extensions><trainlcd:accuracy>521</trainlcd:accuracy></extensions>
</wpt>
<wpt lat="35.4570088" lon="139.6328753">
<time>2026-01-01T00:02:20.000Z</time>
<extensions><trainlcd:accuracy>569</trainlcd:accuracy></extensions>
</wpt>
<wpt lat="35.4571239" lon="139.6328200">
<time>2026-01-01T00:02:21.000Z</time>
<extensions><trainlcd:accuracy>582</trainlcd:accuracy></extensions>
</wpt>
<wpt lat="35.4572322" lon="139.6327680">
<time>2026-01-01T00:02:22.000Z</time>
<extensions><trainlcd:accuracy>518</trainlcd:accuracy></extensions>
</wpt>
<wpt lat="35.4573335" lon="139.6327194">
<time>2026-01-01T00:02:23.000Z</time>
<extensions><trainlcd:accuracy>342</trainlcd:accuracy></extensions>
</wpt>
<wpt lat="35.4574280" lon="139.6326740">
<time>2026-01-01T00:02:24.000Z</time>
<extensions><trainlcd:accuracy>370</trainlcd:accuracy></extensions>
</wpt>
<wpt lat="35.4575155" lon="139.6326320">
<time>2026-01-01T00:02:25.000Z</time>
<extensions><trainlcd:accuracy>509</trainlcd:accuracy></extensions>
</wpt>
<wpt lat="35.4575962" lon="139.6325933">
<time>2026-01-01T00:02:26.000Z</time>
<extensions><trainlcd:accuracy>417</trainlcd:accuracy></extensions>
</wpt>
<wpt lat="35.4576699" lon="139.6325579">
<time>2026-01-01T00:02:27.000Z</time>
<extensions><trainlcd:accuracy>513</trainlcd:accuracy></extensions>
</wpt>
<wpt lat="35.4577368" lon="139.6325258">
<time>2026-01-01T00:02:28.000Z</time>
<extensions><trainlcd:accuracy>494</trainlcd:accuracy></extensions>
</wpt>
<wpt lat="35.4577967" lon="139.6324970">
<time>2026-01-01T00:02:29.000Z</time>
<extensions><trainlcd:accuracy>557</trainlcd:accuracy></extensions>
</wpt>
<wpt lat="35.4578498" lon="139.6324716">
<time>2026-01-01T00:02:30.000Z</time>
<extensions><trainlcd:accuracy>375</trainlcd:accuracy></extensions>
</wpt>
<wpt lat="35.4578959" lon="139.6324494">
<time>2026-01-01T00:02:31.000Z</time>
<extensions><trainlcd:accuracy>467</trainlcd:accuracy></extensions>
</wpt>
<wpt lat="35.4579352" lon="139.6324306">
<time>2026-01-01T00:02:32.000Z</time>
<extensions><trainlcd:accuracy>386</trainlcd:accuracy></extensions>
</wpt>
<wpt lat="35.4579675" lon="139.6324150">
<time>2026-01-01T00:02:33.000Z</time>
<extensions><trainlcd:accuracy>337</trainlcd:accuracy></extensions>
</wpt>
<wpt lat="35.4579930" lon="139.6324028">
<time>2026-01-01T00:02:34.000Z</time>
<extensions><trainlcd:accuracy>486</trainlcd:accuracy></extensions>
</wpt>
<wpt lat="35.4580116" lon="139.6323939">
<time>2026-01-01T00:02:35.000Z</time>
<extensions><trainlcd:accuracy>308</trainlcd:accuracy></extensions>
</wpt>
<wpt lat="35.4580232" lon="139.6323883">
<time>2026-01-01T00:02:36.000Z</time>
<extensions><trainlcd:accuracy>290</trainlcd:accuracy></extensions>
</wpt>
<wpt lat="35.4580280" lon="139.6323860">
<time>2026-01-01T00:02:37.000Z</time>
<extensions><trainlcd:accuracy>527</trainlcd:accuracy></extensions>
</wpt>
<wpt lat="35.4580280" lon="139.6323860">
<time>2026-01-01T00:02:38.000Z</time>
<extensions><trainlcd:accuracy>58</trainlcd:accuracy></extensions>
</wpt>
<wpt lat="35.4580280" lon="139.6323860">
<time>2026-01-01T00:02:39.000Z</time>
<extensions><trainlcd:accuracy>27</trainlcd:accuracy></extensions>
</wpt>
<wpt lat="35.4580280" lon="139.6323860">
<time>2026-01-01T00:02:40.000Z</time>
<extensions><trainlcd:accuracy>60</trainlcd:accuracy></extensions>
</wpt>
<wpt lat="35.4580280" lon="139.6323860">
<time>2026-01-01T00:02:41.000Z</time>
<extensions><trainlcd:accuracy>33</trainlcd:accuracy></extensions>
</wpt>
<wpt lat="35.4580280" lon="139.6323860">
<time>2026-01-01T00:02:42.000Z</time>
<extensions><trainlcd:accuracy>43</trainlcd:accuracy></extensions>
</wpt>
<wpt lat="35.4580280" lon="139.6323860">
<time>2026-01-01T00:02:43.000Z</time>
<extensions><trainlcd:accuracy>37</trainlcd:accuracy></extensions>
</wpt>
<wpt lat="35.4580280" lon="139.6323860">
<time>2026-01-01T00:02:44.000Z</time>
<extensions><trainlcd:accuracy>42</trainlcd:accuracy></extensions>
</wpt>
<wpt lat="35.4580280" lon="139.6323860">
<time>2026-01-01T00:02:45.000Z</time>
<extensions><trainlcd:accuracy>51</trainlcd:accuracy></extensions>
</wpt>
<wpt lat="35.4580280" lon="139.6323860">
<time>2026-01-01T00:02:46.000Z</time>
<extensions><trainlcd:accuracy>32</trainlcd:accuracy></extensions>
</wpt>
<wpt lat="35.4580280" lon="139.6323860">
<time>2026-01-01T00:02:47.000Z</time>
<extensions><trainlcd:accuracy>50</trainlcd:accuracy></extensions>
</wpt>
<wpt lat="35.4580280" lon="139.6323860">
<time>2026-01-01T00:02:48.000Z</time>
<extensions><trainlcd:accuracy>53</trainlcd:accuracy></extensions>
</wpt>
<wpt lat="35.4580280" lon="139.6323860">
<time>2026-01-01T00:02:49.000Z</time>
<extensions><trainlcd:accuracy>47</trainlcd:accuracy></extensions>
</wpt>
<wpt lat="35.4580280" lon="139.6323860">
<time>2026-01-01T00:02:50.000Z</time>
<extensions><trainlcd:accuracy>26</trainlcd:accuracy></extensions>
</wpt>
<wpt lat="35.4580280" lon="139.6323860">
<time>2026-01-01T00:02:51.000Z</time>
<extensions><trainlcd:accuracy>41</trainlcd:accuracy></extensions>
</wpt>
<wpt lat="35.4580280" lon="139.6323860">
<time>2026-01-01T00:02:52.000Z</time>
<extensions><trainlcd:accuracy>55</trainlcd:accuracy></extensions>
</wpt>
<wpt lat="35.4580280" lon="139.6323860">
<time>2026-01-01T00:02:53.000Z</time>
<extensions><trainlcd:accuracy>27</trainlcd:accuracy></extensions>
</wpt>
<wpt lat="35.4580280" lon="139.6323860">
<time>2026-01-01T00:02:54.000Z</time>
<extensions><trainlcd:accuracy>34</trainlcd:accuracy></extensions>
</wpt>
<wpt lat="35.4580280" lon="139.6323860">
<time>2026-01-01T00:02:55.000Z</time>
<extensions><trainlcd:accuracy>31</trainlcd:accuracy></extensions>
</wpt>
<wpt lat="35.4580280" lon="139.6323860">
<time>2026-01-01T00:02:56.000Z</time>
<extensions><trainlcd:accuracy>35</trainlcd:accuracy></extensions>
</wpt>
<wpt lat="35.4580280" lon="139.6323860">
<time>2026-01-01T00:02:57.000Z</time>
<extensions><trainlcd:accuracy>58</trainlcd:accuracy></extensions>
</wpt>
<wpt lat="35.4580280" lon="139.6323860">
<time>2026-01-01T00:02:58.000Z</time>
<extensions><trainlcd:accuracy>48</trainlcd:accuracy></extensions>
</wpt>
<wpt lat="35.4580280" lon="139.6323860">
<time>2026-01-01T00:02:59.000Z</time>
<extensions><trainlcd:accuracy>43</trainlcd:accuracy></extensions>
</wpt>
<wpt lat="35.4580280" lon="139.6323860">
<time>2026-01-01T00:03:00.000Z</time>
<extensions><trainlcd:accuracy>39</trainlcd:accuracy></extensions>
</wpt>
<wpt lat="35.4580280" lon="139.6323860">
<time>2026-01-01T00:03:01.000Z</time>
<extensions><trainlcd:accuracy>47</trainlcd:accuracy></extensions>
</wpt>
<wpt lat="35.4580280" lon="139.6323860">
<time>2026-01-01T00:03:02.000Z</time>
<extensions><trainlcd:accuracy>38</trainlcd:accuracy></extensions>
</wpt>
<wpt lat="35.4580280" lon="139.6323860">
<time>2026-01-01T00:03:03.000Z</time>
<extensions><trainlcd:accuracy>51</trainlcd:accuracy></extensions>
</wpt>
<wpt lat="35.4580280" lon="139.6323860">
<time>2026-01-01T00:03:04.000Z</time>
<extensions><trainlcd:accuracy>45</trainlcd:accuracy></extensions>
</wpt>
<wpt lat="35.4580280" lon="139.6323860">
<time>2026-01-01T00:03:05.000Z</time>
<extensions><trainlcd:accuracy>42</trainlcd:accuracy></extensions>
</wpt>
<wpt lat="35.4580280" lon="139.6323860">
<time>2026-01-01T00:03:06.000Z</time>
<extensions><trainlcd:accuracy>35</trainlcd:accuracy></extensions>
</wpt>
<wpt lat="35.4580280" lon="139.6323860">
<time>2026-01-01T00:03:07.000Z</time>
<extensions><trainlcd:accuracy>60</trainlcd:accuracy></extensions>
</wpt>
<wpt lat="35.4580280" lon="139.6323860">
<time>2026-01-01T00:03:08.000Z</time>
<extensions><trainlcd:accuracy>45</trainlcd:accuracy></extensions>
</wpt>
<wpt lat="35.4580280" lon="139.6323860">
<time>2026-01-01T00:03:09.000Z</time>
<extensions><trainlcd:accuracy>38</trainlcd:accuracy></extensions>
</wpt>
<wpt lat="35.4580280" lon="139.6323860">
<time>2026-01-01T00:03:10.000Z</time>
<extensions><trainlcd:accuracy>37</trainlcd:accuracy></extensions>
</wpt>
<wpt lat="35.4580280" lon="139.6323860">
<time>2026-01-01T00:03:11.000Z</time>
<extensions><trainlcd:accuracy>41</trainlcd:accuracy></extensions>
</wpt>
<wpt lat="35.4580280" lon="139.6323860">
<time>2026-01-01T00:03:12.000Z</time>
<extensions><trainlcd:accuracy>38</trainlcd:accuracy></extensions>
</wpt>
<wpt lat="35.4580280" lon="139.6323860">
<time>2026-01-01T00:03:13.000Z</time>
<extensions><trainlcd:accuracy>55</trainlcd:accuracy></extensions>
</wpt>
<wpt lat="35.4580280" lon="139.6323860">
<time>2026-01-01T00:03:14.000Z</time>
<extensions><trainlcd:accuracy>52</trainlcd:accuracy></extensions>
</wpt>
<wpt lat="35.4580316" lon="139.6323805">
<time>2026-01-01T00:03:15.000Z</time>
<extensions><trainlcd:accuracy>493</trainlcd:accuracy></extensions>
</wpt>
<wpt lat="35.4580389" lon="139.6323695">
<time>2026-01-01T00:03:16.000Z</time>
<extensions><trainlcd:accuracy>526</trainlcd:accuracy></extensions>
</wpt>
<wpt lat="35.4580498" lon="139.6323530">
<time>2026-01-01T00:03:17.000Z</time>
<extensions><trainlcd:accuracy>382</trainlcd:accuracy></extensions>
</wpt>
<wpt lat="35.4580644" lon="139.6323309">
<time>2026-01-01T00:03:18.000Z</time>
<extensions><trainlcd:accuracy>316</trainlcd:accuracy></extensions>
</wpt>
<wpt lat="35.4580826" lon="139.6323034">
<time>2026-01-01T00:03:19.000Z</time>
<extensions><trainlcd:accuracy>513</trainlcd:accuracy></extensions>
</wpt>
<wpt lat="35.4581044" lon="139.6322704">
<time>2026-01-01T00:03:20.000Z</time>
<extensions><trainlcd:accuracy>513</trainlcd:accuracy></extensions>
</wpt>
<wpt lat="35.4581299" lon="139.6322318">
<time>2026-01-01T00:03:21.000Z</time>
<extensions><trainlcd:accuracy>481</trainlcd:accuracy></extensions>
</wpt>
<wpt lat="35.4581591" lon="139.6321878">
<time>2026-01-01T00:03:22.000Z</time>
<extensions><trainlcd:accuracy>291</trainlcd:accuracy></extensions>
</wpt>
<wpt lat="35.4581918" lon="139.6321382">
<time>2026-01-01T00:03:23.000Z</time>
<extensions><trainlcd:accuracy>531</trainlcd:accuracy></extensions>
</wpt>
<wpt lat="35.4582282" lon="139.6320832">
<time>2026-01-01T00:03:24.000Z</time>
<extensions><trainlcd:accuracy>405</trainlcd:accuracy></extensions>
</wpt>
<wpt lat="35.4582683" lon="139.6320226">
<time>2026-01-01T00:03:25.000Z</time>
<extensions><trainlcd:accuracy>431</trainlcd:accuracy></extensions>
</wpt>
<wpt lat="35.4583119" lon="139.6319565">
<time>2026-01-01T00:03:26.000Z</time>
<extensions><trainlcd:accuracy>495</trainlcd:accuracy></extensions>
</wpt>
<wpt lat="35.4583593" lon="139.6318849">
<time>2026-01-01T00:03:27.000Z</time>
<extensions><trainlcd:accuracy>545</trainlcd:accuracy></extensions>
</wpt>
<wpt lat="35.4584102" lon="139.6318078">
<time>2026-01-01T00:03:28.000Z</time>
<extensions><trainlcd:accuracy>329</trainlcd:accuracy></extensions>
</wpt>
<wpt lat="35.4584648" lon="139.6317252">
<time>2026-01-01T00:03:29.000Z</time>
<extensions><trainlcd:accuracy>411</trainlcd:accuracy></extensions>
</wpt>
<wpt lat="35.4585231" lon="139.6316371">
<time>2026-01-01T00:03:30.000Z</time>
<extensions><trainlcd:accuracy>292</trainlcd:accuracy></extensions>
</wpt>
<wpt lat="35.4585850" lon="139.6315435">
<time>2026-01-01T00:03:31.000Z</time>
<extensions><trainlcd:accuracy>397</trainlcd:accuracy></extensions>
</wpt>
<wpt lat="35.4586505" lon="139.6314444">
<time>2026-01-01T00:03:32.000Z</time>
<extensions><trainlcd:accuracy>598</trainlcd:accuracy></extensions>
</wpt>
<wpt lat="35.4587197" lon="139.6313398">
<time>2026-01-01T00:03:33.000Z</time>
<extensions><trainlcd:accuracy>469</trainlcd:accuracy></extensions>
</wpt>
<wpt lat="35.4587925" lon="139.6312297">
<time>2026-01-01T00:03:34.000Z</time>
<extensions><trainlcd:accuracy>335</trainlcd:accuracy></extensions>
</wpt>
<wpt lat="35.4655540" lon="139.6230707">
<time>2026-01-01T00:04:36.000Z</time>
<extensions><trainlcd:accuracy>399</trainlcd:accuracy></extensions>
</wpt>
<wpt lat="35.4656396" lon="139.6229900">
<time>2026-01-01T00:04:37.000Z</time>
<extensions><trainlcd:accuracy>543</trainlcd:accuracy></extensions>
</wpt>
<wpt lat="35.4657205" lon="139.6229137">
<time>2026-01-01T00:04:38.000Z</time>
<extensions><trainlcd:accuracy>397</trainlcd:accuracy></extensions>
</wpt>
<wpt lat="35.4657966" lon="139.6228418">
<time>2026-01-01T00:04:39.000Z</time>
<extensions><trainlcd:accuracy>471</trainlcd:accuracy></extensions>
</wpt>
<wpt lat="35.4658680" lon="139.6227744">
<time>2026-01-01T00:04:40.000Z</time>
<extensions><trainlcd:accuracy>405</trainlcd:accuracy></extensions>
</wpt>
<wpt lat="35.4659347" lon="139.6227115">
<time>2026-01-01T00:04:41.000Z</time>
<extensions><trainlcd:accuracy>598</trainlcd:accuracy></extensions>
</wpt>
<wpt lat="35.4659967" lon="139.6226531">
<time>2026-01-01T00:04:42.000Z</time>
<extensions><trainlcd:accuracy>473</trainlcd:accuracy></extensions>
</wpt>
<wpt lat="35.4660539" lon="139.6225991">
<time>2026-01-01T00:04:43.000Z</time>
<extensions><trainlcd:accuracy>456</trainlcd:accuracy></extensions>
</wpt>
<wpt lat="35.4661064" lon="139.6225495">
<time>2026-01-01T00:04:44.000Z</time>
<extensions><trainlcd:accuracy>489</trainlcd:accuracy></extensions>
</wpt>
<wpt lat="35.4661542" lon="139.6225045">
<time>2026-01-01T00:04:45.000Z</time>
<extensions><trainlcd:accuracy>318</trainlcd:accuracy></extensions>
</wpt>
<wpt lat="35.4661973" lon="139.6224638">
<time>2026-01-01T00:04:46.000Z</time>
<extensions><trainlcd:accuracy>534</trainlcd:accuracy></extensions>
</wpt>
<wpt lat="35.4662356" lon="139.6224277">
<time>2026-01-01T00:04:47.000Z</time>
<extensions><trainlcd:accuracy>402</trainlcd:accuracy></extensions>
</wpt>
<wpt lat="35.4662692" lon="139.6223960">
<time>2026-01-01T00:04:48.000Z</time>
<extensions><trainlcd:accuracy>384</trainlcd:accuracy></extensions>
</wpt>
<wpt lat="35.4662981" lon="139.6223688">
<time>2026-01-01T00:04:49.000Z</time>
<extensions><trainlcd:accuracy>298</trainlcd:accuracy></extensions>
</wpt>
<wpt lat="35.4663222" lon="139.6223460">
<time>2026-01-01T00:04:50.000Z</time>
<extensions><trainlcd:accuracy>333</trainlcd:accuracy></extensions>
</wpt>
<wpt lat="35.4663416" lon="139.6223277">
<time>2026-01-01T00:04:51.000Z</time>
<extensions><trainlcd:accuracy>463</trainlcd:accuracy></extensions>
</wpt>
<wpt lat="35.4663563" lon="139.6223138">
<time>2026-01-01T00:04:52.000Z</time>
<extensions><trainlcd:accuracy>327</trainlcd:accuracy></extensions>
</wpt>
<wpt lat="35.4663663" lon="139.6223044">
<time>2026-01-01T00:04:53.000Z</time>
<extensions><trainlcd:accuracy>486</trainlcd:accuracy></extensions>
</wpt>
<wpt lat="35.4663715" lon="139.6222995">
<time>2026-01-01T00:04:54.000Z</time>
<extensions><trainlcd:accuracy>260</trainlcd:accuracy></extensions>
</wpt>
<wpt lat="35.4663720" lon="139.6222990">
<time>2026-01-01T00:04:55.000Z</time>
<extensions><trainlcd:accuracy>425</trainlcd:accuracy></extensions>
</wpt>
<wpt lat="35.4663720" lon="139.6222990">
<time>2026-01-01T00:04:56.000Z</time>
<extensions><trainlcd:accuracy>26</trainlcd:accuracy></extensions>
</wpt>
<wpt lat="35.4663720" lon="139.6222990">
<time>2026-01-01T00:04:57.000Z</time>
<extensions><trainlcd:accuracy>50</trainlcd:accuracy></extensions>
</wpt>
<wpt lat="35.4663720" lon="139.6222990">
<time>2026-01-01T00:04:58.000Z</time>
<extensions><trainlcd:accuracy>52</trainlcd:accuracy></extensions>
</wpt>
<wpt lat="35.4663720" lon="139.6222990">
<time>2026-01-01T00:04:59.000Z</time>
<extensions><trainlcd:accuracy>34</trainlcd:accuracy></extensions>
</wpt>
<wpt lat="35.4663720" lon="139.6222990">
<time>2026-01-01T00:05:00.000Z</time>
<extensions><trainlcd:accuracy>60</trainlcd:accuracy></extensions>
</wpt>
<wpt lat="35.4663720" lon="139.6222990">
<time>2026-01-01T00:05:01.000Z</time>
<extensions><trainlcd:accuracy>47</trainlcd:accuracy></extensions>
</wpt>
<wpt lat="35.4663720" lon="139.6222990">
<time>2026-01-01T00:05:02.000Z</time>
<extensions><trainlcd:accuracy>26</trainlcd:accuracy></extensions>
</wpt>
<wpt lat="35.4663720" lon="139.6222990">
<time>2026-01-01T00:05:03.000Z</time>
<extensions><trainlcd:accuracy>26</trainlcd:accuracy></extensions>
</wpt>
<wpt lat="35.4663720" lon="139.6222990">
<time>2026-01-01T00:05:04.000Z</time>
<extensions><trainlcd:accuracy>25</trainlcd:accuracy></extensions>
</wpt>
<wpt lat="35.4663720" lon="139.6222990">
<time>2026-01-01T00:05:05.000Z</time>
<extensions><trainlcd:accuracy>45</trainlcd:accuracy></extensions>
</wpt>
<wpt lat="35.4663720" lon="139.6222990">
<time>2026-01-01T00:05:06.000Z</time>
<extensions><trainlcd:accuracy>43</trainlcd:accuracy></extensions>
</wpt>
<wpt lat="35.4663720" lon="139.6222990">
<time>2026-01-01T00:05:07.000Z</time>
<extensions><trainlcd:accuracy>50</trainlcd:accuracy></extensions>
</wpt>
<wpt lat="35.4663720" lon="139.6222990">
<time>2026-01-01T00:05:08.000Z</time>
<extensions><trainlcd:accuracy>57</trainlcd:accuracy></extensions>
</wpt>
<wpt lat="35.4663720" lon="139.6222990">
<time>2026-01-01T00:05:09.000Z</time>
<extensions><trainlcd:accuracy>52</trainlcd:accuracy></extensions>
</wpt>
<wpt lat="35.4663720" lon="139.6222990">
<time>2026-01-01T00:05:10.000Z</time>
<extensions><trainlcd:accuracy>55</trainlcd:accuracy></extensions>
</wpt>
<wpt lat="35.4663720" lon="139.6222990">
<time>2026-01-01T00:05:11.000Z</time>
<extensions><trainlcd:accuracy>59</trainlcd:accuracy></extensions>
</wpt>
<wpt lat="35.4663720" lon="139.6222990">
<time>2026-01-01T00:05:12.000Z</time>
<extensions><trainlcd:accuracy>57</trainlcd:accuracy></extensions>
</wpt>
<wpt lat="35.4663720" lon="139.6222990">
<time>2026-01-01T00:05:13.000Z</time>
<extensions><trainlcd:accuracy>50</trainlcd:accuracy></extensions>
</wpt>
<wpt lat="35.4663720" lon="139.6222990">
<time>2026-01-01T00:05:14.000Z</time>
<extensions><trainlcd:accuracy>30</trainlcd:accuracy></extensions>
</wpt>
<wpt lat="35.4663720" lon="139.6222990">
<time>2026-01-01T00:05:15.000Z</time>
<extensions><trainlcd:accuracy>27</trainlcd:accuracy></extensions>
</wpt>
<wpt lat="35.4663720" lon="139.6222990">
<time>2026-01-01T00:05:16.000Z</time>
<extensions><trainlcd:accuracy>30</trainlcd:accuracy></extensions>
</wpt>
<wpt lat="35.4663720" lon="139.6222990">
<time>2026-01-01T00:05:17.000Z</time>
<extensions><trainlcd:accuracy>41</trainlcd:accuracy></extensions>
</wpt>
<wpt lat="35.4663720" lon="139.6222990">
<time>2026-01-01T00:05:18.000Z</time>
<extensions><trainlcd:accuracy>47</trainlcd:accuracy></extensions>
</wpt>
<wpt lat="35.4663720" lon="139.6222990">
<time>2026-01-01T00:05:19.000Z</time>
<extensions><trainlcd:accuracy>59</trainlcd:accuracy></extensions>
</wpt>
<wpt lat="35.4663720" lon="139.6222990">
<time>2026-01-01T00:05:20.000Z</time>
<extensions><trainlcd:accuracy>41</trainlcd:accuracy></extensions>
</wpt>
<wpt lat="35.4663720" lon="139.6222990">
<time>2026-01-01T00:05:21.000Z</time>
<extensions><trainlcd:accuracy>42</trainlcd:accuracy></extensions>
</wpt>
<wpt lat="35.4663720" lon="139.6222990">
<time>2026-01-01T00:05:22.000Z</time>
<extensions><trainlcd:accuracy>46</trainlcd:accuracy></extensions>
</wpt>
<wpt lat="35.4663720" lon="139.6222990">
<time>2026-01-01T00:05:23.000Z</time>
<extensions><trainlcd:accuracy>48</trainlcd:accuracy></extensions>
</wpt>
<wpt lat="35.4663720" lon="139.6222990">
<time>2026-01-01T00:05:24.000Z</time>
<extensions><trainlcd:accuracy>44</trainlcd:accuracy></extensions>
</wpt>
<wpt lat="35.4663720" lon="139.6222990">
<time>2026-01-01T00:05:25.000Z</time>
<extensions><trainlcd:accuracy>27</trainlcd:accuracy></extensions>
</wpt>
<wpt lat="35.4663720" lon="139.6222990">
<time>2026-01-01T00:05:26.000Z</time>
<extensions><trainlcd:accuracy>53</trainlcd:accuracy></extensions>
</wpt>
<wpt lat="35.4663720" lon="139.6222990">
<time>2026-01-01T00:05:27.000Z</time>
<extensions><trainlcd:accuracy>27</trainlcd:accuracy></extensions>
</wpt>
<wpt lat="35.4663720" lon="139.6222990">
<time>2026-01-01T00:05:28.000Z</time>
<extensions><trainlcd:accuracy>40</trainlcd:accuracy></extensions>
</wpt>
<wpt lat="35.4663720" lon="139.6222990">
<time>2026-01-01T00:05:29.000Z</time>
<extensions><trainlcd:accuracy>29</trainlcd:accuracy></extensions>
</wpt>
<wpt lat="35.4663720" lon="139.6222990">
<time>2026-01-01T00:05:30.000Z</time>
<extensions><trainlcd:accuracy>35</trainlcd:accuracy></extensions>
</wpt>
<wpt lat="35.4663720" lon="139.6222990">
<time>2026-01-01T00:05:31.000Z</time>
<extensions><trainlcd:accuracy>33</trainlcd:accuracy></extensions>
</wpt>
<wpt lat="35.4663720" lon="139.6222990">
<time>2026-01-01T00:05:32.000Z</time>
<extensions><trainlcd:accuracy>45</trainlcd:accuracy></extensions>
</wpt>
<wpt lat="35.4663720" lon="139.6222990">
<time>2026-01-01T00:05:33.000Z</time>
<extensions><trainlcd:accuracy>15</trainlcd:accuracy></extensions>
</wpt>
<wpt lat="35.4663720" lon="139.6222990">
<time>2026-01-01T00:05:34.000Z</time>
<extensions><trainlcd:accuracy>16</trainlcd:accuracy></extensions>
</wpt>
<wpt lat="35.4663720" lon="139.6222990">
<time>2026-01-01T00:05:35.000Z</time>
<extensions><trainlcd:accuracy>19</trainlcd:accuracy></extensions>
</wpt>
<wpt lat="35.4663720" lon="139.6222990">
<time>2026-01-01T00:05:36.000Z</time>
<extensions><trainlcd:accuracy>11</trainlcd:accuracy></extensions>
</wpt>
<wpt lat="35.4663720" lon="139.6222990">
<time>2026-01-01T00:05:37.000Z</time>
<extensions><trainlcd:accuracy>11</trainlcd:accuracy></extensions>
</wpt>
<wpt lat="35.4663720" lon="139.6222990">
<time>2026-01-01T00:05:38.000Z</time>
<extensions><trainlcd:accuracy>15</trainlcd:accuracy></extensions>
</wpt>
<wpt lat="35.4663720" lon="139.6222990">
<time>2026-01-01T00:05:39.000Z</time>
<extensions><trainlcd:accuracy>20</trainlcd:accuracy></extensions>
</wpt>
<wpt lat="35.4663720" lon="139.6222990">
<time>2026-01-01T00:05:40.000Z</time>
<extensions><trainlcd:accuracy>10</trainlcd:accuracy></extensions>
</wpt>
<wpt lat="35.4663720" lon="139.6222990">
<time>2026-01-01T00:05:41.000Z</time>
<extensions><trainlcd:accuracy>10</trainlcd:accuracy></extensions>
</wpt>
<wpt lat="35.4663720" lon="139.6222990">
<time>2026-01-01T00:05:42.000Z</time>
<extensions><trainlcd:accuracy>13</trainlcd:accuracy></extensions>
</wpt>
<wpt lat="35.4663720" lon="139.6222990">
<time>2026-01-01T00:05:43.000Z</time>
<extensions><trainlcd:accuracy>12</trainlcd:accuracy></extensions>
</wpt>
<wpt lat="35.4663720" lon="139.6222990">
<time>2026-01-01T00:05:44.000Z</time>
<extensions><trainlcd:accuracy>17</trainlcd:accuracy></extensions>
</wpt>
<wpt lat="35.4663720" lon="139.6222990">
<time>2026-01-01T00:05:45.000Z</time>
<extensions><trainlcd:accuracy>15</trainlcd:accuracy></extensions>
</wpt>
<wpt lat="35.4663720" lon="139.6222990">
<time>2026-01-01T00:05:46.000Z</time>
<extensions><trainlcd:accuracy>15</trainlcd:accuracy></extensions>
</wpt>
<wpt lat="35.4663720" lon="139.6222990">
<time>2026-01-01T00:05:47.000Z</time>
<extensions><trainlcd:accuracy>10</trainlcd:accuracy></extensions>
</wpt>
<wpt lat="35.4663720" lon="139.6222990">
<time>2026-01-01T00:05:48.000Z</time>
<extensions><trainlcd:accuracy>15</trainlcd:accuracy></extensions>
</wpt>
<wpt lat="35.4663720" lon="139.6222990">
<time>2026-01-01T00:05:49.000Z</time>
<extensions><trainlcd:accuracy>17</trainlcd:accuracy></extensions>
</wpt>
<wpt lat="35.4663720" lon="139.6222990">
<time>2026-01-01T00:05:50.000Z</time>
<extensions><trainlcd:accuracy>10</trainlcd:accuracy></extensions>
</wpt>
<wpt lat="35.4663720" lon="139.6222990">
<time>2026-01-01T00:05:51.000Z</time>
<extensions><trainlcd:accuracy>10</trainlcd:accuracy></extensions>
</wpt>
<wpt lat="35.4663720" lon="139.6222990">
<time>2026-01-01T00:05:52.000Z</time>
<extensions><trainlcd:accuracy>11</trainlcd:accuracy></extensions>
</wpt>
<wpt lat="35.4663720" lon="139.6222990">
<time>2026-01-01T00:05:53.000Z</time>
<extensions><trainlcd:accuracy>12</trainlcd:accuracy></extensions>
</wpt>
<wpt lat="35.4663720" lon="139.6222990">
<time>2026-01-01T00:05:54.000Z</time>
<extensions><trainlcd:accuracy>9</trainlcd:accuracy></extensions>
</wpt>
<wpt lat="35.4663720" lon="139.6222990">
<time>2026-01-01T00:05:55.000Z</time>
<extensions><trainlcd:accuracy>20</trainlcd:accuracy></extensions>
</wpt>
<wpt lat="35.4663720" lon="139.6222990">
<time>2026-01-01T00:05:56.000Z</time>
<extensions><trainlcd:accuracy>16</trainlcd:accuracy></extensions>
</wpt>
<wpt lat="35.4663720" lon="139.6222990">
<time>2026-01-01T00:05:57.000Z</time>
<extensions><trainlcd:accuracy>12</trainlcd:accuracy></extensions>
</wpt>
<wpt lat="35.4663720" lon="139.6222990">
<time>2026-01-01T00:05:58.000Z</time>
<extensions><trainlcd:accuracy>15</trainlcd:accuracy></extensions>
</wpt>
<wpt lat="35.4663720" lon="139.6222990">
<time>2026-01-01T00:05:59.000Z</time>
<extensions><trainlcd:accuracy>12</trainlcd:accuracy></extensions>
</wpt>
<wpt lat="35.4663720" lon="139.6222990">
<time>2026-01-01T00:06:00.000Z</time>
<extensions><trainlcd:accuracy>18</trainlcd:accuracy></extensions>
</wpt>
<wpt lat="35.4663720" lon="139.6222990">
<time>2026-01-01T00:06:01.000Z</time>
<extensions><trainlcd:accuracy>10</trainlcd:accuracy></extensions>
</wpt>
<wpt lat="35.4663720" lon="139.6222990">
<time>2026-01-01T00:06:02.000Z</time>
<extensions><trainlcd:accuracy>12</trainlcd:accuracy></extensions>
</wpt>
<wpt lat="35.4663720" lon="139.6222990">
<time>2026-01-01T00:06:03.000Z</time>
<extensions><trainlcd:accuracy>13</trainlcd:accuracy></extensions>
</wpt>
<wpt lat="35.4663720" lon="139.6222990">
<time>2026-01-01T00:06:04.000Z</time>
<extensions><trainlcd:accuracy>11</trainlcd:accuracy></extensions>
</wpt>
<wpt lat="35.4663720" lon="139.6222990">
<time>2026-01-01T00:06:05.000Z</time>
<extensions><trainlcd:accuracy>15</trainlcd:accuracy></extensions>
</wpt>
<wpt lat="35.4663720" lon="139.6222990">
<time>2026-01-01T00:06:06.000Z</time>
<extensions><trainlcd:accuracy>13</trainlcd:accuracy></extensions>
</wpt>
<wpt lat="35.4663720" lon="139.6222990">
<time>2026-01-01T00:06:07.000Z</time>
<extensions><trainlcd:accuracy>20</trainlcd:accuracy></extensions>
</wpt>
<wpt lat="35.4663720" lon="139.6222990">
<time>2026-01-01T00:06:08.000Z</time>
<extensions><trainlcd:accuracy>11</trainlcd:accuracy></extensions>
</wpt>
<wpt lat="35.4663720" lon="139.6222990">
<time>2026-01-01T00:06:09.000Z</time>
<extensions><trainlcd:accuracy>16</trainlcd:accuracy></extensions>
</wpt>
<wpt lat="35.4663777" lon="139.6223011">
<time>2026-01-01T00:06:10.000Z</time>
<extensions><trainlcd:accuracy>12</trainlcd:accuracy></extensions>
</wpt>
<wpt lat="35.4663892" lon="139.6223052">
<time>2026-01-01T00:06:11.000Z</time>
<extensions><trainlcd:accuracy>14</trainlcd:accuracy></extensions>
</wpt>
<wpt lat="35.4664064" lon="139.6223115">
<time>2026-01-01T00:06:12.000Z</time>
<extensions><trainlcd:accuracy>14</trainlcd:accuracy></extensions>
</wpt>
<wpt lat="35.4664293" lon="139.6223198">
<time>2026-01-01T00:06:13.000Z</time>
<extensions><trainlcd:accuracy>16</trainlcd:accuracy></extensions>
</wpt>
<wpt lat="35.4664579" lon="139.6223302">
<time>2026-01-01T00:06:14.000Z</time>
<extensions><trainlcd:accuracy>11</trainlcd:accuracy></extensions>
</wpt>
<wpt lat="35.4664923" lon="139.6223427">
<time>2026-01-01T00:06:15.000Z</time>
<extensions><trainlcd:accuracy>10</trainlcd:accuracy></extensions>
</wpt>
<wpt lat="35.4665324" lon="139.6223572">
<time>2026-01-01T00:06:16.000Z</time>
<extensions><trainlcd:accuracy>19</trainlcd:accuracy></extensions>
</wpt>
<wpt lat="35.4665782" lon="139.6223738">
<time>2026-01-01T00:06:17.000Z</time>
<extensions><trainlcd:accuracy>13</trainlcd:accuracy></extensions>
</wpt>
<wpt lat="35.4666297" lon="139.6223926">
<time>2026-01-01T00:06:18.000Z</time>
<extensions><trainlcd:accuracy>11</trainlcd:accuracy></extensions>
</wpt>
<wpt lat="35.4666870" lon="139.6224134">
<time>2026-01-01T00:06:19.000Z</time>
<extensions><trainlcd:accuracy>18</trainlcd:accuracy></extensions>
</wpt>
<wpt lat="35.4667500" lon="139.6224362">
<time>2026-01-01T00:06:20.000Z</time>
<extensions><trainlcd:accuracy>12</trainlcd:accuracy></extensions>
</wpt>
<wpt lat="35.4668187" lon="139.6224612">
<time>2026-01-01T00:06:21.000Z</time>
<extensions><trainlcd:accuracy>18</trainlcd:accuracy></extensions>
</wpt>
<wpt lat="35.4668931" lon="139.6224882">
<time>2026-01-01T00:06:22.000Z</time>
<extensions><trainlcd:accuracy>11</trainlcd:accuracy></extensions>
</wpt>
<wpt lat="35.4669733" lon="139.6225173">
<time>2026-01-01T00:06:23.000Z</time>
<extensions><trainlcd:accuracy>14</trainlcd:accuracy></extensions>
</wpt>
<wpt lat="35.4670592" lon="139.6225485">
<time>2026-01-01T00:06:24.000Z</time>
<extensions><trainlcd:accuracy>9</trainlcd:accuracy></extensions>
</wpt>
<wpt lat="35.4671509" lon="139.6225818">
<time>2026-01-01T00:06:25.000Z</time>
<extensions><trainlcd:accuracy>20</trainlcd:accuracy></extensions>
</wpt>
<wpt lat="35.4672482" lon="139.6226171">
<time>2026-01-01T00:06:26.000Z</time>
<extensions><trainlcd:accuracy>15</trainlcd:accuracy></extensions>
</wpt>
<wpt lat="35.4673513" lon="139.6226545">
<time>2026-01-01T00:06:27.000Z</time>
<extensions><trainlcd:accuracy>11</trainlcd:accuracy></extensions>
</wpt>
<wpt lat="35.4674601" lon="139.6226940">
<time>2026-01-01T00:06:28.000Z</time>
<extensions><trainlcd:accuracy>17</trainlcd:accuracy></extensions>
</wpt>
<wpt lat="35.4675746" lon="139.6227356">
<time>2026-01-01T00:06:29.000Z</time>
<extensions><trainlcd:accuracy>18</trainlcd:accuracy></extensions>
</wpt>
<wpt lat="35.4676949" lon="139.6227793">
<time>2026-01-01T00:06:30.000Z</time>
<extensions><trainlcd:accuracy>13</trainlcd:accuracy></extensions>
</wpt>
<wpt lat="35.4678209" lon="139.6228250">
<time>2026-01-01T00:06:31.000Z</time>
<extensions><trainlcd:accuracy>10</trainlcd:accuracy></extensions>
</wpt>
<wpt lat="35.4679526" lon="139.6228728">
<time>2026-01-01T00:06:32.000Z</time>
<extensions><trainlcd:accuracy>17</trainlcd:accuracy></extensions>
</wpt>
<wpt lat="35.4680901" lon="139.6229227">
<time>2026-01-01T00:06:33.000Z</time>
<extensions><trainlcd:accuracy>14</trainlcd:accuracy></extensions>
</wpt>
<wpt lat="35.4682332" lon="139.6229747">
<time>2026-01-01T00:06:34.000Z</time>
<extensions><trainlcd:accuracy>18</trainlcd:accuracy></extensions>
</wpt>
<wpt lat="35.4683821" lon="139.6230288">
<time>2026-01-01T00:06:35.000Z</time>
<extensions><trainlcd:accuracy>14</trainlcd:accuracy></extensions>
</wpt>
<wpt lat="35.4685368" lon="139.6230849">
<time>2026-01-01T00:06:36.000Z</time>
<extensions><trainlcd:accuracy>18</trainlcd:accuracy></extensions>
</wpt>
<wpt lat="35.4686915" lon="139.6231411">
<time>2026-01-01T00:06:37.000Z</time>
<extensions><trainlcd:accuracy>12</trainlcd:accuracy></extensions>
</wpt>
<wpt lat="35.4688463" lon="139.6231973">
<time>2026-01-01T00:06:38.000Z</time>
<extensions><trainlcd:accuracy>13</trainlcd:accuracy></extensions>
</wpt>
<wpt lat="35.4690011" lon="139.6232535">
<time>2026-01-01T00:06:39.000Z</time>
<extensions><trainlcd:accuracy>17</trainlcd:accuracy></extensions>
</wpt>
<wpt lat="35.4691559" lon="139.6233097">
<time>2026-01-01T00:06:40.000Z</time>
<extensions><trainlcd:accuracy>11</trainlcd:accuracy></extensions>
</wpt>
<wpt lat="35.4693107" lon="139.6233659">
<time>2026-01-01T00:06:41.000Z</time>
<extensions><trainlcd:accuracy>19</trainlcd:accuracy></extensions>
</wpt>
<wpt lat="35.4694655" lon="139.6234221">
<time>2026-01-01T00:06:42.000Z</time>
<extensions><trainlcd:accuracy>15</trainlcd:accuracy></extensions>
</wpt>
<wpt lat="35.4696202" lon="139.6234783">
<time>2026-01-01T00:06:43.000Z</time>
<extensions><trainlcd:accuracy>17</trainlcd:accuracy></extensions>
</wpt>
<wpt lat="35.4697750" lon="139.6235345">
<time>2026-01-01T00:06:44.000Z</time>
<extensions><trainlcd:accuracy>16</trainlcd:accuracy></extensions>
</wpt>
<wpt lat="35.4699298" lon="139.6235907">
<time>2026-01-01T00:06:45.000Z</time>
<extensions><trainlcd:accuracy>15</trainlcd:accuracy></extensions>
</wpt>
<wpt lat="35.4700846" lon="139.6236469">
<time>2026-01-01T00:06:46.000Z</time>
<extensions><trainlcd:accuracy>8</trainlcd:accuracy></extensions>
</wpt>
<wpt lat="35.4702394" lon="139.6237030">
<time>2026-01-01T00:06:47.000Z</time>
<extensions><trainlcd:accuracy>13</trainlcd:accuracy></extensions>
</wpt>
<wpt lat="35.4703942" lon="139.6237592">
<time>2026-01-01T00:06:48.000Z</time>
<extensions><trainlcd:accuracy>20</trainlcd:accuracy></extensions>
</wpt>
<wpt lat="35.4705489" lon="139.6238154">
<time>2026-01-01T00:06:49.000Z</time>
<extensions><trainlcd:accuracy>10</trainlcd:accuracy></extensions>
</wpt>
<wpt lat="35.4707037" lon="139.6238716">
<time>2026-01-01T00:06:50.000Z</time>
<extensions><trainlcd:accuracy>14</trainlcd:accuracy></extensions>
</wpt>
<wpt lat="35.4708585" lon="139.6239278">
<time>2026-01-01T00:06:51.000Z</time>
<extensions><trainlcd:accuracy>18</trainlcd:accuracy></extensions>
</wpt>
<wpt lat="35.4710133" lon="139.6239840">
<time>2026-01-01T00:06:52.000Z</time>
<extensions><trainlcd:accuracy>20</trainlcd:accuracy></extensions>
</wpt>
<wpt lat="35.4711681" lon="139.6240402">
<time>2026-01-01T00:06:53.000Z</time>
<extensions><trainlcd:accuracy>19</trainlcd:accuracy></extensions>
</wpt>
<wpt lat="35.4713228" lon="139.6240964">
<time>2026-01-01T00:06:54.000Z</time>
<extensions><trainlcd:accuracy>18</trainlcd:accuracy></extensions>
</wpt>
<wpt lat="35.4714776" lon="139.6241526">
<time>2026-01-01T00:06:55.000Z</time>
<extensions><trainlcd:accuracy>17</trainlcd:accuracy></extensions>
</wpt>
<wpt lat="35.4716324" lon="139.6242088">
<time>2026-01-01T00:06:56.000Z</time>
<extensions><trainlcd:accuracy>17</trainlcd:accuracy></extensions>
</wpt>
<wpt lat="35.4717872" lon="139.6242650">
<time>2026-01-01T00:06:57.000Z</time>
<extensions><trainlcd:accuracy>9</trainlcd:accuracy></extensions>
</wpt>
<wpt lat="35.4719420" lon="139.6243212">
<time>2026-01-01T00:06:58.000Z</time>
<extensions><trainlcd:accuracy>13</trainlcd:accuracy></extensions>
</wpt>
<wpt lat="35.4720968" lon="139.6243774">
<time>2026-01-01T00:06:59.000Z</time>
<extensions><trainlcd:accuracy>14</trainlcd:accuracy></extensions>
</wpt>
<wpt lat="35.4722515" lon="139.6244336">
<time>2026-01-01T00:07:00.000Z</time>
<extensions><trainlcd:accuracy>15</trainlcd:accuracy></extensions>
</wpt>
<wpt lat="35.4724063" lon="139.6244898">
<time>2026-01-01T00:07:01.000Z</time>
<extensions><trainlcd:accuracy>14</trainlcd:accuracy></extensions>
</wpt>
<wpt lat="35.4725611" lon="139.6245460">
<time>2026-01-01T00:07:02.000Z</time>
<extensions><trainlcd:accuracy>11</trainlcd:accuracy></extensions>
</wpt>
<wpt lat="35.4727159" lon="139.6246021">
<time>2026-01-01T00:07:03.000Z</time>
<extensions><trainlcd:accuracy>9</trainlcd:accuracy></extensions>
</wpt>
<wpt lat="35.4728707" lon="139.6246583">
<time>2026-01-01T00:07:04.000Z</time>
<extensions><trainlcd:accuracy>13</trainlcd:accuracy></extensions>
</wpt>
<wpt lat="35.4730255" lon="139.6247145">
<time>2026-01-01T00:07:05.000Z</time>
<extensions><trainlcd:accuracy>18</trainlcd:accuracy></extensions>
</wpt>
<wpt lat="35.4731802" lon="139.6247707">
<time>2026-01-01T00:07:06.000Z</time>
<extensions><trainlcd:accuracy>18</trainlcd:accuracy></extensions>
</wpt>
<wpt lat="35.4733350" lon="139.6248269">
<time>2026-01-01T00:07:07.000Z</time>
<extensions><trainlcd:accuracy>18</trainlcd:accuracy></extensions>
</wpt>
<wpt lat="35.4734898" lon="139.6248831">
<time>2026-01-01T00:07:08.000Z</time>
<extensions><trainlcd:accuracy>20</trainlcd:accuracy></extensions>
</wpt>
<wpt lat="35.4736446" lon="139.6249393">
<time>2026-01-01T00:07:09.000Z</time>
<extensions><trainlcd:accuracy>20</trainlcd:accuracy></extensions>
</wpt>
<wpt lat="35.4737994" lon="139.6249955">
<time>2026-01-01T00:07:10.000Z</time>
<extensions><trainlcd:accuracy>18</trainlcd:accuracy></extensions>
</wpt>
<wpt lat="35.4739541" lon="139.6250517">
<time>2026-01-01T00:07:11.000Z</time>
<extensions><trainlcd:accuracy>15</trainlcd:accuracy></extensions>
</wpt>
<wpt lat="35.4741089" lon="139.6251079">
<time>2026-01-01T00:07:12.000Z</time>
<extensions><trainlcd:accuracy>17</trainlcd:accuracy></extensions>
</wpt>
<wpt lat="35.4742637" lon="139.6251641">
<time>2026-01-01T00:07:13.000Z</time>
<extensions><trainlcd:accuracy>19</trainlcd:accuracy></extensions>
</wpt>
<wpt lat="35.4744185" lon="139.6252203">
<time>2026-01-01T00:07:14.000Z</time>
<extensions><trainlcd:accuracy>13</trainlcd:accuracy></extensions>
</wpt>
<wpt lat="35.4745733" lon="139.6252765">
<time>2026-01-01T00:07:15.000Z</time>
<extensions><trainlcd:accuracy>18</trainlcd:accuracy></extensions>
</wpt>
<wpt lat="35.4747281" lon="139.6253327">
<time>2026-01-01T00:07:16.000Z</time>
<extensions><trainlcd:accuracy>18</trainlcd:accuracy></extensions>
</wpt>
<wpt lat="35.4748758" lon="139.6253993">
<time>2026-01-01T00:07:17.000Z</time>
<extensions><trainlcd:accuracy>12</trainlcd:accuracy></extensions>
</wpt>
<wpt lat="35.4750229" lon="139.6254667">
<time>2026-01-01T00:07:18.000Z</time>
<extensions><trainlcd:accuracy>20</trainlcd:accuracy></extensions>
</wpt>
<wpt lat="35.4751700" lon="139.6255342">
<time>2026-01-01T00:07:19.000Z</time>
<extensions><trainlcd:accuracy>14</trainlcd:accuracy></extensions>
</wpt>
<wpt lat="35.4753171" lon="139.6256016">
<time>2026-01-01T00:07:20.000Z</time>
<extensions><trainlcd:accuracy>13</trainlcd:accuracy></extensions>
</wpt>
<wpt lat="35.4754643" lon="139.6256691">
<time>2026-01-01T00:07:21.000Z</time>
<extensions><trainlcd:accuracy>19</trainlcd:accuracy></extensions>
</wpt>
<wpt lat="35.4756114" lon="139.6257365">
<time>2026-01-01T00:07:22.000Z</time>
<extensions><trainlcd:accuracy>11</trainlcd:accuracy></extensions>
</wpt>
<wpt lat="35.4757585" lon="139.6258040">
<time>2026-01-01T00:07:23.000Z</time>
<extensions><trainlcd:accuracy>18</trainlcd:accuracy></extensions>
</wpt>
<wpt lat="35.4759056" lon="139.6258714">
<time>2026-01-01T00:07:24.000Z</time>
<extensions><trainlcd:accuracy>18</trainlcd:accuracy></extensions>
</wpt>
<wpt lat="35.4760528" lon="139.6259389">
<time>2026-01-01T00:07:25.000Z</time>
<extensions><trainlcd:accuracy>17</trainlcd:accuracy></extensions>
</wpt>
<wpt lat="35.4761999" lon="139.6260064">
<time>2026-01-01T00:07:26.000Z</time>
<extensions><trainlcd:accuracy>17</trainlcd:accuracy></extensions>
</wpt>
<wpt lat="35.4763470" lon="139.6260738">
<time>2026-01-01T00:07:27.000Z</time>
<extensions><trainlcd:accuracy>14</trainlcd:accuracy></extensions>
</wpt>
<wpt lat="35.4764941" lon="139.6261413">
<time>2026-01-01T00:07:28.000Z</time>
<extensions><trainlcd:accuracy>19</trainlcd:accuracy></extensions>
</wpt>
<wpt lat="35.4766413" lon="139.6262087">
<time>2026-01-01T00:07:29.000Z</time>
<extensions><trainlcd:accuracy>10</trainlcd:accuracy></extensions>
</wpt>
<wpt lat="35.4767884" lon="139.6262762">
<time>2026-01-01T00:07:30.000Z</time>
<extensions><trainlcd:accuracy>8</trainlcd:accuracy></extensions>
</wpt>
<wpt lat="35.4769355" lon="139.6263436">
<time>2026-01-01T00:07:31.000Z</time>
<extensions><trainlcd:accuracy>10</trainlcd:accuracy></extensions>
</wpt>
<wpt lat="35.4770826" lon="139.6264111">
<time>2026-01-01T00:07:32.000Z</time>
<extensions><trainlcd:accuracy>13</trainlcd:accuracy></extensions>
</wpt>
<wpt lat="35.4772298" lon="139.6264786">
<time>2026-01-01T00:07:33.000Z</time>
<extensions><trainlcd:accuracy>16</trainlcd:accuracy></extensions>
</wpt>
<wpt lat="35.4773769" lon="139.6265460">
<time>2026-01-01T00:07:34.000Z</time>
<extensions><trainlcd:accuracy>10</trainlcd:accuracy></extensions>
</wpt>
<wpt lat="35.4775240" lon="139.6266135">
<time>2026-01-01T00:07:35.000Z</time>
<extensions><trainlcd:accuracy>9</trainlcd:accuracy></extensions>
</wpt>
<wpt lat="35.4776711" lon="139.6266809">
<time>2026-01-01T00:07:36.000Z</time>
<extensions><trainlcd:accuracy>19</trainlcd:accuracy></extensions>
</wpt>
<wpt lat="35.4778183" lon="139.6267484">
<time>2026-01-01T00:07:37.000Z</time>
<extensions><trainlcd:accuracy>10</trainlcd:accuracy></extensions>
</wpt>
<wpt lat="35.4779654" lon="139.6268158">
<time>2026-01-01T00:07:38.000Z</time>
<extensions><trainlcd:accuracy>19</trainlcd:accuracy></extensions>
</wpt>
<wpt lat="35.4781125" lon="139.6268833">
<time>2026-01-01T00:07:39.000Z</time>
<extensions><trainlcd:accuracy>17</trainlcd:accuracy></extensions>
</wpt>
<wpt lat="35.4782596" lon="139.6269507">
<time>2026-01-01T00:07:40.000Z</time>
<extensions><trainlcd:accuracy>11</trainlcd:accuracy></extensions>
</wpt>
<wpt lat="35.4784068" lon="139.6270182">
<time>2026-01-01T00:07:41.000Z</time>
<extensions><trainlcd:accuracy>11</trainlcd:accuracy></extensions>
</wpt>
<wpt lat="35.4785539" lon="139.6270857">
<time>2026-01-01T00:07:42.000Z</time>
<extensions><trainlcd:accuracy>19</trainlcd:accuracy></extensions>
</wpt>
<wpt lat="35.4787010" lon="139.6271531">
<time>2026-01-01T00:07:43.000Z</time>
<extensions><trainlcd:accuracy>19</trainlcd:accuracy></extensions>
</wpt>
<wpt lat="35.4788481" lon="139.6272206">
<time>2026-01-01T00:07:44.000Z</time>
<extensions><trainlcd:accuracy>14</trainlcd:accuracy></extensions>
</wpt>
<wpt lat="35.4789952" lon="139.6272880">
<time>2026-01-01T00:07:45.000Z</time>
<extensions><trainlcd:accuracy>12</trainlcd:accuracy></extensions>
</wpt>
<wpt lat="35.4791424" lon="139.6273555">
<time>2026-01-01T00:07:46.000Z</time>
<extensions><trainlcd:accuracy>12</trainlcd:accuracy></extensions>
</wpt>
<wpt lat="35.4792895" lon="139.6274229">
<time>2026-01-01T00:07:47.000Z</time>
<extensions><trainlcd:accuracy>19</trainlcd:accuracy></extensions>
</wpt>
<wpt lat="35.4794366" lon="139.6274904">
<time>2026-01-01T00:07:48.000Z</time>
<extensions><trainlcd:accuracy>18</trainlcd:accuracy></extensions>
</wpt>
<wpt lat="35.4795837" lon="139.6275579">
<time>2026-01-01T00:07:49.000Z</time>
<extensions><trainlcd:accuracy>11</trainlcd:accuracy></extensions>
</wpt>
<wpt lat="35.4797309" lon="139.6276253">
<time>2026-01-01T00:07:50.000Z</time>
<extensions><trainlcd:accuracy>20</trainlcd:accuracy></extensions>
</wpt>
<wpt lat="35.4798780" lon="139.6276928">
<time>2026-01-01T00:07:51.000Z</time>
<extensions><trainlcd:accuracy>14</trainlcd:accuracy></extensions>
</wpt>
<wpt lat="35.4800251" lon="139.6277602">
<time>2026-01-01T00:07:52.000Z</time>
<extensions><trainlcd:accuracy>10</trainlcd:accuracy></extensions>
</wpt>
<wpt lat="35.4801722" lon="139.6278277">
<time>2026-01-01T00:07:53.000Z</time>
<extensions><trainlcd:accuracy>18</trainlcd:accuracy></extensions>
</wpt>
<wpt lat="35.4803194" lon="139.6278951">
<time>2026-01-01T00:07:54.000Z</time>
<extensions><trainlcd:accuracy>13</trainlcd:accuracy></extensions>
</wpt>
<wpt lat="35.4804665" lon="139.6279626">
<time>2026-01-01T00:07:55.000Z</time>
<extensions><trainlcd:accuracy>9</trainlcd:accuracy></extensions>
</wpt>
<wpt lat="35.4806136" lon="139.6280300">
<time>2026-01-01T00:07:56.000Z</time>
<extensions><trainlcd:accuracy>11</trainlcd:accuracy></extensions>
</wpt>
<wpt lat="35.4807607" lon="139.6280975">
<time>2026-01-01T00:07:57.000Z</time>
<extensions><trainlcd:accuracy>13</trainlcd:accuracy></extensions>
</wpt>
<wpt lat="35.4809079" lon="139.6281650">
<time>2026-01-01T00:07:58.000Z</time>
<extensions><trainlcd:accuracy>9</trainlcd:accuracy></extensions>
</wpt>
<wpt lat="35.4810550" lon="139.6282324">
<time>2026-01-01T00:07:59.000Z</time>
<extensions><trainlcd:accuracy>14</trainlcd:accuracy></extensions>
</wpt>
<wpt lat="35.4812021" lon="139.6282999">
<time>2026-01-01T00:08:00.000Z</time>
<extensions><trainlcd:accuracy>17</trainlcd:accuracy></extensions>
</wpt>
<wpt lat="35.4813492" lon="139.6283673">
<time>2026-01-01T00:08:01.000Z</time>
<extensions><trainlcd:accuracy>12</trainlcd:accuracy></extensions>
</wpt>
<wpt lat="35.4814964" lon="139.6284348">
<time>2026-01-01T00:08:02.000Z</time>
<extensions><trainlcd:accuracy>12</trainlcd:accuracy></extensions>
</wpt>
<wpt lat="35.4816435" lon="139.6285022">
<time>2026-01-01T00:08:03.000Z</time>
<extensions><trainlcd:accuracy>17</trainlcd:accuracy></extensions>
</wpt>
<wpt lat="35.4817906" lon="139.6285697">
<time>2026-01-01T00:08:04.000Z</time>
<extensions><trainlcd:accuracy>19</trainlcd:accuracy></extensions>
</wpt>
<wpt lat="35.4819377" lon="139.6286372">
<time>2026-01-01T00:08:05.000Z</time>
<extensions><trainlcd:accuracy>8</trainlcd:accuracy></extensions>
</wpt>
<wpt lat="35.4820849" lon="139.6287046">
<time>2026-01-01T00:08:06.000Z</time>
<extensions><trainlcd:accuracy>10</trainlcd:accuracy></extensions>
</wpt>
<wpt lat="35.4822320" lon="139.6287721">
<time>2026-01-01T00:08:07.000Z</time>
<extensions><trainlcd:accuracy>16</trainlcd:accuracy></extensions>
</wpt>
<wpt lat="35.4823791" lon="139.6288395">
<time>2026-01-01T00:08:08.000Z</time>
<extensions><trainlcd:accuracy>17</trainlcd:accuracy></extensions>
</wpt>
<wpt lat="35.4825262" lon="139.6289070">
<time>2026-01-01T00:08:09.000Z</time>
<extensions><trainlcd:accuracy>15</trainlcd:accuracy></extensions>
</wpt>
<wpt lat="35.4826734" lon="139.6289744">
<time>2026-01-01T00:08:10.000Z</time>
<extensions><trainlcd:accuracy>17</trainlcd:accuracy></extensions>
</wpt>
<wpt lat="35.4828205" lon="139.6290419">
<time>2026-01-01T00:08:11.000Z</time>
<extensions><trainlcd:accuracy>9</trainlcd:accuracy></extensions>
</wpt>
<wpt lat="35.4829676" lon="139.6291094">
<time>2026-01-01T00:08:12.000Z</time>
<extensions><trainlcd:accuracy>11</trainlcd:accuracy></extensions>
</wpt>
<wpt lat="35.4831147" lon="139.6291768">
<time>2026-01-01T00:08:13.000Z</time>
<extensions><trainlcd:accuracy>20</trainlcd:accuracy></extensions>
</wpt>
<wpt lat="35.4832618" lon="139.6292443">
<time>2026-01-01T00:08:14.000Z</time>
<extensions><trainlcd:accuracy>20</trainlcd:accuracy></extensions>
</wpt>
<wpt lat="35.4834090" lon="139.6293117">
<time>2026-01-01T00:08:15.000Z</time>
<extensions><trainlcd:accuracy>10</trainlcd:accuracy></extensions>
</wpt>
<wpt lat="35.4835600" lon="139.6293549">
<time>2026-01-01T00:08:16.000Z</time>
<extensions><trainlcd:accuracy>12</trainlcd:accuracy></extensions>
</wpt>
<wpt lat="35.4837244" lon="139.6293143">
<time>2026-01-01T00:08:17.000Z</time>
<extensions><trainlcd:accuracy>10</trainlcd:accuracy></extensions>
</wpt>
<wpt lat="35.4838889" lon="139.6292737">
<time>2026-01-01T00:08:18.000Z</time>
<extensions><trainlcd:accuracy>11</trainlcd:accuracy></extensions>
</wpt>
<wpt lat="35.4840533" lon="139.6292331">
<time>2026-01-01T00:08:19.000Z</time>
<extensions><trainlcd:accuracy>12</trainlcd:accuracy></extensions>
</wpt>
<wpt lat="35.4842178" lon="139.6291925">
<time>2026-01-01T00:08:20.000Z</time>
<extensions><trainlcd:accuracy>16</trainlcd:accuracy></extensions>
</wpt>
<wpt lat="35.4843822" lon="139.6291519">
<time>2026-01-01T00:08:21.000Z</time>
<extensions><trainlcd:accuracy>12</trainlcd:accuracy></extensions>
</wpt>
<wpt lat="35.4845467" lon="139.6291113">
<time>2026-01-01T00:08:22.000Z</time>
<extensions><trainlcd:accuracy>13</trainlcd:accuracy></extensions>
</wpt>
<wpt lat="35.4847111" lon="139.6290707">
<time>2026-01-01T00:08:23.000Z</time>
<extensions><trainlcd:accuracy>18</trainlcd:accuracy></extensions>
</wpt>
<wpt lat="35.4848756" lon="139.6290301">
<time>2026-01-01T00:08:24.000Z</time>
<extensions><trainlcd:accuracy>9</trainlcd:accuracy></extensions>
</wpt>
<wpt lat="35.4850400" lon="139.6289895">
<time>2026-01-01T00:08:25.000Z</time>
<extensions><trainlcd:accuracy>13</trainlcd:accuracy></extensions>
</wpt>
<wpt lat="35.4852045" lon="139.6289489">
<time>2026-01-01T00:08:26.000Z</time>
<extensions><trainlcd:accuracy>17</trainlcd:accuracy></extensions>
</wpt>
<wpt lat="35.4853689" lon="139.6289083">
<time>2026-01-01T00:08:27.000Z</time>
<extensions><trainlcd:accuracy>16</trainlcd:accuracy></extensions>
</wpt>
<wpt lat="35.4855334" lon="139.6288677">
<time>2026-01-01T00:08:28.000Z</time>
<extensions><trainlcd:accuracy>16</trainlcd:accuracy></extensions>
</wpt>
<wpt lat="35.4856978" lon="139.6288271">
<time>2026-01-01T00:08:29.000Z</time>
<extensions><trainlcd:accuracy>9</trainlcd:accuracy></extensions>
</wpt>
<wpt lat="35.4858623" lon="139.6287865">
<time>2026-01-01T00:08:30.000Z</time>
<extensions><trainlcd:accuracy>9</trainlcd:accuracy></extensions>
</wpt>
<wpt lat="35.4860267" lon="139.6287460">
<time>2026-01-01T00:08:31.000Z</time>
<extensions><trainlcd:accuracy>13</trainlcd:accuracy></extensions>
</wpt>
<wpt lat="35.4861912" lon="139.6287054">
<time>2026-01-01T00:08:32.000Z</time>
<extensions><trainlcd:accuracy>14</trainlcd:accuracy></extensions>
</wpt>
<wpt lat="35.4863556" lon="139.6286648">
<time>2026-01-01T00:08:33.000Z</time>
<extensions><trainlcd:accuracy>11</trainlcd:accuracy></extensions>
</wpt>
<wpt lat="35.4865201" lon="139.6286242">
<time>2026-01-01T00:08:34.000Z</time>
<extensions><trainlcd:accuracy>16</trainlcd:accuracy></extensions>
</wpt>
<wpt lat="35.4866845" lon="139.6285836">
<time>2026-01-01T00:08:35.000Z</time>
<extensions><trainlcd:accuracy>20</trainlcd:accuracy></extensions>
</wpt>
<wpt lat="35.4868490" lon="139.6285430">
<time>2026-01-01T00:08:36.000Z</time>
<extensions><trainlcd:accuracy>9</trainlcd:accuracy></extensions>
</wpt>
<wpt lat="35.4870134" lon="139.6285024">
<time>2026-01-01T00:08:37.000Z</time>
<extensions><trainlcd:accuracy>14</trainlcd:accuracy></extensions>
</wpt>
<wpt lat="35.4871779" lon="139.6284618">
<time>2026-01-01T00:08:38.000Z</time>
<extensions><trainlcd:accuracy>17</trainlcd:accuracy></extensions>
</wpt>
<wpt lat="35.4873423" lon="139.6284212">
<time>2026-01-01T00:08:39.000Z</time>
<extensions><trainlcd:accuracy>17</trainlcd:accuracy></extensions>
</wpt>
<wpt lat="35.4875068" lon="139.6283806">
<time>2026-01-01T00:08:40.000Z</time>
<extensions><trainlcd:accuracy>13</trainlcd:accuracy></extensions>
</wpt>
<wpt lat="35.4876712" lon="139.6283400">
<time>2026-01-01T00:08:41.000Z</time>
<extensions><trainlcd:accuracy>10</trainlcd:accuracy></extensions>
</wpt>
<wpt lat="35.4878357" lon="139.6282994">
<time>2026-01-01T00:08:42.000Z</time>
<extensions><trainlcd:accuracy>14</trainlcd:accuracy></extensions>
</wpt>
<wpt lat="35.4880001" lon="139.6282588">
<time>2026-01-01T00:08:43.000Z</time>
<extensions><trainlcd:accuracy>15</trainlcd:accuracy></extensions>
</wpt>
<wpt lat="35.4881646" lon="139.6282182">
<time>2026-01-01T00:08:44.000Z</time>
<extensions><trainlcd:accuracy>15</trainlcd:accuracy></extensions>
</wpt>
<wpt lat="35.4883290" lon="139.6281776">
<time>2026-01-01T00:08:45.000Z</time>
<extensions><trainlcd:accuracy>16</trainlcd:accuracy></extensions>
</wpt>
<wpt lat="35.4884935" lon="139.6281370">
<time>2026-01-01T00:08:46.000Z</time>
<extensions><trainlcd:accuracy>14</trainlcd:accuracy></extensions>
</wpt>
<wpt lat="35.4886579" lon="139.6280964">
<time>2026-01-01T00:08:47.000Z</time>
<extensions><trainlcd:accuracy>18</trainlcd:accuracy></extensions>
</wpt>
<wpt lat="35.4888224" lon="139.6280558">
<time>2026-01-01T00:08:48.000Z</time>
<extensions><trainlcd:accuracy>13</trainlcd:accuracy></extensions>
</wpt>
<wpt lat="35.4889868" lon="139.6280153">
<time>2026-01-01T00:08:49.000Z</time>
<extensions><trainlcd:accuracy>11</trainlcd:accuracy></extensions>
</wpt>
<wpt lat="35.4891513" lon="139.6279747">
<time>2026-01-01T00:08:50.000Z</time>
<extensions><trainlcd:accuracy>10</trainlcd:accuracy></extensions>
</wpt>
<wpt lat="35.4893157" lon="139.6279341">
<time>2026-01-01T00:08:51.000Z</time>
<extensions><trainlcd:accuracy>20</trainlcd:accuracy></extensions>
</wpt>
<wpt lat="35.4894802" lon="139.6278935">
<time>2026-01-01T00:08:52.000Z</time>
<extensions><trainlcd:accuracy>19</trainlcd:accuracy></extensions>
</wpt>
<wpt lat="35.4896343" lon="139.6279207">
<time>2026-01-01T00:08:53.000Z</time>
<extensions><trainlcd:accuracy>15</trainlcd:accuracy></extensions>
</wpt>
<wpt lat="35.4897797" lon="139.6280046">
<time>2026-01-01T00:08:54.000Z</time>
<extensions><trainlcd:accuracy>13</trainlcd:accuracy></extensions>
</wpt>
<wpt lat="35.4899252" lon="139.6280885">
<time>2026-01-01T00:08:55.000Z</time>
<extensions><trainlcd:accuracy>15</trainlcd:accuracy></extensions>
</wpt>
<wpt lat="35.4900706" lon="139.6281723">
<time>2026-01-01T00:08:56.000Z</time>
<extensions><trainlcd:accuracy>16</trainlcd:accuracy></extensions>
</wpt>
<wpt lat="35.4902161" lon="139.6282562">
<time>2026-01-01T00:08:57.000Z</time>
<extensions><trainlcd:accuracy>10</trainlcd:accuracy></extensions>
</wpt>
<wpt lat="35.4903615" lon="139.6283401">
<time>2026-01-01T00:08:58.000Z</time>
<extensions><trainlcd:accuracy>16</trainlcd:accuracy></extensions>
</wpt>
<wpt lat="35.4905069" lon="139.6284239">
<time>2026-01-01T00:08:59.000Z</time>
<extensions><trainlcd:accuracy>13</trainlcd:accuracy></extensions>
</wpt>
<wpt lat="35.4906524" lon="139.6285078">
<time>2026-01-01T00:09:00.000Z</time>
<extensions><trainlcd:accuracy>9</trainlcd:accuracy></extensions>
</wpt>
<wpt lat="35.4907978" lon="139.6285917">
<time>2026-01-01T00:09:01.000Z</time>
<extensions><trainlcd:accuracy>18</trainlcd:accuracy></extensions>
</wpt>
<wpt lat="35.4909433" lon="139.6286756">
<time>2026-01-01T00:09:02.000Z</time>
<extensions><trainlcd:accuracy>19</trainlcd:accuracy></extensions>
</wpt>
<wpt lat="35.4910887" lon="139.6287594">
<time>2026-01-01T00:09:03.000Z</time>
<extensions><trainlcd:accuracy>19</trainlcd:accuracy></extensions>
</wpt>
<wpt lat="35.4912342" lon="139.6288433">
<time>2026-01-01T00:09:04.000Z</time>
<extensions><trainlcd:accuracy>15</trainlcd:accuracy></extensions>
</wpt>
<wpt lat="35.4913796" lon="139.6289272">
<time>2026-01-01T00:09:05.000Z</time>
<extensions><trainlcd:accuracy>12</trainlcd:accuracy></extensions>
</wpt>
<wpt lat="35.4915251" lon="139.6290110">
<time>2026-01-01T00:09:06.000Z</time>
<extensions><trainlcd:accuracy>13</trainlcd:accuracy></extensions>
</wpt>
<wpt lat="35.4916705" lon="139.6290949">
<time>2026-01-01T00:09:07.000Z</time>
<extensions><trainlcd:accuracy>10</trainlcd:accuracy></extensions>
</wpt>
<wpt lat="35.4918160" lon="139.6291788">
<time>2026-01-01T00:09:08.000Z</time>
<extensions><trainlcd:accuracy>14</trainlcd:accuracy></extensions>
</wpt>
<wpt lat="35.4919614" lon="139.6292626">
<time>2026-01-01T00:09:09.000Z</time>
<extensions><trainlcd:accuracy>18</trainlcd:accuracy></extensions>
</wpt>
<wpt lat="35.4921068" lon="139.6293465">
<time>2026-01-01T00:09:10.000Z</time>
<extensions><trainlcd:accuracy>18</trainlcd:accuracy></extensions>
</wpt>
<wpt lat="35.4922523" lon="139.6294304">
<time>2026-01-01T00:09:11.000Z</time>
<extensions><trainlcd:accuracy>20</trainlcd:accuracy></extensions>
</wpt>
<wpt lat="35.4923977" lon="139.6295143">
<time>2026-01-01T00:09:12.000Z</time>
<extensions><trainlcd:accuracy>20</trainlcd:accuracy></extensions>
</wpt>
<wpt lat="35.4925432" lon="139.6295981">
<time>2026-01-01T00:09:13.000Z</time>
<extensions><trainlcd:accuracy>13</trainlcd:accuracy></extensions>
</wpt>
<wpt lat="35.4926886" lon="139.6296820">
<time>2026-01-01T00:09:14.000Z</time>
<extensions><trainlcd:accuracy>15</trainlcd:accuracy></extensions>
</wpt>
<wpt lat="35.4928341" lon="139.6297659">
<time>2026-01-01T00:09:15.000Z</time>
<extensions><trainlcd:accuracy>16</trainlcd:accuracy></extensions>
</wpt>
<wpt lat="35.4929795" lon="139.6298497">
<time>2026-01-01T00:09:16.000Z</time>
<extensions><trainlcd:accuracy>16</trainlcd:accuracy></extensions>
</wpt>
<wpt lat="35.4931250" lon="139.6299336">
<time>2026-01-01T00:09:17.000Z</time>
<extensions><trainlcd:accuracy>19</trainlcd:accuracy></extensions>
</wpt>
<wpt lat="35.4932704" lon="139.6300175">
<time>2026-01-01T00:09:18.000Z</time>
<extensions><trainlcd:accuracy>20</trainlcd:accuracy></extensions>
</wpt>
<wpt lat="35.4934159" lon="139.6301014">
<time>2026-01-01T00:09:19.000Z</time>
<extensions><trainlcd:accuracy>13</trainlcd:accuracy></extensions>
</wpt>
<wpt lat="35.4935613" lon="139.6301852">
<time>2026-01-01T00:09:20.000Z</time>
<extensions><trainlcd:accuracy>9</trainlcd:accuracy></extensions>
</wpt>
<wpt lat="35.4937067" lon="139.6302691">
<time>2026-01-01T00:09:21.000Z</time>
<extensions><trainlcd:accuracy>9</trainlcd:accuracy></extensions>
</wpt>
<wpt lat="35.4938522" lon="139.6303530">
<time>2026-01-01T00:09:22.000Z</time>
<extensions><trainlcd:accuracy>15</trainlcd:accuracy></extensions>
</wpt>
<wpt lat="35.4939976" lon="139.6304368">
<time>2026-01-01T00:09:23.000Z</time>
<extensions><trainlcd:accuracy>16</trainlcd:accuracy></extensions>
</wpt>
<wpt lat="35.4941431" lon="139.6305207">
<time>2026-01-01T00:09:24.000Z</time>
<extensions><trainlcd:accuracy>16</trainlcd:accuracy></extensions>
</wpt>
<wpt lat="35.4942885" lon="139.6306046">
<time>2026-01-01T00:09:25.000Z</time>
<extensions><trainlcd:accuracy>9</trainlcd:accuracy></extensions>
</wpt>
<wpt lat="35.4944340" lon="139.6306884">
<time>2026-01-01T00:09:26.000Z</time>
<extensions><trainlcd:accuracy>13</trainlcd:accuracy></extensions>
</wpt>
<wpt lat="35.4945794" lon="139.6307723">
<time>2026-01-01T00:09:27.000Z</time>
<extensions><trainlcd:accuracy>11</trainlcd:accuracy></extensions>
</wpt>
<wpt lat="35.4947249" lon="139.6308562">
<time>2026-01-01T00:09:28.000Z</time>
<extensions><trainlcd:accuracy>19</trainlcd:accuracy></extensions>
</wpt>
<wpt lat="35.4948703" lon="139.6309401">
<time>2026-01-01T00:09:29.000Z</time>
<extensions><trainlcd:accuracy>17</trainlcd:accuracy></extensions>
</wpt>
<wpt lat="35.4950158" lon="139.6310239">
<time>2026-01-01T00:09:30.000Z</time>
<extensions><trainlcd:accuracy>16</trainlcd:accuracy></extensions>
</wpt>
<wpt lat="35.4951612" lon="139.6311078">
<time>2026-01-01T00:09:31.000Z</time>
<extensions><trainlcd:accuracy>19</trainlcd:accuracy></extensions>
</wpt>
<wpt lat="35.4953066" lon="139.6311917">
<time>2026-01-01T00:09:32.000Z</time>
<extensions><trainlcd:accuracy>20</trainlcd:accuracy></extensions>
</wpt>
<wpt lat="35.4954521" lon="139.6312755">
<time>2026-01-01T00:09:33.000Z</time>
<extensions><trainlcd:accuracy>16</trainlcd:accuracy></extensions>
</wpt>
<wpt lat="35.4955975" lon="139.6313594">
<time>2026-01-01T00:09:34.000Z</time>
<extensions><trainlcd:accuracy>18</trainlcd:accuracy></extensions>
</wpt>
<wpt lat="35.4957430" lon="139.6314433">
<time>2026-01-01T00:09:35.000Z</time>
<extensions><trainlcd:accuracy>17</trainlcd:accuracy></extensions>
</wpt>
<wpt lat="35.4958884" lon="139.6315272">
<time>2026-01-01T00:09:36.000Z</time>
<extensions><trainlcd:accuracy>16</trainlcd:accuracy></extensions>
</wpt>
<wpt lat="35.4960339" lon="139.6316110">
<time>2026-01-01T00:09:37.000Z</time>
<extensions><trainlcd:accuracy>16</trainlcd:accuracy></extensions>
</wpt>
<wpt lat="35.4961793" lon="139.6316949">
<time>2026-01-01T00:09:38.000Z</time>
<extensions><trainlcd:accuracy>15</trainlcd:accuracy></extensions>
</wpt>
<wpt lat="35.4963248" lon="139.6317788">
<time>2026-01-01T00:09:39.000Z</time>
<extensions><trainlcd:accuracy>14</trainlcd:accuracy></extensions>
</wpt>
<wpt lat="35.4964702" lon="139.6318626">
<time>2026-01-01T00:09:40.000Z</time>
<extensions><trainlcd:accuracy>12</trainlcd:accuracy></extensions>
</wpt>
<wpt lat="35.4966157" lon="139.6319465">
<time>2026-01-01T00:09:41.000Z</time>
<extensions><trainlcd:accuracy>15</trainlcd:accuracy></extensions>
</wpt>
<wpt lat="35.4967611" lon="139.6320304">
<time>2026-01-01T00:09:42.000Z</time>
<extensions><trainlcd:accuracy>10</trainlcd:accuracy></extensions>
</wpt>
<wpt lat="35.4969065" lon="139.6321143">
<time>2026-01-01T00:09:43.000Z</time>
<extensions><trainlcd:accuracy>12</trainlcd:accuracy></extensions>
</wpt>
<wpt lat="35.4970520" lon="139.6321981">
<time>2026-01-01T00:09:44.000Z</time>
<extensions><trainlcd:accuracy>9</trainlcd:accuracy></extensions>
</wpt>
<wpt lat="35.4971974" lon="139.6322820">
<time>2026-01-01T00:09:45.000Z</time>
<extensions><trainlcd:accuracy>17</trainlcd:accuracy></extensions>
</wpt>
<wpt lat="35.4973429" lon="139.6323659">
<time>2026-01-01T00:09:46.000Z</time>
<extensions><trainlcd:accuracy>18</trainlcd:accuracy></extensions>
</wpt>
<wpt lat="35.4974883" lon="139.6324497">
<time>2026-01-01T00:09:47.000Z</time>
<extensions><trainlcd:accuracy>17</trainlcd:accuracy></extensions>
</wpt>
<wpt lat="35.4976338" lon="139.6325336">
<time>2026-01-01T00:09:48.000Z</time>
<extensions><trainlcd:accuracy>19</trainlcd:accuracy></extensions>
</wpt>
<wpt lat="35.4977792" lon="139.6326175">
<time>2026-01-01T00:09:49.000Z</time>
<extensions><trainlcd:accuracy>20</trainlcd:accuracy></extensions>
</wpt>
<wpt lat="35.4979247" lon="139.6327013">
<time>2026-01-01T00:09:50.000Z</time>
<extensions><trainlcd:accuracy>20</trainlcd:accuracy></extensions>
</wpt>
<wpt lat="35.4980701" lon="139.6327852">
<time>2026-01-01T00:09:51.000Z</time>
<extensions><trainlcd:accuracy>11</trainlcd:accuracy></extensions>
</wpt>
<wpt lat="35.4982155" lon="139.6328691">
<time>2026-01-01T00:09:52.000Z</time>
<extensions><trainlcd:accuracy>16</trainlcd:accuracy></extensions>
</wpt>
<wpt lat="35.4983610" lon="139.6329530">
<time>2026-01-01T00:09:53.000Z</time>
<extensions><trainlcd:accuracy>17</trainlcd:accuracy></extensions>
</wpt>
<wpt lat="35.4985064" lon="139.6330368">
<time>2026-01-01T00:09:54.000Z</time>
<extensions><trainlcd:accuracy>12</trainlcd:accuracy></extensions>
</wpt>
<wpt lat="35.4986519" lon="139.6331207">
<time>2026-01-01T00:09:55.000Z</time>
<extensions><trainlcd:accuracy>18</trainlcd:accuracy></extensions>
</wpt>
<wpt lat="35.4987983" lon="139.6331908">
<time>2026-01-01T00:09:56.000Z</time>
<extensions><trainlcd:accuracy>13</trainlcd:accuracy></extensions>
</wpt>
<wpt lat="35.4989519" lon="139.6331655">
<time>2026-01-01T00:09:57.000Z</time>
<extensions><trainlcd:accuracy>14</trainlcd:accuracy></extensions>
</wpt>
<wpt lat="35.4991054" lon="139.6331402">
<time>2026-01-01T00:09:58.000Z</time>
<extensions><trainlcd:accuracy>17</trainlcd:accuracy></extensions>
</wpt>
<wpt lat="35.4992589" lon="139.6331150">
<time>2026-01-01T00:09:59.000Z</time>
<extensions><trainlcd:accuracy>19</trainlcd:accuracy></extensions>
</wpt>
<wpt lat="35.4994125" lon="139.6330897">
<time>2026-01-01T00:10:00.000Z</time>
<extensions><trainlcd:accuracy>19</trainlcd:accuracy></extensions>
</wpt>
<wpt lat="35.4995660" lon="139.6330644">
<time>2026-01-01T00:10:01.000Z</time>
<extensions><trainlcd:accuracy>19</trainlcd:accuracy></extensions>
</wpt>
<wpt lat="35.4997195" lon="139.6330391">
<time>2026-01-01T00:10:02.000Z</time>
<extensions><trainlcd:accuracy>18</trainlcd:accuracy></extensions>
</wpt>
<wpt lat="35.4998730" lon="139.6330138">
<time>2026-01-01T00:10:03.000Z</time>
<extensions><trainlcd:accuracy>17</trainlcd:accuracy></extensions>
</wpt>
<wpt lat="35.5000266" lon="139.6329885">
<time>2026-01-01T00:10:04.000Z</time>
<extensions><trainlcd:accuracy>12</trainlcd:accuracy></extensions>
</wpt>
<wpt lat="35.5001801" lon="139.6329632">
<time>2026-01-01T00:10:05.000Z</time>
<extensions><trainlcd:accuracy>12</trainlcd:accuracy></extensions>
</wpt>
<wpt lat="35.5003336" lon="139.6329380">
<time>2026-01-01T00:10:06.000Z</time>
<extensions><trainlcd:accuracy>10</trainlcd:accuracy></extensions>
</wpt>
<wpt lat="35.5004871" lon="139.6329127">
<time>2026-01-01T00:10:07.000Z</time>
<extensions><trainlcd:accuracy>17</trainlcd:accuracy></extensions>
</wpt>
<wpt lat="35.5006407" lon="139.6328874">
<time>2026-01-01T00:10:08.000Z</time>
<extensions><trainlcd:accuracy>16</trainlcd:accuracy></extensions>
</wpt>
<wpt lat="35.5007942" lon="139.6328621">
<time>2026-01-01T00:10:09.000Z</time>
<extensions><trainlcd:accuracy>17</trainlcd:accuracy></extensions>
</wpt>
<wpt lat="35.5009477" lon="139.6328368">
<time>2026-01-01T00:10:10.000Z</time>
<extensions><trainlcd:accuracy>12</trainlcd:accuracy></extensions>
</wpt>
<wpt lat="35.5011013" lon="139.6328115">
<time>2026-01-01T00:10:11.000Z</time>
<extensions><trainlcd:accuracy>16</trainlcd:accuracy></extensions>
</wpt>
<wpt lat="35.5012548" lon="139.6327863">
<time>2026-01-01T00:10:12.000Z</time>
<extensions><trainlcd:accuracy>18</trainlcd:accuracy></extensions>
</wpt>
<wpt lat="35.5014083" lon="139.6327610">
<time>2026-01-01T00:10:13.000Z</time>
<extensions><trainlcd:accuracy>12</trainlcd:accuracy></extensions>
</wpt>
<wpt lat="35.5015618" lon="139.6327357">
<time>2026-01-01T00:10:14.000Z</time>
<extensions><trainlcd:accuracy>19</trainlcd:accuracy></extensions>
</wpt>
<wpt lat="35.5017154" lon="139.6327104">
<time>2026-01-01T00:10:15.000Z</time>
<extensions><trainlcd:accuracy>13</trainlcd:accuracy></extensions>
</wpt>
<wpt lat="35.5018689" lon="139.6326851">
<time>2026-01-01T00:10:16.000Z</time>
<extensions><trainlcd:accuracy>12</trainlcd:accuracy></extensions>
</wpt>
<wpt lat="35.5020224" lon="139.6326598">
<time>2026-01-01T00:10:17.000Z</time>
<extensions><trainlcd:accuracy>17</trainlcd:accuracy></extensions>
</wpt>
<wpt lat="35.5021759" lon="139.6326345">
<time>2026-01-01T00:10:18.000Z</time>
<extensions><trainlcd:accuracy>11</trainlcd:accuracy></extensions>
</wpt>
<wpt lat="35.5023295" lon="139.6326093">
<time>2026-01-01T00:10:19.000Z</time>
<extensions><trainlcd:accuracy>17</trainlcd:accuracy></extensions>
</wpt>
<wpt lat="35.5024830" lon="139.6325840">
<time>2026-01-01T00:10:20.000Z</time>
<extensions><trainlcd:accuracy>17</trainlcd:accuracy></extensions>
</wpt>
<wpt lat="35.5026365" lon="139.6325587">
<time>2026-01-01T00:10:21.000Z</time>
<extensions><trainlcd:accuracy>12</trainlcd:accuracy></extensions>
</wpt>
<wpt lat="35.5027901" lon="139.6325334">
<time>2026-01-01T00:10:22.000Z</time>
<extensions><trainlcd:accuracy>10</trainlcd:accuracy></extensions>
</wpt>
<wpt lat="35.5029436" lon="139.6325081">
<time>2026-01-01T00:10:23.000Z</time>
<extensions><trainlcd:accuracy>19</trainlcd:accuracy></extensions>
</wpt>
<wpt lat="35.5030971" lon="139.6324828">
<time>2026-01-01T00:10:24.000Z</time>
<extensions><trainlcd:accuracy>9</trainlcd:accuracy></extensions>
</wpt>
<wpt lat="35.5032506" lon="139.6324575">
<time>2026-01-01T00:10:25.000Z</time>
<extensions><trainlcd:accuracy>18</trainlcd:accuracy></extensions>
</wpt>
<wpt lat="35.5034042" lon="139.6324323">
<time>2026-01-01T00:10:26.000Z</time>
<extensions><trainlcd:accuracy>15</trainlcd:accuracy></extensions>
</wpt>
<wpt lat="35.5035577" lon="139.6324070">
<time>2026-01-01T00:10:27.000Z</time>
<extensions><trainlcd:accuracy>18</trainlcd:accuracy></extensions>
</wpt>
<wpt lat="35.5037112" lon="139.6323817">
<time>2026-01-01T00:10:28.000Z</time>
<extensions><trainlcd:accuracy>9</trainlcd:accuracy></extensions>
</wpt>
<wpt lat="35.5038647" lon="139.6323564">
<time>2026-01-01T00:10:29.000Z</time>
<extensions><trainlcd:accuracy>15</trainlcd:accuracy></extensions>
</wpt>
<wpt lat="35.5040183" lon="139.6323311">
<time>2026-01-01T00:10:30.000Z</time>
<extensions><trainlcd:accuracy>20</trainlcd:accuracy></extensions>
</wpt>
<wpt lat="35.5041718" lon="139.6323058">
<time>2026-01-01T00:10:31.000Z</time>
<extensions><trainlcd:accuracy>10</trainlcd:accuracy></extensions>
</wpt>
<wpt lat="35.5043253" lon="139.6322805">
<time>2026-01-01T00:10:32.000Z</time>
<extensions><trainlcd:accuracy>9</trainlcd:accuracy></extensions>
</wpt>
<wpt lat="35.5044788" lon="139.6322553">
<time>2026-01-01T00:10:33.000Z</time>
<extensions><trainlcd:accuracy>16</trainlcd:accuracy></extensions>
</wpt>
<wpt lat="35.5046324" lon="139.6322300">
<time>2026-01-01T00:10:34.000Z</time>
<extensions><trainlcd:accuracy>11</trainlcd:accuracy></extensions>
</wpt>
<wpt lat="35.5047859" lon="139.6322047">
<time>2026-01-01T00:10:35.000Z</time>
<extensions><trainlcd:accuracy>18</trainlcd:accuracy></extensions>
</wpt>
<wpt lat="35.5049394" lon="139.6321794">
<time>2026-01-01T00:10:36.000Z</time>
<extensions><trainlcd:accuracy>12</trainlcd:accuracy></extensions>
</wpt>
<wpt lat="35.5050930" lon="139.6321541">
<time>2026-01-01T00:10:37.000Z</time>
<extensions><trainlcd:accuracy>16</trainlcd:accuracy></extensions>
</wpt>
<wpt lat="35.5052465" lon="139.6321288">
<time>2026-01-01T00:10:38.000Z</time>
<extensions><trainlcd:accuracy>13</trainlcd:accuracy></extensions>
</wpt>
<wpt lat="35.5054000" lon="139.6321036">
<time>2026-01-01T00:10:39.000Z</time>
<extensions><trainlcd:accuracy>14</trainlcd:accuracy></extensions>
</wpt>
<wpt lat="35.5055535" lon="139.6320783">
<time>2026-01-01T00:10:40.000Z</time>
<extensions><trainlcd:accuracy>14</trainlcd:accuracy></extensions>
</wpt>
<wpt lat="35.5057071" lon="139.6320530">
<time>2026-01-01T00:10:41.000Z</time>
<extensions><trainlcd:accuracy>8</trainlcd:accuracy></extensions>
</wpt>
<wpt lat="35.5058606" lon="139.6320277">
<time>2026-01-01T00:10:42.000Z</time>
<extensions><trainlcd:accuracy>10</trainlcd:accuracy></extensions>
</wpt>
<wpt lat="35.5060141" lon="139.6320024">
<time>2026-01-01T00:10:43.000Z</time>
<extensions><trainlcd:accuracy>16</trainlcd:accuracy></extensions>
</wpt>
<wpt lat="35.5061676" lon="139.6319771">
<time>2026-01-01T00:10:44.000Z</time>
<extensions><trainlcd:accuracy>9</trainlcd:accuracy></extensions>
</wpt>
<wpt lat="35.5063212" lon="139.6319518">
<time>2026-01-01T00:10:45.000Z</time>
<extensions><trainlcd:accuracy>13</trainlcd:accuracy></extensions>
</wpt>
<wpt lat="35.5064747" lon="139.6319266">
<time>2026-01-01T00:10:46.000Z</time>
<extensions><trainlcd:accuracy>18</trainlcd:accuracy></extensions>
</wpt>
<wpt lat="35.5066282" lon="139.6319013">
<time>2026-01-01T00:10:47.000Z</time>
<extensions><trainlcd:accuracy>11</trainlcd:accuracy></extensions>
</wpt>
<wpt lat="35.5067818" lon="139.6318760">
<time>2026-01-01T00:10:48.000Z</time>
<extensions><trainlcd:accuracy>19</trainlcd:accuracy></extensions>
</wpt>
<wpt lat="35.5069353" lon="139.6318507">
<time>2026-01-01T00:10:49.000Z</time>
<extensions><trainlcd:accuracy>11</trainlcd:accuracy></extensions>
</wpt>
<wpt lat="35.5070888" lon="139.6318254">
<time>2026-01-01T00:10:50.000Z</time>
<extensions><trainlcd:accuracy>14</trainlcd:accuracy></extensions>
</wpt>
<wpt lat="35.5072423" lon="139.6318001">
<time>2026-01-01T00:10:51.000Z</time>
<extensions><trainlcd:accuracy>13</trainlcd:accuracy></extensions>
</wpt>
<wpt lat="35.5073959" lon="139.6317748">
<time>2026-01-01T00:10:52.000Z</time>
<extensions><trainlcd:accuracy>15</trainlcd:accuracy></extensions>
</wpt>
<wpt lat="35.5075494" lon="139.6317496">
<time>2026-01-01T00:10:53.000Z</time>
<extensions><trainlcd:accuracy>20</trainlcd:accuracy></extensions>
</wpt>
<wpt lat="35.5077029" lon="139.6317243">
<time>2026-01-01T00:10:54.000Z</time>
<extensions><trainlcd:accuracy>12</trainlcd:accuracy></extensions>
</wpt>
<wpt lat="35.5078564" lon="139.6316990">
<time>2026-01-01T00:10:55.000Z</time>
<extensions><trainlcd:accuracy>8</trainlcd:accuracy></extensions>
</wpt>
<wpt lat="35.5080100" lon="139.6316737">
<time>2026-01-01T00:10:56.000Z</time>
<extensions><trainlcd:accuracy>10</trainlcd:accuracy></extensions>
</wpt>
<wpt lat="35.5081635" lon="139.6316484">
<time>2026-01-01T00:10:57.000Z</time>
<extensions><trainlcd:accuracy>19</trainlcd:accuracy></extensions>
</wpt>
<wpt lat="35.5083170" lon="139.6316231">
<time>2026-01-01T00:10:58.000Z</time>
<extensions><trainlcd:accuracy>16</trainlcd:accuracy></extensions>
</wpt>
<wpt lat="35.5084632" lon="139.6315991">
<time>2026-01-01T00:10:59.000Z</time>
<extensions><trainlcd:accuracy>14</trainlcd:accuracy></extensions>
</wpt>
<wpt lat="35.5086022" lon="139.6315762">
<time>2026-01-01T00:11:00.000Z</time>
<extensions><trainlcd:accuracy>8</trainlcd:accuracy></extensions>
</wpt>
<wpt lat="35.5087338" lon="139.6315545">
<time>2026-01-01T00:11:01.000Z</time>
<extensions><trainlcd:accuracy>19</trainlcd:accuracy></extensions>
</wpt>
<wpt lat="35.5088581" lon="139.6315340">
<time>2026-01-01T00:11:02.000Z</time>
<extensions><trainlcd:accuracy>14</trainlcd:accuracy></extensions>
</wpt>
<wpt lat="35.5089751" lon="139.6315147">
<time>2026-01-01T00:11:03.000Z</time>
<extensions><trainlcd:accuracy>8</trainlcd:accuracy></extensions>
</wpt>
<wpt lat="35.5090848" lon="139.6314967">
<time>2026-01-01T00:11:04.000Z</time>
<extensions><trainlcd:accuracy>17</trainlcd:accuracy></extensions>
</wpt>
<wpt lat="35.5091872" lon="139.6314798">
<time>2026-01-01T00:11:05.000Z</time>
<extensions><trainlcd:accuracy>9</trainlcd:accuracy></extensions>
</wpt>
<wpt lat="35.5092823" lon="139.6314642">
<time>2026-01-01T00:11:06.000Z</time>
<extensions><trainlcd:accuracy>17</trainlcd:accuracy></extensions>
</wpt>
<wpt lat="35.5093701" lon="139.6314497">
<time>2026-01-01T00:11:07.000Z</time>
<extensions><trainlcd:accuracy>10</trainlcd:accuracy></extensions>
</wpt>
<wpt lat="35.5094506" lon="139.6314364">
<time>2026-01-01T00:11:08.000Z</time>
<extensions><trainlcd:accuracy>9</trainlcd:accuracy></extensions>
</wpt>
<wpt lat="35.5095238" lon="139.6314244">
<time>2026-01-01T00:11:09.000Z</time>
<extensions><trainlcd:accuracy>9</trainlcd:accuracy></extensions>
</wpt>
<wpt lat="35.5095897" lon="139.6314135">
<time>2026-01-01T00:11:10.000Z</time>
<extensions><trainlcd:accuracy>10</trainlcd:accuracy></extensions>
</wpt>
<wpt lat="35.5096483" lon="139.6314039">
<time>2026-01-01T00:11:11.000Z</time>
<extensions><trainlcd:accuracy>20</trainlcd:accuracy></extensions>
</wpt>
<wpt lat="35.5096995" lon="139.6313954">
<time>2026-01-01T00:11:12.000Z</time>
<extensions><trainlcd:accuracy>16</trainlcd:accuracy></extensions>
</wpt>
<wpt lat="35.5097435" lon="139.6313882">
<time>2026-01-01T00:11:13.000Z</time>
<extensions><trainlcd:accuracy>12</trainlcd:accuracy></extensions>
</wpt>
<wpt lat="35.5097802" lon="139.6313822">
<time>2026-01-01T00:11:14.000Z</time>
<extensions><trainlcd:accuracy>8</trainlcd:accuracy></extensions>
</wpt>
<wpt lat="35.5098096" lon="139.6313773">
<time>2026-01-01T00:11:15.000Z</time>
<extensions><trainlcd:accuracy>15</trainlcd:accuracy></extensions>
</wpt>
<wpt lat="35.5098316" lon="139.6313737">
<time>2026-01-01T00:11:16.000Z</time>
<extensions><trainlcd:accuracy>12</trainlcd:accuracy></extensions>
</wpt>
<wpt lat="35.5098464" lon="139.6313713">
<time>2026-01-01T00:11:17.000Z</time>
<extensions><trainlcd:accuracy>9</trainlcd:accuracy></extensions>
</wpt>
<wpt lat="35.5098538" lon="139.6313700">
<time>2026-01-01T00:11:18.000Z</time>
<extensions><trainlcd:accuracy>12</trainlcd:accuracy></extensions>
</wpt>
<wpt lat="35.5098540" lon="139.6313700">
<time>2026-01-01T00:11:19.000Z</time>
<extensions><trainlcd:accuracy>14</trainlcd:accuracy></extensions>
</wpt>
<wpt lat="35.5098540" lon="139.6313700">
<time>2026-01-01T00:11:20.000Z</time>
<extensions><trainlcd:accuracy>15</trainlcd:accuracy></extensions>
</wpt>
<wpt lat="35.5098540" lon="139.6313700">
<time>2026-01-01T00:11:21.000Z</time>
<extensions><trainlcd:accuracy>10</trainlcd:accuracy></extensions>
</wpt>
<wpt lat="35.5098540" lon="139.6313700">
<time>2026-01-01T00:11:22.000Z</time>
<extensions><trainlcd:accuracy>20</trainlcd:accuracy></extensions>
</wpt>
<wpt lat="35.5098540" lon="139.6313700">
<time>2026-01-01T00:11:23.000Z</time>
<extensions><trainlcd:accuracy>12</trainlcd:accuracy></extensions>
</wpt>
<wpt lat="35.5098540" lon="139.6313700">
<time>2026-01-01T00:11:24.000Z</time>
<extensions><trainlcd:accuracy>15</trainlcd:accuracy></extensions>
</wpt>
<wpt lat="35.5098540" lon="139.6313700">
<time>2026-01-01T00:11:25.000Z</time>
<extensions><trainlcd:accuracy>10</trainlcd:accuracy></extensions>
</wpt>
<wpt lat="35.5098540" lon="139.6313700">
<time>2026-01-01T00:11:26.000Z</time>
<extensions><trainlcd:accuracy>10</trainlcd:accuracy></extensions>
</wpt>
<wpt lat="35.5098540" lon="139.6313700">
<time>2026-01-01T00:11:27.000Z</time>
<extensions><trainlcd:accuracy>8</trainlcd:accuracy></extensions>
</wpt>
<wpt lat="35.5098540" lon="139.6313700">
<time>2026-01-01T00:11:28.000Z</time>
<extensions><trainlcd:accuracy>8</trainlcd:accuracy></extensions>
</wpt>
<wpt lat="35.5098540" lon="139.6313700">
<time>2026-01-01T00:11:29.000Z</time>
<extensions><trainlcd:accuracy>19</trainlcd:accuracy></extensions>
</wpt>
<wpt lat="35.5098540" lon="139.6313700">
<time>2026-01-01T00:11:30.000Z</time>
<extensions><trainlcd:accuracy>13</trainlcd:accuracy></extensions>
</wpt>
<wpt lat="35.5098540" lon="139.6313700">
<time>2026-01-01T00:11:31.000Z</time>
<extensions><trainlcd:accuracy>20</trainlcd:accuracy></extensions>
</wpt>
<wpt lat="35.5098540" lon="139.6313700">
<time>2026-01-01T00:11:32.000Z</time>
<extensions><trainlcd:accuracy>10</trainlcd:accuracy></extensions>
</wpt>
<wpt lat="35.5098540" lon="139.6313700">
<time>2026-01-01T00:11:33.000Z</time>
<extensions><trainlcd:accuracy>20</trainlcd:accuracy></extensions>
</wpt>
<wpt lat="35.5098540" lon="139.6313700">
<time>2026-01-01T00:11:34.000Z</time>
<extensions><trainlcd:accuracy>11</trainlcd:accuracy></extensions>
</wpt>
<wpt lat="35.5098540" lon="139.6313700">
<time>2026-01-01T00:11:35.000Z</time>
<extensions><trainlcd:accuracy>9</trainlcd:accuracy></extensions>
</wpt>
<wpt lat="35.5098540" lon="139.6313700">
<time>2026-01-01T00:11:36.000Z</time>
<extensions><trainlcd:accuracy>20</trainlcd:accuracy></extensions>
</wpt>
<wpt lat="35.5098540" lon="139.6313700">
<time>2026-01-01T00:11:37.000Z</time>
<extensions><trainlcd:accuracy>13</trainlcd:accuracy></extensions>
</wpt>
<wpt lat="35.5098540" lon="139.6313700">
<time>2026-01-01T00:11:38.000Z</time>
<extensions><trainlcd:accuracy>19</trainlcd:accuracy></extensions>
</wpt>
<wpt lat="35.5098540" lon="139.6313700">
<time>2026-01-01T00:11:39.000Z</time>
<extensions><trainlcd:accuracy>13</trainlcd:accuracy></extensions>
</wpt>
<wpt lat="35.5098540" lon="139.6313700">
<time>2026-01-01T00:11:40.000Z</time>
<extensions><trainlcd:accuracy>15</trainlcd:accuracy></extensions>
</wpt>
<wpt lat="35.5098540" lon="139.6313700">
<time>2026-01-01T00:11:41.000Z</time>
<extensions><trainlcd:accuracy>13</trainlcd:accuracy></extensions>
</wpt>
<wpt lat="35.5098540" lon="139.6313700">
<time>2026-01-01T00:11:42.000Z</time>
<extensions><trainlcd:accuracy>20</trainlcd:accuracy></extensions>
</wpt>
<wpt lat="35.5098540" lon="139.6313700">
<time>2026-01-01T00:11:43.000Z</time>
<extensions><trainlcd:accuracy>18</trainlcd:accuracy></extensions>
</wpt>
<wpt lat="35.5098540" lon="139.6313700">
<time>2026-01-01T00:11:44.000Z</time>
<extensions><trainlcd:accuracy>13</trainlcd:accuracy></extensions>
</wpt>
<wpt lat="35.5098540" lon="139.6313700">
<time>2026-01-01T00:11:45.000Z</time>
<extensions><trainlcd:accuracy>12</trainlcd:accuracy></extensions>
</wpt>
<wpt lat="35.5098540" lon="139.6313700">
<time>2026-01-01T00:11:46.000Z</time>
<extensions><trainlcd:accuracy>9</trainlcd:accuracy></extensions>
</wpt>
<wpt lat="35.5098540" lon="139.6313700">
<time>2026-01-01T00:11:47.000Z</time>
<extensions><trainlcd:accuracy>18</trainlcd:accuracy></extensions>
</wpt>
<wpt lat="35.5098540" lon="139.6313700">
<time>2026-01-01T00:11:48.000Z</time>
<extensions><trainlcd:accuracy>14</trainlcd:accuracy></extensions>
</wpt>
<wpt lat="35.5098540" lon="139.6313700">
<time>2026-01-01T00:11:49.000Z</time>
<extensions><trainlcd:accuracy>15</trainlcd:accuracy></extensions>
</wpt>
<wpt lat="35.5098540" lon="139.6313700">
<time>2026-01-01T00:11:50.000Z</time>
<extensions><trainlcd:accuracy>11</trainlcd:accuracy></extensions>
</wpt>
<wpt lat="35.5098540" lon="139.6313700">
<time>2026-01-01T00:11:51.000Z</time>
<extensions><trainlcd:accuracy>11</trainlcd:accuracy></extensions>
</wpt>
<wpt lat="35.5098540" lon="139.6313700">
<time>2026-01-01T00:11:52.000Z</time>
<extensions><trainlcd:accuracy>9</trainlcd:accuracy></extensions>
</wpt>
<wpt lat="35.5098540" lon="139.6313700">
<time>2026-01-01T00:11:53.000Z</time>
<extensions><trainlcd:accuracy>14</trainlcd:accuracy></extensions>
</wpt>
<wpt lat="35.5098540" lon="139.6313700">
<time>2026-01-01T00:11:54.000Z</time>
<extensions><trainlcd:accuracy>9</trainlcd:accuracy></extensions>
</wpt>
<wpt lat="35.5098540" lon="139.6313700">
<time>2026-01-01T00:11:55.000Z</time>
<extensions><trainlcd:accuracy>17</trainlcd:accuracy></extensions>
</wpt>
<wpt lat="35.5098540" lon="139.6313700">
<time>2026-01-01T00:11:56.000Z</time>
<extensions><trainlcd:accuracy>10</trainlcd:accuracy></extensions>
</wpt>
<wpt lat="35.5098602" lon="139.6313692">
<time>2026-01-01T00:11:57.000Z</time>
<extensions><trainlcd:accuracy>16</trainlcd:accuracy></extensions>
</wpt>
<wpt lat="35.5098727" lon="139.6313677">
<time>2026-01-01T00:11:58.000Z</time>
<extensions><trainlcd:accuracy>16</trainlcd:accuracy></extensions>
</wpt>
<wpt lat="35.5098914" lon="139.6313654">
<time>2026-01-01T00:11:59.000Z</time>
<extensions><trainlcd:accuracy>13</trainlcd:accuracy></extensions>
</wpt>
<wpt lat="35.5099164" lon="139.6313623">
<time>2026-01-01T00:12:00.000Z</time>
<extensions><trainlcd:accuracy>8</trainlcd:accuracy></extensions>
</wpt>
<wpt lat="35.5099476" lon="139.6313584">
<time>2026-01-01T00:12:01.000Z</time>
<extensions><trainlcd:accuracy>13</trainlcd:accuracy></extensions>
</wpt>
<wpt lat="35.5099850" lon="139.6313537">
<time>2026-01-01T00:12:02.000Z</time>
<extensions><trainlcd:accuracy>19</trainlcd:accuracy></extensions>
</wpt>
<wpt lat="35.5100287" lon="139.6313483">
<time>2026-01-01T00:12:03.000Z</time>
<extensions><trainlcd:accuracy>14</trainlcd:accuracy></extensions>
</wpt>
<wpt lat="35.5100786" lon="139.6313421">
<time>2026-01-01T00:12:04.000Z</time>
<extensions><trainlcd:accuracy>17</trainlcd:accuracy></extensions>
</wpt>
<wpt lat="35.5101347" lon="139.6313351">
<time>2026-01-01T00:12:05.000Z</time>
<extensions><trainlcd:accuracy>9</trainlcd:accuracy></extensions>
</wpt>
<wpt lat="35.5101971" lon="139.6313274">
<time>2026-01-01T00:12:06.000Z</time>
<extensions><trainlcd:accuracy>15</trainlcd:accuracy></extensions>
</wpt>
<wpt lat="35.5102658" lon="139.6313189">
<time>2026-01-01T00:12:07.000Z</time>
<extensions><trainlcd:accuracy>15</trainlcd:accuracy></extensions>
</wpt>
<wpt lat="35.5103406" lon="139.6313096">
<time>2026-01-01T00:12:08.000Z</time>
<extensions><trainlcd:accuracy>12</trainlcd:accuracy></extensions>
</wpt>
<wpt lat="35.5104217" lon="139.6312995">
<time>2026-01-01T00:12:09.000Z</time>
<extensions><trainlcd:accuracy>9</trainlcd:accuracy></extensions>
</wpt>
<wpt lat="35.5105091" lon="139.6312886">
<time>2026-01-01T00:12:10.000Z</time>
<extensions><trainlcd:accuracy>13</trainlcd:accuracy></extensions>
</wpt>
<wpt lat="35.5106026" lon="139.6312770">
<time>2026-01-01T00:12:11.000Z</time>
<extensions><trainlcd:accuracy>9</trainlcd:accuracy></extensions>
</wpt>
<wpt lat="35.5107025" lon="139.6312646">
<time>2026-01-01T00:12:12.000Z</time>
<extensions><trainlcd:accuracy>18</trainlcd:accuracy></extensions>
</wpt>
<wpt lat="35.5108085" lon="139.6312514">
<time>2026-01-01T00:12:13.000Z</time>
<extensions><trainlcd:accuracy>18</trainlcd:accuracy></extensions>
</wpt>
<wpt lat="35.5109208" lon="139.6312375">
<time>2026-01-01T00:12:14.000Z</time>
<extensions><trainlcd:accuracy>14</trainlcd:accuracy></extensions>
</wpt>
<wpt lat="35.5110394" lon="139.6312228">
<time>2026-01-01T00:12:15.000Z</time>
<extensions><trainlcd:accuracy>19</trainlcd:accuracy></extensions>
</wpt>
<wpt lat="35.5111641" lon="139.6312073">
<time>2026-01-01T00:12:16.000Z</time>
<extensions><trainlcd:accuracy>15</trainlcd:accuracy></extensions>
</wpt>
<wpt lat="35.5112951" lon="139.6311910">
<time>2026-01-01T00:12:17.000Z</time>
<extensions><trainlcd:accuracy>10</trainlcd:accuracy></extensions>
</wpt>
<wpt lat="35.5114324" lon="139.6311740">
<time>2026-01-01T00:12:18.000Z</time>
<extensions><trainlcd:accuracy>17</trainlcd:accuracy></extensions>
</wpt>
<wpt lat="35.5115759" lon="139.6311561">
<time>2026-01-01T00:12:19.000Z</time>
<extensions><trainlcd:accuracy>10</trainlcd:accuracy></extensions>
</wpt>
<wpt lat="35.5117256" lon="139.6311375">
<time>2026-01-01T00:12:20.000Z</time>
<extensions><trainlcd:accuracy>18</trainlcd:accuracy></extensions>
</wpt>
<wpt lat="35.5118816" lon="139.6311182">
<time>2026-01-01T00:12:21.000Z</time>
<extensions><trainlcd:accuracy>19</trainlcd:accuracy></extensions>
</wpt>
<wpt lat="35.5120438" lon="139.6310980">
<time>2026-01-01T00:12:22.000Z</time>
<extensions><trainlcd:accuracy>10</trainlcd:accuracy></extensions>
</wpt>
<wpt lat="35.5122079" lon="139.6310776">
<time>2026-01-01T00:12:23.000Z</time>
<extensions><trainlcd:accuracy>8</trainlcd:accuracy></extensions>
</wpt>
<wpt lat="35.5123720" lon="139.6310573">
<time>2026-01-01T00:12:24.000Z</time>
<extensions><trainlcd:accuracy>15</trainlcd:accuracy></extensions>
</wpt>
<wpt lat="35.5125360" lon="139.6310369">
<time>2026-01-01T00:12:25.000Z</time>
<extensions><trainlcd:accuracy>14</trainlcd:accuracy></extensions>
</wpt>
<wpt lat="35.5127001" lon="139.6310165">
<time>2026-01-01T00:12:26.000Z</time>
<extensions><trainlcd:accuracy>9</trainlcd:accuracy></extensions>
</wpt>
<wpt lat="35.5128642" lon="139.6309961">
<time>2026-01-01T00:12:27.000Z</time>
<extensions><trainlcd:accuracy>19</trainlcd:accuracy></extensions>
</wpt>
<wpt lat="35.5130283" lon="139.6309757">
<time>2026-01-01T00:12:28.000Z</time>
<extensions><trainlcd:accuracy>13</trainlcd:accuracy></extensions>
</wpt>
<wpt lat="35.5131924" lon="139.6309554">
<time>2026-01-01T00:12:29.000Z</time>
<extensions><trainlcd:accuracy>14</trainlcd:accuracy></extensions>
</wpt>
<wpt lat="35.5133564" lon="139.6309350">
<time>2026-01-01T00:12:30.000Z</time>
<extensions><trainlcd:accuracy>17</trainlcd:accuracy></extensions>
</wpt>
<wpt lat="35.5135205" lon="139.6309146">
<time>2026-01-01T00:12:31.000Z</time>
<extensions><trainlcd:accuracy>18</trainlcd:accuracy></extensions>
</wpt>
<wpt lat="35.5136846" lon="139.6308942">
<time>2026-01-01T00:12:32.000Z</time>
<extensions><trainlcd:accuracy>16</trainlcd:accuracy></extensions>
</wpt>
<wpt lat="35.5138487" lon="139.6308738">
<time>2026-01-01T00:12:33.000Z</time>
<extensions><trainlcd:accuracy>17</trainlcd:accuracy></extensions>
</wpt>
<wpt lat="35.5140128" lon="139.6308535">
<time>2026-01-01T00:12:34.000Z</time>
<extensions><trainlcd:accuracy>16</trainlcd:accuracy></extensions>
</wpt>
<wpt lat="35.5141769" lon="139.6308331">
<time>2026-01-01T00:12:35.000Z</time>
<extensions><trainlcd:accuracy>15</trainlcd:accuracy></extensions>
</wpt>
<wpt lat="35.5143409" lon="139.6308127">
<time>2026-01-01T00:12:36.000Z</time>
<extensions><trainlcd:accuracy>15</trainlcd:accuracy></extensions>
</wpt>
<wpt lat="35.5145050" lon="139.6307923">
<time>2026-01-01T00:12:37.000Z</time>
<extensions><trainlcd:accuracy>15</trainlcd:accuracy></extensions>
</wpt>
<wpt lat="35.5146691" lon="139.6307719">
<time>2026-01-01T00:12:38.000Z</time>
<extensions><trainlcd:accuracy>16</trainlcd:accuracy></extensions>
</wpt>
<wpt lat="35.5148332" lon="139.6307516">
<time>2026-01-01T00:12:39.000Z</time>
<extensions><trainlcd:accuracy>20</trainlcd:accuracy></extensions>
</wpt>
<wpt lat="35.5149973" lon="139.6307312">
<time>2026-01-01T00:12:40.000Z</time>
<extensions><trainlcd:accuracy>12</trainlcd:accuracy></extensions>
</wpt>
<wpt lat="35.5151614" lon="139.6307108">
<time>2026-01-01T00:12:41.000Z</time>
<extensions><trainlcd:accuracy>13</trainlcd:accuracy></extensions>
</wpt>
<wpt lat="35.5153254" lon="139.6306904">
<time>2026-01-01T00:12:42.000Z</time>
<extensions><trainlcd:accuracy>13</trainlcd:accuracy></extensions>
</wpt>
<wpt lat="35.5154895" lon="139.6306700">
<time>2026-01-01T00:12:43.000Z</time>
<extensions><trainlcd:accuracy>12</trainlcd:accuracy></extensions>
</wpt>
<wpt lat="35.5156536" lon="139.6306497">
<time>2026-01-01T00:12:44.000Z</time>
<extensions><trainlcd:accuracy>16</trainlcd:accuracy></extensions>
</wpt>
<wpt lat="35.5158177" lon="139.6306293">
<time>2026-01-01T00:12:45.000Z</time>
<extensions><trainlcd:accuracy>17</trainlcd:accuracy></extensions>
</wpt>
<wpt lat="35.5159818" lon="139.6306089">
<time>2026-01-01T00:12:46.000Z</time>
<extensions><trainlcd:accuracy>14</trainlcd:accuracy></extensions>
</wpt>
<wpt lat="35.5161459" lon="139.6305885">
<time>2026-01-01T00:12:47.000Z</time>
<extensions><trainlcd:accuracy>9</trainlcd:accuracy></extensions>
</wpt>
<wpt lat="35.5163099" lon="139.6305681">
<time>2026-01-01T00:12:48.000Z</time>
<extensions><trainlcd:accuracy>20</trainlcd:accuracy></extensions>
</wpt>
<wpt lat="35.5164740" lon="139.6305478">
<time>2026-01-01T00:12:49.000Z</time>
<extensions><trainlcd:accuracy>17</trainlcd:accuracy></extensions>
</wpt>
<wpt lat="35.5166381" lon="139.6305274">
<time>2026-01-01T00:12:50.000Z</time>
<extensions><trainlcd:accuracy>8</trainlcd:accuracy></extensions>
</wpt>
<wpt lat="35.5168022" lon="139.6305070">
<time>2026-01-01T00:12:51.000Z</time>
<extensions><trainlcd:accuracy>15</trainlcd:accuracy></extensions>
</wpt>
<wpt lat="35.5169663" lon="139.6304866">
<time>2026-01-01T00:12:52.000Z</time>
<extensions><trainlcd:accuracy>8</trainlcd:accuracy></extensions>
</wpt>
<wpt lat="35.5171303" lon="139.6304662">
<time>2026-01-01T00:12:53.000Z</time>
<extensions><trainlcd:accuracy>8</trainlcd:accuracy></extensions>
</wpt>
<wpt lat="35.5172944" lon="139.6304459">
<time>2026-01-01T00:12:54.000Z</time>
<extensions><trainlcd:accuracy>10</trainlcd:accuracy></extensions>
</wpt>
<wpt lat="35.5174585" lon="139.6304255">
<time>2026-01-01T00:12:55.000Z</time>
<extensions><trainlcd:accuracy>9</trainlcd:accuracy></extensions>
</wpt>
<wpt lat="35.5176226" lon="139.6304051">
<time>2026-01-01T00:12:56.000Z</time>
<extensions><trainlcd:accuracy>9</trainlcd:accuracy></extensions>
</wpt>
<wpt lat="35.5177867" lon="139.6303847">
<time>2026-01-01T00:12:57.000Z</time>
<extensions><trainlcd:accuracy>13</trainlcd:accuracy></extensions>
</wpt>
<wpt lat="35.5179508" lon="139.6303643">
<time>2026-01-01T00:12:58.000Z</time>
<extensions><trainlcd:accuracy>17</trainlcd:accuracy></extensions>
</wpt>
<wpt lat="35.5181148" lon="139.6303440">
<time>2026-01-01T00:12:59.000Z</time>
<extensions><trainlcd:accuracy>14</trainlcd:accuracy></extensions>
</wpt>
<wpt lat="35.5182789" lon="139.6303236">
<time>2026-01-01T00:13:00.000Z</time>
<extensions><trainlcd:accuracy>13</trainlcd:accuracy></extensions>
</wpt>
<wpt lat="35.5184430" lon="139.6303032">
<time>2026-01-01T00:13:01.000Z</time>
<extensions><trainlcd:accuracy>11</trainlcd:accuracy></extensions>
</wpt>
<wpt lat="35.5186071" lon="139.6302828">
<time>2026-01-01T00:13:02.000Z</time>
<extensions><trainlcd:accuracy>14</trainlcd:accuracy></extensions>
</wpt>
<wpt lat="35.5187712" lon="139.6302624">
<time>2026-01-01T00:13:03.000Z</time>
<extensions><trainlcd:accuracy>19</trainlcd:accuracy></extensions>
</wpt>
<wpt lat="35.5189353" lon="139.6302421">
<time>2026-01-01T00:13:04.000Z</time>
<extensions><trainlcd:accuracy>16</trainlcd:accuracy></extensions>
</wpt>
<wpt lat="35.5190993" lon="139.6302217">
<time>2026-01-01T00:13:05.000Z</time>
<extensions><trainlcd:accuracy>19</trainlcd:accuracy></extensions>
</wpt>
<wpt lat="35.5192634" lon="139.6302013">
<time>2026-01-01T00:13:06.000Z</time>
<extensions><trainlcd:accuracy>12</trainlcd:accuracy></extensions>
</wpt>
<wpt lat="35.5194275" lon="139.6301809">
<time>2026-01-01T00:13:07.000Z</time>
<extensions><trainlcd:accuracy>11</trainlcd:accuracy></extensions>
</wpt>
<wpt lat="35.5195916" lon="139.6301605">
<time>2026-01-01T00:13:08.000Z</time>
<extensions><trainlcd:accuracy>18</trainlcd:accuracy></extensions>
</wpt>
<wpt lat="35.5197557" lon="139.6301402">
<time>2026-01-01T00:13:09.000Z</time>
<extensions><trainlcd:accuracy>15</trainlcd:accuracy></extensions>
</wpt>
<wpt lat="35.5199198" lon="139.6301198">
<time>2026-01-01T00:13:10.000Z</time>
<extensions><trainlcd:accuracy>10</trainlcd:accuracy></extensions>
</wpt>
<wpt lat="35.5200838" lon="139.6300994">
<time>2026-01-01T00:13:11.000Z</time>
<extensions><trainlcd:accuracy>15</trainlcd:accuracy></extensions>
</wpt>
<wpt lat="35.5202479" lon="139.6300790">
<time>2026-01-01T00:13:12.000Z</time>
<extensions><trainlcd:accuracy>19</trainlcd:accuracy></extensions>
</wpt>
<wpt lat="35.5204120" lon="139.6300586">
<time>2026-01-01T00:13:13.000Z</time>
<extensions><trainlcd:accuracy>11</trainlcd:accuracy></extensions>
</wpt>
<wpt lat="35.5205761" lon="139.6300383">
<time>2026-01-01T00:13:14.000Z</time>
<extensions><trainlcd:accuracy>10</trainlcd:accuracy></extensions>
</wpt>
<wpt lat="35.5207402" lon="139.6300179">
<time>2026-01-01T00:13:15.000Z</time>
<extensions><trainlcd:accuracy>10</trainlcd:accuracy></extensions>
</wpt>
<wpt lat="35.5209042" lon="139.6299975">
<time>2026-01-01T00:13:16.000Z</time>
<extensions><trainlcd:accuracy>9</trainlcd:accuracy></extensions>
</wpt>
<wpt lat="35.5210683" lon="139.6299771">
<time>2026-01-01T00:13:17.000Z</time>
<extensions><trainlcd:accuracy>10</trainlcd:accuracy></extensions>
</wpt>
<wpt lat="35.5212324" lon="139.6299567">
<time>2026-01-01T00:13:18.000Z</time>
<extensions><trainlcd:accuracy>18</trainlcd:accuracy></extensions>
</wpt>
<wpt lat="35.5213965" lon="139.6299364">
<time>2026-01-01T00:13:19.000Z</time>
<extensions><trainlcd:accuracy>10</trainlcd:accuracy></extensions>
</wpt>
<wpt lat="35.5215606" lon="139.6299160">
<time>2026-01-01T00:13:20.000Z</time>
<extensions><trainlcd:accuracy>16</trainlcd:accuracy></extensions>
</wpt>
<wpt lat="35.5217247" lon="139.6298956">
<time>2026-01-01T00:13:21.000Z</time>
<extensions><trainlcd:accuracy>15</trainlcd:accuracy></extensions>
</wpt>
<wpt lat="35.5218887" lon="139.6298752">
<time>2026-01-01T00:13:22.000Z</time>
<extensions><trainlcd:accuracy>8</trainlcd:accuracy></extensions>
</wpt>
<wpt lat="35.5220528" lon="139.6298548">
<time>2026-01-01T00:13:23.000Z</time>
<extensions><trainlcd:accuracy>10</trainlcd:accuracy></extensions>
</wpt>
<wpt lat="35.5222169" lon="139.6298345">
<time>2026-01-01T00:13:24.000Z</time>
<extensions><trainlcd:accuracy>12</trainlcd:accuracy></extensions>
</wpt>
<wpt lat="35.5223810" lon="139.6298141">
<time>2026-01-01T00:13:25.000Z</time>
<extensions><trainlcd:accuracy>18</trainlcd:accuracy></extensions>
</wpt>
<wpt lat="35.5225397" lon="139.6298467">
<time>2026-01-01T00:13:26.000Z</time>
<extensions><trainlcd:accuracy>20</trainlcd:accuracy></extensions>
</wpt>
<wpt lat="35.5226961" lon="139.6299018">
<time>2026-01-01T00:13:27.000Z</time>
<extensions><trainlcd:accuracy>9</trainlcd:accuracy></extensions>
</wpt>
<wpt lat="35.5228525" lon="139.6299569">
<time>2026-01-01T00:13:28.000Z</time>
<extensions><trainlcd:accuracy>12</trainlcd:accuracy></extensions>
</wpt>
<wpt lat="35.5230089" lon="139.6300120">
<time>2026-01-01T00:13:29.000Z</time>
<extensions><trainlcd:accuracy>17</trainlcd:accuracy></extensions>
</wpt>
<wpt lat="35.5231653" lon="139.6300671">
<time>2026-01-01T00:13:30.000Z</time>
<extensions><trainlcd:accuracy>9</trainlcd:accuracy></extensions>
</wpt>
<wpt lat="35.5233216" lon="139.6301223">
<time>2026-01-01T00:13:31.000Z</time>
<extensions><trainlcd:accuracy>10</trainlcd:accuracy></extensions>
</wpt>
<wpt lat="35.5234780" lon="139.6301774">
<time>2026-01-01T00:13:32.000Z</time>
<extensions><trainlcd:accuracy>14</trainlcd:accuracy></extensions>
</wpt>
<wpt lat="35.5236344" lon="139.6302325">
<time>2026-01-01T00:13:33.000Z</time>
<extensions><trainlcd:accuracy>16</trainlcd:accuracy></extensions>
</wpt>
<wpt lat="35.5237908" lon="139.6302876">
<time>2026-01-01T00:13:34.000Z</time>
<extensions><trainlcd:accuracy>20</trainlcd:accuracy></extensions>
</wpt>
<wpt lat="35.5239472" lon="139.6303427">
<time>2026-01-01T00:13:35.000Z</time>
<extensions><trainlcd:accuracy>10</trainlcd:accuracy></extensions>
</wpt>
<wpt lat="35.5241036" lon="139.6303979">
<time>2026-01-01T00:13:36.000Z</time>
<extensions><trainlcd:accuracy>19</trainlcd:accuracy></extensions>
</wpt>
<wpt lat="35.5242600" lon="139.6304530">
<time>2026-01-01T00:13:37.000Z</time>
<extensions><trainlcd:accuracy>12</trainlcd:accuracy></extensions>
</wpt>
<wpt lat="35.5244164" lon="139.6305081">
<time>2026-01-01T00:13:38.000Z</time>
<extensions><trainlcd:accuracy>9</trainlcd:accuracy></extensions>
</wpt>
<wpt lat="35.5245728" lon="139.6305632">
<time>2026-01-01T00:13:39.000Z</time>
<extensions><trainlcd:accuracy>13</trainlcd:accuracy></extensions>
</wpt>
<wpt lat="35.5247292" lon="139.6306183">
<time>2026-01-01T00:13:40.000Z</time>
<extensions><trainlcd:accuracy>10</trainlcd:accuracy></extensions>
</wpt>
<wpt lat="35.5248856" lon="139.6306735">
<time>2026-01-01T00:13:41.000Z</time>
<extensions><trainlcd:accuracy>9</trainlcd:accuracy></extensions>
</wpt>
<wpt lat="35.5250420" lon="139.6307286">
<time>2026-01-01T00:13:42.000Z</time>
<extensions><trainlcd:accuracy>10</trainlcd:accuracy></extensions>
</wpt>
<wpt lat="35.5251984" lon="139.6307837">
<time>2026-01-01T00:13:43.000Z</time>
<extensions><trainlcd:accuracy>19</trainlcd:accuracy></extensions>
</wpt>
<wpt lat="35.5253547" lon="139.6308388">
<time>2026-01-01T00:13:44.000Z</time>
<extensions><trainlcd:accuracy>8</trainlcd:accuracy></extensions>
</wpt>
<wpt lat="35.5255111" lon="139.6308939">
<time>2026-01-01T00:13:45.000Z</time>
<extensions><trainlcd:accuracy>11</trainlcd:accuracy></extensions>
</wpt>
<wpt lat="35.5256675" lon="139.6309491">
<time>2026-01-01T00:13:46.000Z</time>
<extensions><trainlcd:accuracy>15</trainlcd:accuracy></extensions>
</wpt>
<wpt lat="35.5258239" lon="139.6310042">
<time>2026-01-01T00:13:47.000Z</time>
<extensions><trainlcd:accuracy>12</trainlcd:accuracy></extensions>
</wpt>
<wpt lat="35.5259803" lon="139.6310593">
<time>2026-01-01T00:13:48.000Z</time>
<extensions><trainlcd:accuracy>18</trainlcd:accuracy></extensions>
</wpt>
<wpt lat="35.5261367" lon="139.6311144">
<time>2026-01-01T00:13:49.000Z</time>
<extensions><trainlcd:accuracy>13</trainlcd:accuracy></extensions>
</wpt>
<wpt lat="35.5262931" lon="139.6311695">
<time>2026-01-01T00:13:50.000Z</time>
<extensions><trainlcd:accuracy>13</trainlcd:accuracy></extensions>
</wpt>
<wpt lat="35.5264495" lon="139.6312247">
<time>2026-01-01T00:13:51.000Z</time>
<extensions><trainlcd:accuracy>19</trainlcd:accuracy></extensions>
</wpt>
<wpt lat="35.5266059" lon="139.6312798">
<time>2026-01-01T00:13:52.000Z</time>
<extensions><trainlcd:accuracy>20</trainlcd:accuracy></extensions>
</wpt>
<wpt lat="35.5267623" lon="139.6313349">
<time>2026-01-01T00:13:53.000Z</time>
<extensions><trainlcd:accuracy>16</trainlcd:accuracy></extensions>
</wpt>
<wpt lat="35.5269187" lon="139.6313900">
<time>2026-01-01T00:13:54.000Z</time>
<extensions><trainlcd:accuracy>11</trainlcd:accuracy></extensions>
</wpt>
<wpt lat="35.5270751" lon="139.6314451">
<time>2026-01-01T00:13:55.000Z</time>
<extensions><trainlcd:accuracy>15</trainlcd:accuracy></extensions>
</wpt>
<wpt lat="35.5272315" lon="139.6315003">
<time>2026-01-01T00:13:56.000Z</time>
<extensions><trainlcd:accuracy>12</trainlcd:accuracy></extensions>
</wpt>
<wpt lat="35.5273879" lon="139.6315554">
<time>2026-01-01T00:13:57.000Z</time>
<extensions><trainlcd:accuracy>8</trainlcd:accuracy></extensions>
</wpt>
<wpt lat="35.5275442" lon="139.6316105">
<time>2026-01-01T00:13:58.000Z</time>
<extensions><trainlcd:accuracy>17</trainlcd:accuracy></extensions>
</wpt>
<wpt lat="35.5277006" lon="139.6316656">
<time>2026-01-01T00:13:59.000Z</time>
<extensions><trainlcd:accuracy>9</trainlcd:accuracy></extensions>
</wpt>
<wpt lat="35.5278570" lon="139.6317207">
<time>2026-01-01T00:14:00.000Z</time>
<extensions><trainlcd:accuracy>17</trainlcd:accuracy></extensions>
</wpt>
<wpt lat="35.5280134" lon="139.6317759">
<time>2026-01-01T00:14:01.000Z</time>
<extensions><trainlcd:accuracy>10</trainlcd:accuracy></extensions>
</wpt>
<wpt lat="35.5281698" lon="139.6318310">
<time>2026-01-01T00:14:02.000Z</time>
<extensions><trainlcd:accuracy>17</trainlcd:accuracy></extensions>
</wpt>
<wpt lat="35.5283262" lon="139.6318861">
<time>2026-01-01T00:14:03.000Z</time>
<extensions><trainlcd:accuracy>12</trainlcd:accuracy></extensions>
</wpt>
<wpt lat="35.5284826" lon="139.6319412">
<time>2026-01-01T00:14:04.000Z</time>
<extensions><trainlcd:accuracy>15</trainlcd:accuracy></extensions>
</wpt>
<wpt lat="35.5286390" lon="139.6319963">
<time>2026-01-01T00:14:05.000Z</time>
<extensions><trainlcd:accuracy>10</trainlcd:accuracy></extensions>
</wpt>
<wpt lat="35.5287954" lon="139.6320515">
<time>2026-01-01T00:14:06.000Z</time>
<extensions><trainlcd:accuracy>14</trainlcd:accuracy></extensions>
</wpt>
<wpt lat="35.5289518" lon="139.6321066">
<time>2026-01-01T00:14:07.000Z</time>
<extensions><trainlcd:accuracy>10</trainlcd:accuracy></extensions>
</wpt>
<wpt lat="35.5291082" lon="139.6321617">
<time>2026-01-01T00:14:08.000Z</time>
<extensions><trainlcd:accuracy>16</trainlcd:accuracy></extensions>
</wpt>
<wpt lat="35.5292646" lon="139.6322168">
<time>2026-01-01T00:14:09.000Z</time>
<extensions><trainlcd:accuracy>12</trainlcd:accuracy></extensions>
</wpt>
<wpt lat="35.5294210" lon="139.6322719">
<time>2026-01-01T00:14:10.000Z</time>
<extensions><trainlcd:accuracy>12</trainlcd:accuracy></extensions>
</wpt>
<wpt lat="35.5295773" lon="139.6323271">
<time>2026-01-01T00:14:11.000Z</time>
<extensions><trainlcd:accuracy>16</trainlcd:accuracy></extensions>
</wpt>
<wpt lat="35.5297337" lon="139.6323822">
<time>2026-01-01T00:14:12.000Z</time>
<extensions><trainlcd:accuracy>17</trainlcd:accuracy></extensions>
</wpt>
<wpt lat="35.5298901" lon="139.6324373">
<time>2026-01-01T00:14:13.000Z</time>
<extensions><trainlcd:accuracy>9</trainlcd:accuracy></extensions>
</wpt>
<wpt lat="35.5300465" lon="139.6324924">
<time>2026-01-01T00:14:14.000Z</time>
<extensions><trainlcd:accuracy>14</trainlcd:accuracy></extensions>
</wpt>
<wpt lat="35.5302029" lon="139.6325475">
<time>2026-01-01T00:14:15.000Z</time>
<extensions><trainlcd:accuracy>11</trainlcd:accuracy></extensions>
</wpt>
<wpt lat="35.5303593" lon="139.6326026">
<time>2026-01-01T00:14:16.000Z</time>
<extensions><trainlcd:accuracy>9</trainlcd:accuracy></extensions>
</wpt>
<wpt lat="35.5305157" lon="139.6326578">
<time>2026-01-01T00:14:17.000Z</time>
<extensions><trainlcd:accuracy>13</trainlcd:accuracy></extensions>
</wpt>
<wpt lat="35.5306721" lon="139.6327129">
<time>2026-01-01T00:14:18.000Z</time>
<extensions><trainlcd:accuracy>15</trainlcd:accuracy></extensions>
</wpt>
<wpt lat="35.5308285" lon="139.6327680">
<time>2026-01-01T00:14:19.000Z</time>
<extensions><trainlcd:accuracy>11</trainlcd:accuracy></extensions>
</wpt>
<wpt lat="35.5309849" lon="139.6328231">
<time>2026-01-01T00:14:20.000Z</time>
<extensions><trainlcd:accuracy>18</trainlcd:accuracy></extensions>
</wpt>
<wpt lat="35.5311413" lon="139.6328782">
<time>2026-01-01T00:14:21.000Z</time>
<extensions><trainlcd:accuracy>11</trainlcd:accuracy></extensions>
</wpt>
<wpt lat="35.5312977" lon="139.6329334">
<time>2026-01-01T00:14:22.000Z</time>
<extensions><trainlcd:accuracy>11</trainlcd:accuracy></extensions>
</wpt>
<wpt lat="35.5314541" lon="139.6329885">
<time>2026-01-01T00:14:23.000Z</time>
<extensions><trainlcd:accuracy>12</trainlcd:accuracy></extensions>
</wpt>
<wpt lat="35.5316105" lon="139.6330436">
<time>2026-01-01T00:14:24.000Z</time>
<extensions><trainlcd:accuracy>12</trainlcd:accuracy></extensions>
</wpt>
<wpt lat="35.5317668" lon="139.6330987">
<time>2026-01-01T00:14:25.000Z</time>
<extensions><trainlcd:accuracy>8</trainlcd:accuracy></extensions>
</wpt>
<wpt lat="35.5319232" lon="139.6331538">
<time>2026-01-01T00:14:26.000Z</time>
<extensions><trainlcd:accuracy>14</trainlcd:accuracy></extensions>
</wpt>
<wpt lat="35.5320796" lon="139.6332090">
<time>2026-01-01T00:14:27.000Z</time>
<extensions><trainlcd:accuracy>13</trainlcd:accuracy></extensions>
</wpt>
<wpt lat="35.5322360" lon="139.6332641">
<time>2026-01-01T00:14:28.000Z</time>
<extensions><trainlcd:accuracy>10</trainlcd:accuracy></extensions>
</wpt>
<wpt lat="35.5323924" lon="139.6333192">
<time>2026-01-01T00:14:29.000Z</time>
<extensions><trainlcd:accuracy>11</trainlcd:accuracy></extensions>
</wpt>
<wpt lat="35.5325488" lon="139.6333743">
<time>2026-01-01T00:14:30.000Z</time>
<extensions><trainlcd:accuracy>12</trainlcd:accuracy></extensions>
</wpt>
<wpt lat="35.5327052" lon="139.6334294">
<time>2026-01-01T00:14:31.000Z</time>
<extensions><trainlcd:accuracy>18</trainlcd:accuracy></extensions>
</wpt>
<wpt lat="35.5328616" lon="139.6334846">
<time>2026-01-01T00:14:32.000Z</time>
<extensions><trainlcd:accuracy>12</trainlcd:accuracy></extensions>
</wpt>
<wpt lat="35.5330180" lon="139.6335397">
<time>2026-01-01T00:14:33.000Z</time>
<extensions><trainlcd:accuracy>12</trainlcd:accuracy></extensions>
</wpt>
<wpt lat="35.5331744" lon="139.6335948">
<time>2026-01-01T00:14:34.000Z</time>
<extensions><trainlcd:accuracy>9</trainlcd:accuracy></extensions>
</wpt>
<wpt lat="35.5333308" lon="139.6336499">
<time>2026-01-01T00:14:35.000Z</time>
<extensions><trainlcd:accuracy>10</trainlcd:accuracy></extensions>
</wpt>
<wpt lat="35.5334872" lon="139.6337050">
<time>2026-01-01T00:14:36.000Z</time>
<extensions><trainlcd:accuracy>16</trainlcd:accuracy></extensions>
</wpt>
<wpt lat="35.5336436" lon="139.6337602">
<time>2026-01-01T00:14:37.000Z</time>
<extensions><trainlcd:accuracy>11</trainlcd:accuracy></extensions>
</wpt>
<wpt lat="35.5337999" lon="139.6338153">
<time>2026-01-01T00:14:38.000Z</time>
<extensions><trainlcd:accuracy>11</trainlcd:accuracy></extensions>
</wpt>
<wpt lat="35.5339563" lon="139.6338704">
<time>2026-01-01T00:14:39.000Z</time>
<extensions><trainlcd:accuracy>15</trainlcd:accuracy></extensions>
</wpt>
<wpt lat="35.5341127" lon="139.6339255">
<time>2026-01-01T00:14:40.000Z</time>
<extensions><trainlcd:accuracy>11</trainlcd:accuracy></extensions>
</wpt>
<wpt lat="35.5342691" lon="139.6339806">
<time>2026-01-01T00:14:41.000Z</time>
<extensions><trainlcd:accuracy>17</trainlcd:accuracy></extensions>
</wpt>
<wpt lat="35.5344255" lon="139.6340358">
<time>2026-01-01T00:14:42.000Z</time>
<extensions><trainlcd:accuracy>17</trainlcd:accuracy></extensions>
</wpt>
<wpt lat="35.5345819" lon="139.6340909">
<time>2026-01-01T00:14:43.000Z</time>
<extensions><trainlcd:accuracy>13</trainlcd:accuracy></extensions>
</wpt>
<wpt lat="35.5347383" lon="139.6341460">
<time>2026-01-01T00:14:44.000Z</time>
<extensions><trainlcd:accuracy>9</trainlcd:accuracy></extensions>
</wpt>
<wpt lat="35.5348947" lon="139.6342011">
<time>2026-01-01T00:14:45.000Z</time>
<extensions><trainlcd:accuracy>13</trainlcd:accuracy></extensions>
</wpt>
<wpt lat="35.5350511" lon="139.6342562">
<time>2026-01-01T00:14:46.000Z</time>
<extensions><trainlcd:accuracy>15</trainlcd:accuracy></extensions>
</wpt>
<wpt lat="35.5352075" lon="139.6343114">
<time>2026-01-01T00:14:47.000Z</time>
<extensions><trainlcd:accuracy>11</trainlcd:accuracy></extensions>
</wpt>
<wpt lat="35.5353639" lon="139.6343665">
<time>2026-01-01T00:14:48.000Z</time>
<extensions><trainlcd:accuracy>11</trainlcd:accuracy></extensions>
</wpt>
<wpt lat="35.5355203" lon="139.6344216">
<time>2026-01-01T00:14:49.000Z</time>
<extensions><trainlcd:accuracy>18</trainlcd:accuracy></extensions>
</wpt>
<wpt lat="35.5356767" lon="139.6344767">
<time>2026-01-01T00:14:50.000Z</time>
<extensions><trainlcd:accuracy>16</trainlcd:accuracy></extensions>
</wpt>
<wpt lat="35.5358331" lon="139.6345318">
<time>2026-01-01T00:14:51.000Z</time>
<extensions><trainlcd:accuracy>12</trainlcd:accuracy></extensions>
</wpt>
<wpt lat="35.5359894" lon="139.6345870">
<time>2026-01-01T00:14:52.000Z</time>
<extensions><trainlcd:accuracy>16</trainlcd:accuracy></extensions>
</wpt>
<wpt lat="35.5361458" lon="139.6346421">
<time>2026-01-01T00:14:53.000Z</time>
<extensions><trainlcd:accuracy>16</trainlcd:accuracy></extensions>
</wpt>
<wpt lat="35.5363022" lon="139.6346972">
<time>2026-01-01T00:14:54.000Z</time>
<extensions><trainlcd:accuracy>13</trainlcd:accuracy></extensions>
</wpt>
<wpt lat="35.5364586" lon="139.6347523">
<time>2026-01-01T00:14:55.000Z</time>
<extensions><trainlcd:accuracy>10</trainlcd:accuracy></extensions>
</wpt>
<wpt lat="35.5366150" lon="139.6348074">
<time>2026-01-01T00:14:56.000Z</time>
<extensions><trainlcd:accuracy>14</trainlcd:accuracy></extensions>
</wpt>
<wpt lat="35.5367714" lon="139.6348626">
<time>2026-01-01T00:14:57.000Z</time>
<extensions><trainlcd:accuracy>18</trainlcd:accuracy></extensions>
</wpt>
<wpt lat="35.5369257" lon="139.6349240">
<time>2026-01-01T00:14:58.000Z</time>
<extensions><trainlcd:accuracy>20</trainlcd:accuracy></extensions>
</wpt>
<wpt lat="35.5370673" lon="139.6350242">
<time>2026-01-01T00:14:59.000Z</time>
<extensions><trainlcd:accuracy>19</trainlcd:accuracy></extensions>
</wpt>
<wpt lat="35.5372089" lon="139.6351245">
<time>2026-01-01T00:15:00.000Z</time>
<extensions><trainlcd:accuracy>12</trainlcd:accuracy></extensions>
</wpt>
<wpt lat="35.5373505" lon="139.6352247">
<time>2026-01-01T00:15:01.000Z</time>
<extensions><trainlcd:accuracy>20</trainlcd:accuracy></extensions>
</wpt>
<wpt lat="35.5374920" lon="139.6353250">
<time>2026-01-01T00:15:02.000Z</time>
<extensions><trainlcd:accuracy>11</trainlcd:accuracy></extensions>
</wpt>
<wpt lat="35.5376336" lon="139.6354252">
<time>2026-01-01T00:15:03.000Z</time>
<extensions><trainlcd:accuracy>15</trainlcd:accuracy></extensions>
</wpt>
<wpt lat="35.5377752" lon="139.6355255">
<time>2026-01-01T00:15:04.000Z</time>
<extensions><trainlcd:accuracy>20</trainlcd:accuracy></extensions>
</wpt>
<wpt lat="35.5379168" lon="139.6356257">
<time>2026-01-01T00:15:05.000Z</time>
<extensions><trainlcd:accuracy>11</trainlcd:accuracy></extensions>
</wpt>
<wpt lat="35.5380583" lon="139.6357260">
<time>2026-01-01T00:15:06.000Z</time>
<extensions><trainlcd:accuracy>13</trainlcd:accuracy></extensions>
</wpt>
<wpt lat="35.5381999" lon="139.6358263">
<time>2026-01-01T00:15:07.000Z</time>
<extensions><trainlcd:accuracy>13</trainlcd:accuracy></extensions>
</wpt>
<wpt lat="35.5383415" lon="139.6359265">
<time>2026-01-01T00:15:08.000Z</time>
<extensions><trainlcd:accuracy>17</trainlcd:accuracy></extensions>
</wpt>
<wpt lat="35.5384831" lon="139.6360268">
<time>2026-01-01T00:15:09.000Z</time>
<extensions><trainlcd:accuracy>10</trainlcd:accuracy></extensions>
</wpt>
<wpt lat="35.5386246" lon="139.6361270">
<time>2026-01-01T00:15:10.000Z</time>
<extensions><trainlcd:accuracy>16</trainlcd:accuracy></extensions>
</wpt>
<wpt lat="35.5387662" lon="139.6362273">
<time>2026-01-01T00:15:11.000Z</time>
<extensions><trainlcd:accuracy>9</trainlcd:accuracy></extensions>
</wpt>
<wpt lat="35.5389078" lon="139.6363275">
<time>2026-01-01T00:15:12.000Z</time>
<extensions><trainlcd:accuracy>9</trainlcd:accuracy></extensions>
</wpt>
<wpt lat="35.5390493" lon="139.6364278">
<time>2026-01-01T00:15:13.000Z</time>
<extensions><trainlcd:accuracy>9</trainlcd:accuracy></extensions>
</wpt>
<wpt lat="35.5391909" lon="139.6365280">
<time>2026-01-01T00:15:14.000Z</time>
<extensions><trainlcd:accuracy>14</trainlcd:accuracy></extensions>
</wpt>
<wpt lat="35.5393325" lon="139.6366283">
<time>2026-01-01T00:15:15.000Z</time>
<extensions><trainlcd:accuracy>18</trainlcd:accuracy></extensions>
</wpt>
<wpt lat="35.5394741" lon="139.6367285">
<time>2026-01-01T00:15:16.000Z</time>
<extensions><trainlcd:accuracy>10</trainlcd:accuracy></extensions>
</wpt>
<wpt lat="35.5396156" lon="139.6368288">
<time>2026-01-01T00:15:17.000Z</time>
<extensions><trainlcd:accuracy>16</trainlcd:accuracy></extensions>
</wpt>
<wpt lat="35.5397572" lon="139.6369290">
<time>2026-01-01T00:15:18.000Z</time>
<extensions><trainlcd:accuracy>12</trainlcd:accuracy></extensions>
</wpt>
<wpt lat="35.5398988" lon="139.6370293">
<time>2026-01-01T00:15:19.000Z</time>
<extensions><trainlcd:accuracy>9</trainlcd:accuracy></extensions>
</wpt>
<wpt lat="35.5400404" lon="139.6371295">
<time>2026-01-01T00:15:20.000Z</time>
<extensions><trainlcd:accuracy>15</trainlcd:accuracy></extensions>
</wpt>
<wpt lat="35.5401819" lon="139.6372298">
<time>2026-01-01T00:15:21.000Z</time>
<extensions><trainlcd:accuracy>16</trainlcd:accuracy></extensions>
</wpt>
<wpt lat="35.5403235" lon="139.6373301">
<time>2026-01-01T00:15:22.000Z</time>
<extensions><trainlcd:accuracy>13</trainlcd:accuracy></extensions>
</wpt>
<wpt lat="35.5404651" lon="139.6374303">
<time>2026-01-01T00:15:23.000Z</time>
<extensions><trainlcd:accuracy>14</trainlcd:accuracy></extensions>
</wpt>
<wpt lat="35.5406067" lon="139.6375306">
<time>2026-01-01T00:15:24.000Z</time>
<extensions><trainlcd:accuracy>10</trainlcd:accuracy></extensions>
</wpt>
<wpt lat="35.5407482" lon="139.6376308">
<time>2026-01-01T00:15:25.000Z</time>
<extensions><trainlcd:accuracy>11</trainlcd:accuracy></extensions>
</wpt>
<wpt lat="35.5408898" lon="139.6377311">
<time>2026-01-01T00:15:26.000Z</time>
<extensions><trainlcd:accuracy>9</trainlcd:accuracy></extensions>
</wpt>
<wpt lat="35.5410314" lon="139.6378313">
<time>2026-01-01T00:15:27.000Z</time>
<extensions><trainlcd:accuracy>14</trainlcd:accuracy></extensions>
</wpt>
<wpt lat="35.5411730" lon="139.6379316">
<time>2026-01-01T00:15:28.000Z</time>
<extensions><trainlcd:accuracy>12</trainlcd:accuracy></extensions>
</wpt>
<wpt lat="35.5413145" lon="139.6380318">
<time>2026-01-01T00:15:29.000Z</time>
<extensions><trainlcd:accuracy>12</trainlcd:accuracy></extensions>
</wpt>
<wpt lat="35.5414561" lon="139.6381321">
<time>2026-01-01T00:15:30.000Z</time>
<extensions><trainlcd:accuracy>10</trainlcd:accuracy></extensions>
</wpt>
<wpt lat="35.5415977" lon="139.6382323">
<time>2026-01-01T00:15:31.000Z</time>
<extensions><trainlcd:accuracy>10</trainlcd:accuracy></extensions>
</wpt>
<wpt lat="35.5417393" lon="139.6383326">
<time>2026-01-01T00:15:32.000Z</time>
<extensions><trainlcd:accuracy>18</trainlcd:accuracy></extensions>
</wpt>
<wpt lat="35.5418808" lon="139.6384328">
<time>2026-01-01T00:15:33.000Z</time>
<extensions><trainlcd:accuracy>16</trainlcd:accuracy></extensions>
</wpt>
<wpt lat="35.5420224" lon="139.6385331">
<time>2026-01-01T00:15:34.000Z</time>
<extensions><trainlcd:accuracy>12</trainlcd:accuracy></extensions>
</wpt>
<wpt lat="35.5421640" lon="139.6386333">
<time>2026-01-01T00:15:35.000Z</time>
<extensions><trainlcd:accuracy>20</trainlcd:accuracy></extensions>
</wpt>
<wpt lat="35.5423055" lon="139.6387336">
<time>2026-01-01T00:15:36.000Z</time>
<extensions><trainlcd:accuracy>10</trainlcd:accuracy></extensions>
</wpt>
<wpt lat="35.5424471" lon="139.6388338">
<time>2026-01-01T00:15:37.000Z</time>
<extensions><trainlcd:accuracy>18</trainlcd:accuracy></extensions>
</wpt>
<wpt lat="35.5425887" lon="139.6389341">
<time>2026-01-01T00:15:38.000Z</time>
<extensions><trainlcd:accuracy>8</trainlcd:accuracy></extensions>
</wpt>
<wpt lat="35.5427303" lon="139.6390344">
<time>2026-01-01T00:15:39.000Z</time>
<extensions><trainlcd:accuracy>19</trainlcd:accuracy></extensions>
</wpt>
<wpt lat="35.5428718" lon="139.6391346">
<time>2026-01-01T00:15:40.000Z</time>
<extensions><trainlcd:accuracy>18</trainlcd:accuracy></extensions>
</wpt>
<wpt lat="35.5430134" lon="139.6392349">
<time>2026-01-01T00:15:41.000Z</time>
<extensions><trainlcd:accuracy>10</trainlcd:accuracy></extensions>
</wpt>
<wpt lat="35.5431550" lon="139.6393351">
<time>2026-01-01T00:15:42.000Z</time>
<extensions><trainlcd:accuracy>10</trainlcd:accuracy></extensions>
</wpt>
<wpt lat="35.5432966" lon="139.6394354">
<time>2026-01-01T00:15:43.000Z</time>
<extensions><trainlcd:accuracy>12</trainlcd:accuracy></extensions>
</wpt>
<wpt lat="35.5434381" lon="139.6395356">
<time>2026-01-01T00:15:44.000Z</time>
<extensions><trainlcd:accuracy>8</trainlcd:accuracy></extensions>
</wpt>
<wpt lat="35.5435797" lon="139.6396359">
<time>2026-01-01T00:15:45.000Z</time>
<extensions><trainlcd:accuracy>13</trainlcd:accuracy></extensions>
</wpt>
<wpt lat="35.5437213" lon="139.6397361">
<time>2026-01-01T00:15:46.000Z</time>
<extensions><trainlcd:accuracy>19</trainlcd:accuracy></extensions>
</wpt>
<wpt lat="35.5438629" lon="139.6398364">
<time>2026-01-01T00:15:47.000Z</time>
<extensions><trainlcd:accuracy>18</trainlcd:accuracy></extensions>
</wpt>
<wpt lat="35.5440044" lon="139.6399366">
<time>2026-01-01T00:15:48.000Z</time>
<extensions><trainlcd:accuracy>15</trainlcd:accuracy></extensions>
</wpt>
<wpt lat="35.5441460" lon="139.6400369">
<time>2026-01-01T00:15:49.000Z</time>
<extensions><trainlcd:accuracy>15</trainlcd:accuracy></extensions>
</wpt>
<wpt lat="35.5442876" lon="139.6401371">
<time>2026-01-01T00:15:50.000Z</time>
<extensions><trainlcd:accuracy>11</trainlcd:accuracy></extensions>
</wpt>
<wpt lat="35.5444292" lon="139.6402374">
<time>2026-01-01T00:15:51.000Z</time>
<extensions><trainlcd:accuracy>15</trainlcd:accuracy></extensions>
</wpt>
<wpt lat="35.5445707" lon="139.6403376">
<time>2026-01-01T00:15:52.000Z</time>
<extensions><trainlcd:accuracy>14</trainlcd:accuracy></extensions>
</wpt>
<wpt lat="35.5447123" lon="139.6404379">
<time>2026-01-01T00:15:53.000Z</time>
<extensions><trainlcd:accuracy>12</trainlcd:accuracy></extensions>
</wpt>
<wpt lat="35.5448539" lon="139.6405382">
<time>2026-01-01T00:15:54.000Z</time>
<extensions><trainlcd:accuracy>10</trainlcd:accuracy></extensions>
</wpt>
<wpt lat="35.5449955" lon="139.6406384">
<time>2026-01-01T00:15:55.000Z</time>
<extensions><trainlcd:accuracy>15</trainlcd:accuracy></extensions>
</wpt>
<wpt lat="35.5451370" lon="139.6407387">
<time>2026-01-01T00:15:56.000Z</time>
<extensions><trainlcd:accuracy>18</trainlcd:accuracy></extensions>
</wpt>
<wpt lat="35.5452786" lon="139.6408389">
<time>2026-01-01T00:15:57.000Z</time>
<extensions><trainlcd:accuracy>19</trainlcd:accuracy></extensions>
</wpt>
<wpt lat="35.5454202" lon="139.6409392">
<time>2026-01-01T00:15:58.000Z</time>
<extensions><trainlcd:accuracy>13</trainlcd:accuracy></extensions>
</wpt>
<wpt lat="35.5455618" lon="139.6410394">
<time>2026-01-01T00:15:59.000Z</time>
<extensions><trainlcd:accuracy>9</trainlcd:accuracy></extensions>
</wpt>
<wpt lat="35.5457033" lon="139.6411397">
<time>2026-01-01T00:16:00.000Z</time>
<extensions><trainlcd:accuracy>19</trainlcd:accuracy></extensions>
</wpt>
<wpt lat="35.5458449" lon="139.6412399">
<time>2026-01-01T00:16:01.000Z</time>
<extensions><trainlcd:accuracy>10</trainlcd:accuracy></extensions>
</wpt>
<wpt lat="35.5459865" lon="139.6413402">
<time>2026-01-01T00:16:02.000Z</time>
<extensions><trainlcd:accuracy>19</trainlcd:accuracy></extensions>
</wpt>
<wpt lat="35.5461280" lon="139.6414404">
<time>2026-01-01T00:16:03.000Z</time>
<extensions><trainlcd:accuracy>18</trainlcd:accuracy></extensions>
</wpt>
<wpt lat="35.5462696" lon="139.6415407">
<time>2026-01-01T00:16:04.000Z</time>
<extensions><trainlcd:accuracy>10</trainlcd:accuracy></extensions>
</wpt>
<wpt lat="35.5464112" lon="139.6416409">
<time>2026-01-01T00:16:05.000Z</time>
<extensions><trainlcd:accuracy>15</trainlcd:accuracy></extensions>
</wpt>
<wpt lat="35.5465528" lon="139.6417412">
<time>2026-01-01T00:16:06.000Z</time>
<extensions><trainlcd:accuracy>10</trainlcd:accuracy></extensions>
</wpt>
<wpt lat="35.5466943" lon="139.6418414">
<time>2026-01-01T00:16:07.000Z</time>
<extensions><trainlcd:accuracy>11</trainlcd:accuracy></extensions>
</wpt>
<wpt lat="35.5468359" lon="139.6419417">
<time>2026-01-01T00:16:08.000Z</time>
<extensions><trainlcd:accuracy>9</trainlcd:accuracy></extensions>
</wpt>
<wpt lat="35.5469775" lon="139.6420419">
<time>2026-01-01T00:16:09.000Z</time>
<extensions><trainlcd:accuracy>12</trainlcd:accuracy></extensions>
</wpt>
<wpt lat="35.5471191" lon="139.6421422">
<time>2026-01-01T00:16:10.000Z</time>
<extensions><trainlcd:accuracy>17</trainlcd:accuracy></extensions>
</wpt>
<wpt lat="35.5472606" lon="139.6422425">
<time>2026-01-01T00:16:11.000Z</time>
<extensions><trainlcd:accuracy>20</trainlcd:accuracy></extensions>
</wpt>
<wpt lat="35.5474022" lon="139.6423427">
<time>2026-01-01T00:16:12.000Z</time>
<extensions><trainlcd:accuracy>17</trainlcd:accuracy></extensions>
</wpt>
<wpt lat="35.5475438" lon="139.6424430">
<time>2026-01-01T00:16:13.000Z</time>
<extensions><trainlcd:accuracy>10</trainlcd:accuracy></extensions>
</wpt>
<wpt lat="35.5476854" lon="139.6425432">
<time>2026-01-01T00:16:14.000Z</time>
<extensions><trainlcd:accuracy>11</trainlcd:accuracy></extensions>
</wpt>
<wpt lat="35.5478269" lon="139.6426435">
<time>2026-01-01T00:16:15.000Z</time>
<extensions><trainlcd:accuracy>8</trainlcd:accuracy></extensions>
</wpt>
<wpt lat="35.5479685" lon="139.6427437">
<time>2026-01-01T00:16:16.000Z</time>
<extensions><trainlcd:accuracy>20</trainlcd:accuracy></extensions>
</wpt>
<wpt lat="35.5481101" lon="139.6428440">
<time>2026-01-01T00:16:17.000Z</time>
<extensions><trainlcd:accuracy>14</trainlcd:accuracy></extensions>
</wpt>
<wpt lat="35.5482517" lon="139.6429442">
<time>2026-01-01T00:16:18.000Z</time>
<extensions><trainlcd:accuracy>18</trainlcd:accuracy></extensions>
</wpt>
<wpt lat="35.5483932" lon="139.6430445">
<time>2026-01-01T00:16:19.000Z</time>
<extensions><trainlcd:accuracy>9</trainlcd:accuracy></extensions>
</wpt>
<wpt lat="35.5485348" lon="139.6431447">
<time>2026-01-01T00:16:20.000Z</time>
<extensions><trainlcd:accuracy>10</trainlcd:accuracy></extensions>
</wpt>
<wpt lat="35.5486764" lon="139.6432450">
<time>2026-01-01T00:16:21.000Z</time>
<extensions><trainlcd:accuracy>15</trainlcd:accuracy></extensions>
</wpt>
<wpt lat="35.5488180" lon="139.6433452">
<time>2026-01-01T00:16:22.000Z</time>
<extensions><trainlcd:accuracy>13</trainlcd:accuracy></extensions>
</wpt>
<wpt lat="35.5489595" lon="139.6434455">
<time>2026-01-01T00:16:23.000Z</time>
<extensions><trainlcd:accuracy>18</trainlcd:accuracy></extensions>
</wpt>
<wpt lat="35.5491011" lon="139.6435457">
<time>2026-01-01T00:16:24.000Z</time>
<extensions><trainlcd:accuracy>14</trainlcd:accuracy></extensions>
</wpt>
<wpt lat="35.5492427" lon="139.6436460">
<time>2026-01-01T00:16:25.000Z</time>
<extensions><trainlcd:accuracy>11</trainlcd:accuracy></extensions>
</wpt>
<wpt lat="35.5493843" lon="139.6437463">
<time>2026-01-01T00:16:26.000Z</time>
<extensions><trainlcd:accuracy>19</trainlcd:accuracy></extensions>
</wpt>
<wpt lat="35.5495258" lon="139.6438465">
<time>2026-01-01T00:16:27.000Z</time>
<extensions><trainlcd:accuracy>10</trainlcd:accuracy></extensions>
</wpt>
<wpt lat="35.5496674" lon="139.6439468">
<time>2026-01-01T00:16:28.000Z</time>
<extensions><trainlcd:accuracy>13</trainlcd:accuracy></extensions>
</wpt>
<wpt lat="35.5498090" lon="139.6440470">
<time>2026-01-01T00:16:29.000Z</time>
<extensions><trainlcd:accuracy>18</trainlcd:accuracy></extensions>
</wpt>
<wpt lat="35.5499505" lon="139.6441473">
<time>2026-01-01T00:16:30.000Z</time>
<extensions><trainlcd:accuracy>16</trainlcd:accuracy></extensions>
</wpt>
<wpt lat="35.5500921" lon="139.6442475">
<time>2026-01-01T00:16:31.000Z</time>
<extensions><trainlcd:accuracy>19</trainlcd:accuracy></extensions>
</wpt>
<wpt lat="35.5502337" lon="139.6443478">
<time>2026-01-01T00:16:32.000Z</time>
<extensions><trainlcd:accuracy>16</trainlcd:accuracy></extensions>
</wpt>
<wpt lat="35.5503753" lon="139.6444480">
<time>2026-01-01T00:16:33.000Z</time>
<extensions><trainlcd:accuracy>16</trainlcd:accuracy></extensions>
</wpt>
<wpt lat="35.5505168" lon="139.6445483">
<time>2026-01-01T00:16:34.000Z</time>
<extensions><trainlcd:accuracy>12</trainlcd:accuracy></extensions>
</wpt>
<wpt lat="35.5506584" lon="139.6446485">
<time>2026-01-01T00:16:35.000Z</time>
<extensions><trainlcd:accuracy>17</trainlcd:accuracy></extensions>
</wpt>
<wpt lat="35.5508000" lon="139.6447488">
<time>2026-01-01T00:16:36.000Z</time>
<extensions><trainlcd:accuracy>11</trainlcd:accuracy></extensions>
</wpt>
<wpt lat="35.5509416" lon="139.6448490">
<time>2026-01-01T00:16:37.000Z</time>
<extensions><trainlcd:accuracy>20</trainlcd:accuracy></extensions>
</wpt>
<wpt lat="35.5510831" lon="139.6449493">
<time>2026-01-01T00:16:38.000Z</time>
<extensions><trainlcd:accuracy>19</trainlcd:accuracy></extensions>
</wpt>
<wpt lat="35.5512247" lon="139.6450495">
<time>2026-01-01T00:16:39.000Z</time>
<extensions><trainlcd:accuracy>11</trainlcd:accuracy></extensions>
</wpt>
<wpt lat="35.5513663" lon="139.6451498">
<time>2026-01-01T00:16:40.000Z</time>
<extensions><trainlcd:accuracy>16</trainlcd:accuracy></extensions>
</wpt>
<wpt lat="35.5515079" lon="139.6452501">
<time>2026-01-01T00:16:41.000Z</time>
<extensions><trainlcd:accuracy>9</trainlcd:accuracy></extensions>
</wpt>
<wpt lat="35.5516494" lon="139.6453503">
<time>2026-01-01T00:16:42.000Z</time>
<extensions><trainlcd:accuracy>12</trainlcd:accuracy></extensions>
</wpt>
<wpt lat="35.5517910" lon="139.6454506">
<time>2026-01-01T00:16:43.000Z</time>
<extensions><trainlcd:accuracy>19</trainlcd:accuracy></extensions>
</wpt>
<wpt lat="35.5519326" lon="139.6455508">
<time>2026-01-01T00:16:44.000Z</time>
<extensions><trainlcd:accuracy>11</trainlcd:accuracy></extensions>
</wpt>
<wpt lat="35.5520742" lon="139.6456511">
<time>2026-01-01T00:16:45.000Z</time>
<extensions><trainlcd:accuracy>13</trainlcd:accuracy></extensions>
</wpt>
<wpt lat="35.5522157" lon="139.6457513">
<time>2026-01-01T00:16:46.000Z</time>
<extensions><trainlcd:accuracy>14</trainlcd:accuracy></extensions>
</wpt>
<wpt lat="35.5523573" lon="139.6458516">
<time>2026-01-01T00:16:47.000Z</time>
<extensions><trainlcd:accuracy>17</trainlcd:accuracy></extensions>
</wpt>
<wpt lat="35.5524989" lon="139.6459518">
<time>2026-01-01T00:16:48.000Z</time>
<extensions><trainlcd:accuracy>9</trainlcd:accuracy></extensions>
</wpt>
<wpt lat="35.5526405" lon="139.6460521">
<time>2026-01-01T00:16:49.000Z</time>
<extensions><trainlcd:accuracy>18</trainlcd:accuracy></extensions>
</wpt>
<wpt lat="35.5527820" lon="139.6461523">
<time>2026-01-01T00:16:50.000Z</time>
<extensions><trainlcd:accuracy>10</trainlcd:accuracy></extensions>
</wpt>
<wpt lat="35.5529236" lon="139.6462526">
<time>2026-01-01T00:16:51.000Z</time>
<extensions><trainlcd:accuracy>10</trainlcd:accuracy></extensions>
</wpt>
<wpt lat="35.5530652" lon="139.6463528">
<time>2026-01-01T00:16:52.000Z</time>
<extensions><trainlcd:accuracy>12</trainlcd:accuracy></extensions>
</wpt>
<wpt lat="35.5532068" lon="139.6464531">
<time>2026-01-01T00:16:53.000Z</time>
<extensions><trainlcd:accuracy>8</trainlcd:accuracy></extensions>
</wpt>
<wpt lat="35.5533483" lon="139.6465533">
<time>2026-01-01T00:16:54.000Z</time>
<extensions><trainlcd:accuracy>15</trainlcd:accuracy></extensions>
</wpt>
<wpt lat="35.5534899" lon="139.6466536">
<time>2026-01-01T00:16:55.000Z</time>
<extensions><trainlcd:accuracy>17</trainlcd:accuracy></extensions>
</wpt>
<wpt lat="35.5536315" lon="139.6467538">
<time>2026-01-01T00:16:56.000Z</time>
<extensions><trainlcd:accuracy>14</trainlcd:accuracy></extensions>
</wpt>
<wpt lat="35.5537730" lon="139.6468541">
<time>2026-01-01T00:16:57.000Z</time>
<extensions><trainlcd:accuracy>10</trainlcd:accuracy></extensions>
</wpt>
<wpt lat="35.5539148" lon="139.6469537">
<time>2026-01-01T00:16:58.000Z</time>
<extensions><trainlcd:accuracy>16</trainlcd:accuracy></extensions>
</wpt>
<wpt lat="35.5540584" lon="139.6470477">
<time>2026-01-01T00:16:59.000Z</time>
<extensions><trainlcd:accuracy>15</trainlcd:accuracy></extensions>
</wpt>
<wpt lat="35.5542021" lon="139.6471418">
<time>2026-01-01T00:17:00.000Z</time>
<extensions><trainlcd:accuracy>13</trainlcd:accuracy></extensions>
</wpt>
<wpt lat="35.5543457" lon="139.6472358">
<time>2026-01-01T00:17:01.000Z</time>
<extensions><trainlcd:accuracy>17</trainlcd:accuracy></extensions>
</wpt>
<wpt lat="35.5544893" lon="139.6473298">
<time>2026-01-01T00:17:02.000Z</time>
<extensions><trainlcd:accuracy>13</trainlcd:accuracy></extensions>
</wpt>
<wpt lat="35.5546329" lon="139.6474238">
<time>2026-01-01T00:17:03.000Z</time>
<extensions><trainlcd:accuracy>19</trainlcd:accuracy></extensions>
</wpt>
<wpt lat="35.5547765" lon="139.6475178">
<time>2026-01-01T00:17:04.000Z</time>
<extensions><trainlcd:accuracy>19</trainlcd:accuracy></extensions>
</wpt>
<wpt lat="35.5549201" lon="139.6476119">
<time>2026-01-01T00:17:05.000Z</time>
<extensions><trainlcd:accuracy>18</trainlcd:accuracy></extensions>
</wpt>
<wpt lat="35.5550638" lon="139.6477059">
<time>2026-01-01T00:17:06.000Z</time>
<extensions><trainlcd:accuracy>18</trainlcd:accuracy></extensions>
</wpt>
<wpt lat="35.5552074" lon="139.6477999">
<time>2026-01-01T00:17:07.000Z</time>
<extensions><trainlcd:accuracy>19</trainlcd:accuracy></extensions>
</wpt>
<wpt lat="35.5553510" lon="139.6478939">
<time>2026-01-01T00:17:08.000Z</time>
<extensions><trainlcd:accuracy>12</trainlcd:accuracy></extensions>
</wpt>
<wpt lat="35.5554946" lon="139.6479880">
<time>2026-01-01T00:17:09.000Z</time>
<extensions><trainlcd:accuracy>18</trainlcd:accuracy></extensions>
</wpt>
<wpt lat="35.5556382" lon="139.6480820">
<time>2026-01-01T00:17:10.000Z</time>
<extensions><trainlcd:accuracy>12</trainlcd:accuracy></extensions>
</wpt>
<wpt lat="35.5557818" lon="139.6481760">
<time>2026-01-01T00:17:11.000Z</time>
<extensions><trainlcd:accuracy>9</trainlcd:accuracy></extensions>
</wpt>
<wpt lat="35.5559254" lon="139.6482700">
<time>2026-01-01T00:17:12.000Z</time>
<extensions><trainlcd:accuracy>14</trainlcd:accuracy></extensions>
</wpt>
<wpt lat="35.5560691" lon="139.6483641">
<time>2026-01-01T00:17:13.000Z</time>
<extensions><trainlcd:accuracy>14</trainlcd:accuracy></extensions>
</wpt>
<wpt lat="35.5562127" lon="139.6484581">
<time>2026-01-01T00:17:14.000Z</time>
<extensions><trainlcd:accuracy>15</trainlcd:accuracy></extensions>
</wpt>
<wpt lat="35.5563563" lon="139.6485521">
<time>2026-01-01T00:17:15.000Z</time>
<extensions><trainlcd:accuracy>15</trainlcd:accuracy></extensions>
</wpt>
<wpt lat="35.5564999" lon="139.6486461">
<time>2026-01-01T00:17:16.000Z</time>
<extensions><trainlcd:accuracy>10</trainlcd:accuracy></extensions>
</wpt>
<wpt lat="35.5566435" lon="139.6487401">
<time>2026-01-01T00:17:17.000Z</time>
<extensions><trainlcd:accuracy>14</trainlcd:accuracy></extensions>
</wpt>
<wpt lat="35.5567871" lon="139.6488342">
<time>2026-01-01T00:17:18.000Z</time>
<extensions><trainlcd:accuracy>15</trainlcd:accuracy></extensions>
</wpt>
<wpt lat="35.5569308" lon="139.6489282">
<time>2026-01-01T00:17:19.000Z</time>
<extensions><trainlcd:accuracy>11</trainlcd:accuracy></extensions>
</wpt>
<wpt lat="35.5570744" lon="139.6490222">
<time>2026-01-01T00:17:20.000Z</time>
<extensions><trainlcd:accuracy>17</trainlcd:accuracy></extensions>
</wpt>
<wpt lat="35.5572180" lon="139.6491162">
<time>2026-01-01T00:17:21.000Z</time>
<extensions><trainlcd:accuracy>13</trainlcd:accuracy></extensions>
</wpt>
<wpt lat="35.5573616" lon="139.6492103">
<time>2026-01-01T00:17:22.000Z</time>
<extensions><trainlcd:accuracy>13</trainlcd:accuracy></extensions>
</wpt>
<wpt lat="35.5575052" lon="139.6493043">
<time>2026-01-01T00:17:23.000Z</time>
<extensions><trainlcd:accuracy>8</trainlcd:accuracy></extensions>
</wpt>
<wpt lat="35.5576488" lon="139.6493983">
<time>2026-01-01T00:17:24.000Z</time>
<extensions><trainlcd:accuracy>19</trainlcd:accuracy></extensions>
</wpt>
<wpt lat="35.5577924" lon="139.6494923">
<time>2026-01-01T00:17:25.000Z</time>
<extensions><trainlcd:accuracy>11</trainlcd:accuracy></extensions>
</wpt>
<wpt lat="35.5579361" lon="139.6495864">
<time>2026-01-01T00:17:26.000Z</time>
<extensions><trainlcd:accuracy>19</trainlcd:accuracy></extensions>
</wpt>
<wpt lat="35.5580797" lon="139.6496804">
<time>2026-01-01T00:17:27.000Z</time>
<extensions><trainlcd:accuracy>14</trainlcd:accuracy></extensions>
</wpt>
<wpt lat="35.5582233" lon="139.6497744">
<time>2026-01-01T00:17:28.000Z</time>
<extensions><trainlcd:accuracy>10</trainlcd:accuracy></extensions>
</wpt>
<wpt lat="35.5583669" lon="139.6498684">
<time>2026-01-01T00:17:29.000Z</time>
<extensions><trainlcd:accuracy>16</trainlcd:accuracy></extensions>
</wpt>
<wpt lat="35.5585105" lon="139.6499624">
<time>2026-01-01T00:17:30.000Z</time>
<extensions><trainlcd:accuracy>11</trainlcd:accuracy></extensions>
</wpt>
<wpt lat="35.5586541" lon="139.6500565">
<time>2026-01-01T00:17:31.000Z</time>
<extensions><trainlcd:accuracy>8</trainlcd:accuracy></extensions>
</wpt>
<wpt lat="35.5587978" lon="139.6501505">
<time>2026-01-01T00:17:32.000Z</time>
<extensions><trainlcd:accuracy>12</trainlcd:accuracy></extensions>
</wpt>
<wpt lat="35.5589414" lon="139.6502445">
<time>2026-01-01T00:17:33.000Z</time>
<extensions><trainlcd:accuracy>17</trainlcd:accuracy></extensions>
</wpt>
<wpt lat="35.5590850" lon="139.6503385">
<time>2026-01-01T00:17:34.000Z</time>
<extensions><trainlcd:accuracy>20</trainlcd:accuracy></extensions>
</wpt>
<wpt lat="35.5592286" lon="139.6504326">
<time>2026-01-01T00:17:35.000Z</time>
<extensions><trainlcd:accuracy>9</trainlcd:accuracy></extensions>
</wpt>
<wpt lat="35.5593722" lon="139.6505266">
<time>2026-01-01T00:17:36.000Z</time>
<extensions><trainlcd:accuracy>13</trainlcd:accuracy></extensions>
</wpt>
<wpt lat="35.5595158" lon="139.6506206">
<time>2026-01-01T00:17:37.000Z</time>
<extensions><trainlcd:accuracy>11</trainlcd:accuracy></extensions>
</wpt>
<wpt lat="35.5596594" lon="139.6507146">
<time>2026-01-01T00:17:38.000Z</time>
<extensions><trainlcd:accuracy>12</trainlcd:accuracy></extensions>
</wpt>
<wpt lat="35.5598031" lon="139.6508087">
<time>2026-01-01T00:17:39.000Z</time>
<extensions><trainlcd:accuracy>17</trainlcd:accuracy></extensions>
</wpt>
<wpt lat="35.5599467" lon="139.6509027">
<time>2026-01-01T00:17:40.000Z</time>
<extensions><trainlcd:accuracy>12</trainlcd:accuracy></extensions>
</wpt>
<wpt lat="35.5600903" lon="139.6509967">
<time>2026-01-01T00:17:41.000Z</time>
<extensions><trainlcd:accuracy>10</trainlcd:accuracy></extensions>
</wpt>
<wpt lat="35.5602339" lon="139.6510907">
<time>2026-01-01T00:17:42.000Z</time>
<extensions><trainlcd:accuracy>16</trainlcd:accuracy></extensions>
</wpt>
<wpt lat="35.5603775" lon="139.6511847">
<time>2026-01-01T00:17:43.000Z</time>
<extensions><trainlcd:accuracy>16</trainlcd:accuracy></extensions>
</wpt>
<wpt lat="35.5605211" lon="139.6512788">
<time>2026-01-01T00:17:44.000Z</time>
<extensions><trainlcd:accuracy>8</trainlcd:accuracy></extensions>
</wpt>
<wpt lat="35.5606647" lon="139.6513728">
<time>2026-01-01T00:17:45.000Z</time>
<extensions><trainlcd:accuracy>10</trainlcd:accuracy></extensions>
</wpt>
<wpt lat="35.5608084" lon="139.6514668">
<time>2026-01-01T00:17:46.000Z</time>
<extensions><trainlcd:accuracy>17</trainlcd:accuracy></extensions>
</wpt>
<wpt lat="35.5609520" lon="139.6515608">
<time>2026-01-01T00:17:47.000Z</time>
<extensions><trainlcd:accuracy>18</trainlcd:accuracy></extensions>
</wpt>
<wpt lat="35.5610956" lon="139.6516549">
<time>2026-01-01T00:17:48.000Z</time>
<extensions><trainlcd:accuracy>12</trainlcd:accuracy></extensions>
</wpt>
<wpt lat="35.5612392" lon="139.6517489">
<time>2026-01-01T00:17:49.000Z</time>
<extensions><trainlcd:accuracy>14</trainlcd:accuracy></extensions>
</wpt>
<wpt lat="35.5613828" lon="139.6518429">
<time>2026-01-01T00:17:50.000Z</time>
<extensions><trainlcd:accuracy>12</trainlcd:accuracy></extensions>
</wpt>
<wpt lat="35.5615264" lon="139.6519369">
<time>2026-01-01T00:17:51.000Z</time>
<extensions><trainlcd:accuracy>12</trainlcd:accuracy></extensions>
</wpt>
<wpt lat="35.5616701" lon="139.6520310">
<time>2026-01-01T00:17:52.000Z</time>
<extensions><trainlcd:accuracy>14</trainlcd:accuracy></extensions>
</wpt>
<wpt lat="35.5618137" lon="139.6521250">
<time>2026-01-01T00:17:53.000Z</time>
<extensions><trainlcd:accuracy>20</trainlcd:accuracy></extensions>
</wpt>
<wpt lat="35.5619573" lon="139.6522190">
<time>2026-01-01T00:17:54.000Z</time>
<extensions><trainlcd:accuracy>11</trainlcd:accuracy></extensions>
</wpt>
<wpt lat="35.5621009" lon="139.6523130">
<time>2026-01-01T00:17:55.000Z</time>
<extensions><trainlcd:accuracy>20</trainlcd:accuracy></extensions>
</wpt>
<wpt lat="35.5622445" lon="139.6524070">
<time>2026-01-01T00:17:56.000Z</time>
<extensions><trainlcd:accuracy>11</trainlcd:accuracy></extensions>
</wpt>
<wpt lat="35.5623881" lon="139.6525011">
<time>2026-01-01T00:17:57.000Z</time>
<extensions><trainlcd:accuracy>13</trainlcd:accuracy></extensions>
</wpt>
<wpt lat="35.5625317" lon="139.6525951">
<time>2026-01-01T00:17:58.000Z</time>
<extensions><trainlcd:accuracy>12</trainlcd:accuracy></extensions>
</wpt>
<wpt lat="35.5626754" lon="139.6526891">
<time>2026-01-01T00:17:59.000Z</time>
<extensions><trainlcd:accuracy>19</trainlcd:accuracy></extensions>
</wpt>
<wpt lat="35.5628190" lon="139.6527831">
<time>2026-01-01T00:18:00.000Z</time>
<extensions><trainlcd:accuracy>20</trainlcd:accuracy></extensions>
</wpt>
<wpt lat="35.5629626" lon="139.6528772">
<time>2026-01-01T00:18:01.000Z</time>
<extensions><trainlcd:accuracy>19</trainlcd:accuracy></extensions>
</wpt>
<wpt lat="35.5631062" lon="139.6529712">
<time>2026-01-01T00:18:02.000Z</time>
<extensions><trainlcd:accuracy>10</trainlcd:accuracy></extensions>
</wpt>
<wpt lat="35.5632498" lon="139.6530652">
<time>2026-01-01T00:18:03.000Z</time>
<extensions><trainlcd:accuracy>10</trainlcd:accuracy></extensions>
</wpt>
<wpt lat="35.5633934" lon="139.6531592">
<time>2026-01-01T00:18:04.000Z</time>
<extensions><trainlcd:accuracy>16</trainlcd:accuracy></extensions>
</wpt>
<wpt lat="35.5635371" lon="139.6532533">
<time>2026-01-01T00:18:05.000Z</time>
<extensions><trainlcd:accuracy>11</trainlcd:accuracy></extensions>
</wpt>
<wpt lat="35.5636807" lon="139.6533473">
<time>2026-01-01T00:18:06.000Z</time>
<extensions><trainlcd:accuracy>19</trainlcd:accuracy></extensions>
</wpt>
<wpt lat="35.5638243" lon="139.6534413">
<time>2026-01-01T00:18:07.000Z</time>
<extensions><trainlcd:accuracy>13</trainlcd:accuracy></extensions>
</wpt>
<wpt lat="35.5639679" lon="139.6535353">
<time>2026-01-01T00:18:08.000Z</time>
<extensions><trainlcd:accuracy>10</trainlcd:accuracy></extensions>
</wpt>
<wpt lat="35.5641115" lon="139.6536293">
<time>2026-01-01T00:18:09.000Z</time>
<extensions><trainlcd:accuracy>10</trainlcd:accuracy></extensions>
</wpt>
<wpt lat="35.5642551" lon="139.6537234">
<time>2026-01-01T00:18:10.000Z</time>
<extensions><trainlcd:accuracy>19</trainlcd:accuracy></extensions>
</wpt>
<wpt lat="35.5643987" lon="139.6538174">
<time>2026-01-01T00:18:11.000Z</time>
<extensions><trainlcd:accuracy>19</trainlcd:accuracy></extensions>
</wpt>
<wpt lat="35.5645424" lon="139.6539114">
<time>2026-01-01T00:18:12.000Z</time>
<extensions><trainlcd:accuracy>13</trainlcd:accuracy></extensions>
</wpt>
<wpt lat="35.5646860" lon="139.6540054">
<time>2026-01-01T00:18:13.000Z</time>
<extensions><trainlcd:accuracy>19</trainlcd:accuracy></extensions>
</wpt>
<wpt lat="35.5648296" lon="139.6540995">
<time>2026-01-01T00:18:14.000Z</time>
<extensions><trainlcd:accuracy>18</trainlcd:accuracy></extensions>
</wpt>
<wpt lat="35.5649732" lon="139.6541935">
<time>2026-01-01T00:18:15.000Z</time>
<extensions><trainlcd:accuracy>11</trainlcd:accuracy></extensions>
</wpt>
<wpt lat="35.5651168" lon="139.6542875">
<time>2026-01-01T00:18:16.000Z</time>
<extensions><trainlcd:accuracy>9</trainlcd:accuracy></extensions>
</wpt>
<wpt lat="35.5652604" lon="139.6543815">
<time>2026-01-01T00:18:17.000Z</time>
<extensions><trainlcd:accuracy>18</trainlcd:accuracy></extensions>
</wpt>
<wpt lat="35.5654041" lon="139.6544756">
<time>2026-01-01T00:18:18.000Z</time>
<extensions><trainlcd:accuracy>10</trainlcd:accuracy></extensions>
</wpt>
<wpt lat="35.5655477" lon="139.6545696">
<time>2026-01-01T00:18:19.000Z</time>
<extensions><trainlcd:accuracy>10</trainlcd:accuracy></extensions>
</wpt>
<wpt lat="35.5656913" lon="139.6546636">
<time>2026-01-01T00:18:20.000Z</time>
<extensions><trainlcd:accuracy>11</trainlcd:accuracy></extensions>
</wpt>
<wpt lat="35.5658439" lon="139.6547403">
<time>2026-01-01T00:18:21.000Z</time>
<extensions><trainlcd:accuracy>16</trainlcd:accuracy></extensions>
</wpt>
<wpt lat="35.5659970" lon="139.6548162">
<time>2026-01-01T00:18:22.000Z</time>
<extensions><trainlcd:accuracy>14</trainlcd:accuracy></extensions>
</wpt>
<wpt lat="35.5661500" lon="139.6548921">
<time>2026-01-01T00:18:23.000Z</time>
<extensions><trainlcd:accuracy>16</trainlcd:accuracy></extensions>
</wpt>
<wpt lat="35.5663031" lon="139.6549679">
<time>2026-01-01T00:18:24.000Z</time>
<extensions><trainlcd:accuracy>9</trainlcd:accuracy></extensions>
</wpt>
<wpt lat="35.5664561" lon="139.6550438">
<time>2026-01-01T00:18:25.000Z</time>
<extensions><trainlcd:accuracy>18</trainlcd:accuracy></extensions>
</wpt>
<wpt lat="35.5666092" lon="139.6551197">
<time>2026-01-01T00:18:26.000Z</time>
<extensions><trainlcd:accuracy>17</trainlcd:accuracy></extensions>
</wpt>
<wpt lat="35.5667622" lon="139.6551956">
<time>2026-01-01T00:18:27.000Z</time>
<extensions><trainlcd:accuracy>14</trainlcd:accuracy></extensions>
</wpt>
<wpt lat="35.5669153" lon="139.6552714">
<time>2026-01-01T00:18:28.000Z</time>
<extensions><trainlcd:accuracy>19</trainlcd:accuracy></extensions>
</wpt>
<wpt lat="35.5670684" lon="139.6553473">
<time>2026-01-01T00:18:29.000Z</time>
<extensions><trainlcd:accuracy>14</trainlcd:accuracy></extensions>
</wpt>
<wpt lat="35.5672214" lon="139.6554232">
<time>2026-01-01T00:18:30.000Z</time>
<extensions><trainlcd:accuracy>10</trainlcd:accuracy></extensions>
</wpt>
<wpt lat="35.5673745" lon="139.6554991">
<time>2026-01-01T00:18:31.000Z</time>
<extensions><trainlcd:accuracy>12</trainlcd:accuracy></extensions>
</wpt>
<wpt lat="35.5675275" lon="139.6555749">
<time>2026-01-01T00:18:32.000Z</time>
<extensions><trainlcd:accuracy>9</trainlcd:accuracy></extensions>
</wpt>
<wpt lat="35.5676806" lon="139.6556508">
<time>2026-01-01T00:18:33.000Z</time>
<extensions><trainlcd:accuracy>17</trainlcd:accuracy></extensions>
</wpt>
<wpt lat="35.5678337" lon="139.6557267">
<time>2026-01-01T00:18:34.000Z</time>
<extensions><trainlcd:accuracy>20</trainlcd:accuracy></extensions>
</wpt>
<wpt lat="35.5679867" lon="139.6558026">
<time>2026-01-01T00:18:35.000Z</time>
<extensions><trainlcd:accuracy>18</trainlcd:accuracy></extensions>
</wpt>
<wpt lat="35.5681398" lon="139.6558784">
<time>2026-01-01T00:18:36.000Z</time>
<extensions><trainlcd:accuracy>18</trainlcd:accuracy></extensions>
</wpt>
<wpt lat="35.5682928" lon="139.6559543">
<time>2026-01-01T00:18:37.000Z</time>
<extensions><trainlcd:accuracy>8</trainlcd:accuracy></extensions>
</wpt>
<wpt lat="35.5684459" lon="139.6560302">
<time>2026-01-01T00:18:38.000Z</time>
<extensions><trainlcd:accuracy>19</trainlcd:accuracy></extensions>
</wpt>
<wpt lat="35.5685989" lon="139.6561061">
<time>2026-01-01T00:18:39.000Z</time>
<extensions><trainlcd:accuracy>19</trainlcd:accuracy></extensions>
</wpt>
<wpt lat="35.5687520" lon="139.6561819">
<time>2026-01-01T00:18:40.000Z</time>
<extensions><trainlcd:accuracy>10</trainlcd:accuracy></extensions>
</wpt>
<wpt lat="35.5689051" lon="139.6562578">
<time>2026-01-01T00:18:41.000Z</time>
<extensions><trainlcd:accuracy>15</trainlcd:accuracy></extensions>
</wpt>
<wpt lat="35.5690581" lon="139.6563337">
<time>2026-01-01T00:18:42.000Z</time>
<extensions><trainlcd:accuracy>20</trainlcd:accuracy></extensions>
</wpt>
<wpt lat="35.5692112" lon="139.6564096">
<time>2026-01-01T00:18:43.000Z</time>
<extensions><trainlcd:accuracy>11</trainlcd:accuracy></extensions>
</wpt>
<wpt lat="35.5693642" lon="139.6564854">
<time>2026-01-01T00:18:44.000Z</time>
<extensions><trainlcd:accuracy>13</trainlcd:accuracy></extensions>
</wpt>
<wpt lat="35.5695173" lon="139.6565613">
<time>2026-01-01T00:18:45.000Z</time>
<extensions><trainlcd:accuracy>16</trainlcd:accuracy></extensions>
</wpt>
<wpt lat="35.5696704" lon="139.6566372">
<time>2026-01-01T00:18:46.000Z</time>
<extensions><trainlcd:accuracy>11</trainlcd:accuracy></extensions>
</wpt>
<wpt lat="35.5698234" lon="139.6567131">
<time>2026-01-01T00:18:47.000Z</time>
<extensions><trainlcd:accuracy>15</trainlcd:accuracy></extensions>
</wpt>
<wpt lat="35.5699765" lon="139.6567889">
<time>2026-01-01T00:18:48.000Z</time>
<extensions><trainlcd:accuracy>14</trainlcd:accuracy></extensions>
</wpt>
<wpt lat="35.5701295" lon="139.6568648">
<time>2026-01-01T00:18:49.000Z</time>
<extensions><trainlcd:accuracy>13</trainlcd:accuracy></extensions>
</wpt>
<wpt lat="35.5702826" lon="139.6569407">
<time>2026-01-01T00:18:50.000Z</time>
<extensions><trainlcd:accuracy>20</trainlcd:accuracy></extensions>
</wpt>
<wpt lat="35.5704356" lon="139.6570166">
<time>2026-01-01T00:18:51.000Z</time>
<extensions><trainlcd:accuracy>16</trainlcd:accuracy></extensions>
</wpt>
<wpt lat="35.5705887" lon="139.6570924">
<time>2026-01-01T00:18:52.000Z</time>
<extensions><trainlcd:accuracy>17</trainlcd:accuracy></extensions>
</wpt>
<wpt lat="35.5707418" lon="139.6571683">
<time>2026-01-01T00:18:53.000Z</time>
<extensions><trainlcd:accuracy>18</trainlcd:accuracy></extensions>
</wpt>
<wpt lat="35.5708948" lon="139.6572442">
<time>2026-01-01T00:18:54.000Z</time>
<extensions><trainlcd:accuracy>8</trainlcd:accuracy></extensions>
</wpt>
<wpt lat="35.5710479" lon="139.6573201">
<time>2026-01-01T00:18:55.000Z</time>
<extensions><trainlcd:accuracy>20</trainlcd:accuracy></extensions>
</wpt>
<wpt lat="35.5712009" lon="139.6573959">
<time>2026-01-01T00:18:56.000Z</time>
<extensions><trainlcd:accuracy>14</trainlcd:accuracy></extensions>
</wpt>
<wpt lat="35.5713540" lon="139.6574718">
<time>2026-01-01T00:18:57.000Z</time>
<extensions><trainlcd:accuracy>19</trainlcd:accuracy></extensions>
</wpt>
<wpt lat="35.5715071" lon="139.6575477">
<time>2026-01-01T00:18:58.000Z</time>
<extensions><trainlcd:accuracy>11</trainlcd:accuracy></extensions>
</wpt>
<wpt lat="35.5716601" lon="139.6576236">
<time>2026-01-01T00:18:59.000Z</time>
<extensions><trainlcd:accuracy>13</trainlcd:accuracy></extensions>
</wpt>
<wpt lat="35.5718132" lon="139.6576994">
<time>2026-01-01T00:19:00.000Z</time>
<extensions><trainlcd:accuracy>12</trainlcd:accuracy></extensions>
</wpt>
<wpt lat="35.5719662" lon="139.6577753">
<time>2026-01-01T00:19:01.000Z</time>
<extensions><trainlcd:accuracy>15</trainlcd:accuracy></extensions>
</wpt>
<wpt lat="35.5721193" lon="139.6578512">
<time>2026-01-01T00:19:02.000Z</time>
<extensions><trainlcd:accuracy>14</trainlcd:accuracy></extensions>
</wpt>
<wpt lat="35.5722724" lon="139.6579271">
<time>2026-01-01T00:19:03.000Z</time>
<extensions><trainlcd:accuracy>14</trainlcd:accuracy></extensions>
</wpt>
<wpt lat="35.5724254" lon="139.6580029">
<time>2026-01-01T00:19:04.000Z</time>
<extensions><trainlcd:accuracy>12</trainlcd:accuracy></extensions>
</wpt>
<wpt lat="35.5725785" lon="139.6580788">
<time>2026-01-01T00:19:05.000Z</time>
<extensions><trainlcd:accuracy>14</trainlcd:accuracy></extensions>
</wpt>
<wpt lat="35.5727315" lon="139.6581547">
<time>2026-01-01T00:19:06.000Z</time>
<extensions><trainlcd:accuracy>19</trainlcd:accuracy></extensions>
</wpt>
<wpt lat="35.5728846" lon="139.6582306">
<time>2026-01-01T00:19:07.000Z</time>
<extensions><trainlcd:accuracy>12</trainlcd:accuracy></extensions>
</wpt>
<wpt lat="35.5730376" lon="139.6583064">
<time>2026-01-01T00:19:08.000Z</time>
<extensions><trainlcd:accuracy>9</trainlcd:accuracy></extensions>
</wpt>
<wpt lat="35.5731907" lon="139.6583823">
<time>2026-01-01T00:19:09.000Z</time>
<extensions><trainlcd:accuracy>13</trainlcd:accuracy></extensions>
</wpt>
<wpt lat="35.5733438" lon="139.6584582">
<time>2026-01-01T00:19:10.000Z</time>
<extensions><trainlcd:accuracy>15</trainlcd:accuracy></extensions>
</wpt>
<wpt lat="35.5734968" lon="139.6585341">
<time>2026-01-01T00:19:11.000Z</time>
<extensions><trainlcd:accuracy>14</trainlcd:accuracy></extensions>
</wpt>
<wpt lat="35.5736499" lon="139.6586099">
<time>2026-01-01T00:19:12.000Z</time>
<extensions><trainlcd:accuracy>18</trainlcd:accuracy></extensions>
</wpt>
<wpt lat="35.5738029" lon="139.6586858">
<time>2026-01-01T00:19:13.000Z</time>
<extensions><trainlcd:accuracy>8</trainlcd:accuracy></extensions>
</wpt>
<wpt lat="35.5739560" lon="139.6587617">
<time>2026-01-01T00:19:14.000Z</time>
<extensions><trainlcd:accuracy>12</trainlcd:accuracy></extensions>
</wpt>
<wpt lat="35.5741091" lon="139.6588376">
<time>2026-01-01T00:19:15.000Z</time>
<extensions><trainlcd:accuracy>19</trainlcd:accuracy></extensions>
</wpt>
<wpt lat="35.5742621" lon="139.6589134">
<time>2026-01-01T00:19:16.000Z</time>
<extensions><trainlcd:accuracy>13</trainlcd:accuracy></extensions>
</wpt>
<wpt lat="35.5744077" lon="139.6589856">
<time>2026-01-01T00:19:17.000Z</time>
<extensions><trainlcd:accuracy>10</trainlcd:accuracy></extensions>
</wpt>
<wpt lat="35.5745458" lon="139.6590540">
<time>2026-01-01T00:19:18.000Z</time>
<extensions><trainlcd:accuracy>19</trainlcd:accuracy></extensions>
</wpt>
<wpt lat="35.5746764" lon="139.6591188">
<time>2026-01-01T00:19:19.000Z</time>
<extensions><trainlcd:accuracy>9</trainlcd:accuracy></extensions>
</wpt>
<wpt lat="35.5747995" lon="139.6591798">
<time>2026-01-01T00:19:20.000Z</time>
<extensions><trainlcd:accuracy>17</trainlcd:accuracy></extensions>
</wpt>
<wpt lat="35.5749152" lon="139.6592372">
<time>2026-01-01T00:19:21.000Z</time>
<extensions><trainlcd:accuracy>19</trainlcd:accuracy></extensions>
</wpt>
<wpt lat="35.5750233" lon="139.6592908">
<time>2026-01-01T00:19:22.000Z</time>
<extensions><trainlcd:accuracy>9</trainlcd:accuracy></extensions>
</wpt>
<wpt lat="35.5751240" lon="139.6593407">
<time>2026-01-01T00:19:23.000Z</time>
<extensions><trainlcd:accuracy>15</trainlcd:accuracy></extensions>
</wpt>
<wpt lat="35.5752172" lon="139.6593869">
<time>2026-01-01T00:19:24.000Z</time>
<extensions><trainlcd:accuracy>11</trainlcd:accuracy></extensions>
</wpt>
<wpt lat="35.5753029" lon="139.6594294">
<time>2026-01-01T00:19:25.000Z</time>
<extensions><trainlcd:accuracy>11</trainlcd:accuracy></extensions>
</wpt>
<wpt lat="35.5753812" lon="139.6594682">
<time>2026-01-01T00:19:26.000Z</time>
<extensions><trainlcd:accuracy>19</trainlcd:accuracy></extensions>
</wpt>
<wpt lat="35.5754519" lon="139.6595032">
<time>2026-01-01T00:19:27.000Z</time>
<extensions><trainlcd:accuracy>9</trainlcd:accuracy></extensions>
</wpt>
<wpt lat="35.5755152" lon="139.6595346">
<time>2026-01-01T00:19:28.000Z</time>
<extensions><trainlcd:accuracy>18</trainlcd:accuracy></extensions>
</wpt>
<wpt lat="35.5755710" lon="139.6595623">
<time>2026-01-01T00:19:29.000Z</time>
<extensions><trainlcd:accuracy>19</trainlcd:accuracy></extensions>
</wpt>
<wpt lat="35.5756193" lon="139.6595862">
<time>2026-01-01T00:19:30.000Z</time>
<extensions><trainlcd:accuracy>13</trainlcd:accuracy></extensions>
</wpt>
<wpt lat="35.5756601" lon="139.6596064">
<time>2026-01-01T00:19:31.000Z</time>
<extensions><trainlcd:accuracy>16</trainlcd:accuracy></extensions>
</wpt>
<wpt lat="35.5756935" lon="139.6596230">
<time>2026-01-01T00:19:32.000Z</time>
<extensions><trainlcd:accuracy>19</trainlcd:accuracy></extensions>
</wpt>
<wpt lat="35.5757193" lon="139.6596358">
<time>2026-01-01T00:19:33.000Z</time>
<extensions><trainlcd:accuracy>13</trainlcd:accuracy></extensions>
</wpt>
<wpt lat="35.5757377" lon="139.6596449">
<time>2026-01-01T00:19:34.000Z</time>
<extensions><trainlcd:accuracy>18</trainlcd:accuracy></extensions>
</wpt>
<wpt lat="35.5757486" lon="139.6596503">
<time>2026-01-01T00:19:35.000Z</time>
<extensions><trainlcd:accuracy>17</trainlcd:accuracy></extensions>
</wpt>
<wpt lat="35.5757520" lon="139.6596520">
<time>2026-01-01T00:19:36.000Z</time>
<extensions><trainlcd:accuracy>10</trainlcd:accuracy></extensions>
</wpt>
<wpt lat="35.5757520" lon="139.6596520">
<time>2026-01-01T00:19:37.000Z</time>
<extensions><trainlcd:accuracy>13</trainlcd:accuracy></extensions>
</wpt>
<wpt lat="35.5757520" lon="139.6596520">
<time>2026-01-01T00:19:38.000Z</time>
<extensions><trainlcd:accuracy>20</trainlcd:accuracy></extensions>
</wpt>
<wpt lat="35.5757520" lon="139.6596520">
<time>2026-01-01T00:19:39.000Z</time>
<extensions><trainlcd:accuracy>18</trainlcd:accuracy></extensions>
</wpt>
<wpt lat="35.5757520" lon="139.6596520">
<time>2026-01-01T00:19:40.000Z</time>
<extensions><trainlcd:accuracy>19</trainlcd:accuracy></extensions>
</wpt>
<wpt lat="35.5757520" lon="139.6596520">
<time>2026-01-01T00:19:41.000Z</time>
<extensions><trainlcd:accuracy>20</trainlcd:accuracy></extensions>
</wpt>
<wpt lat="35.5757520" lon="139.6596520">
<time>2026-01-01T00:19:42.000Z</time>
<extensions><trainlcd:accuracy>17</trainlcd:accuracy></extensions>
</wpt>
<wpt lat="35.5757520" lon="139.6596520">
<time>2026-01-01T00:19:43.000Z</time>
<extensions><trainlcd:accuracy>11</trainlcd:accuracy></extensions>
</wpt>
<wpt lat="35.5757520" lon="139.6596520">
<time>2026-01-01T00:19:44.000Z</time>
<extensions><trainlcd:accuracy>16</trainlcd:accuracy></extensions>
</wpt>
<wpt lat="35.5757520" lon="139.6596520">
<time>2026-01-01T00:19:45.000Z</time>
<extensions><trainlcd:accuracy>15</trainlcd:accuracy></extensions>
</wpt>
<wpt lat="35.5757520" lon="139.6596520">
<time>2026-01-01T00:19:46.000Z</time>
<extensions><trainlcd:accuracy>10</trainlcd:accuracy></extensions>
</wpt>
<wpt lat="35.5757520" lon="139.6596520">
<time>2026-01-01T00:19:47.000Z</time>
<extensions><trainlcd:accuracy>12</trainlcd:accuracy></extensions>
</wpt>
<wpt lat="35.5757520" lon="139.6596520">
<time>2026-01-01T00:19:48.000Z</time>
<extensions><trainlcd:accuracy>9</trainlcd:accuracy></extensions>
</wpt>
<wpt lat="35.5757520" lon="139.6596520">
<time>2026-01-01T00:19:49.000Z</time>
<extensions><trainlcd:accuracy>19</trainlcd:accuracy></extensions>
</wpt>
<wpt lat="35.5757520" lon="139.6596520">
<time>2026-01-01T00:19:50.000Z</time>
<extensions><trainlcd:accuracy>14</trainlcd:accuracy></extensions>
</wpt>
<wpt lat="35.5757520" lon="139.6596520">
<time>2026-01-01T00:19:51.000Z</time>
<extensions><trainlcd:accuracy>15</trainlcd:accuracy></extensions>
</wpt>
<wpt lat="35.5757520" lon="139.6596520">
<time>2026-01-01T00:19:52.000Z</time>
<extensions><trainlcd:accuracy>18</trainlcd:accuracy></extensions>
</wpt>
<wpt lat="35.5757520" lon="139.6596520">
<time>2026-01-01T00:19:53.000Z</time>
<extensions><trainlcd:accuracy>13</trainlcd:accuracy></extensions>
</wpt>
<wpt lat="35.5757520" lon="139.6596520">
<time>2026-01-01T00:19:54.000Z</time>
<extensions><trainlcd:accuracy>11</trainlcd:accuracy></extensions>
</wpt>
<wpt lat="35.5757520" lon="139.6596520">
<time>2026-01-01T00:19:55.000Z</time>
<extensions><trainlcd:accuracy>16</trainlcd:accuracy></extensions>
</wpt>
<wpt lat="35.5757520" lon="139.6596520">
<time>2026-01-01T00:19:56.000Z</time>
<extensions><trainlcd:accuracy>14</trainlcd:accuracy></extensions>
</wpt>
<wpt lat="35.5757520" lon="139.6596520">
<time>2026-01-01T00:19:57.000Z</time>
<extensions><trainlcd:accuracy>13</trainlcd:accuracy></extensions>
</wpt>
<wpt lat="35.5757520" lon="139.6596520">
<time>2026-01-01T00:19:58.000Z</time>
<extensions><trainlcd:accuracy>10</trainlcd:accuracy></extensions>
</wpt>
<wpt lat="35.5757520" lon="139.6596520">
<time>2026-01-01T00:19:59.000Z</time>
<extensions><trainlcd:accuracy>16</trainlcd:accuracy></extensions>
</wpt>
<wpt lat="35.5757520" lon="139.6596520">
<time>2026-01-01T00:20:00.000Z</time>
<extensions><trainlcd:accuracy>15</trainlcd:accuracy></extensions>
</wpt>
<wpt lat="35.5757520" lon="139.6596520">
<time>2026-01-01T00:20:01.000Z</time>
<extensions><trainlcd:accuracy>8</trainlcd:accuracy></extensions>
</wpt>
<wpt lat="35.5757520" lon="139.6596520">
<time>2026-01-01T00:20:02.000Z</time>
<extensions><trainlcd:accuracy>12</trainlcd:accuracy></extensions>
</wpt>
<wpt lat="35.5757520" lon="139.6596520">
<time>2026-01-01T00:20:03.000Z</time>
<extensions><trainlcd:accuracy>15</trainlcd:accuracy></extensions>
</wpt>
<wpt lat="35.5757520" lon="139.6596520">
<time>2026-01-01T00:20:04.000Z</time>
<extensions><trainlcd:accuracy>19</trainlcd:accuracy></extensions>
</wpt>
<wpt lat="35.5757520" lon="139.6596520">
<time>2026-01-01T00:20:05.000Z</time>
<extensions><trainlcd:accuracy>16</trainlcd:accuracy></extensions>
</wpt>
<wpt lat="35.5757520" lon="139.6596520">
<time>2026-01-01T00:20:06.000Z</time>
<extensions><trainlcd:accuracy>12</trainlcd:accuracy></extensions>
</wpt>
<wpt lat="35.5757520" lon="139.6596520">
<time>2026-01-01T00:20:07.000Z</time>
<extensions><trainlcd:accuracy>19</trainlcd:accuracy></extensions>
</wpt>
<wpt lat="35.5757520" lon="139.6596520">
<time>2026-01-01T00:20:08.000Z</time>
<extensions><trainlcd:accuracy>18</trainlcd:accuracy></extensions>
</wpt>
<wpt lat="35.5757520" lon="139.6596520">
<time>2026-01-01T00:20:09.000Z</time>
<extensions><trainlcd:accuracy>9</trainlcd:accuracy></extensions>
</wpt>
<wpt lat="35.5757520" lon="139.6596520">
<time>2026-01-01T00:20:10.000Z</time>
<extensions><trainlcd:accuracy>11</trainlcd:accuracy></extensions>
</wpt>
<wpt lat="35.5757520" lon="139.6596520">
<time>2026-01-01T00:20:11.000Z</time>
<extensions><trainlcd:accuracy>11</trainlcd:accuracy></extensions>
</wpt>
<wpt lat="35.5757520" lon="139.6596520">
<time>2026-01-01T00:20:12.000Z</time>
<extensions><trainlcd:accuracy>13</trainlcd:accuracy></extensions>
</wpt>
<wpt lat="35.5757520" lon="139.6596520">
<time>2026-01-01T00:20:13.000Z</time>
<extensions><trainlcd:accuracy>17</trainlcd:accuracy></extensions>
</wpt>
<wpt lat="35.5757578" lon="139.6596548">
<time>2026-01-01T00:20:14.000Z</time>
<extensions><trainlcd:accuracy>11</trainlcd:accuracy></extensions>
</wpt>
<wpt lat="35.5757695" lon="139.6596605">
<time>2026-01-01T00:20:15.000Z</time>
<extensions><trainlcd:accuracy>10</trainlcd:accuracy></extensions>
</wpt>
<wpt lat="35.5757870" lon="139.6596691">
<time>2026-01-01T00:20:16.000Z</time>
<extensions><trainlcd:accuracy>11</trainlcd:accuracy></extensions>
</wpt>
<wpt lat="35.5758103" lon="139.6596805">
<time>2026-01-01T00:20:17.000Z</time>
<extensions><trainlcd:accuracy>11</trainlcd:accuracy></extensions>
</wpt>
<wpt lat="35.5758395" lon="139.6596947">
<time>2026-01-01T00:20:18.000Z</time>
<extensions><trainlcd:accuracy>19</trainlcd:accuracy></extensions>
</wpt>
<wpt lat="35.5758745" lon="139.6597118">
<time>2026-01-01T00:20:19.000Z</time>
<extensions><trainlcd:accuracy>10</trainlcd:accuracy></extensions>
</wpt>
<wpt lat="35.5759153" lon="139.6597317">
<time>2026-01-01T00:20:20.000Z</time>
<extensions><trainlcd:accuracy>13</trainlcd:accuracy></extensions>
</wpt>
<wpt lat="35.5759620" lon="139.6597545">
<time>2026-01-01T00:20:21.000Z</time>
<extensions><trainlcd:accuracy>13</trainlcd:accuracy></extensions>
</wpt>
<wpt lat="35.5760145" lon="139.6597801">
<time>2026-01-01T00:20:22.000Z</time>
<extensions><trainlcd:accuracy>11</trainlcd:accuracy></extensions>
</wpt>
<wpt lat="35.5760728" lon="139.6598085">
<time>2026-01-01T00:20:23.000Z</time>
<extensions><trainlcd:accuracy>12</trainlcd:accuracy></extensions>
</wpt>
<wpt lat="35.5761370" lon="139.6598399">
<time>2026-01-01T00:20:24.000Z</time>
<extensions><trainlcd:accuracy>17</trainlcd:accuracy></extensions>
</wpt>
<wpt lat="35.5762070" lon="139.6598740">
<time>2026-01-01T00:20:25.000Z</time>
<extensions><trainlcd:accuracy>12</trainlcd:accuracy></extensions>
</wpt>
<wpt lat="35.5762828" lon="139.6599110">
<time>2026-01-01T00:20:26.000Z</time>
<extensions><trainlcd:accuracy>9</trainlcd:accuracy></extensions>
</wpt>
<wpt lat="35.5763645" lon="139.6599509">
<time>2026-01-01T00:20:27.000Z</time>
<extensions><trainlcd:accuracy>12</trainlcd:accuracy></extensions>
</wpt>
<wpt lat="35.5764520" lon="139.6599936">
<time>2026-01-01T00:20:28.000Z</time>
<extensions><trainlcd:accuracy>18</trainlcd:accuracy></extensions>
</wpt>
<wpt lat="35.5765453" lon="139.6600391">
<time>2026-01-01T00:20:29.000Z</time>
<extensions><trainlcd:accuracy>12</trainlcd:accuracy></extensions>
</wpt>
<wpt lat="35.5766445" lon="139.6600875">
<time>2026-01-01T00:20:30.000Z</time>
<extensions><trainlcd:accuracy>20</trainlcd:accuracy></extensions>
</wpt>
<wpt lat="35.5767495" lon="139.6601387">
<time>2026-01-01T00:20:31.000Z</time>
<extensions><trainlcd:accuracy>17</trainlcd:accuracy></extensions>
</wpt>
<wpt lat="35.5768603" lon="139.6601928">
<time>2026-01-01T00:20:32.000Z</time>
<extensions><trainlcd:accuracy>11</trainlcd:accuracy></extensions>
</wpt>
<wpt lat="35.5769769" lon="139.6602497">
<time>2026-01-01T00:20:33.000Z</time>
<extensions><trainlcd:accuracy>10</trainlcd:accuracy></extensions>
</wpt>
<wpt lat="35.5770994" lon="139.6603095">
<time>2026-01-01T00:20:34.000Z</time>
<extensions><trainlcd:accuracy>13</trainlcd:accuracy></extensions>
</wpt>
<wpt lat="35.5772278" lon="139.6603721">
<time>2026-01-01T00:20:35.000Z</time>
<extensions><trainlcd:accuracy>17</trainlcd:accuracy></extensions>
</wpt>
<wpt lat="35.5773619" lon="139.6604376">
<time>2026-01-01T00:20:36.000Z</time>
<extensions><trainlcd:accuracy>19</trainlcd:accuracy></extensions>
</wpt>
<wpt lat="35.5775019" lon="139.6605059">
<time>2026-01-01T00:20:37.000Z</time>
<extensions><trainlcd:accuracy>9</trainlcd:accuracy></extensions>
</wpt>
<wpt lat="35.5776477" lon="139.6605771">
<time>2026-01-01T00:20:38.000Z</time>
<extensions><trainlcd:accuracy>16</trainlcd:accuracy></extensions>
</wpt>
<wpt lat="35.5777962" lon="139.6606495">
<time>2026-01-01T00:20:39.000Z</time>
<extensions><trainlcd:accuracy>14</trainlcd:accuracy></extensions>
</wpt>
<wpt lat="35.5779447" lon="139.6607220">
<time>2026-01-01T00:20:40.000Z</time>
<extensions><trainlcd:accuracy>13</trainlcd:accuracy></extensions>
</wpt>
<wpt lat="35.5780932" lon="139.6607944">
<time>2026-01-01T00:20:41.000Z</time>
<extensions><trainlcd:accuracy>9</trainlcd:accuracy></extensions>
</wpt>
<wpt lat="35.5782417" lon="139.6608669">
<time>2026-01-01T00:20:42.000Z</time>
<extensions><trainlcd:accuracy>12</trainlcd:accuracy></extensions>
</wpt>
<wpt lat="35.5783902" lon="139.6609394">
<time>2026-01-01T00:20:43.000Z</time>
<extensions><trainlcd:accuracy>11</trainlcd:accuracy></extensions>
</wpt>
<wpt lat="35.5785387" lon="139.6610118">
<time>2026-01-01T00:20:44.000Z</time>
<extensions><trainlcd:accuracy>8</trainlcd:accuracy></extensions>
</wpt>
<wpt lat="35.5786872" lon="139.6610843">
<time>2026-01-01T00:20:45.000Z</time>
<extensions><trainlcd:accuracy>9</trainlcd:accuracy></extensions>
</wpt>
<wpt lat="35.5788357" lon="139.6611567">
<time>2026-01-01T00:20:46.000Z</time>
<extensions><trainlcd:accuracy>8</trainlcd:accuracy></extensions>
</wpt>
<wpt lat="35.5789841" lon="139.6612292">
<time>2026-01-01T00:20:47.000Z</time>
<extensions><trainlcd:accuracy>13</trainlcd:accuracy></extensions>
</wpt>
<wpt lat="35.5791326" lon="139.6613016">
<time>2026-01-01T00:20:48.000Z</time>
<extensions><trainlcd:accuracy>17</trainlcd:accuracy></extensions>
</wpt>
<wpt lat="35.5792811" lon="139.6613741">
<time>2026-01-01T00:20:49.000Z</time>
<extensions><trainlcd:accuracy>12</trainlcd:accuracy></extensions>
</wpt>
<wpt lat="35.5794296" lon="139.6614466">
<time>2026-01-01T00:20:50.000Z</time>
<extensions><trainlcd:accuracy>11</trainlcd:accuracy></extensions>
</wpt>
<wpt lat="35.5795781" lon="139.6615190">
<time>2026-01-01T00:20:51.000Z</time>
<extensions><trainlcd:accuracy>12</trainlcd:accuracy></extensions>
</wpt>
<wpt lat="35.5797266" lon="139.6615915">
<time>2026-01-01T00:20:52.000Z</time>
<extensions><trainlcd:accuracy>8</trainlcd:accuracy></extensions>
</wpt>
<wpt lat="35.5798751" lon="139.6616639">
<time>2026-01-01T00:20:53.000Z</time>
<extensions><trainlcd:accuracy>18</trainlcd:accuracy></extensions>
</wpt>
<wpt lat="35.5800236" lon="139.6617364">
<time>2026-01-01T00:20:54.000Z</time>
<extensions><trainlcd:accuracy>17</trainlcd:accuracy></extensions>
</wpt>
<wpt lat="35.5801721" lon="139.6618089">
<time>2026-01-01T00:20:55.000Z</time>
<extensions><trainlcd:accuracy>12</trainlcd:accuracy></extensions>
</wpt>
<wpt lat="35.5803205" lon="139.6618813">
<time>2026-01-01T00:20:56.000Z</time>
<extensions><trainlcd:accuracy>19</trainlcd:accuracy></extensions>
</wpt>
<wpt lat="35.5804690" lon="139.6619538">
<time>2026-01-01T00:20:57.000Z</time>
<extensions><trainlcd:accuracy>8</trainlcd:accuracy></extensions>
</wpt>
<wpt lat="35.5806025" lon="139.6620475">
<time>2026-01-01T00:20:58.000Z</time>
<extensions><trainlcd:accuracy>20</trainlcd:accuracy></extensions>
</wpt>
<wpt lat="35.5807334" lon="139.6621448">
<time>2026-01-01T00:20:59.000Z</time>
<extensions><trainlcd:accuracy>9</trainlcd:accuracy></extensions>
</wpt>
<wpt lat="35.5808644" lon="139.6622420">
<time>2026-01-01T00:21:00.000Z</time>
<extensions><trainlcd:accuracy>17</trainlcd:accuracy></extensions>
</wpt>
<wpt lat="35.5809953" lon="139.6623393">
<time>2026-01-01T00:21:01.000Z</time>
<extensions><trainlcd:accuracy>12</trainlcd:accuracy></extensions>
</wpt>
<wpt lat="35.5811263" lon="139.6624365">
<time>2026-01-01T00:21:02.000Z</time>
<extensions><trainlcd:accuracy>15</trainlcd:accuracy></extensions>
</wpt>
<wpt lat="35.5812572" lon="139.6625338">
<time>2026-01-01T00:21:03.000Z</time>
<extensions><trainlcd:accuracy>19</trainlcd:accuracy></extensions>
</wpt>
<wpt lat="35.5813882" lon="139.6626310">
<time>2026-01-01T00:21:04.000Z</time>
<extensions><trainlcd:accuracy>15</trainlcd:accuracy></extensions>
</wpt>
<wpt lat="35.5815191" lon="139.6627283">
<time>2026-01-01T00:21:05.000Z</time>
<extensions><trainlcd:accuracy>19</trainlcd:accuracy></extensions>
</wpt>
<wpt lat="35.5816501" lon="139.6628255">
<time>2026-01-01T00:21:06.000Z</time>
<extensions><trainlcd:accuracy>10</trainlcd:accuracy></extensions>
</wpt>
<wpt lat="35.5817810" lon="139.6629228">
<time>2026-01-01T00:21:07.000Z</time>
<extensions><trainlcd:accuracy>8</trainlcd:accuracy></extensions>
</wpt>
<wpt lat="35.5819120" lon="139.6630200">
<time>2026-01-01T00:21:08.000Z</time>
<extensions><trainlcd:accuracy>17</trainlcd:accuracy></extensions>
</wpt>
<wpt lat="35.5820429" lon="139.6631173">
<time>2026-01-01T00:21:09.000Z</time>
<extensions><trainlcd:accuracy>10</trainlcd:accuracy></extensions>
</wpt>
<wpt lat="35.5821739" lon="139.6632145">
<time>2026-01-01T00:21:10.000Z</time>
<extensions><trainlcd:accuracy>11</trainlcd:accuracy></extensions>
</wpt>
<wpt lat="35.5823048" lon="139.6633118">
<time>2026-01-01T00:21:11.000Z</time>
<extensions><trainlcd:accuracy>11</trainlcd:accuracy></extensions>
</wpt>
<wpt lat="35.5824358" lon="139.6634090">
<time>2026-01-01T00:21:12.000Z</time>
<extensions><trainlcd:accuracy>12</trainlcd:accuracy></extensions>
</wpt>
<wpt lat="35.5825667" lon="139.6635063">
<time>2026-01-01T00:21:13.000Z</time>
<extensions><trainlcd:accuracy>9</trainlcd:accuracy></extensions>
</wpt>
<wpt lat="35.5826977" lon="139.6636036">
<time>2026-01-01T00:21:14.000Z</time>
<extensions><trainlcd:accuracy>19</trainlcd:accuracy></extensions>
</wpt>
<wpt lat="35.5828286" lon="139.6637008">
<time>2026-01-01T00:21:15.000Z</time>
<extensions><trainlcd:accuracy>13</trainlcd:accuracy></extensions>
</wpt>
<wpt lat="35.5829596" lon="139.6637981">
<time>2026-01-01T00:21:16.000Z</time>
<extensions><trainlcd:accuracy>17</trainlcd:accuracy></extensions>
</wpt>
<wpt lat="35.5830905" lon="139.6638953">
<time>2026-01-01T00:21:17.000Z</time>
<extensions><trainlcd:accuracy>18</trainlcd:accuracy></extensions>
</wpt>
<wpt lat="35.5832215" lon="139.6639926">
<time>2026-01-01T00:21:18.000Z</time>
<extensions><trainlcd:accuracy>9</trainlcd:accuracy></extensions>
</wpt>
<wpt lat="35.5833524" lon="139.6640898">
<time>2026-01-01T00:21:19.000Z</time>
<extensions><trainlcd:accuracy>20</trainlcd:accuracy></extensions>
</wpt>
<wpt lat="35.5834834" lon="139.6641871">
<time>2026-01-01T00:21:20.000Z</time>
<extensions><trainlcd:accuracy>9</trainlcd:accuracy></extensions>
</wpt>
<wpt lat="35.5836143" lon="139.6642843">
<time>2026-01-01T00:21:21.000Z</time>
<extensions><trainlcd:accuracy>19</trainlcd:accuracy></extensions>
</wpt>
<wpt lat="35.5837453" lon="139.6643816">
<time>2026-01-01T00:21:22.000Z</time>
<extensions><trainlcd:accuracy>12</trainlcd:accuracy></extensions>
</wpt>
<wpt lat="35.5838762" lon="139.6644788">
<time>2026-01-01T00:21:23.000Z</time>
<extensions><trainlcd:accuracy>10</trainlcd:accuracy></extensions>
</wpt>
<wpt lat="35.5840072" lon="139.6645761">
<time>2026-01-01T00:21:24.000Z</time>
<extensions><trainlcd:accuracy>19</trainlcd:accuracy></extensions>
</wpt>
<wpt lat="35.5841381" lon="139.6646733">
<time>2026-01-01T00:21:25.000Z</time>
<extensions><trainlcd:accuracy>14</trainlcd:accuracy></extensions>
</wpt>
<wpt lat="35.5842691" lon="139.6647706">
<time>2026-01-01T00:21:26.000Z</time>
<extensions><trainlcd:accuracy>14</trainlcd:accuracy></extensions>
</wpt>
<wpt lat="35.5844000" lon="139.6648678">
<time>2026-01-01T00:21:27.000Z</time>
<extensions><trainlcd:accuracy>19</trainlcd:accuracy></extensions>
</wpt>
<wpt lat="35.5845310" lon="139.6649651">
<time>2026-01-01T00:21:28.000Z</time>
<extensions><trainlcd:accuracy>15</trainlcd:accuracy></extensions>
</wpt>
<wpt lat="35.5846619" lon="139.6650623">
<time>2026-01-01T00:21:29.000Z</time>
<extensions><trainlcd:accuracy>9</trainlcd:accuracy></extensions>
</wpt>
<wpt lat="35.5847929" lon="139.6651596">
<time>2026-01-01T00:21:30.000Z</time>
<extensions><trainlcd:accuracy>10</trainlcd:accuracy></extensions>
</wpt>
<wpt lat="35.5849238" lon="139.6652568">
<time>2026-01-01T00:21:31.000Z</time>
<extensions><trainlcd:accuracy>19</trainlcd:accuracy></extensions>
</wpt>
<wpt lat="35.5850548" lon="139.6653541">
<time>2026-01-01T00:21:32.000Z</time>
<extensions><trainlcd:accuracy>16</trainlcd:accuracy></extensions>
</wpt>
<wpt lat="35.5851857" lon="139.6654513">
<time>2026-01-01T00:21:33.000Z</time>
<extensions><trainlcd:accuracy>10</trainlcd:accuracy></extensions>
</wpt>
<wpt lat="35.5853167" lon="139.6655486">
<time>2026-01-01T00:21:34.000Z</time>
<extensions><trainlcd:accuracy>11</trainlcd:accuracy></extensions>
</wpt>
<wpt lat="35.5854476" lon="139.6656458">
<time>2026-01-01T00:21:35.000Z</time>
<extensions><trainlcd:accuracy>9</trainlcd:accuracy></extensions>
</wpt>
<wpt lat="35.5855786" lon="139.6657431">
<time>2026-01-01T00:21:36.000Z</time>
<extensions><trainlcd:accuracy>16</trainlcd:accuracy></extensions>
</wpt>
<wpt lat="35.5857095" lon="139.6658403">
<time>2026-01-01T00:21:37.000Z</time>
<extensions><trainlcd:accuracy>13</trainlcd:accuracy></extensions>
</wpt>
<wpt lat="35.5858405" lon="139.6659376">
<time>2026-01-01T00:21:38.000Z</time>
<extensions><trainlcd:accuracy>18</trainlcd:accuracy></extensions>
</wpt>
<wpt lat="35.5859714" lon="139.6660348">
<time>2026-01-01T00:21:39.000Z</time>
<extensions><trainlcd:accuracy>13</trainlcd:accuracy></extensions>
</wpt>
<wpt lat="35.5861024" lon="139.6661321">
<time>2026-01-01T00:21:40.000Z</time>
<extensions><trainlcd:accuracy>8</trainlcd:accuracy></extensions>
</wpt>
<wpt lat="35.5862333" lon="139.6662294">
<time>2026-01-01T00:21:41.000Z</time>
<extensions><trainlcd:accuracy>10</trainlcd:accuracy></extensions>
</wpt>
<wpt lat="35.5863643" lon="139.6663266">
<time>2026-01-01T00:21:42.000Z</time>
<extensions><trainlcd:accuracy>19</trainlcd:accuracy></extensions>
</wpt>
<wpt lat="35.5864952" lon="139.6664239">
<time>2026-01-01T00:21:43.000Z</time>
<extensions><trainlcd:accuracy>15</trainlcd:accuracy></extensions>
</wpt>
<wpt lat="35.5866261" lon="139.6665211">
<time>2026-01-01T00:21:44.000Z</time>
<extensions><trainlcd:accuracy>9</trainlcd:accuracy></extensions>
</wpt>
<wpt lat="35.5867571" lon="139.6666184">
<time>2026-01-01T00:21:45.000Z</time>
<extensions><trainlcd:accuracy>10</trainlcd:accuracy></extensions>
</wpt>
<wpt lat="35.5868880" lon="139.6667156">
<time>2026-01-01T00:21:46.000Z</time>
<extensions><trainlcd:accuracy>12</trainlcd:accuracy></extensions>
</wpt>
<wpt lat="35.5870190" lon="139.6668129">
<time>2026-01-01T00:21:47.000Z</time>
<extensions><trainlcd:accuracy>19</trainlcd:accuracy></extensions>
</wpt>
<wpt lat="35.5871499" lon="139.6669101">
<time>2026-01-01T00:21:48.000Z</time>
<extensions><trainlcd:accuracy>17</trainlcd:accuracy></extensions>
</wpt>
<wpt lat="35.5872809" lon="139.6670074">
<time>2026-01-01T00:21:49.000Z</time>
<extensions><trainlcd:accuracy>10</trainlcd:accuracy></extensions>
</wpt>
<wpt lat="35.5874118" lon="139.6671046">
<time>2026-01-01T00:21:50.000Z</time>
<extensions><trainlcd:accuracy>14</trainlcd:accuracy></extensions>
</wpt>
<wpt lat="35.5875428" lon="139.6672019">
<time>2026-01-01T00:21:51.000Z</time>
<extensions><trainlcd:accuracy>20</trainlcd:accuracy></extensions>
</wpt>
<wpt lat="35.5876737" lon="139.6672991">
<time>2026-01-01T00:21:52.000Z</time>
<extensions><trainlcd:accuracy>16</trainlcd:accuracy></extensions>
</wpt>
<wpt lat="35.5878047" lon="139.6673964">
<time>2026-01-01T00:21:53.000Z</time>
<extensions><trainlcd:accuracy>19</trainlcd:accuracy></extensions>
</wpt>
<wpt lat="35.5879356" lon="139.6674936">
<time>2026-01-01T00:21:54.000Z</time>
<extensions><trainlcd:accuracy>16</trainlcd:accuracy></extensions>
</wpt>
<wpt lat="35.5880666" lon="139.6675909">
<time>2026-01-01T00:21:55.000Z</time>
<extensions><trainlcd:accuracy>20</trainlcd:accuracy></extensions>
</wpt>
<wpt lat="35.5881975" lon="139.6676881">
<time>2026-01-01T00:21:56.000Z</time>
<extensions><trainlcd:accuracy>13</trainlcd:accuracy></extensions>
</wpt>
<wpt lat="35.5883285" lon="139.6677854">
<time>2026-01-01T00:21:57.000Z</time>
<extensions><trainlcd:accuracy>14</trainlcd:accuracy></extensions>
</wpt>
<wpt lat="35.5884594" lon="139.6678826">
<time>2026-01-01T00:21:58.000Z</time>
<extensions><trainlcd:accuracy>11</trainlcd:accuracy></extensions>
</wpt>
<wpt lat="35.5885904" lon="139.6679799">
<time>2026-01-01T00:21:59.000Z</time>
<extensions><trainlcd:accuracy>20</trainlcd:accuracy></extensions>
</wpt>
<wpt lat="35.5887213" lon="139.6680771">
<time>2026-01-01T00:22:00.000Z</time>
<extensions><trainlcd:accuracy>17</trainlcd:accuracy></extensions>
</wpt>
<wpt lat="35.5888523" lon="139.6681744">
<time>2026-01-01T00:22:01.000Z</time>
<extensions><trainlcd:accuracy>12</trainlcd:accuracy></extensions>
</wpt>
<wpt lat="35.5889832" lon="139.6682716">
<time>2026-01-01T00:22:02.000Z</time>
<extensions><trainlcd:accuracy>16</trainlcd:accuracy></extensions>
</wpt>
<wpt lat="35.5891142" lon="139.6683689">
<time>2026-01-01T00:22:03.000Z</time>
<extensions><trainlcd:accuracy>17</trainlcd:accuracy></extensions>
</wpt>
<wpt lat="35.5892451" lon="139.6684661">
<time>2026-01-01T00:22:04.000Z</time>
<extensions><trainlcd:accuracy>19</trainlcd:accuracy></extensions>
</wpt>
<wpt lat="35.5893761" lon="139.6685634">
<time>2026-01-01T00:22:05.000Z</time>
<extensions><trainlcd:accuracy>19</trainlcd:accuracy></extensions>
</wpt>
<wpt lat="35.5895070" lon="139.6686606">
<time>2026-01-01T00:22:06.000Z</time>
<extensions><trainlcd:accuracy>12</trainlcd:accuracy></extensions>
</wpt>
<wpt lat="35.5896475" lon="139.6687123">
<time>2026-01-01T00:22:07.000Z</time>
<extensions><trainlcd:accuracy>9</trainlcd:accuracy></extensions>
</wpt>
<wpt lat="35.5898050" lon="139.6686825">
<time>2026-01-01T00:22:08.000Z</time>
<extensions><trainlcd:accuracy>14</trainlcd:accuracy></extensions>
</wpt>
<wpt lat="35.5899625" lon="139.6686527">
<time>2026-01-01T00:22:09.000Z</time>
<extensions><trainlcd:accuracy>14</trainlcd:accuracy></extensions>
</wpt>
<wpt lat="35.5901200" lon="139.6686229">
<time>2026-01-01T00:22:10.000Z</time>
<extensions><trainlcd:accuracy>14</trainlcd:accuracy></extensions>
</wpt>
<wpt lat="35.5902776" lon="139.6685931">
<time>2026-01-01T00:22:11.000Z</time>
<extensions><trainlcd:accuracy>13</trainlcd:accuracy></extensions>
</wpt>
<wpt lat="35.5904351" lon="139.6685633">
<time>2026-01-01T00:22:12.000Z</time>
<extensions><trainlcd:accuracy>15</trainlcd:accuracy></extensions>
</wpt>
<wpt lat="35.5905926" lon="139.6685335">
<time>2026-01-01T00:22:13.000Z</time>
<extensions><trainlcd:accuracy>14</trainlcd:accuracy></extensions>
</wpt>
<wpt lat="35.5907501" lon="139.6685037">
<time>2026-01-01T00:22:14.000Z</time>
<extensions><trainlcd:accuracy>10</trainlcd:accuracy></extensions>
</wpt>
<wpt lat="35.5909076" lon="139.6684739">
<time>2026-01-01T00:22:15.000Z</time>
<extensions><trainlcd:accuracy>13</trainlcd:accuracy></extensions>
</wpt>
<wpt lat="35.5910651" lon="139.6684441">
<time>2026-01-01T00:22:16.000Z</time>
<extensions><trainlcd:accuracy>16</trainlcd:accuracy></extensions>
</wpt>
<wpt lat="35.5912226" lon="139.6684143">
<time>2026-01-01T00:22:17.000Z</time>
<extensions><trainlcd:accuracy>10</trainlcd:accuracy></extensions>
</wpt>
<wpt lat="35.5913801" lon="139.6683844">
<time>2026-01-01T00:22:18.000Z</time>
<extensions><trainlcd:accuracy>18</trainlcd:accuracy></extensions>
</wpt>
<wpt lat="35.5915376" lon="139.6683546">
<time>2026-01-01T00:22:19.000Z</time>
<extensions><trainlcd:accuracy>16</trainlcd:accuracy></extensions>
</wpt>
<wpt lat="35.5916951" lon="139.6683248">
<time>2026-01-01T00:22:20.000Z</time>
<extensions><trainlcd:accuracy>11</trainlcd:accuracy></extensions>
</wpt>
<wpt lat="35.5918526" lon="139.6682950">
<time>2026-01-01T00:22:21.000Z</time>
<extensions><trainlcd:accuracy>16</trainlcd:accuracy></extensions>
</wpt>
<wpt lat="35.5920101" lon="139.6682652">
<time>2026-01-01T00:22:22.000Z</time>
<extensions><trainlcd:accuracy>14</trainlcd:accuracy></extensions>
</wpt>
<wpt lat="35.5921677" lon="139.6682354">
<time>2026-01-01T00:22:23.000Z</time>
<extensions><trainlcd:accuracy>14</trainlcd:accuracy></extensions>
</wpt>
<wpt lat="35.5923252" lon="139.6682056">
<time>2026-01-01T00:22:24.000Z</time>
<extensions><trainlcd:accuracy>9</trainlcd:accuracy></extensions>
</wpt>
<wpt lat="35.5924827" lon="139.6681758">
<time>2026-01-01T00:22:25.000Z</time>
<extensions><trainlcd:accuracy>16</trainlcd:accuracy></extensions>
</wpt>
<wpt lat="35.5926402" lon="139.6681460">
<time>2026-01-01T00:22:26.000Z</time>
<extensions><trainlcd:accuracy>18</trainlcd:accuracy></extensions>
</wpt>
<wpt lat="35.5927977" lon="139.6681162">
<time>2026-01-01T00:22:27.000Z</time>
<extensions><trainlcd:accuracy>16</trainlcd:accuracy></extensions>
</wpt>
<wpt lat="35.5929552" lon="139.6680864">
<time>2026-01-01T00:22:28.000Z</time>
<extensions><trainlcd:accuracy>14</trainlcd:accuracy></extensions>
</wpt>
<wpt lat="35.5931127" lon="139.6680566">
<time>2026-01-01T00:22:29.000Z</time>
<extensions><trainlcd:accuracy>17</trainlcd:accuracy></extensions>
</wpt>
<wpt lat="35.5932702" lon="139.6680268">
<time>2026-01-01T00:22:30.000Z</time>
<extensions><trainlcd:accuracy>17</trainlcd:accuracy></extensions>
</wpt>
<wpt lat="35.5934277" lon="139.6679970">
<time>2026-01-01T00:22:31.000Z</time>
<extensions><trainlcd:accuracy>20</trainlcd:accuracy></extensions>
</wpt>
<wpt lat="35.5935852" lon="139.6679672">
<time>2026-01-01T00:22:32.000Z</time>
<extensions><trainlcd:accuracy>8</trainlcd:accuracy></extensions>
</wpt>
<wpt lat="35.5937427" lon="139.6679374">
<time>2026-01-01T00:22:33.000Z</time>
<extensions><trainlcd:accuracy>14</trainlcd:accuracy></extensions>
</wpt>
<wpt lat="35.5939002" lon="139.6679076">
<time>2026-01-01T00:22:34.000Z</time>
<extensions><trainlcd:accuracy>14</trainlcd:accuracy></extensions>
</wpt>
<wpt lat="35.5940577" lon="139.6678778">
<time>2026-01-01T00:22:35.000Z</time>
<extensions><trainlcd:accuracy>9</trainlcd:accuracy></extensions>
</wpt>
<wpt lat="35.5942153" lon="139.6678480">
<time>2026-01-01T00:22:36.000Z</time>
<extensions><trainlcd:accuracy>19</trainlcd:accuracy></extensions>
</wpt>
<wpt lat="35.5943728" lon="139.6678181">
<time>2026-01-01T00:22:37.000Z</time>
<extensions><trainlcd:accuracy>9</trainlcd:accuracy></extensions>
</wpt>
<wpt lat="35.5945303" lon="139.6677883">
<time>2026-01-01T00:22:38.000Z</time>
<extensions><trainlcd:accuracy>12</trainlcd:accuracy></extensions>
</wpt>
<wpt lat="35.5946878" lon="139.6677585">
<time>2026-01-01T00:22:39.000Z</time>
<extensions><trainlcd:accuracy>18</trainlcd:accuracy></extensions>
</wpt>
<wpt lat="35.5948453" lon="139.6677287">
<time>2026-01-01T00:22:40.000Z</time>
<extensions><trainlcd:accuracy>16</trainlcd:accuracy></extensions>
</wpt>
<wpt lat="35.5950028" lon="139.6676989">
<time>2026-01-01T00:22:41.000Z</time>
<extensions><trainlcd:accuracy>15</trainlcd:accuracy></extensions>
</wpt>
<wpt lat="35.5951603" lon="139.6676691">
<time>2026-01-01T00:22:42.000Z</time>
<extensions><trainlcd:accuracy>8</trainlcd:accuracy></extensions>
</wpt>
<wpt lat="35.5953178" lon="139.6676393">
<time>2026-01-01T00:22:43.000Z</time>
<extensions><trainlcd:accuracy>14</trainlcd:accuracy></extensions>
</wpt>
<wpt lat="35.5954753" lon="139.6676095">
<time>2026-01-01T00:22:44.000Z</time>
<extensions><trainlcd:accuracy>18</trainlcd:accuracy></extensions>
</wpt>
<wpt lat="35.5956328" lon="139.6675797">
<time>2026-01-01T00:22:45.000Z</time>
<extensions><trainlcd:accuracy>12</trainlcd:accuracy></extensions>
</wpt>
<wpt lat="35.5957903" lon="139.6675499">
<time>2026-01-01T00:22:46.000Z</time>
<extensions><trainlcd:accuracy>19</trainlcd:accuracy></extensions>
</wpt>
<wpt lat="35.5959478" lon="139.6675201">
<time>2026-01-01T00:22:47.000Z</time>
<extensions><trainlcd:accuracy>11</trainlcd:accuracy></extensions>
</wpt>
<wpt lat="35.5961054" lon="139.6674903">
<time>2026-01-01T00:22:48.000Z</time>
<extensions><trainlcd:accuracy>18</trainlcd:accuracy></extensions>
</wpt>
<wpt lat="35.5962629" lon="139.6674605">
<time>2026-01-01T00:22:49.000Z</time>
<extensions><trainlcd:accuracy>13</trainlcd:accuracy></extensions>
</wpt>
<wpt lat="35.5964204" lon="139.6674307">
<time>2026-01-01T00:22:50.000Z</time>
<extensions><trainlcd:accuracy>14</trainlcd:accuracy></extensions>
</wpt>
<wpt lat="35.5965779" lon="139.6674009">
<time>2026-01-01T00:22:51.000Z</time>
<extensions><trainlcd:accuracy>14</trainlcd:accuracy></extensions>
</wpt>
<wpt lat="35.5967354" lon="139.6673711">
<time>2026-01-01T00:22:52.000Z</time>
<extensions><trainlcd:accuracy>9</trainlcd:accuracy></extensions>
</wpt>
<wpt lat="35.5968931" lon="139.6673658">
<time>2026-01-01T00:22:53.000Z</time>
<extensions><trainlcd:accuracy>12</trainlcd:accuracy></extensions>
</wpt>
<wpt lat="35.5970511" lon="139.6673857">
<time>2026-01-01T00:22:54.000Z</time>
<extensions><trainlcd:accuracy>11</trainlcd:accuracy></extensions>
</wpt>
<wpt lat="35.5972090" lon="139.6674055">
<time>2026-01-01T00:22:55.000Z</time>
<extensions><trainlcd:accuracy>15</trainlcd:accuracy></extensions>
</wpt>
<wpt lat="35.5973670" lon="139.6674254">
<time>2026-01-01T00:22:56.000Z</time>
<extensions><trainlcd:accuracy>20</trainlcd:accuracy></extensions>
</wpt>
<wpt lat="35.5975249" lon="139.6674452">
<time>2026-01-01T00:22:57.000Z</time>
<extensions><trainlcd:accuracy>10</trainlcd:accuracy></extensions>
</wpt>
<wpt lat="35.5976829" lon="139.6674651">
<time>2026-01-01T00:22:58.000Z</time>
<extensions><trainlcd:accuracy>8</trainlcd:accuracy></extensions>
</wpt>
<wpt lat="35.5978408" lon="139.6674849">
<time>2026-01-01T00:22:59.000Z</time>
<extensions><trainlcd:accuracy>10</trainlcd:accuracy></extensions>
</wpt>
<wpt lat="35.5979988" lon="139.6675048">
<time>2026-01-01T00:23:00.000Z</time>
<extensions><trainlcd:accuracy>13</trainlcd:accuracy></extensions>
</wpt>
<wpt lat="35.5981568" lon="139.6675246">
<time>2026-01-01T00:23:01.000Z</time>
<extensions><trainlcd:accuracy>10</trainlcd:accuracy></extensions>
</wpt>
<wpt lat="35.5983147" lon="139.6675445">
<time>2026-01-01T00:23:02.000Z</time>
<extensions><trainlcd:accuracy>18</trainlcd:accuracy></extensions>
</wpt>
<wpt lat="35.5984727" lon="139.6675643">
<time>2026-01-01T00:23:03.000Z</time>
<extensions><trainlcd:accuracy>18</trainlcd:accuracy></extensions>
</wpt>
<wpt lat="35.5986306" lon="139.6675842">
<time>2026-01-01T00:23:04.000Z</time>
<extensions><trainlcd:accuracy>17</trainlcd:accuracy></extensions>
</wpt>
<wpt lat="35.5987886" lon="139.6676040">
<time>2026-01-01T00:23:05.000Z</time>
<extensions><trainlcd:accuracy>15</trainlcd:accuracy></extensions>
</wpt>
<wpt lat="35.5989465" lon="139.6676238">
<time>2026-01-01T00:23:06.000Z</time>
<extensions><trainlcd:accuracy>12</trainlcd:accuracy></extensions>
</wpt>
<wpt lat="35.5991045" lon="139.6676437">
<time>2026-01-01T00:23:07.000Z</time>
<extensions><trainlcd:accuracy>14</trainlcd:accuracy></extensions>
</wpt>
<wpt lat="35.5992624" lon="139.6676635">
<time>2026-01-01T00:23:08.000Z</time>
<extensions><trainlcd:accuracy>18</trainlcd:accuracy></extensions>
</wpt>
<wpt lat="35.5994204" lon="139.6676834">
<time>2026-01-01T00:23:09.000Z</time>
<extensions><trainlcd:accuracy>16</trainlcd:accuracy></extensions>
</wpt>
<wpt lat="35.5995784" lon="139.6677032">
<time>2026-01-01T00:23:10.000Z</time>
<extensions><trainlcd:accuracy>17</trainlcd:accuracy></extensions>
</wpt>
<wpt lat="35.5997363" lon="139.6677231">
<time>2026-01-01T00:23:11.000Z</time>
<extensions><trainlcd:accuracy>10</trainlcd:accuracy></extensions>
</wpt>
<wpt lat="35.5998943" lon="139.6677429">
<time>2026-01-01T00:23:12.000Z</time>
<extensions><trainlcd:accuracy>16</trainlcd:accuracy></extensions>
</wpt>
<wpt lat="35.6000522" lon="139.6677628">
<time>2026-01-01T00:23:13.000Z</time>
<extensions><trainlcd:accuracy>18</trainlcd:accuracy></extensions>
</wpt>
<wpt lat="35.6002102" lon="139.6677826">
<time>2026-01-01T00:23:14.000Z</time>
<extensions><trainlcd:accuracy>12</trainlcd:accuracy></extensions>
</wpt>
<wpt lat="35.6003681" lon="139.6678025">
<time>2026-01-01T00:23:15.000Z</time>
<extensions><trainlcd:accuracy>17</trainlcd:accuracy></extensions>
</wpt>
<wpt lat="35.6005261" lon="139.6678223">
<time>2026-01-01T00:23:16.000Z</time>
<extensions><trainlcd:accuracy>15</trainlcd:accuracy></extensions>
</wpt>
<wpt lat="35.6006840" lon="139.6678422">
<time>2026-01-01T00:23:17.000Z</time>
<extensions><trainlcd:accuracy>17</trainlcd:accuracy></extensions>
</wpt>
<wpt lat="35.6008420" lon="139.6678620">
<time>2026-01-01T00:23:18.000Z</time>
<extensions><trainlcd:accuracy>19</trainlcd:accuracy></extensions>
</wpt>
<wpt lat="35.6010000" lon="139.6678819">
<time>2026-01-01T00:23:19.000Z</time>
<extensions><trainlcd:accuracy>19</trainlcd:accuracy></extensions>
</wpt>
<wpt lat="35.6011579" lon="139.6679017">
<time>2026-01-01T00:23:20.000Z</time>
<extensions><trainlcd:accuracy>20</trainlcd:accuracy></extensions>
</wpt>
<wpt lat="35.6013159" lon="139.6679216">
<time>2026-01-01T00:23:21.000Z</time>
<extensions><trainlcd:accuracy>10</trainlcd:accuracy></extensions>
</wpt>
<wpt lat="35.6014738" lon="139.6679414">
<time>2026-01-01T00:23:22.000Z</time>
<extensions><trainlcd:accuracy>10</trainlcd:accuracy></extensions>
</wpt>
<wpt lat="35.6016318" lon="139.6679613">
<time>2026-01-01T00:23:23.000Z</time>
<extensions><trainlcd:accuracy>19</trainlcd:accuracy></extensions>
</wpt>
<wpt lat="35.6017897" lon="139.6679811">
<time>2026-01-01T00:23:24.000Z</time>
<extensions><trainlcd:accuracy>13</trainlcd:accuracy></extensions>
</wpt>
<wpt lat="35.6019477" lon="139.6680010">
<time>2026-01-01T00:23:25.000Z</time>
<extensions><trainlcd:accuracy>13</trainlcd:accuracy></extensions>
</wpt>
<wpt lat="35.6021056" lon="139.6680208">
<time>2026-01-01T00:23:26.000Z</time>
<extensions><trainlcd:accuracy>9</trainlcd:accuracy></extensions>
</wpt>
<wpt lat="35.6022636" lon="139.6680407">
<time>2026-01-01T00:23:27.000Z</time>
<extensions><trainlcd:accuracy>14</trainlcd:accuracy></extensions>
</wpt>
<wpt lat="35.6024216" lon="139.6680605">
<time>2026-01-01T00:23:28.000Z</time>
<extensions><trainlcd:accuracy>12</trainlcd:accuracy></extensions>
</wpt>
<wpt lat="35.6025795" lon="139.6680804">
<time>2026-01-01T00:23:29.000Z</time>
<extensions><trainlcd:accuracy>9</trainlcd:accuracy></extensions>
</wpt>
<wpt lat="35.6027375" lon="139.6681002">
<time>2026-01-01T00:23:30.000Z</time>
<extensions><trainlcd:accuracy>16</trainlcd:accuracy></extensions>
</wpt>
<wpt lat="35.6028954" lon="139.6681201">
<time>2026-01-01T00:23:31.000Z</time>
<extensions><trainlcd:accuracy>18</trainlcd:accuracy></extensions>
</wpt>
<wpt lat="35.6030534" lon="139.6681399">
<time>2026-01-01T00:23:32.000Z</time>
<extensions><trainlcd:accuracy>9</trainlcd:accuracy></extensions>
</wpt>
<wpt lat="35.6032113" lon="139.6681598">
<time>2026-01-01T00:23:33.000Z</time>
<extensions><trainlcd:accuracy>14</trainlcd:accuracy></extensions>
</wpt>
<wpt lat="35.6033693" lon="139.6681796">
<time>2026-01-01T00:23:34.000Z</time>
<extensions><trainlcd:accuracy>12</trainlcd:accuracy></extensions>
</wpt>
<wpt lat="35.6035272" lon="139.6681995">
<time>2026-01-01T00:23:35.000Z</time>
<extensions><trainlcd:accuracy>19</trainlcd:accuracy></extensions>
</wpt>
<wpt lat="35.6036852" lon="139.6682193">
<time>2026-01-01T00:23:36.000Z</time>
<extensions><trainlcd:accuracy>8</trainlcd:accuracy></extensions>
</wpt>
<wpt lat="35.6038432" lon="139.6682392">
<time>2026-01-01T00:23:37.000Z</time>
<extensions><trainlcd:accuracy>18</trainlcd:accuracy></extensions>
</wpt>
<wpt lat="35.6040011" lon="139.6682590">
<time>2026-01-01T00:23:38.000Z</time>
<extensions><trainlcd:accuracy>17</trainlcd:accuracy></extensions>
</wpt>
<wpt lat="35.6041591" lon="139.6682789">
<time>2026-01-01T00:23:39.000Z</time>
<extensions><trainlcd:accuracy>8</trainlcd:accuracy></extensions>
</wpt>
<wpt lat="35.6043170" lon="139.6682987">
<time>2026-01-01T00:23:40.000Z</time>
<extensions><trainlcd:accuracy>19</trainlcd:accuracy></extensions>
</wpt>
<wpt lat="35.6044750" lon="139.6683186">
<time>2026-01-01T00:23:41.000Z</time>
<extensions><trainlcd:accuracy>20</trainlcd:accuracy></extensions>
</wpt>
<wpt lat="35.6046329" lon="139.6683384">
<time>2026-01-01T00:23:42.000Z</time>
<extensions><trainlcd:accuracy>11</trainlcd:accuracy></extensions>
</wpt>
<wpt lat="35.6047909" lon="139.6683583">
<time>2026-01-01T00:23:43.000Z</time>
<extensions><trainlcd:accuracy>19</trainlcd:accuracy></extensions>
</wpt>
<wpt lat="35.6049488" lon="139.6683781">
<time>2026-01-01T00:23:44.000Z</time>
<extensions><trainlcd:accuracy>11</trainlcd:accuracy></extensions>
</wpt>
<wpt lat="35.6051068" lon="139.6683980">
<time>2026-01-01T00:23:45.000Z</time>
<extensions><trainlcd:accuracy>19</trainlcd:accuracy></extensions>
</wpt>
<wpt lat="35.6052648" lon="139.6684178">
<time>2026-01-01T00:23:46.000Z</time>
<extensions><trainlcd:accuracy>17</trainlcd:accuracy></extensions>
</wpt>
<wpt lat="35.6054227" lon="139.6684376">
<time>2026-01-01T00:23:47.000Z</time>
<extensions><trainlcd:accuracy>10</trainlcd:accuracy></extensions>
</wpt>
<wpt lat="35.6055807" lon="139.6684575">
<time>2026-01-01T00:23:48.000Z</time>
<extensions><trainlcd:accuracy>9</trainlcd:accuracy></extensions>
</wpt>
<wpt lat="35.6057386" lon="139.6684773">
<time>2026-01-01T00:23:49.000Z</time>
<extensions><trainlcd:accuracy>16</trainlcd:accuracy></extensions>
</wpt>
<wpt lat="35.6058886" lon="139.6684962">
<time>2026-01-01T00:23:50.000Z</time>
<extensions><trainlcd:accuracy>11</trainlcd:accuracy></extensions>
</wpt>
<wpt lat="35.6060306" lon="139.6685140">
<time>2026-01-01T00:23:51.000Z</time>
<extensions><trainlcd:accuracy>20</trainlcd:accuracy></extensions>
</wpt>
<wpt lat="35.6061646" lon="139.6685309">
<time>2026-01-01T00:23:52.000Z</time>
<extensions><trainlcd:accuracy>12</trainlcd:accuracy></extensions>
</wpt>
<wpt lat="35.6062907" lon="139.6685467">
<time>2026-01-01T00:23:53.000Z</time>
<extensions><trainlcd:accuracy>20</trainlcd:accuracy></extensions>
</wpt>
<wpt lat="35.6064087" lon="139.6685616">
<time>2026-01-01T00:23:54.000Z</time>
<extensions><trainlcd:accuracy>16</trainlcd:accuracy></extensions>
</wpt>
<wpt lat="35.6065188" lon="139.6685754">
<time>2026-01-01T00:23:55.000Z</time>
<extensions><trainlcd:accuracy>11</trainlcd:accuracy></extensions>
</wpt>
<wpt lat="35.6066209" lon="139.6685882">
<time>2026-01-01T00:23:56.000Z</time>
<extensions><trainlcd:accuracy>10</trainlcd:accuracy></extensions>
</wpt>
<wpt lat="35.6067151" lon="139.6686000">
<time>2026-01-01T00:23:57.000Z</time>
<extensions><trainlcd:accuracy>17</trainlcd:accuracy></extensions>
</wpt>
<wpt lat="35.6068012" lon="139.6686109">
<time>2026-01-01T00:23:58.000Z</time>
<extensions><trainlcd:accuracy>14</trainlcd:accuracy></extensions>
</wpt>
<wpt lat="35.6068794" lon="139.6686207">
<time>2026-01-01T00:23:59.000Z</time>
<extensions><trainlcd:accuracy>13</trainlcd:accuracy></extensions>
</wpt>
<wpt lat="35.6069496" lon="139.6686295">
<time>2026-01-01T00:24:00.000Z</time>
<extensions><trainlcd:accuracy>12</trainlcd:accuracy></extensions>
</wpt>
<wpt lat="35.6070118" lon="139.6686373">
<time>2026-01-01T00:24:01.000Z</time>
<extensions><trainlcd:accuracy>16</trainlcd:accuracy></extensions>
</wpt>
<wpt lat="35.6070661" lon="139.6686442">
<time>2026-01-01T00:24:02.000Z</time>
<extensions><trainlcd:accuracy>13</trainlcd:accuracy></extensions>
</wpt>
<wpt lat="35.6071123" lon="139.6686500">
<time>2026-01-01T00:24:03.000Z</time>
<extensions><trainlcd:accuracy>9</trainlcd:accuracy></extensions>
</wpt>
<wpt lat="35.6071506" lon="139.6686548">
<time>2026-01-01T00:24:04.000Z</time>
<extensions><trainlcd:accuracy>17</trainlcd:accuracy></extensions>
</wpt>
<wpt lat="35.6071809" lon="139.6686586">
<time>2026-01-01T00:24:05.000Z</time>
<extensions><trainlcd:accuracy>13</trainlcd:accuracy></extensions>
</wpt>
<wpt lat="35.6072033" lon="139.6686614">
<time>2026-01-01T00:24:06.000Z</time>
<extensions><trainlcd:accuracy>12</trainlcd:accuracy></extensions>
</wpt>
<wpt lat="35.6072176" lon="139.6686632">
<time>2026-01-01T00:24:07.000Z</time>
<extensions><trainlcd:accuracy>12</trainlcd:accuracy></extensions>
</wpt>
<wpt lat="35.6072240" lon="139.6686640">
<time>2026-01-01T00:24:08.000Z</time>
<extensions><trainlcd:accuracy>15</trainlcd:accuracy></extensions>
</wpt>
<wpt lat="35.6072240" lon="139.6686640">
<time>2026-01-01T00:24:09.000Z</time>
<extensions><trainlcd:accuracy>14</trainlcd:accuracy></extensions>
</wpt>
<wpt lat="35.6072240" lon="139.6686640">
<time>2026-01-01T00:24:10.000Z</time>
<extensions><trainlcd:accuracy>8</trainlcd:accuracy></extensions>
</wpt>
<wpt lat="35.6072240" lon="139.6686640">
<time>2026-01-01T00:24:11.000Z</time>
<extensions><trainlcd:accuracy>15</trainlcd:accuracy></extensions>
</wpt>
<wpt lat="35.6072240" lon="139.6686640">
<time>2026-01-01T00:24:12.000Z</time>
<extensions><trainlcd:accuracy>12</trainlcd:accuracy></extensions>
</wpt>
<wpt lat="35.6072240" lon="139.6686640">
<time>2026-01-01T00:24:13.000Z</time>
<extensions><trainlcd:accuracy>15</trainlcd:accuracy></extensions>
</wpt>
<wpt lat="35.6072240" lon="139.6686640">
<time>2026-01-01T00:24:14.000Z</time>
<extensions><trainlcd:accuracy>14</trainlcd:accuracy></extensions>
</wpt>
<wpt lat="35.6072240" lon="139.6686640">
<time>2026-01-01T00:24:15.000Z</time>
<extensions><trainlcd:accuracy>9</trainlcd:accuracy></extensions>
</wpt>
<wpt lat="35.6072240" lon="139.6686640">
<time>2026-01-01T00:24:16.000Z</time>
<extensions><trainlcd:accuracy>14</trainlcd:accuracy></extensions>
</wpt>
<wpt lat="35.6072240" lon="139.6686640">
<time>2026-01-01T00:24:17.000Z</time>
<extensions><trainlcd:accuracy>12</trainlcd:accuracy></extensions>
</wpt>
<wpt lat="35.6072240" lon="139.6686640">
<time>2026-01-01T00:24:18.000Z</time>
<extensions><trainlcd:accuracy>20</trainlcd:accuracy></extensions>
</wpt>
<wpt lat="35.6072240" lon="139.6686640">
<time>2026-01-01T00:24:19.000Z</time>
<extensions><trainlcd:accuracy>10</trainlcd:accuracy></extensions>
</wpt>
<wpt lat="35.6072240" lon="139.6686640">
<time>2026-01-01T00:24:20.000Z</time>
<extensions><trainlcd:accuracy>9</trainlcd:accuracy></extensions>
</wpt>
<wpt lat="35.6072240" lon="139.6686640">
<time>2026-01-01T00:24:21.000Z</time>
<extensions><trainlcd:accuracy>20</trainlcd:accuracy></extensions>
</wpt>
<wpt lat="35.6072240" lon="139.6686640">
<time>2026-01-01T00:24:22.000Z</time>
<extensions><trainlcd:accuracy>17</trainlcd:accuracy></extensions>
</wpt>
<wpt lat="35.6072240" lon="139.6686640">
<time>2026-01-01T00:24:23.000Z</time>
<extensions><trainlcd:accuracy>12</trainlcd:accuracy></extensions>
</wpt>
<wpt lat="35.6072240" lon="139.6686640">
<time>2026-01-01T00:24:24.000Z</time>
<extensions><trainlcd:accuracy>18</trainlcd:accuracy></extensions>
</wpt>
<wpt lat="35.6072240" lon="139.6686640">
<time>2026-01-01T00:24:25.000Z</time>
<extensions><trainlcd:accuracy>12</trainlcd:accuracy></extensions>
</wpt>
<wpt lat="35.6072240" lon="139.6686640">
<time>2026-01-01T00:24:26.000Z</time>
<extensions><trainlcd:accuracy>14</trainlcd:accuracy></extensions>
</wpt>
<wpt lat="35.6072240" lon="139.6686640">
<time>2026-01-01T00:24:27.000Z</time>
<extensions><trainlcd:accuracy>14</trainlcd:accuracy></extensions>
</wpt>
<wpt lat="35.6072240" lon="139.6686640">
<time>2026-01-01T00:24:28.000Z</time>
<extensions><trainlcd:accuracy>10</trainlcd:accuracy></extensions>
</wpt>
<wpt lat="35.6072240" lon="139.6686640">
<time>2026-01-01T00:24:29.000Z</time>
<extensions><trainlcd:accuracy>13</trainlcd:accuracy></extensions>
</wpt>
<wpt lat="35.6072240" lon="139.6686640">
<time>2026-01-01T00:24:30.000Z</time>
<extensions><trainlcd:accuracy>18</trainlcd:accuracy></extensions>
</wpt>
<wpt lat="35.6072240" lon="139.6686640">
<time>2026-01-01T00:24:31.000Z</time>
<extensions><trainlcd:accuracy>12</trainlcd:accuracy></extensions>
</wpt>
<wpt lat="35.6072240" lon="139.6686640">
<time>2026-01-01T00:24:32.000Z</time>
<extensions><trainlcd:accuracy>11</trainlcd:accuracy></extensions>
</wpt>
<wpt lat="35.6072240" lon="139.6686640">
<time>2026-01-01T00:24:33.000Z</time>
<extensions><trainlcd:accuracy>8</trainlcd:accuracy></extensions>
</wpt>
<wpt lat="35.6072240" lon="139.6686640">
<time>2026-01-01T00:24:34.000Z</time>
<extensions><trainlcd:accuracy>13</trainlcd:accuracy></extensions>
</wpt>
<wpt lat="35.6072240" lon="139.6686640">
<time>2026-01-01T00:24:35.000Z</time>
<extensions><trainlcd:accuracy>18</trainlcd:accuracy></extensions>
</wpt>
<wpt lat="35.6072240" lon="139.6686640">
<time>2026-01-01T00:24:36.000Z</time>
<extensions><trainlcd:accuracy>19</trainlcd:accuracy></extensions>
</wpt>
<wpt lat="35.6072240" lon="139.6686640">
<time>2026-01-01T00:24:37.000Z</time>
<extensions><trainlcd:accuracy>14</trainlcd:accuracy></extensions>
</wpt>
<wpt lat="35.6072240" lon="139.6686640">
<time>2026-01-01T00:24:38.000Z</time>
<extensions><trainlcd:accuracy>17</trainlcd:accuracy></extensions>
</wpt>
<wpt lat="35.6072240" lon="139.6686640">
<time>2026-01-01T00:24:39.000Z</time>
<extensions><trainlcd:accuracy>14</trainlcd:accuracy></extensions>
</wpt>
<wpt lat="35.6072240" lon="139.6686640">
<time>2026-01-01T00:24:40.000Z</time>
<extensions><trainlcd:accuracy>18</trainlcd:accuracy></extensions>
</wpt>
<wpt lat="35.6072240" lon="139.6686640">
<time>2026-01-01T00:24:41.000Z</time>
<extensions><trainlcd:accuracy>20</trainlcd:accuracy></extensions>
</wpt>
<wpt lat="35.6072240" lon="139.6686640">
<time>2026-01-01T00:24:42.000Z</time>
<extensions><trainlcd:accuracy>14</trainlcd:accuracy></extensions>
</wpt>
<wpt lat="35.6072240" lon="139.6686640">
<time>2026-01-01T00:24:43.000Z</time>
<extensions><trainlcd:accuracy>20</trainlcd:accuracy></extensions>
</wpt>
<wpt lat="35.6072240" lon="139.6686640">
<time>2026-01-01T00:24:44.000Z</time>
<extensions><trainlcd:accuracy>10</trainlcd:accuracy></extensions>
</wpt>
<wpt lat="35.6072240" lon="139.6686640">
<time>2026-01-01T00:24:45.000Z</time>
<extensions><trainlcd:accuracy>17</trainlcd:accuracy></extensions>
</wpt>
<wpt lat="35.6072294" lon="139.6686679">
<time>2026-01-01T00:24:46.000Z</time>
<extensions><trainlcd:accuracy>11</trainlcd:accuracy></extensions>
</wpt>
<wpt lat="35.6072401" lon="139.6686757">
<time>2026-01-01T00:24:47.000Z</time>
<extensions><trainlcd:accuracy>15</trainlcd:accuracy></extensions>
</wpt>
<wpt lat="35.6072562" lon="139.6686874">
<time>2026-01-01T00:24:48.000Z</time>
<extensions><trainlcd:accuracy>15</trainlcd:accuracy></extensions>
</wpt>
<wpt lat="35.6072776" lon="139.6687031">
<time>2026-01-01T00:24:49.000Z</time>
<extensions><trainlcd:accuracy>20</trainlcd:accuracy></extensions>
</wpt>
<wpt lat="35.6073045" lon="139.6687226">
<time>2026-01-01T00:24:50.000Z</time>
<extensions><trainlcd:accuracy>19</trainlcd:accuracy></extensions>
</wpt>
<wpt lat="35.6073366" lon="139.6687461">
<time>2026-01-01T00:24:51.000Z</time>
<extensions><trainlcd:accuracy>15</trainlcd:accuracy></extensions>
</wpt>
<wpt lat="35.6073742" lon="139.6687734">
<time>2026-01-01T00:24:52.000Z</time>
<extensions><trainlcd:accuracy>17</trainlcd:accuracy></extensions>
</wpt>
<wpt lat="35.6074171" lon="139.6688047">
<time>2026-01-01T00:24:53.000Z</time>
<extensions><trainlcd:accuracy>13</trainlcd:accuracy></extensions>
</wpt>
<wpt lat="35.6074654" lon="139.6688398">
<time>2026-01-01T00:24:54.000Z</time>
<extensions><trainlcd:accuracy>17</trainlcd:accuracy></extensions>
</wpt>
<wpt lat="35.6075190" lon="139.6688789">
<time>2026-01-01T00:24:55.000Z</time>
<extensions><trainlcd:accuracy>14</trainlcd:accuracy></extensions>
</wpt>
<wpt lat="35.6075780" lon="139.6689219">
<time>2026-01-01T00:24:56.000Z</time>
<extensions><trainlcd:accuracy>18</trainlcd:accuracy></extensions>
</wpt>
<wpt lat="35.6076424" lon="139.6689688">
<time>2026-01-01T00:24:57.000Z</time>
<extensions><trainlcd:accuracy>8</trainlcd:accuracy></extensions>
</wpt>
<wpt lat="35.6077121" lon="139.6690196">
<time>2026-01-01T00:24:58.000Z</time>
<extensions><trainlcd:accuracy>19</trainlcd:accuracy></extensions>
</wpt>
<wpt lat="35.6077872" lon="139.6690743">
<time>2026-01-01T00:24:59.000Z</time>
<extensions><trainlcd:accuracy>14</trainlcd:accuracy></extensions>
</wpt>
<wpt lat="35.6078677" lon="139.6691329">
<time>2026-01-01T00:25:00.000Z</time>
<extensions><trainlcd:accuracy>11</trainlcd:accuracy></extensions>
</wpt>
<wpt lat="35.6079535" lon="139.6691954">
<time>2026-01-01T00:25:01.000Z</time>
<extensions><trainlcd:accuracy>8</trainlcd:accuracy></extensions>
</wpt>
<wpt lat="35.6080447" lon="139.6692618">
<time>2026-01-01T00:25:02.000Z</time>
<extensions><trainlcd:accuracy>17</trainlcd:accuracy></extensions>
</wpt>
<wpt lat="35.6081413" lon="139.6693321">
<time>2026-01-01T00:25:03.000Z</time>
<extensions><trainlcd:accuracy>15</trainlcd:accuracy></extensions>
</wpt>
<wpt lat="35.6082432" lon="139.6694064">
<time>2026-01-01T00:25:04.000Z</time>
<extensions><trainlcd:accuracy>16</trainlcd:accuracy></extensions>
</wpt>
<wpt lat="35.6083505" lon="139.6694845">
<time>2026-01-01T00:25:05.000Z</time>
<extensions><trainlcd:accuracy>16</trainlcd:accuracy></extensions>
</wpt>
<wpt lat="35.6084631" lon="139.6695666">
<time>2026-01-01T00:25:06.000Z</time>
<extensions><trainlcd:accuracy>20</trainlcd:accuracy></extensions>
</wpt>
<wpt lat="35.6085811" lon="139.6696525">
<time>2026-01-01T00:25:07.000Z</time>
<extensions><trainlcd:accuracy>9</trainlcd:accuracy></extensions>
</wpt>
<wpt lat="35.6087045" lon="139.6697424">
<time>2026-01-01T00:25:08.000Z</time>
<extensions><trainlcd:accuracy>20</trainlcd:accuracy></extensions>
</wpt>
<wpt lat="35.6088332" lon="139.6698362">
<time>2026-01-01T00:25:09.000Z</time>
<extensions><trainlcd:accuracy>9</trainlcd:accuracy></extensions>
</wpt>
<wpt lat="35.6089673" lon="139.6699338">
<time>2026-01-01T00:25:10.000Z</time>
<extensions><trainlcd:accuracy>19</trainlcd:accuracy></extensions>
</wpt>
<wpt lat="35.6091045" lon="139.6700338">
<time>2026-01-01T00:25:11.000Z</time>
<extensions><trainlcd:accuracy>13</trainlcd:accuracy></extensions>
</wpt>
<wpt lat="35.6092417" lon="139.6701337">
<time>2026-01-01T00:25:12.000Z</time>
<extensions><trainlcd:accuracy>9</trainlcd:accuracy></extensions>
</wpt>
<wpt lat="35.6093789" lon="139.6702336">
<time>2026-01-01T00:25:13.000Z</time>
<extensions><trainlcd:accuracy>18</trainlcd:accuracy></extensions>
</wpt>
<wpt lat="35.6095161" lon="139.6703336">
<time>2026-01-01T00:25:14.000Z</time>
<extensions><trainlcd:accuracy>10</trainlcd:accuracy></extensions>
</wpt>
<wpt lat="35.6096533" lon="139.6704335">
<time>2026-01-01T00:25:15.000Z</time>
<extensions><trainlcd:accuracy>14</trainlcd:accuracy></extensions>
</wpt>
<wpt lat="35.6097905" lon="139.6705334">
<time>2026-01-01T00:25:16.000Z</time>
<extensions><trainlcd:accuracy>15</trainlcd:accuracy></extensions>
</wpt>
<wpt lat="35.6099277" lon="139.6706334">
<time>2026-01-01T00:25:17.000Z</time>
<extensions><trainlcd:accuracy>17</trainlcd:accuracy></extensions>
</wpt>
<wpt lat="35.6100649" lon="139.6707333">
<time>2026-01-01T00:25:18.000Z</time>
<extensions><trainlcd:accuracy>12</trainlcd:accuracy></extensions>
</wpt>
<wpt lat="35.6102021" lon="139.6708332">
<time>2026-01-01T00:25:19.000Z</time>
<extensions><trainlcd:accuracy>12</trainlcd:accuracy></extensions>
</wpt>
<wpt lat="35.6103393" lon="139.6709332">
<time>2026-01-01T00:25:20.000Z</time>
<extensions><trainlcd:accuracy>19</trainlcd:accuracy></extensions>
</wpt>
<wpt lat="35.6104765" lon="139.6710331">
<time>2026-01-01T00:25:21.000Z</time>
<extensions><trainlcd:accuracy>15</trainlcd:accuracy></extensions>
</wpt>
<wpt lat="35.6106137" lon="139.6711330">
<time>2026-01-01T00:25:22.000Z</time>
<extensions><trainlcd:accuracy>20</trainlcd:accuracy></extensions>
</wpt>
<wpt lat="35.6107509" lon="139.6712329">
<time>2026-01-01T00:25:23.000Z</time>
<extensions><trainlcd:accuracy>11</trainlcd:accuracy></extensions>
</wpt>
<wpt lat="35.6108881" lon="139.6713329">
<time>2026-01-01T00:25:24.000Z</time>
<extensions><trainlcd:accuracy>16</trainlcd:accuracy></extensions>
</wpt>
<wpt lat="35.6110252" lon="139.6714328">
<time>2026-01-01T00:25:25.000Z</time>
<extensions><trainlcd:accuracy>14</trainlcd:accuracy></extensions>
</wpt>
<wpt lat="35.6111624" lon="139.6715327">
<time>2026-01-01T00:25:26.000Z</time>
<extensions><trainlcd:accuracy>11</trainlcd:accuracy></extensions>
</wpt>
<wpt lat="35.6112996" lon="139.6716327">
<time>2026-01-01T00:25:27.000Z</time>
<extensions><trainlcd:accuracy>14</trainlcd:accuracy></extensions>
</wpt>
<wpt lat="35.6114368" lon="139.6717326">
<time>2026-01-01T00:25:28.000Z</time>
<extensions><trainlcd:accuracy>17</trainlcd:accuracy></extensions>
</wpt>
<wpt lat="35.6115740" lon="139.6718325">
<time>2026-01-01T00:25:29.000Z</time>
<extensions><trainlcd:accuracy>19</trainlcd:accuracy></extensions>
</wpt>
<wpt lat="35.6117112" lon="139.6719325">
<time>2026-01-01T00:25:30.000Z</time>
<extensions><trainlcd:accuracy>12</trainlcd:accuracy></extensions>
</wpt>
<wpt lat="35.6118484" lon="139.6720324">
<time>2026-01-01T00:25:31.000Z</time>
<extensions><trainlcd:accuracy>19</trainlcd:accuracy></extensions>
</wpt>
<wpt lat="35.6119856" lon="139.6721323">
<time>2026-01-01T00:25:32.000Z</time>
<extensions><trainlcd:accuracy>12</trainlcd:accuracy></extensions>
</wpt>
<wpt lat="35.6121228" lon="139.6722323">
<time>2026-01-01T00:25:33.000Z</time>
<extensions><trainlcd:accuracy>13</trainlcd:accuracy></extensions>
</wpt>
<wpt lat="35.6122600" lon="139.6723322">
<time>2026-01-01T00:25:34.000Z</time>
<extensions><trainlcd:accuracy>18</trainlcd:accuracy></extensions>
</wpt>
<wpt lat="35.6123972" lon="139.6724321">
<time>2026-01-01T00:25:35.000Z</time>
<extensions><trainlcd:accuracy>12</trainlcd:accuracy></extensions>
</wpt>
<wpt lat="35.6125344" lon="139.6725321">
<time>2026-01-01T00:25:36.000Z</time>
<extensions><trainlcd:accuracy>12</trainlcd:accuracy></extensions>
</wpt>
<wpt lat="35.6126716" lon="139.6726320">
<time>2026-01-01T00:25:37.000Z</time>
<extensions><trainlcd:accuracy>17</trainlcd:accuracy></extensions>
</wpt>
<wpt lat="35.6128088" lon="139.6727319">
<time>2026-01-01T00:25:38.000Z</time>
<extensions><trainlcd:accuracy>19</trainlcd:accuracy></extensions>
</wpt>
<wpt lat="35.6129460" lon="139.6728318">
<time>2026-01-01T00:25:39.000Z</time>
<extensions><trainlcd:accuracy>11</trainlcd:accuracy></extensions>
</wpt>
<wpt lat="35.6130831" lon="139.6729318">
<time>2026-01-01T00:25:40.000Z</time>
<extensions><trainlcd:accuracy>13</trainlcd:accuracy></extensions>
</wpt>
<wpt lat="35.6132203" lon="139.6730317">
<time>2026-01-01T00:25:41.000Z</time>
<extensions><trainlcd:accuracy>16</trainlcd:accuracy></extensions>
</wpt>
<wpt lat="35.6133575" lon="139.6731316">
<time>2026-01-01T00:25:42.000Z</time>
<extensions><trainlcd:accuracy>19</trainlcd:accuracy></extensions>
</wpt>
<wpt lat="35.6134947" lon="139.6732316">
<time>2026-01-01T00:25:43.000Z</time>
<extensions><trainlcd:accuracy>15</trainlcd:accuracy></extensions>
</wpt>
<wpt lat="35.6136319" lon="139.6733315">
<time>2026-01-01T00:25:44.000Z</time>
<extensions><trainlcd:accuracy>8</trainlcd:accuracy></extensions>
</wpt>
<wpt lat="35.6137691" lon="139.6734314">
<time>2026-01-01T00:25:45.000Z</time>
<extensions><trainlcd:accuracy>17</trainlcd:accuracy></extensions>
</wpt>
<wpt lat="35.6139063" lon="139.6735314">
<time>2026-01-01T00:25:46.000Z</time>
<extensions><trainlcd:accuracy>18</trainlcd:accuracy></extensions>
</wpt>
<wpt lat="35.6140435" lon="139.6736313">
<time>2026-01-01T00:25:47.000Z</time>
<extensions><trainlcd:accuracy>14</trainlcd:accuracy></extensions>
</wpt>
<wpt lat="35.6141807" lon="139.6737312">
<time>2026-01-01T00:25:48.000Z</time>
<extensions><trainlcd:accuracy>15</trainlcd:accuracy></extensions>
</wpt>
<wpt lat="35.6143179" lon="139.6738312">
<time>2026-01-01T00:25:49.000Z</time>
<extensions><trainlcd:accuracy>15</trainlcd:accuracy></extensions>
</wpt>
<wpt lat="35.6144551" lon="139.6739311">
<time>2026-01-01T00:25:50.000Z</time>
<extensions><trainlcd:accuracy>16</trainlcd:accuracy></extensions>
</wpt>
<wpt lat="35.6145923" lon="139.6740310">
<time>2026-01-01T00:25:51.000Z</time>
<extensions><trainlcd:accuracy>12</trainlcd:accuracy></extensions>
</wpt>
<wpt lat="35.6147295" lon="139.6741309">
<time>2026-01-01T00:25:52.000Z</time>
<extensions><trainlcd:accuracy>9</trainlcd:accuracy></extensions>
</wpt>
<wpt lat="35.6148667" lon="139.6742309">
<time>2026-01-01T00:25:53.000Z</time>
<extensions><trainlcd:accuracy>13</trainlcd:accuracy></extensions>
</wpt>
<wpt lat="35.6150039" lon="139.6743308">
<time>2026-01-01T00:25:54.000Z</time>
<extensions><trainlcd:accuracy>16</trainlcd:accuracy></extensions>
</wpt>
<wpt lat="35.6151411" lon="139.6744307">
<time>2026-01-01T00:25:55.000Z</time>
<extensions><trainlcd:accuracy>14</trainlcd:accuracy></extensions>
</wpt>
<wpt lat="35.6152782" lon="139.6745307">
<time>2026-01-01T00:25:56.000Z</time>
<extensions><trainlcd:accuracy>19</trainlcd:accuracy></extensions>
</wpt>
<wpt lat="35.6154154" lon="139.6746306">
<time>2026-01-01T00:25:57.000Z</time>
<extensions><trainlcd:accuracy>19</trainlcd:accuracy></extensions>
</wpt>
<wpt lat="35.6155526" lon="139.6747305">
<time>2026-01-01T00:25:58.000Z</time>
<extensions><trainlcd:accuracy>16</trainlcd:accuracy></extensions>
</wpt>
<wpt lat="35.6156898" lon="139.6748305">
<time>2026-01-01T00:25:59.000Z</time>
<extensions><trainlcd:accuracy>18</trainlcd:accuracy></extensions>
</wpt>
<wpt lat="35.6158270" lon="139.6749304">
<time>2026-01-01T00:26:00.000Z</time>
<extensions><trainlcd:accuracy>14</trainlcd:accuracy></extensions>
</wpt>
<wpt lat="35.6159642" lon="139.6750303">
<time>2026-01-01T00:26:01.000Z</time>
<extensions><trainlcd:accuracy>10</trainlcd:accuracy></extensions>
</wpt>
<wpt lat="35.6161014" lon="139.6751303">
<time>2026-01-01T00:26:02.000Z</time>
<extensions><trainlcd:accuracy>16</trainlcd:accuracy></extensions>
</wpt>
<wpt lat="35.6162386" lon="139.6752302">
<time>2026-01-01T00:26:03.000Z</time>
<extensions><trainlcd:accuracy>19</trainlcd:accuracy></extensions>
</wpt>
<wpt lat="35.6163758" lon="139.6753301">
<time>2026-01-01T00:26:04.000Z</time>
<extensions><trainlcd:accuracy>10</trainlcd:accuracy></extensions>
</wpt>
<wpt lat="35.6165130" lon="139.6754301">
<time>2026-01-01T00:26:05.000Z</time>
<extensions><trainlcd:accuracy>20</trainlcd:accuracy></extensions>
</wpt>
<wpt lat="35.6166502" lon="139.6755300">
<time>2026-01-01T00:26:06.000Z</time>
<extensions><trainlcd:accuracy>18</trainlcd:accuracy></extensions>
</wpt>
<wpt lat="35.6167874" lon="139.6756299">
<time>2026-01-01T00:26:07.000Z</time>
<extensions><trainlcd:accuracy>16</trainlcd:accuracy></extensions>
</wpt>
<wpt lat="35.6169246" lon="139.6757298">
<time>2026-01-01T00:26:08.000Z</time>
<extensions><trainlcd:accuracy>11</trainlcd:accuracy></extensions>
</wpt>
<wpt lat="35.6170618" lon="139.6758298">
<time>2026-01-01T00:26:09.000Z</time>
<extensions><trainlcd:accuracy>12</trainlcd:accuracy></extensions>
</wpt>
<wpt lat="35.6171990" lon="139.6759297">
<time>2026-01-01T00:26:10.000Z</time>
<extensions><trainlcd:accuracy>11</trainlcd:accuracy></extensions>
</wpt>
<wpt lat="35.6173362" lon="139.6760296">
<time>2026-01-01T00:26:11.000Z</time>
<extensions><trainlcd:accuracy>19</trainlcd:accuracy></extensions>
</wpt>
<wpt lat="35.6174733" lon="139.6761296">
<time>2026-01-01T00:26:12.000Z</time>
<extensions><trainlcd:accuracy>12</trainlcd:accuracy></extensions>
</wpt>
<wpt lat="35.6176105" lon="139.6762295">
<time>2026-01-01T00:26:13.000Z</time>
<extensions><trainlcd:accuracy>11</trainlcd:accuracy></extensions>
</wpt>
<wpt lat="35.6177477" lon="139.6763294">
<time>2026-01-01T00:26:14.000Z</time>
<extensions><trainlcd:accuracy>9</trainlcd:accuracy></extensions>
</wpt>
<wpt lat="35.6178836" lon="139.6764321">
<time>2026-01-01T00:26:15.000Z</time>
<extensions><trainlcd:accuracy>8</trainlcd:accuracy></extensions>
</wpt>
<wpt lat="35.6180170" lon="139.6765397">
<time>2026-01-01T00:26:16.000Z</time>
<extensions><trainlcd:accuracy>12</trainlcd:accuracy></extensions>
</wpt>
<wpt lat="35.6181505" lon="139.6766473">
<time>2026-01-01T00:26:17.000Z</time>
<extensions><trainlcd:accuracy>16</trainlcd:accuracy></extensions>
</wpt>
<wpt lat="35.6182839" lon="139.6767549">
<time>2026-01-01T00:26:18.000Z</time>
<extensions><trainlcd:accuracy>12</trainlcd:accuracy></extensions>
</wpt>
<wpt lat="35.6184174" lon="139.6768624">
<time>2026-01-01T00:26:19.000Z</time>
<extensions><trainlcd:accuracy>18</trainlcd:accuracy></extensions>
</wpt>
<wpt lat="35.6185508" lon="139.6769700">
<time>2026-01-01T00:26:20.000Z</time>
<extensions><trainlcd:accuracy>10</trainlcd:accuracy></extensions>
</wpt>
<wpt lat="35.6186843" lon="139.6770776">
<time>2026-01-01T00:26:21.000Z</time>
<extensions><trainlcd:accuracy>13</trainlcd:accuracy></extensions>
</wpt>
<wpt lat="35.6188177" lon="139.6771851">
<time>2026-01-01T00:26:22.000Z</time>
<extensions><trainlcd:accuracy>12</trainlcd:accuracy></extensions>
</wpt>
<wpt lat="35.6189512" lon="139.6772927">
<time>2026-01-01T00:26:23.000Z</time>
<extensions><trainlcd:accuracy>13</trainlcd:accuracy></extensions>
</wpt>
<wpt lat="35.6190847" lon="139.6774003">
<time>2026-01-01T00:26:24.000Z</time>
<extensions><trainlcd:accuracy>18</trainlcd:accuracy></extensions>
</wpt>
<wpt lat="35.6192181" lon="139.6775079">
<time>2026-01-01T00:26:25.000Z</time>
<extensions><trainlcd:accuracy>13</trainlcd:accuracy></extensions>
</wpt>
<wpt lat="35.6193516" lon="139.6776154">
<time>2026-01-01T00:26:26.000Z</time>
<extensions><trainlcd:accuracy>9</trainlcd:accuracy></extensions>
</wpt>
<wpt lat="35.6194850" lon="139.6777230">
<time>2026-01-01T00:26:27.000Z</time>
<extensions><trainlcd:accuracy>17</trainlcd:accuracy></extensions>
</wpt>
<wpt lat="35.6196185" lon="139.6778306">
<time>2026-01-01T00:26:28.000Z</time>
<extensions><trainlcd:accuracy>10</trainlcd:accuracy></extensions>
</wpt>
<wpt lat="35.6197519" lon="139.6779381">
<time>2026-01-01T00:26:29.000Z</time>
<extensions><trainlcd:accuracy>9</trainlcd:accuracy></extensions>
</wpt>
<wpt lat="35.6198854" lon="139.6780457">
<time>2026-01-01T00:26:30.000Z</time>
<extensions><trainlcd:accuracy>9</trainlcd:accuracy></extensions>
</wpt>
<wpt lat="35.6200188" lon="139.6781533">
<time>2026-01-01T00:26:31.000Z</time>
<extensions><trainlcd:accuracy>14</trainlcd:accuracy></extensions>
</wpt>
<wpt lat="35.6201523" lon="139.6782608">
<time>2026-01-01T00:26:32.000Z</time>
<extensions><trainlcd:accuracy>18</trainlcd:accuracy></extensions>
</wpt>
<wpt lat="35.6202858" lon="139.6783684">
<time>2026-01-01T00:26:33.000Z</time>
<extensions><trainlcd:accuracy>17</trainlcd:accuracy></extensions>
</wpt>
<wpt lat="35.6204192" lon="139.6784760">
<time>2026-01-01T00:26:34.000Z</time>
<extensions><trainlcd:accuracy>17</trainlcd:accuracy></extensions>
</wpt>
<wpt lat="35.6205527" lon="139.6785836">
<time>2026-01-01T00:26:35.000Z</time>
<extensions><trainlcd:accuracy>18</trainlcd:accuracy></extensions>
</wpt>
<wpt lat="35.6206861" lon="139.6786911">
<time>2026-01-01T00:26:36.000Z</time>
<extensions><trainlcd:accuracy>12</trainlcd:accuracy></extensions>
</wpt>
<wpt lat="35.6208196" lon="139.6787987">
<time>2026-01-01T00:26:37.000Z</time>
<extensions><trainlcd:accuracy>12</trainlcd:accuracy></extensions>
</wpt>
<wpt lat="35.6209530" lon="139.6789063">
<time>2026-01-01T00:26:38.000Z</time>
<extensions><trainlcd:accuracy>14</trainlcd:accuracy></extensions>
</wpt>
<wpt lat="35.6210865" lon="139.6790138">
<time>2026-01-01T00:26:39.000Z</time>
<extensions><trainlcd:accuracy>8</trainlcd:accuracy></extensions>
</wpt>
<wpt lat="35.6212199" lon="139.6791214">
<time>2026-01-01T00:26:40.000Z</time>
<extensions><trainlcd:accuracy>14</trainlcd:accuracy></extensions>
</wpt>
<wpt lat="35.6213534" lon="139.6792290">
<time>2026-01-01T00:26:41.000Z</time>
<extensions><trainlcd:accuracy>17</trainlcd:accuracy></extensions>
</wpt>
<wpt lat="35.6214868" lon="139.6793365">
<time>2026-01-01T00:26:42.000Z</time>
<extensions><trainlcd:accuracy>13</trainlcd:accuracy></extensions>
</wpt>
<wpt lat="35.6216203" lon="139.6794441">
<time>2026-01-01T00:26:43.000Z</time>
<extensions><trainlcd:accuracy>18</trainlcd:accuracy></extensions>
</wpt>
<wpt lat="35.6217538" lon="139.6795517">
<time>2026-01-01T00:26:44.000Z</time>
<extensions><trainlcd:accuracy>11</trainlcd:accuracy></extensions>
</wpt>
<wpt lat="35.6218872" lon="139.6796593">
<time>2026-01-01T00:26:45.000Z</time>
<extensions><trainlcd:accuracy>10</trainlcd:accuracy></extensions>
</wpt>
<wpt lat="35.6220207" lon="139.6797668">
<time>2026-01-01T00:26:46.000Z</time>
<extensions><trainlcd:accuracy>17</trainlcd:accuracy></extensions>
</wpt>
<wpt lat="35.6221541" lon="139.6798744">
<time>2026-01-01T00:26:47.000Z</time>
<extensions><trainlcd:accuracy>12</trainlcd:accuracy></extensions>
</wpt>
<wpt lat="35.6222876" lon="139.6799820">
<time>2026-01-01T00:26:48.000Z</time>
<extensions><trainlcd:accuracy>11</trainlcd:accuracy></extensions>
</wpt>
<wpt lat="35.6224210" lon="139.6800895">
<time>2026-01-01T00:26:49.000Z</time>
<extensions><trainlcd:accuracy>14</trainlcd:accuracy></extensions>
</wpt>
<wpt lat="35.6225545" lon="139.6801971">
<time>2026-01-01T00:26:50.000Z</time>
<extensions><trainlcd:accuracy>9</trainlcd:accuracy></extensions>
</wpt>
<wpt lat="35.6226879" lon="139.6803047">
<time>2026-01-01T00:26:51.000Z</time>
<extensions><trainlcd:accuracy>13</trainlcd:accuracy></extensions>
</wpt>
<wpt lat="35.6228214" lon="139.6804123">
<time>2026-01-01T00:26:52.000Z</time>
<extensions><trainlcd:accuracy>11</trainlcd:accuracy></extensions>
</wpt>
<wpt lat="35.6229548" lon="139.6805198">
<time>2026-01-01T00:26:53.000Z</time>
<extensions><trainlcd:accuracy>8</trainlcd:accuracy></extensions>
</wpt>
<wpt lat="35.6230883" lon="139.6806274">
<time>2026-01-01T00:26:54.000Z</time>
<extensions><trainlcd:accuracy>12</trainlcd:accuracy></extensions>
</wpt>
<wpt lat="35.6232218" lon="139.6807350">
<time>2026-01-01T00:26:55.000Z</time>
<extensions><trainlcd:accuracy>16</trainlcd:accuracy></extensions>
</wpt>
<wpt lat="35.6233552" lon="139.6808425">
<time>2026-01-01T00:26:56.000Z</time>
<extensions><trainlcd:accuracy>11</trainlcd:accuracy></extensions>
</wpt>
<wpt lat="35.6234887" lon="139.6809501">
<time>2026-01-01T00:26:57.000Z</time>
<extensions><trainlcd:accuracy>11</trainlcd:accuracy></extensions>
</wpt>
<wpt lat="35.6236221" lon="139.6810577">
<time>2026-01-01T00:26:58.000Z</time>
<extensions><trainlcd:accuracy>13</trainlcd:accuracy></extensions>
</wpt>
<wpt lat="35.6237556" lon="139.6811652">
<time>2026-01-01T00:26:59.000Z</time>
<extensions><trainlcd:accuracy>17</trainlcd:accuracy></extensions>
</wpt>
<wpt lat="35.6238890" lon="139.6812728">
<time>2026-01-01T00:27:00.000Z</time>
<extensions><trainlcd:accuracy>12</trainlcd:accuracy></extensions>
</wpt>
<wpt lat="35.6240225" lon="139.6813804">
<time>2026-01-01T00:27:01.000Z</time>
<extensions><trainlcd:accuracy>10</trainlcd:accuracy></extensions>
</wpt>
<wpt lat="35.6241559" lon="139.6814880">
<time>2026-01-01T00:27:02.000Z</time>
<extensions><trainlcd:accuracy>10</trainlcd:accuracy></extensions>
</wpt>
<wpt lat="35.6242894" lon="139.6815955">
<time>2026-01-01T00:27:03.000Z</time>
<extensions><trainlcd:accuracy>9</trainlcd:accuracy></extensions>
</wpt>
<wpt lat="35.6244228" lon="139.6817031">
<time>2026-01-01T00:27:04.000Z</time>
<extensions><trainlcd:accuracy>20</trainlcd:accuracy></extensions>
</wpt>
<wpt lat="35.6245563" lon="139.6818107">
<time>2026-01-01T00:27:05.000Z</time>
<extensions><trainlcd:accuracy>9</trainlcd:accuracy></extensions>
</wpt>
<wpt lat="35.6246898" lon="139.6819182">
<time>2026-01-01T00:27:06.000Z</time>
<extensions><trainlcd:accuracy>12</trainlcd:accuracy></extensions>
</wpt>
<wpt lat="35.6248232" lon="139.6820258">
<time>2026-01-01T00:27:07.000Z</time>
<extensions><trainlcd:accuracy>12</trainlcd:accuracy></extensions>
</wpt>
<wpt lat="35.6249567" lon="139.6821334">
<time>2026-01-01T00:27:08.000Z</time>
<extensions><trainlcd:accuracy>15</trainlcd:accuracy></extensions>
</wpt>
<wpt lat="35.6250901" lon="139.6822409">
<time>2026-01-01T00:27:09.000Z</time>
<extensions><trainlcd:accuracy>15</trainlcd:accuracy></extensions>
</wpt>
<wpt lat="35.6252236" lon="139.6823485">
<time>2026-01-01T00:27:10.000Z</time>
<extensions><trainlcd:accuracy>17</trainlcd:accuracy></extensions>
</wpt>
<wpt lat="35.6253570" lon="139.6824561">
<time>2026-01-01T00:27:11.000Z</time>
<extensions><trainlcd:accuracy>14</trainlcd:accuracy></extensions>
</wpt>
<wpt lat="35.6254905" lon="139.6825637">
<time>2026-01-01T00:27:12.000Z</time>
<extensions><trainlcd:accuracy>14</trainlcd:accuracy></extensions>
</wpt>
<wpt lat="35.6256239" lon="139.6826712">
<time>2026-01-01T00:27:13.000Z</time>
<extensions><trainlcd:accuracy>10</trainlcd:accuracy></extensions>
</wpt>
<wpt lat="35.6257574" lon="139.6827788">
<time>2026-01-01T00:27:14.000Z</time>
<extensions><trainlcd:accuracy>20</trainlcd:accuracy></extensions>
</wpt>
<wpt lat="35.6258908" lon="139.6828864">
<time>2026-01-01T00:27:15.000Z</time>
<extensions><trainlcd:accuracy>12</trainlcd:accuracy></extensions>
</wpt>
<wpt lat="35.6260243" lon="139.6829939">
<time>2026-01-01T00:27:16.000Z</time>
<extensions><trainlcd:accuracy>9</trainlcd:accuracy></extensions>
</wpt>
<wpt lat="35.6261578" lon="139.6831015">
<time>2026-01-01T00:27:17.000Z</time>
<extensions><trainlcd:accuracy>11</trainlcd:accuracy></extensions>
</wpt>
<wpt lat="35.6262912" lon="139.6832091">
<time>2026-01-01T00:27:18.000Z</time>
<extensions><trainlcd:accuracy>14</trainlcd:accuracy></extensions>
</wpt>
<wpt lat="35.6264247" lon="139.6833167">
<time>2026-01-01T00:27:19.000Z</time>
<extensions><trainlcd:accuracy>14</trainlcd:accuracy></extensions>
</wpt>
<wpt lat="35.6265581" lon="139.6834242">
<time>2026-01-01T00:27:20.000Z</time>
<extensions><trainlcd:accuracy>18</trainlcd:accuracy></extensions>
</wpt>
<wpt lat="35.6266916" lon="139.6835318">
<time>2026-01-01T00:27:21.000Z</time>
<extensions><trainlcd:accuracy>13</trainlcd:accuracy></extensions>
</wpt>
<wpt lat="35.6268250" lon="139.6836394">
<time>2026-01-01T00:27:22.000Z</time>
<extensions><trainlcd:accuracy>13</trainlcd:accuracy></extensions>
</wpt>
<wpt lat="35.6269585" lon="139.6837469">
<time>2026-01-01T00:27:23.000Z</time>
<extensions><trainlcd:accuracy>15</trainlcd:accuracy></extensions>
</wpt>
<wpt lat="35.6270919" lon="139.6838545">
<time>2026-01-01T00:27:24.000Z</time>
<extensions><trainlcd:accuracy>16</trainlcd:accuracy></extensions>
</wpt>
<wpt lat="35.6272254" lon="139.6839621">
<time>2026-01-01T00:27:25.000Z</time>
<extensions><trainlcd:accuracy>12</trainlcd:accuracy></extensions>
</wpt>
<wpt lat="35.6273588" lon="139.6840696">
<time>2026-01-01T00:27:26.000Z</time>
<extensions><trainlcd:accuracy>18</trainlcd:accuracy></extensions>
</wpt>
<wpt lat="35.6274923" lon="139.6841772">
<time>2026-01-01T00:27:27.000Z</time>
<extensions><trainlcd:accuracy>10</trainlcd:accuracy></extensions>
</wpt>
<wpt lat="35.6276258" lon="139.6842848">
<time>2026-01-01T00:27:28.000Z</time>
<extensions><trainlcd:accuracy>15</trainlcd:accuracy></extensions>
</wpt>
<wpt lat="35.6277592" lon="139.6843924">
<time>2026-01-01T00:27:29.000Z</time>
<extensions><trainlcd:accuracy>9</trainlcd:accuracy></extensions>
</wpt>
<wpt lat="35.6278927" lon="139.6844999">
<time>2026-01-01T00:27:30.000Z</time>
<extensions><trainlcd:accuracy>12</trainlcd:accuracy></extensions>
</wpt>
<wpt lat="35.6280261" lon="139.6846075">
<time>2026-01-01T00:27:31.000Z</time>
<extensions><trainlcd:accuracy>14</trainlcd:accuracy></extensions>
</wpt>
<wpt lat="35.6281596" lon="139.6847151">
<time>2026-01-01T00:27:32.000Z</time>
<extensions><trainlcd:accuracy>17</trainlcd:accuracy></extensions>
</wpt>
<wpt lat="35.6282930" lon="139.6848226">
<time>2026-01-01T00:27:33.000Z</time>
<extensions><trainlcd:accuracy>14</trainlcd:accuracy></extensions>
</wpt>
<wpt lat="35.6284265" lon="139.6849302">
<time>2026-01-01T00:27:34.000Z</time>
<extensions><trainlcd:accuracy>10</trainlcd:accuracy></extensions>
</wpt>
<wpt lat="35.6285599" lon="139.6850378">
<time>2026-01-01T00:27:35.000Z</time>
<extensions><trainlcd:accuracy>17</trainlcd:accuracy></extensions>
</wpt>
<wpt lat="35.6286934" lon="139.6851454">
<time>2026-01-01T00:27:36.000Z</time>
<extensions><trainlcd:accuracy>9</trainlcd:accuracy></extensions>
</wpt>
<wpt lat="35.6288291" lon="139.6852485">
<time>2026-01-01T00:27:37.000Z</time>
<extensions><trainlcd:accuracy>14</trainlcd:accuracy></extensions>
</wpt>
<wpt lat="35.6289701" lon="139.6853417">
<time>2026-01-01T00:27:38.000Z</time>
<extensions><trainlcd:accuracy>19</trainlcd:accuracy></extensions>
</wpt>
<wpt lat="35.6291110" lon="139.6854349">
<time>2026-01-01T00:27:39.000Z</time>
<extensions><trainlcd:accuracy>11</trainlcd:accuracy></extensions>
</wpt>
<wpt lat="35.6292519" lon="139.6855280">
<time>2026-01-01T00:27:40.000Z</time>
<extensions><trainlcd:accuracy>15</trainlcd:accuracy></extensions>
</wpt>
<wpt lat="35.6293929" lon="139.6856212">
<time>2026-01-01T00:27:41.000Z</time>
<extensions><trainlcd:accuracy>11</trainlcd:accuracy></extensions>
</wpt>
<wpt lat="35.6295338" lon="139.6857144">
<time>2026-01-01T00:27:42.000Z</time>
<extensions><trainlcd:accuracy>13</trainlcd:accuracy></extensions>
</wpt>
<wpt lat="35.6296747" lon="139.6858075">
<time>2026-01-01T00:27:43.000Z</time>
<extensions><trainlcd:accuracy>13</trainlcd:accuracy></extensions>
</wpt>
<wpt lat="35.6298157" lon="139.6859007">
<time>2026-01-01T00:27:44.000Z</time>
<extensions><trainlcd:accuracy>18</trainlcd:accuracy></extensions>
</wpt>
<wpt lat="35.6299566" lon="139.6859939">
<time>2026-01-01T00:27:45.000Z</time>
<extensions><trainlcd:accuracy>15</trainlcd:accuracy></extensions>
</wpt>
<wpt lat="35.6300975" lon="139.6860871">
<time>2026-01-01T00:27:46.000Z</time>
<extensions><trainlcd:accuracy>9</trainlcd:accuracy></extensions>
</wpt>
<wpt lat="35.6302385" lon="139.6861802">
<time>2026-01-01T00:27:47.000Z</time>
<extensions><trainlcd:accuracy>16</trainlcd:accuracy></extensions>
</wpt>
<wpt lat="35.6303794" lon="139.6862734">
<time>2026-01-01T00:27:48.000Z</time>
<extensions><trainlcd:accuracy>11</trainlcd:accuracy></extensions>
</wpt>
<wpt lat="35.6305204" lon="139.6863666">
<time>2026-01-01T00:27:49.000Z</time>
<extensions><trainlcd:accuracy>14</trainlcd:accuracy></extensions>
</wpt>
<wpt lat="35.6306613" lon="139.6864597">
<time>2026-01-01T00:27:50.000Z</time>
<extensions><trainlcd:accuracy>15</trainlcd:accuracy></extensions>
</wpt>
<wpt lat="35.6308022" lon="139.6865529">
<time>2026-01-01T00:27:51.000Z</time>
<extensions><trainlcd:accuracy>10</trainlcd:accuracy></extensions>
</wpt>
<wpt lat="35.6309432" lon="139.6866461">
<time>2026-01-01T00:27:52.000Z</time>
<extensions><trainlcd:accuracy>15</trainlcd:accuracy></extensions>
</wpt>
<wpt lat="35.6310841" lon="139.6867393">
<time>2026-01-01T00:27:53.000Z</time>
<extensions><trainlcd:accuracy>16</trainlcd:accuracy></extensions>
</wpt>
<wpt lat="35.6312250" lon="139.6868324">
<time>2026-01-01T00:27:54.000Z</time>
<extensions><trainlcd:accuracy>16</trainlcd:accuracy></extensions>
</wpt>
<wpt lat="35.6313660" lon="139.6869256">
<time>2026-01-01T00:27:55.000Z</time>
<extensions><trainlcd:accuracy>17</trainlcd:accuracy></extensions>
</wpt>
<wpt lat="35.6315069" lon="139.6870188">
<time>2026-01-01T00:27:56.000Z</time>
<extensions><trainlcd:accuracy>13</trainlcd:accuracy></extensions>
</wpt>
<wpt lat="35.6316478" lon="139.6871119">
<time>2026-01-01T00:27:57.000Z</time>
<extensions><trainlcd:accuracy>17</trainlcd:accuracy></extensions>
</wpt>
<wpt lat="35.6317888" lon="139.6872051">
<time>2026-01-01T00:27:58.000Z</time>
<extensions><trainlcd:accuracy>9</trainlcd:accuracy></extensions>
</wpt>
<wpt lat="35.6319297" lon="139.6872983">
<time>2026-01-01T00:27:59.000Z</time>
<extensions><trainlcd:accuracy>18</trainlcd:accuracy></extensions>
</wpt>
<wpt lat="35.6320706" lon="139.6873915">
<time>2026-01-01T00:28:00.000Z</time>
<extensions><trainlcd:accuracy>10</trainlcd:accuracy></extensions>
</wpt>
<wpt lat="35.6322116" lon="139.6874846">
<time>2026-01-01T00:28:01.000Z</time>
<extensions><trainlcd:accuracy>17</trainlcd:accuracy></extensions>
</wpt>
<wpt lat="35.6323525" lon="139.6875778">
<time>2026-01-01T00:28:02.000Z</time>
<extensions><trainlcd:accuracy>18</trainlcd:accuracy></extensions>
</wpt>
<wpt lat="35.6324934" lon="139.6876710">
<time>2026-01-01T00:28:03.000Z</time>
<extensions><trainlcd:accuracy>12</trainlcd:accuracy></extensions>
</wpt>
<wpt lat="35.6326344" lon="139.6877642">
<time>2026-01-01T00:28:04.000Z</time>
<extensions><trainlcd:accuracy>14</trainlcd:accuracy></extensions>
</wpt>
<wpt lat="35.6327753" lon="139.6878573">
<time>2026-01-01T00:28:05.000Z</time>
<extensions><trainlcd:accuracy>9</trainlcd:accuracy></extensions>
</wpt>
<wpt lat="35.6329163" lon="139.6879505">
<time>2026-01-01T00:28:06.000Z</time>
<extensions><trainlcd:accuracy>20</trainlcd:accuracy></extensions>
</wpt>
<wpt lat="35.6330572" lon="139.6880437">
<time>2026-01-01T00:28:07.000Z</time>
<extensions><trainlcd:accuracy>19</trainlcd:accuracy></extensions>
</wpt>
<wpt lat="35.6331981" lon="139.6881368">
<time>2026-01-01T00:28:08.000Z</time>
<extensions><trainlcd:accuracy>8</trainlcd:accuracy></extensions>
</wpt>
<wpt lat="35.6333391" lon="139.6882300">
<time>2026-01-01T00:28:09.000Z</time>
<extensions><trainlcd:accuracy>18</trainlcd:accuracy></extensions>
</wpt>
<wpt lat="35.6334800" lon="139.6883232">
<time>2026-01-01T00:28:10.000Z</time>
<extensions><trainlcd:accuracy>17</trainlcd:accuracy></extensions>
</wpt>
<wpt lat="35.6336209" lon="139.6884164">
<time>2026-01-01T00:28:11.000Z</time>
<extensions><trainlcd:accuracy>19</trainlcd:accuracy></extensions>
</wpt>
<wpt lat="35.6337619" lon="139.6885095">
<time>2026-01-01T00:28:12.000Z</time>
<extensions><trainlcd:accuracy>17</trainlcd:accuracy></extensions>
</wpt>
<wpt lat="35.6339028" lon="139.6886027">
<time>2026-01-01T00:28:13.000Z</time>
<extensions><trainlcd:accuracy>10</trainlcd:accuracy></extensions>
</wpt>
<wpt lat="35.6340437" lon="139.6886959">
<time>2026-01-01T00:28:14.000Z</time>
<extensions><trainlcd:accuracy>16</trainlcd:accuracy></extensions>
</wpt>
<wpt lat="35.6341847" lon="139.6887890">
<time>2026-01-01T00:28:15.000Z</time>
<extensions><trainlcd:accuracy>20</trainlcd:accuracy></extensions>
</wpt>
<wpt lat="35.6343256" lon="139.6888822">
<time>2026-01-01T00:28:16.000Z</time>
<extensions><trainlcd:accuracy>10</trainlcd:accuracy></extensions>
</wpt>
<wpt lat="35.6344665" lon="139.6889754">
<time>2026-01-01T00:28:17.000Z</time>
<extensions><trainlcd:accuracy>10</trainlcd:accuracy></extensions>
</wpt>
<wpt lat="35.6346075" lon="139.6890686">
<time>2026-01-01T00:28:18.000Z</time>
<extensions><trainlcd:accuracy>9</trainlcd:accuracy></extensions>
</wpt>
<wpt lat="35.6347484" lon="139.6891617">
<time>2026-01-01T00:28:19.000Z</time>
<extensions><trainlcd:accuracy>15</trainlcd:accuracy></extensions>
</wpt>
<wpt lat="35.6348893" lon="139.6892549">
<time>2026-01-01T00:28:20.000Z</time>
<extensions><trainlcd:accuracy>16</trainlcd:accuracy></extensions>
</wpt>
<wpt lat="35.6350303" lon="139.6893481">
<time>2026-01-01T00:28:21.000Z</time>
<extensions><trainlcd:accuracy>16</trainlcd:accuracy></extensions>
</wpt>
<wpt lat="35.6351712" lon="139.6894412">
<time>2026-01-01T00:28:22.000Z</time>
<extensions><trainlcd:accuracy>8</trainlcd:accuracy></extensions>
</wpt>
<wpt lat="35.6353122" lon="139.6895344">
<time>2026-01-01T00:28:23.000Z</time>
<extensions><trainlcd:accuracy>12</trainlcd:accuracy></extensions>
</wpt>
<wpt lat="35.6354531" lon="139.6896276">
<time>2026-01-01T00:28:24.000Z</time>
<extensions><trainlcd:accuracy>9</trainlcd:accuracy></extensions>
</wpt>
<wpt lat="35.6355940" lon="139.6897208">
<time>2026-01-01T00:28:25.000Z</time>
<extensions><trainlcd:accuracy>15</trainlcd:accuracy></extensions>
</wpt>
<wpt lat="35.6357350" lon="139.6898139">
<time>2026-01-01T00:28:26.000Z</time>
<extensions><trainlcd:accuracy>16</trainlcd:accuracy></extensions>
</wpt>
<wpt lat="35.6358759" lon="139.6899071">
<time>2026-01-01T00:28:27.000Z</time>
<extensions><trainlcd:accuracy>19</trainlcd:accuracy></extensions>
</wpt>
<wpt lat="35.6360168" lon="139.6900003">
<time>2026-01-01T00:28:28.000Z</time>
<extensions><trainlcd:accuracy>10</trainlcd:accuracy></extensions>
</wpt>
<wpt lat="35.6361578" lon="139.6900934">
<time>2026-01-01T00:28:29.000Z</time>
<extensions><trainlcd:accuracy>11</trainlcd:accuracy></extensions>
</wpt>
<wpt lat="35.6362987" lon="139.6901866">
<time>2026-01-01T00:28:30.000Z</time>
<extensions><trainlcd:accuracy>14</trainlcd:accuracy></extensions>
</wpt>
<wpt lat="35.6364396" lon="139.6902798">
<time>2026-01-01T00:28:31.000Z</time>
<extensions><trainlcd:accuracy>16</trainlcd:accuracy></extensions>
</wpt>
<wpt lat="35.6365806" lon="139.6903730">
<time>2026-01-01T00:28:32.000Z</time>
<extensions><trainlcd:accuracy>16</trainlcd:accuracy></extensions>
</wpt>
<wpt lat="35.6367215" lon="139.6904661">
<time>2026-01-01T00:28:33.000Z</time>
<extensions><trainlcd:accuracy>18</trainlcd:accuracy></extensions>
</wpt>
<wpt lat="35.6368624" lon="139.6905593">
<time>2026-01-01T00:28:34.000Z</time>
<extensions><trainlcd:accuracy>9</trainlcd:accuracy></extensions>
</wpt>
<wpt lat="35.6370034" lon="139.6906525">
<time>2026-01-01T00:28:35.000Z</time>
<extensions><trainlcd:accuracy>17</trainlcd:accuracy></extensions>
</wpt>
<wpt lat="35.6371443" lon="139.6907456">
<time>2026-01-01T00:28:36.000Z</time>
<extensions><trainlcd:accuracy>17</trainlcd:accuracy></extensions>
</wpt>
<wpt lat="35.6372625" lon="139.6908750">
<time>2026-01-01T00:28:37.000Z</time>
<extensions><trainlcd:accuracy>19</trainlcd:accuracy></extensions>
</wpt>
<wpt lat="35.6373773" lon="139.6910098">
<time>2026-01-01T00:28:38.000Z</time>
<extensions><trainlcd:accuracy>19</trainlcd:accuracy></extensions>
</wpt>
<wpt lat="35.6374920" lon="139.6911446">
<time>2026-01-01T00:28:39.000Z</time>
<extensions><trainlcd:accuracy>18</trainlcd:accuracy></extensions>
</wpt>
<wpt lat="35.6376067" lon="139.6912795">
<time>2026-01-01T00:28:40.000Z</time>
<extensions><trainlcd:accuracy>10</trainlcd:accuracy></extensions>
</wpt>
<wpt lat="35.6377215" lon="139.6914143">
<time>2026-01-01T00:28:41.000Z</time>
<extensions><trainlcd:accuracy>15</trainlcd:accuracy></extensions>
</wpt>
<wpt lat="35.6378362" lon="139.6915491">
<time>2026-01-01T00:28:42.000Z</time>
<extensions><trainlcd:accuracy>10</trainlcd:accuracy></extensions>
</wpt>
<wpt lat="35.6379509" lon="139.6916840">
<time>2026-01-01T00:28:43.000Z</time>
<extensions><trainlcd:accuracy>14</trainlcd:accuracy></extensions>
</wpt>
<wpt lat="35.6380657" lon="139.6918188">
<time>2026-01-01T00:28:44.000Z</time>
<extensions><trainlcd:accuracy>18</trainlcd:accuracy></extensions>
</wpt>
<wpt lat="35.6381804" lon="139.6919536">
<time>2026-01-01T00:28:45.000Z</time>
<extensions><trainlcd:accuracy>16</trainlcd:accuracy></extensions>
</wpt>
<wpt lat="35.6382952" lon="139.6920885">
<time>2026-01-01T00:28:46.000Z</time>
<extensions><trainlcd:accuracy>15</trainlcd:accuracy></extensions>
</wpt>
<wpt lat="35.6384099" lon="139.6922233">
<time>2026-01-01T00:28:47.000Z</time>
<extensions><trainlcd:accuracy>15</trainlcd:accuracy></extensions>
</wpt>
<wpt lat="35.6385246" lon="139.6923581">
<time>2026-01-01T00:28:48.000Z</time>
<extensions><trainlcd:accuracy>15</trainlcd:accuracy></extensions>
</wpt>
<wpt lat="35.6386394" lon="139.6924930">
<time>2026-01-01T00:28:49.000Z</time>
<extensions><trainlcd:accuracy>10</trainlcd:accuracy></extensions>
</wpt>
<wpt lat="35.6387541" lon="139.6926278">
<time>2026-01-01T00:28:50.000Z</time>
<extensions><trainlcd:accuracy>15</trainlcd:accuracy></extensions>
</wpt>
<wpt lat="35.6388688" lon="139.6927626">
<time>2026-01-01T00:28:51.000Z</time>
<extensions><trainlcd:accuracy>8</trainlcd:accuracy></extensions>
</wpt>
<wpt lat="35.6389836" lon="139.6928975">
<time>2026-01-01T00:28:52.000Z</time>
<extensions><trainlcd:accuracy>15</trainlcd:accuracy></extensions>
</wpt>
<wpt lat="35.6390983" lon="139.6930323">
<time>2026-01-01T00:28:53.000Z</time>
<extensions><trainlcd:accuracy>13</trainlcd:accuracy></extensions>
</wpt>
<wpt lat="35.6392130" lon="139.6931671">
<time>2026-01-01T00:28:54.000Z</time>
<extensions><trainlcd:accuracy>9</trainlcd:accuracy></extensions>
</wpt>
<wpt lat="35.6393278" lon="139.6933020">
<time>2026-01-01T00:28:55.000Z</time>
<extensions><trainlcd:accuracy>17</trainlcd:accuracy></extensions>
</wpt>
<wpt lat="35.6394425" lon="139.6934368">
<time>2026-01-01T00:28:56.000Z</time>
<extensions><trainlcd:accuracy>11</trainlcd:accuracy></extensions>
</wpt>
<wpt lat="35.6395573" lon="139.6935716">
<time>2026-01-01T00:28:57.000Z</time>
<extensions><trainlcd:accuracy>18</trainlcd:accuracy></extensions>
</wpt>
<wpt lat="35.6396720" lon="139.6937065">
<time>2026-01-01T00:28:58.000Z</time>
<extensions><trainlcd:accuracy>12</trainlcd:accuracy></extensions>
</wpt>
<wpt lat="35.6397867" lon="139.6938413">
<time>2026-01-01T00:28:59.000Z</time>
<extensions><trainlcd:accuracy>19</trainlcd:accuracy></extensions>
</wpt>
<wpt lat="35.6399015" lon="139.6939761">
<time>2026-01-01T00:29:00.000Z</time>
<extensions><trainlcd:accuracy>16</trainlcd:accuracy></extensions>
</wpt>
<wpt lat="35.6400162" lon="139.6941110">
<time>2026-01-01T00:29:01.000Z</time>
<extensions><trainlcd:accuracy>18</trainlcd:accuracy></extensions>
</wpt>
<wpt lat="35.6401309" lon="139.6942458">
<time>2026-01-01T00:29:02.000Z</time>
<extensions><trainlcd:accuracy>11</trainlcd:accuracy></extensions>
</wpt>
<wpt lat="35.6402457" lon="139.6943806">
<time>2026-01-01T00:29:03.000Z</time>
<extensions><trainlcd:accuracy>17</trainlcd:accuracy></extensions>
</wpt>
<wpt lat="35.6403604" lon="139.6945155">
<time>2026-01-01T00:29:04.000Z</time>
<extensions><trainlcd:accuracy>19</trainlcd:accuracy></extensions>
</wpt>
<wpt lat="35.6404752" lon="139.6946503">
<time>2026-01-01T00:29:05.000Z</time>
<extensions><trainlcd:accuracy>13</trainlcd:accuracy></extensions>
</wpt>
<wpt lat="35.6405899" lon="139.6947851">
<time>2026-01-01T00:29:06.000Z</time>
<extensions><trainlcd:accuracy>17</trainlcd:accuracy></extensions>
</wpt>
<wpt lat="35.6407046" lon="139.6949200">
<time>2026-01-01T00:29:07.000Z</time>
<extensions><trainlcd:accuracy>16</trainlcd:accuracy></extensions>
</wpt>
<wpt lat="35.6408194" lon="139.6950548">
<time>2026-01-01T00:29:08.000Z</time>
<extensions><trainlcd:accuracy>14</trainlcd:accuracy></extensions>
</wpt>
<wpt lat="35.6409341" lon="139.6951896">
<time>2026-01-01T00:29:09.000Z</time>
<extensions><trainlcd:accuracy>19</trainlcd:accuracy></extensions>
</wpt>
<wpt lat="35.6410488" lon="139.6953245">
<time>2026-01-01T00:29:10.000Z</time>
<extensions><trainlcd:accuracy>20</trainlcd:accuracy></extensions>
</wpt>
<wpt lat="35.6411636" lon="139.6954593">
<time>2026-01-01T00:29:11.000Z</time>
<extensions><trainlcd:accuracy>20</trainlcd:accuracy></extensions>
</wpt>
<wpt lat="35.6412783" lon="139.6955941">
<time>2026-01-01T00:29:12.000Z</time>
<extensions><trainlcd:accuracy>16</trainlcd:accuracy></extensions>
</wpt>
<wpt lat="35.6413930" lon="139.6957290">
<time>2026-01-01T00:29:13.000Z</time>
<extensions><trainlcd:accuracy>16</trainlcd:accuracy></extensions>
</wpt>
<wpt lat="35.6415078" lon="139.6958638">
<time>2026-01-01T00:29:14.000Z</time>
<extensions><trainlcd:accuracy>9</trainlcd:accuracy></extensions>
</wpt>
<wpt lat="35.6416225" lon="139.6959987">
<time>2026-01-01T00:29:15.000Z</time>
<extensions><trainlcd:accuracy>20</trainlcd:accuracy></extensions>
</wpt>
<wpt lat="35.6417373" lon="139.6961335">
<time>2026-01-01T00:29:16.000Z</time>
<extensions><trainlcd:accuracy>9</trainlcd:accuracy></extensions>
</wpt>
<wpt lat="35.6418520" lon="139.6962683">
<time>2026-01-01T00:29:17.000Z</time>
<extensions><trainlcd:accuracy>12</trainlcd:accuracy></extensions>
</wpt>
<wpt lat="35.6419667" lon="139.6964032">
<time>2026-01-01T00:29:18.000Z</time>
<extensions><trainlcd:accuracy>11</trainlcd:accuracy></extensions>
</wpt>
<wpt lat="35.6420815" lon="139.6965380">
<time>2026-01-01T00:29:19.000Z</time>
<extensions><trainlcd:accuracy>13</trainlcd:accuracy></extensions>
</wpt>
<wpt lat="35.6421962" lon="139.6966728">
<time>2026-01-01T00:29:20.000Z</time>
<extensions><trainlcd:accuracy>11</trainlcd:accuracy></extensions>
</wpt>
<wpt lat="35.6423109" lon="139.6968077">
<time>2026-01-01T00:29:21.000Z</time>
<extensions><trainlcd:accuracy>11</trainlcd:accuracy></extensions>
</wpt>
<wpt lat="35.6424257" lon="139.6969425">
<time>2026-01-01T00:29:22.000Z</time>
<extensions><trainlcd:accuracy>17</trainlcd:accuracy></extensions>
</wpt>
<wpt lat="35.6425404" lon="139.6970773">
<time>2026-01-01T00:29:23.000Z</time>
<extensions><trainlcd:accuracy>9</trainlcd:accuracy></extensions>
</wpt>
<wpt lat="35.6426551" lon="139.6972122">
<time>2026-01-01T00:29:24.000Z</time>
<extensions><trainlcd:accuracy>19</trainlcd:accuracy></extensions>
</wpt>
<wpt lat="35.6427699" lon="139.6973470">
<time>2026-01-01T00:29:25.000Z</time>
<extensions><trainlcd:accuracy>11</trainlcd:accuracy></extensions>
</wpt>
<wpt lat="35.6428789" lon="139.6974750">
<time>2026-01-01T00:29:26.000Z</time>
<extensions><trainlcd:accuracy>18</trainlcd:accuracy></extensions>
</wpt>
<wpt lat="35.6429821" lon="139.6975963">
<time>2026-01-01T00:29:27.000Z</time>
<extensions><trainlcd:accuracy>13</trainlcd:accuracy></extensions>
</wpt>
<wpt lat="35.6430795" lon="139.6977108">
<time>2026-01-01T00:29:28.000Z</time>
<extensions><trainlcd:accuracy>20</trainlcd:accuracy></extensions>
</wpt>
<wpt lat="35.6431712" lon="139.6978185">
<time>2026-01-01T00:29:29.000Z</time>
<extensions><trainlcd:accuracy>9</trainlcd:accuracy></extensions>
</wpt>
<wpt lat="35.6432571" lon="139.6979195">
<time>2026-01-01T00:29:30.000Z</time>
<extensions><trainlcd:accuracy>11</trainlcd:accuracy></extensions>
</wpt>
<wpt lat="35.6433372" lon="139.6980137">
<time>2026-01-01T00:29:31.000Z</time>
<extensions><trainlcd:accuracy>11</trainlcd:accuracy></extensions>
</wpt>
<wpt lat="35.6434115" lon="139.6981010">
<time>2026-01-01T00:29:32.000Z</time>
<extensions><trainlcd:accuracy>16</trainlcd:accuracy></extensions>
</wpt>
<wpt lat="35.6434801" lon="139.6981817">
<time>2026-01-01T00:29:33.000Z</time>
<extensions><trainlcd:accuracy>11</trainlcd:accuracy></extensions>
</wpt>
<wpt lat="35.6435430" lon="139.6982555">
<time>2026-01-01T00:29:34.000Z</time>
<extensions><trainlcd:accuracy>8</trainlcd:accuracy></extensions>
</wpt>
<wpt lat="35.6436000" lon="139.6983225">
<time>2026-01-01T00:29:35.000Z</time>
<extensions><trainlcd:accuracy>10</trainlcd:accuracy></extensions>
</wpt>
<wpt lat="35.6436513" lon="139.6983828">
<time>2026-01-01T00:29:36.000Z</time>
<extensions><trainlcd:accuracy>19</trainlcd:accuracy></extensions>
</wpt>
<wpt lat="35.6436968" lon="139.6984363">
<time>2026-01-01T00:29:37.000Z</time>
<extensions><trainlcd:accuracy>12</trainlcd:accuracy></extensions>
</wpt>
<wpt lat="35.6437366" lon="139.6984830">
<time>2026-01-01T00:29:38.000Z</time>
<extensions><trainlcd:accuracy>18</trainlcd:accuracy></extensions>
</wpt>
<wpt lat="35.6437706" lon="139.6985230">
<time>2026-01-01T00:29:39.000Z</time>
<extensions><trainlcd:accuracy>9</trainlcd:accuracy></extensions>
</wpt>
<wpt lat="35.6437988" lon="139.6985561">
<time>2026-01-01T00:29:40.000Z</time>
<extensions><trainlcd:accuracy>18</trainlcd:accuracy></extensions>
</wpt>
<wpt lat="35.6438213" lon="139.6985825">
<time>2026-01-01T00:29:41.000Z</time>
<extensions><trainlcd:accuracy>17</trainlcd:accuracy></extensions>
</wpt>
<wpt lat="35.6438379" lon="139.6986021">
<time>2026-01-01T00:29:42.000Z</time>
<extensions><trainlcd:accuracy>17</trainlcd:accuracy></extensions>
</wpt>
<wpt lat="35.6438489" lon="139.6986149">
<time>2026-01-01T00:29:43.000Z</time>
<extensions><trainlcd:accuracy>15</trainlcd:accuracy></extensions>
</wpt>
<wpt lat="35.6438540" lon="139.6986210">
<time>2026-01-01T00:29:44.000Z</time>
<extensions><trainlcd:accuracy>15</trainlcd:accuracy></extensions>
</wpt>
<wpt lat="35.6438540" lon="139.6986210">
<time>2026-01-01T00:29:45.000Z</time>
<extensions><trainlcd:accuracy>10</trainlcd:accuracy></extensions>
</wpt>
<wpt lat="35.6438540" lon="139.6986210">
<time>2026-01-01T00:29:46.000Z</time>
<extensions><trainlcd:accuracy>12</trainlcd:accuracy></extensions>
</wpt>
<wpt lat="35.6438540" lon="139.6986210">
<time>2026-01-01T00:29:47.000Z</time>
<extensions><trainlcd:accuracy>8</trainlcd:accuracy></extensions>
</wpt>
<wpt lat="35.6438540" lon="139.6986210">
<time>2026-01-01T00:29:48.000Z</time>
<extensions><trainlcd:accuracy>9</trainlcd:accuracy></extensions>
</wpt>
<wpt lat="35.6438540" lon="139.6986210">
<time>2026-01-01T00:29:49.000Z</time>
<extensions><trainlcd:accuracy>10</trainlcd:accuracy></extensions>
</wpt>
<wpt lat="35.6438540" lon="139.6986210">
<time>2026-01-01T00:29:50.000Z</time>
<extensions><trainlcd:accuracy>8</trainlcd:accuracy></extensions>
</wpt>
<wpt lat="35.6438540" lon="139.6986210">
<time>2026-01-01T00:29:51.000Z</time>
<extensions><trainlcd:accuracy>19</trainlcd:accuracy></extensions>
</wpt>
<wpt lat="35.6438540" lon="139.6986210">
<time>2026-01-01T00:29:52.000Z</time>
<extensions><trainlcd:accuracy>14</trainlcd:accuracy></extensions>
</wpt>
<wpt lat="35.6438540" lon="139.6986210">
<time>2026-01-01T00:29:53.000Z</time>
<extensions><trainlcd:accuracy>18</trainlcd:accuracy></extensions>
</wpt>
<wpt lat="35.6438540" lon="139.6986210">
<time>2026-01-01T00:29:54.000Z</time>
<extensions><trainlcd:accuracy>18</trainlcd:accuracy></extensions>
</wpt>
<wpt lat="35.6438540" lon="139.6986210">
<time>2026-01-01T00:29:55.000Z</time>
<extensions><trainlcd:accuracy>12</trainlcd:accuracy></extensions>
</wpt>
<wpt lat="35.6438540" lon="139.6986210">
<time>2026-01-01T00:29:56.000Z</time>
<extensions><trainlcd:accuracy>18</trainlcd:accuracy></extensions>
</wpt>
<wpt lat="35.6438540" lon="139.6986210">
<time>2026-01-01T00:29:57.000Z</time>
<extensions><trainlcd:accuracy>16</trainlcd:accuracy></extensions>
</wpt>
<wpt lat="35.6438540" lon="139.6986210">
<time>2026-01-01T00:29:58.000Z</time>
<extensions><trainlcd:accuracy>19</trainlcd:accuracy></extensions>
</wpt>
<wpt lat="35.6438540" lon="139.6986210">
<time>2026-01-01T00:29:59.000Z</time>
<extensions><trainlcd:accuracy>9</trainlcd:accuracy></extensions>
</wpt>
<wpt lat="35.6438540" lon="139.6986210">
<time>2026-01-01T00:30:00.000Z</time>
<extensions><trainlcd:accuracy>16</trainlcd:accuracy></extensions>
</wpt>
<wpt lat="35.6438540" lon="139.6986210">
<time>2026-01-01T00:30:01.000Z</time>
<extensions><trainlcd:accuracy>9</trainlcd:accuracy></extensions>
</wpt>
<wpt lat="35.6438540" lon="139.6986210">
<time>2026-01-01T00:30:02.000Z</time>
<extensions><trainlcd:accuracy>9</trainlcd:accuracy></extensions>
</wpt>
<wpt lat="35.6438540" lon="139.6986210">
<time>2026-01-01T00:30:03.000Z</time>
<extensions><trainlcd:accuracy>12</trainlcd:accuracy></extensions>
</wpt>
<wpt lat="35.6438540" lon="139.6986210">
<time>2026-01-01T00:30:04.000Z</time>
<extensions><trainlcd:accuracy>19</trainlcd:accuracy></extensions>
</wpt>
<wpt lat="35.6438540" lon="139.6986210">
<time>2026-01-01T00:30:05.000Z</time>
<extensions><trainlcd:accuracy>13</trainlcd:accuracy></extensions>
</wpt>
<wpt lat="35.6438540" lon="139.6986210">
<time>2026-01-01T00:30:06.000Z</time>
<extensions><trainlcd:accuracy>11</trainlcd:accuracy></extensions>
</wpt>
<wpt lat="35.6438540" lon="139.6986210">
<time>2026-01-01T00:30:07.000Z</time>
<extensions><trainlcd:accuracy>9</trainlcd:accuracy></extensions>
</wpt>
<wpt lat="35.6438540" lon="139.6986210">
<time>2026-01-01T00:30:08.000Z</time>
<extensions><trainlcd:accuracy>18</trainlcd:accuracy></extensions>
</wpt>
<wpt lat="35.6438540" lon="139.6986210">
<time>2026-01-01T00:30:09.000Z</time>
<extensions><trainlcd:accuracy>20</trainlcd:accuracy></extensions>
</wpt>
<wpt lat="35.6438540" lon="139.6986210">
<time>2026-01-01T00:30:10.000Z</time>
<extensions><trainlcd:accuracy>14</trainlcd:accuracy></extensions>
</wpt>
<wpt lat="35.6438540" lon="139.6986210">
<time>2026-01-01T00:30:11.000Z</time>
<extensions><trainlcd:accuracy>12</trainlcd:accuracy></extensions>
</wpt>
<wpt lat="35.6438540" lon="139.6986210">
<time>2026-01-01T00:30:12.000Z</time>
<extensions><trainlcd:accuracy>14</trainlcd:accuracy></extensions>
</wpt>
<wpt lat="35.6438540" lon="139.6986210">
<time>2026-01-01T00:30:13.000Z</time>
<extensions><trainlcd:accuracy>9</trainlcd:accuracy></extensions>
</wpt>
<wpt lat="35.6438540" lon="139.6986210">
<time>2026-01-01T00:30:14.000Z</time>
<extensions><trainlcd:accuracy>11</trainlcd:accuracy></extensions>
</wpt>
<wpt lat="35.6438540" lon="139.6986210">
<time>2026-01-01T00:30:15.000Z</time>
<extensions><trainlcd:accuracy>11</trainlcd:accuracy></extensions>
</wpt>
<wpt lat="35.6438540" lon="139.6986210">
<time>2026-01-01T00:30:16.000Z</time>
<extensions><trainlcd:accuracy>12</trainlcd:accuracy></extensions>
</wpt>
<wpt lat="35.6438540" lon="139.6986210">
<time>2026-01-01T00:30:17.000Z</time>
<extensions><trainlcd:accuracy>10</trainlcd:accuracy></extensions>
</wpt>
<wpt lat="35.6438540" lon="139.6986210">
<time>2026-01-01T00:30:18.000Z</time>
<extensions><trainlcd:accuracy>15</trainlcd:accuracy></extensions>
</wpt>
<wpt lat="35.6438540" lon="139.6986210">
<time>2026-01-01T00:30:19.000Z</time>
<extensions><trainlcd:accuracy>10</trainlcd:accuracy></extensions>
</wpt>
<wpt lat="35.6438540" lon="139.6986210">
<time>2026-01-01T00:30:20.000Z</time>
<extensions><trainlcd:accuracy>11</trainlcd:accuracy></extensions>
</wpt>
<wpt lat="35.6438540" lon="139.6986210">
<time>2026-01-01T00:30:21.000Z</time>
<extensions><trainlcd:accuracy>17</trainlcd:accuracy></extensions>
</wpt>
<wpt lat="35.6438587" lon="139.6986260">
<time>2026-01-01T00:30:22.000Z</time>
<extensions><trainlcd:accuracy>11</trainlcd:accuracy></extensions>
</wpt>
<wpt lat="35.6438680" lon="139.6986360">
<time>2026-01-01T00:30:23.000Z</time>
<extensions><trainlcd:accuracy>13</trainlcd:accuracy></extensions>
</wpt>
<wpt lat="35.6438820" lon="139.6986511">
<time>2026-01-01T00:30:24.000Z</time>
<extensions><trainlcd:accuracy>19</trainlcd:accuracy></extensions>
</wpt>
<wpt lat="35.6439006" lon="139.6986711">
<time>2026-01-01T00:30:25.000Z</time>
<extensions><trainlcd:accuracy>18</trainlcd:accuracy></extensions>
</wpt>
<wpt lat="35.6439239" lon="139.6986961">
<time>2026-01-01T00:30:26.000Z</time>
<extensions><trainlcd:accuracy>14</trainlcd:accuracy></extensions>
</wpt>
<wpt lat="35.6439519" lon="139.6987262">
<time>2026-01-01T00:30:27.000Z</time>
<extensions><trainlcd:accuracy>14</trainlcd:accuracy></extensions>
</wpt>
<wpt lat="35.6439845" lon="139.6987612">
<time>2026-01-01T00:30:28.000Z</time>
<extensions><trainlcd:accuracy>20</trainlcd:accuracy></extensions>
</wpt>
<wpt lat="35.6440218" lon="139.6988013">
<time>2026-01-01T00:30:29.000Z</time>
<extensions><trainlcd:accuracy>9</trainlcd:accuracy></extensions>
</wpt>
<wpt lat="35.6440637" lon="139.6988464">
<time>2026-01-01T00:30:30.000Z</time>
<extensions><trainlcd:accuracy>13</trainlcd:accuracy></extensions>
</wpt>
<wpt lat="35.6441103" lon="139.6988965">
<time>2026-01-01T00:30:31.000Z</time>
<extensions><trainlcd:accuracy>18</trainlcd:accuracy></extensions>
</wpt>
<wpt lat="35.6441616" lon="139.6989516">
<time>2026-01-01T00:30:32.000Z</time>
<extensions><trainlcd:accuracy>16</trainlcd:accuracy></extensions>
</wpt>
<wpt lat="35.6442175" lon="139.6990117">
<time>2026-01-01T00:30:33.000Z</time>
<extensions><trainlcd:accuracy>19</trainlcd:accuracy></extensions>
</wpt>
<wpt lat="35.6442781" lon="139.6990768">
<time>2026-01-01T00:30:34.000Z</time>
<extensions><trainlcd:accuracy>20</trainlcd:accuracy></extensions>
</wpt>
<wpt lat="35.6443434" lon="139.6991469">
<time>2026-01-01T00:30:35.000Z</time>
<extensions><trainlcd:accuracy>12</trainlcd:accuracy></extensions>
</wpt>
<wpt lat="35.6444133" lon="139.6992220">
<time>2026-01-01T00:30:36.000Z</time>
<extensions><trainlcd:accuracy>18</trainlcd:accuracy></extensions>
</wpt>
<wpt lat="35.6444878" lon="139.6993022">
<time>2026-01-01T00:30:37.000Z</time>
<extensions><trainlcd:accuracy>17</trainlcd:accuracy></extensions>
</wpt>
<wpt lat="35.6445671" lon="139.6993873">
<time>2026-01-01T00:30:38.000Z</time>
<extensions><trainlcd:accuracy>15</trainlcd:accuracy></extensions>
</wpt>
<wpt lat="35.6446510" lon="139.6994775">
<time>2026-01-01T00:30:39.000Z</time>
<extensions><trainlcd:accuracy>13</trainlcd:accuracy></extensions>
</wpt>
<wpt lat="35.6447395" lon="139.6995726">
<time>2026-01-01T00:30:40.000Z</time>
<extensions><trainlcd:accuracy>11</trainlcd:accuracy></extensions>
</wpt>
<wpt lat="35.6448327" lon="139.6996728">
<time>2026-01-01T00:30:41.000Z</time>
<extensions><trainlcd:accuracy>13</trainlcd:accuracy></extensions>
</wpt>
<wpt lat="35.6449306" lon="139.6997780">
<time>2026-01-01T00:30:42.000Z</time>
<extensions><trainlcd:accuracy>12</trainlcd:accuracy></extensions>
</wpt>
<wpt lat="35.6450331" lon="139.6998882">
<time>2026-01-01T00:30:43.000Z</time>
<extensions><trainlcd:accuracy>9</trainlcd:accuracy></extensions>
</wpt>
<wpt lat="35.6451403" lon="139.7000034">
<time>2026-01-01T00:30:44.000Z</time>
<extensions><trainlcd:accuracy>17</trainlcd:accuracy></extensions>
</wpt>
<wpt lat="35.6452522" lon="139.7001236">
<time>2026-01-01T00:30:45.000Z</time>
<extensions><trainlcd:accuracy>15</trainlcd:accuracy></extensions>
</wpt>
<wpt lat="35.6453687" lon="139.7002488">
<time>2026-01-01T00:30:46.000Z</time>
<extensions><trainlcd:accuracy>12</trainlcd:accuracy></extensions>
</wpt>
<wpt lat="35.6454899" lon="139.7003790">
<time>2026-01-01T00:30:47.000Z</time>
<extensions><trainlcd:accuracy>10</trainlcd:accuracy></extensions>
</wpt>
<wpt lat="35.6456157" lon="139.7005142">
<time>2026-01-01T00:30:48.000Z</time>
<extensions><trainlcd:accuracy>11</trainlcd:accuracy></extensions>
</wpt>
<wpt lat="35.6457462" lon="139.7006545">
<time>2026-01-01T00:30:49.000Z</time>
<extensions><trainlcd:accuracy>9</trainlcd:accuracy></extensions>
</wpt>
<wpt lat="35.6458784" lon="139.7007966">
<time>2026-01-01T00:30:50.000Z</time>
<extensions><trainlcd:accuracy>12</trainlcd:accuracy></extensions>
</wpt>
<wpt lat="35.6460106" lon="139.7009387">
<time>2026-01-01T00:30:51.000Z</time>
<extensions><trainlcd:accuracy>16</trainlcd:accuracy></extensions>
</wpt>
<wpt lat="35.6461429" lon="139.7010808">
<time>2026-01-01T00:30:52.000Z</time>
<extensions><trainlcd:accuracy>17</trainlcd:accuracy></extensions>
</wpt>
<wpt lat="35.6462751" lon="139.7012229">
<time>2026-01-01T00:30:53.000Z</time>
<extensions><trainlcd:accuracy>17</trainlcd:accuracy></extensions>
</wpt>
<wpt lat="35.6464073" lon="139.7013650">
<time>2026-01-01T00:30:54.000Z</time>
<extensions><trainlcd:accuracy>11</trainlcd:accuracy></extensions>
</wpt>
<wpt lat="35.6465395" lon="139.7015071">
<time>2026-01-01T00:30:55.000Z</time>
<extensions><trainlcd:accuracy>10</trainlcd:accuracy></extensions>
</wpt>
<wpt lat="35.6466717" lon="139.7016491">
<time>2026-01-01T00:30:56.000Z</time>
<extensions><trainlcd:accuracy>11</trainlcd:accuracy></extensions>
</wpt>
<wpt lat="35.6468040" lon="139.7017912">
<time>2026-01-01T00:30:57.000Z</time>
<extensions><trainlcd:accuracy>19</trainlcd:accuracy></extensions>
</wpt>
<wpt lat="35.6469362" lon="139.7019333">
<time>2026-01-01T00:30:58.000Z</time>
<extensions><trainlcd:accuracy>18</trainlcd:accuracy></extensions>
</wpt>
<wpt lat="35.6470684" lon="139.7020754">
<time>2026-01-01T00:30:59.000Z</time>
<extensions><trainlcd:accuracy>14</trainlcd:accuracy></extensions>
</wpt>
<wpt lat="35.6472006" lon="139.7022175">
<time>2026-01-01T00:31:00.000Z</time>
<extensions><trainlcd:accuracy>14</trainlcd:accuracy></extensions>
</wpt>
<wpt lat="35.6473329" lon="139.7023596">
<time>2026-01-01T00:31:01.000Z</time>
<extensions><trainlcd:accuracy>16</trainlcd:accuracy></extensions>
</wpt>
<wpt lat="35.6474651" lon="139.7025017">
<time>2026-01-01T00:31:02.000Z</time>
<extensions><trainlcd:accuracy>10</trainlcd:accuracy></extensions>
</wpt>
<wpt lat="35.6475973" lon="139.7026438">
<time>2026-01-01T00:31:03.000Z</time>
<extensions><trainlcd:accuracy>11</trainlcd:accuracy></extensions>
</wpt>
<wpt lat="35.6477295" lon="139.7027859">
<time>2026-01-01T00:31:04.000Z</time>
<extensions><trainlcd:accuracy>17</trainlcd:accuracy></extensions>
</wpt>
<wpt lat="35.6478617" lon="139.7029280">
<time>2026-01-01T00:31:05.000Z</time>
<extensions><trainlcd:accuracy>15</trainlcd:accuracy></extensions>
</wpt>
<wpt lat="35.6479940" lon="139.7030701">
<time>2026-01-01T00:31:06.000Z</time>
<extensions><trainlcd:accuracy>10</trainlcd:accuracy></extensions>
</wpt>
<wpt lat="35.6481262" lon="139.7032122">
<time>2026-01-01T00:31:07.000Z</time>
<extensions><trainlcd:accuracy>20</trainlcd:accuracy></extensions>
</wpt>
<wpt lat="35.6482659" lon="139.7032784">
<time>2026-01-01T00:31:08.000Z</time>
<extensions><trainlcd:accuracy>9</trainlcd:accuracy></extensions>
</wpt>
<wpt lat="35.6484133" lon="139.7032672">
<time>2026-01-01T00:31:09.000Z</time>
<extensions><trainlcd:accuracy>20</trainlcd:accuracy></extensions>
</wpt>
<wpt lat="35.6485606" lon="139.7032559">
<time>2026-01-01T00:31:10.000Z</time>
<extensions><trainlcd:accuracy>17</trainlcd:accuracy></extensions>
</wpt>
<wpt lat="35.6487080" lon="139.7032447">
<time>2026-01-01T00:31:11.000Z</time>
<extensions><trainlcd:accuracy>13</trainlcd:accuracy></extensions>
</wpt>
<wpt lat="35.6488554" lon="139.7032334">
<time>2026-01-01T00:31:12.000Z</time>
<extensions><trainlcd:accuracy>17</trainlcd:accuracy></extensions>
</wpt>
<wpt lat="35.6490028" lon="139.7032222">
<time>2026-01-01T00:31:13.000Z</time>
<extensions><trainlcd:accuracy>13</trainlcd:accuracy></extensions>
</wpt>
<wpt lat="35.6491501" lon="139.7032109">
<time>2026-01-01T00:31:14.000Z</time>
<extensions><trainlcd:accuracy>11</trainlcd:accuracy></extensions>
</wpt>
<wpt lat="35.6492975" lon="139.7031996">
<time>2026-01-01T00:31:15.000Z</time>
<extensions><trainlcd:accuracy>10</trainlcd:accuracy></extensions>
</wpt>
<wpt lat="35.6494449" lon="139.7031884">
<time>2026-01-01T00:31:16.000Z</time>
<extensions><trainlcd:accuracy>9</trainlcd:accuracy></extensions>
</wpt>
<wpt lat="35.6495923" lon="139.7031771">
<time>2026-01-01T00:31:17.000Z</time>
<extensions><trainlcd:accuracy>14</trainlcd:accuracy></extensions>
</wpt>
<wpt lat="35.6497396" lon="139.7031659">
<time>2026-01-01T00:31:18.000Z</time>
<extensions><trainlcd:accuracy>10</trainlcd:accuracy></extensions>
</wpt>
<wpt lat="35.6498870" lon="139.7031546">
<time>2026-01-01T00:31:19.000Z</time>
<extensions><trainlcd:accuracy>19</trainlcd:accuracy></extensions>
</wpt>
<wpt lat="35.6500344" lon="139.7031434">
<time>2026-01-01T00:31:20.000Z</time>
<extensions><trainlcd:accuracy>13</trainlcd:accuracy></extensions>
</wpt>
<wpt lat="35.6501817" lon="139.7031321">
<time>2026-01-01T00:31:21.000Z</time>
<extensions><trainlcd:accuracy>10</trainlcd:accuracy></extensions>
</wpt>
<wpt lat="35.6503291" lon="139.7031209">
<time>2026-01-01T00:31:22.000Z</time>
<extensions><trainlcd:accuracy>18</trainlcd:accuracy></extensions>
</wpt>
<wpt lat="35.6504765" lon="139.7031096">
<time>2026-01-01T00:31:23.000Z</time>
<extensions><trainlcd:accuracy>13</trainlcd:accuracy></extensions>
</wpt>
<wpt lat="35.6506239" lon="139.7030983">
<time>2026-01-01T00:31:24.000Z</time>
<extensions><trainlcd:accuracy>20</trainlcd:accuracy></extensions>
</wpt>
<wpt lat="35.6507712" lon="139.7030871">
<time>2026-01-01T00:31:25.000Z</time>
<extensions><trainlcd:accuracy>14</trainlcd:accuracy></extensions>
</wpt>
<wpt lat="35.6509186" lon="139.7030758">
<time>2026-01-01T00:31:26.000Z</time>
<extensions><trainlcd:accuracy>15</trainlcd:accuracy></extensions>
</wpt>
<wpt lat="35.6510660" lon="139.7030646">
<time>2026-01-01T00:31:27.000Z</time>
<extensions><trainlcd:accuracy>15</trainlcd:accuracy></extensions>
</wpt>
<wpt lat="35.6512134" lon="139.7030533">
<time>2026-01-01T00:31:28.000Z</time>
<extensions><trainlcd:accuracy>15</trainlcd:accuracy></extensions>
</wpt>
<wpt lat="35.6513607" lon="139.7030421">
<time>2026-01-01T00:31:29.000Z</time>
<extensions><trainlcd:accuracy>12</trainlcd:accuracy></extensions>
</wpt>
<wpt lat="35.6515081" lon="139.7030308">
<time>2026-01-01T00:31:30.000Z</time>
<extensions><trainlcd:accuracy>10</trainlcd:accuracy></extensions>
</wpt>
<wpt lat="35.6516555" lon="139.7030196">
<time>2026-01-01T00:31:31.000Z</time>
<extensions><trainlcd:accuracy>17</trainlcd:accuracy></extensions>
</wpt>
<wpt lat="35.6518029" lon="139.7030083">
<time>2026-01-01T00:31:32.000Z</time>
<extensions><trainlcd:accuracy>8</trainlcd:accuracy></extensions>
</wpt>
<wpt lat="35.6519502" lon="139.7029970">
<time>2026-01-01T00:31:33.000Z</time>
<extensions><trainlcd:accuracy>15</trainlcd:accuracy></extensions>
</wpt>
<wpt lat="35.6520976" lon="139.7029858">
<time>2026-01-01T00:31:34.000Z</time>
<extensions><trainlcd:accuracy>14</trainlcd:accuracy></extensions>
</wpt>
<wpt lat="35.6522450" lon="139.7029745">
<time>2026-01-01T00:31:35.000Z</time>
<extensions><trainlcd:accuracy>16</trainlcd:accuracy></extensions>
</wpt>
<wpt lat="35.6523923" lon="139.7029633">
<time>2026-01-01T00:31:36.000Z</time>
<extensions><trainlcd:accuracy>14</trainlcd:accuracy></extensions>
</wpt>
<wpt lat="35.6525397" lon="139.7029520">
<time>2026-01-01T00:31:37.000Z</time>
<extensions><trainlcd:accuracy>13</trainlcd:accuracy></extensions>
</wpt>
<wpt lat="35.6526871" lon="139.7029408">
<time>2026-01-01T00:31:38.000Z</time>
<extensions><trainlcd:accuracy>16</trainlcd:accuracy></extensions>
</wpt>
<wpt lat="35.6528345" lon="139.7029295">
<time>2026-01-01T00:31:39.000Z</time>
<extensions><trainlcd:accuracy>8</trainlcd:accuracy></extensions>
</wpt>
<wpt lat="35.6529818" lon="139.7029183">
<time>2026-01-01T00:31:40.000Z</time>
<extensions><trainlcd:accuracy>11</trainlcd:accuracy></extensions>
</wpt>
<wpt lat="35.6531292" lon="139.7029070">
<time>2026-01-01T00:31:41.000Z</time>
<extensions><trainlcd:accuracy>12</trainlcd:accuracy></extensions>
</wpt>
<wpt lat="35.6532766" lon="139.7028957">
<time>2026-01-01T00:31:42.000Z</time>
<extensions><trainlcd:accuracy>14</trainlcd:accuracy></extensions>
</wpt>
<wpt lat="35.6534240" lon="139.7028845">
<time>2026-01-01T00:31:43.000Z</time>
<extensions><trainlcd:accuracy>9</trainlcd:accuracy></extensions>
</wpt>
<wpt lat="35.6535713" lon="139.7028732">
<time>2026-01-01T00:31:44.000Z</time>
<extensions><trainlcd:accuracy>9</trainlcd:accuracy></extensions>
</wpt>
<wpt lat="35.6537187" lon="139.7028620">
<time>2026-01-01T00:31:45.000Z</time>
<extensions><trainlcd:accuracy>11</trainlcd:accuracy></extensions>
</wpt>
<wpt lat="35.6538661" lon="139.7028507">
<time>2026-01-01T00:31:46.000Z</time>
<extensions><trainlcd:accuracy>16</trainlcd:accuracy></extensions>
</wpt>
<wpt lat="35.6540135" lon="139.7028395">
<time>2026-01-01T00:31:47.000Z</time>
<extensions><trainlcd:accuracy>17</trainlcd:accuracy></extensions>
</wpt>
<wpt lat="35.6541608" lon="139.7028282">
<time>2026-01-01T00:31:48.000Z</time>
<extensions><trainlcd:accuracy>15</trainlcd:accuracy></extensions>
</wpt>
<wpt lat="35.6543082" lon="139.7028170">
<time>2026-01-01T00:31:49.000Z</time>
<extensions><trainlcd:accuracy>12</trainlcd:accuracy></extensions>
</wpt>
<wpt lat="35.6544556" lon="139.7028057">
<time>2026-01-01T00:31:50.000Z</time>
<extensions><trainlcd:accuracy>16</trainlcd:accuracy></extensions>
</wpt>
<wpt lat="35.6546029" lon="139.7027944">
<time>2026-01-01T00:31:51.000Z</time>
<extensions><trainlcd:accuracy>18</trainlcd:accuracy></extensions>
</wpt>
<wpt lat="35.6547503" lon="139.7027832">
<time>2026-01-01T00:31:52.000Z</time>
<extensions><trainlcd:accuracy>14</trainlcd:accuracy></extensions>
</wpt>
<wpt lat="35.6548977" lon="139.7027719">
<time>2026-01-01T00:31:53.000Z</time>
<extensions><trainlcd:accuracy>9</trainlcd:accuracy></extensions>
</wpt>
<wpt lat="35.6550451" lon="139.7027607">
<time>2026-01-01T00:31:54.000Z</time>
<extensions><trainlcd:accuracy>11</trainlcd:accuracy></extensions>
</wpt>
<wpt lat="35.6551924" lon="139.7027494">
<time>2026-01-01T00:31:55.000Z</time>
<extensions><trainlcd:accuracy>11</trainlcd:accuracy></extensions>
</wpt>
<wpt lat="35.6553398" lon="139.7027382">
<time>2026-01-01T00:31:56.000Z</time>
<extensions><trainlcd:accuracy>10</trainlcd:accuracy></extensions>
</wpt>
<wpt lat="35.6554872" lon="139.7027269">
<time>2026-01-01T00:31:57.000Z</time>
<extensions><trainlcd:accuracy>14</trainlcd:accuracy></extensions>
</wpt>
<wpt lat="35.6556346" lon="139.7027157">
<time>2026-01-01T00:31:58.000Z</time>
<extensions><trainlcd:accuracy>18</trainlcd:accuracy></extensions>
</wpt>
<wpt lat="35.6557819" lon="139.7027044">
<time>2026-01-01T00:31:59.000Z</time>
<extensions><trainlcd:accuracy>9</trainlcd:accuracy></extensions>
</wpt>
<wpt lat="35.6559293" lon="139.7026931">
<time>2026-01-01T00:32:00.000Z</time>
<extensions><trainlcd:accuracy>9</trainlcd:accuracy></extensions>
</wpt>
<wpt lat="35.6560767" lon="139.7026819">
<time>2026-01-01T00:32:01.000Z</time>
<extensions><trainlcd:accuracy>9</trainlcd:accuracy></extensions>
</wpt>
<wpt lat="35.6562241" lon="139.7026706">
<time>2026-01-01T00:32:02.000Z</time>
<extensions><trainlcd:accuracy>8</trainlcd:accuracy></extensions>
</wpt>
<wpt lat="35.6563714" lon="139.7026594">
<time>2026-01-01T00:32:03.000Z</time>
<extensions><trainlcd:accuracy>15</trainlcd:accuracy></extensions>
</wpt>
<wpt lat="35.6565188" lon="139.7026481">
<time>2026-01-01T00:32:04.000Z</time>
<extensions><trainlcd:accuracy>15</trainlcd:accuracy></extensions>
</wpt>
<wpt lat="35.6566662" lon="139.7026369">
<time>2026-01-01T00:32:05.000Z</time>
<extensions><trainlcd:accuracy>17</trainlcd:accuracy></extensions>
</wpt>
<wpt lat="35.6568135" lon="139.7026256">
<time>2026-01-01T00:32:06.000Z</time>
<extensions><trainlcd:accuracy>10</trainlcd:accuracy></extensions>
</wpt>
<wpt lat="35.6569609" lon="139.7026144">
<time>2026-01-01T00:32:07.000Z</time>
<extensions><trainlcd:accuracy>17</trainlcd:accuracy></extensions>
</wpt>
<wpt lat="35.6571083" lon="139.7026031">
<time>2026-01-01T00:32:08.000Z</time>
<extensions><trainlcd:accuracy>12</trainlcd:accuracy></extensions>
</wpt>
<wpt lat="35.6572557" lon="139.7025918">
<time>2026-01-01T00:32:09.000Z</time>
<extensions><trainlcd:accuracy>18</trainlcd:accuracy></extensions>
</wpt>
<wpt lat="35.6574030" lon="139.7025806">
<time>2026-01-01T00:32:10.000Z</time>
<extensions><trainlcd:accuracy>10</trainlcd:accuracy></extensions>
</wpt>
<wpt lat="35.6575504" lon="139.7025693">
<time>2026-01-01T00:32:11.000Z</time>
<extensions><trainlcd:accuracy>18</trainlcd:accuracy></extensions>
</wpt>
<wpt lat="35.6576978" lon="139.7025581">
<time>2026-01-01T00:32:12.000Z</time>
<extensions><trainlcd:accuracy>16</trainlcd:accuracy></extensions>
</wpt>
<wpt lat="35.6578452" lon="139.7025468">
<time>2026-01-01T00:32:13.000Z</time>
<extensions><trainlcd:accuracy>12</trainlcd:accuracy></extensions>
</wpt>
<wpt lat="35.6579925" lon="139.7025356">
<time>2026-01-01T00:32:14.000Z</time>
<extensions><trainlcd:accuracy>17</trainlcd:accuracy></extensions>
</wpt>
<wpt lat="35.6581332" lon="139.7025248">
<time>2026-01-01T00:32:15.000Z</time>
<extensions><trainlcd:accuracy>16</trainlcd:accuracy></extensions>
</wpt>
<wpt lat="35.6582672" lon="139.7025146">
<time>2026-01-01T00:32:16.000Z</time>
<extensions><trainlcd:accuracy>12</trainlcd:accuracy></extensions>
</wpt>
<wpt lat="35.6583946" lon="139.7025049">
<time>2026-01-01T00:32:17.000Z</time>
<extensions><trainlcd:accuracy>20</trainlcd:accuracy></extensions>
</wpt>
<wpt lat="35.6585152" lon="139.7024956">
<time>2026-01-01T00:32:18.000Z</time>
<extensions><trainlcd:accuracy>19</trainlcd:accuracy></extensions>
</wpt>
<wpt lat="35.6586292" lon="139.7024869">
<time>2026-01-01T00:32:19.000Z</time>
<extensions><trainlcd:accuracy>11</trainlcd:accuracy></extensions>
</wpt>
<wpt lat="35.6587365" lon="139.7024787">
<time>2026-01-01T00:32:20.000Z</time>
<extensions><trainlcd:accuracy>19</trainlcd:accuracy></extensions>
</wpt>
<wpt lat="35.6588371" lon="139.7024711">
<time>2026-01-01T00:32:21.000Z</time>
<extensions><trainlcd:accuracy>10</trainlcd:accuracy></extensions>
</wpt>
<wpt lat="35.6589311" lon="139.7024639">
<time>2026-01-01T00:32:22.000Z</time>
<extensions><trainlcd:accuracy>12</trainlcd:accuracy></extensions>
</wpt>
<wpt lat="35.6590183" lon="139.7024572">
<time>2026-01-01T00:32:23.000Z</time>
<extensions><trainlcd:accuracy>15</trainlcd:accuracy></extensions>
</wpt>
<wpt lat="35.6590989" lon="139.7024511">
<time>2026-01-01T00:32:24.000Z</time>
<extensions><trainlcd:accuracy>19</trainlcd:accuracy></extensions>
</wpt>
<wpt lat="35.6591728" lon="139.7024454">
<time>2026-01-01T00:32:25.000Z</time>
<extensions><trainlcd:accuracy>14</trainlcd:accuracy></extensions>
</wpt>
<wpt lat="35.6592401" lon="139.7024403">
<time>2026-01-01T00:32:26.000Z</time>
<extensions><trainlcd:accuracy>16</trainlcd:accuracy></extensions>
</wpt>
<wpt lat="35.6593006" lon="139.7024357">
<time>2026-01-01T00:32:27.000Z</time>
<extensions><trainlcd:accuracy>17</trainlcd:accuracy></extensions>
</wpt>
<wpt lat="35.6593545" lon="139.7024316">
<time>2026-01-01T00:32:28.000Z</time>
<extensions><trainlcd:accuracy>15</trainlcd:accuracy></extensions>
</wpt>
<wpt lat="35.6594017" lon="139.7024279">
<time>2026-01-01T00:32:29.000Z</time>
<extensions><trainlcd:accuracy>18</trainlcd:accuracy></extensions>
</wpt>
<wpt lat="35.6594422" lon="139.7024249">
<time>2026-01-01T00:32:30.000Z</time>
<extensions><trainlcd:accuracy>15</trainlcd:accuracy></extensions>
</wpt>
<wpt lat="35.6594760" lon="139.7024223">
<time>2026-01-01T00:32:31.000Z</time>
<extensions><trainlcd:accuracy>9</trainlcd:accuracy></extensions>
</wpt>
<wpt lat="35.6595032" lon="139.7024202">
<time>2026-01-01T00:32:32.000Z</time>
<extensions><trainlcd:accuracy>9</trainlcd:accuracy></extensions>
</wpt>
<wpt lat="35.6595236" lon="139.7024186">
<time>2026-01-01T00:32:33.000Z</time>
<extensions><trainlcd:accuracy>16</trainlcd:accuracy></extensions>
</wpt>
<wpt lat="35.6595374" lon="139.7024176">
<time>2026-01-01T00:32:34.000Z</time>
<extensions><trainlcd:accuracy>14</trainlcd:accuracy></extensions>
</wpt>
<wpt lat="35.6595446" lon="139.7024170">
<time>2026-01-01T00:32:35.000Z</time>
<extensions><trainlcd:accuracy>18</trainlcd:accuracy></extensions>
</wpt>
<wpt lat="35.6595450" lon="139.7024170">
<time>2026-01-01T00:32:36.000Z</time>
<extensions><trainlcd:accuracy>16</trainlcd:accuracy></extensions>
</wpt>
<wpt lat="35.6595450" lon="139.7024170">
<time>2026-01-01T00:32:37.000Z</time>
<extensions><trainlcd:accuracy>11</trainlcd:accuracy></extensions>
</wpt>
<wpt lat="35.6595450" lon="139.7024170">
<time>2026-01-01T00:32:38.000Z</time>
<extensions><trainlcd:accuracy>18</trainlcd:accuracy></extensions>
</wpt>
<wpt lat="35.6595450" lon="139.7024170">
<time>2026-01-01T00:32:39.000Z</time>
<extensions><trainlcd:accuracy>16</trainlcd:accuracy></extensions>
</wpt>
<wpt lat="35.6595450" lon="139.7024170">
<time>2026-01-01T00:32:40.000Z</time>
<extensions><trainlcd:accuracy>10</trainlcd:accuracy></extensions>
</wpt>
<wpt lat="35.6595450" lon="139.7024170">
<time>2026-01-01T00:32:41.000Z</time>
<extensions><trainlcd:accuracy>12</trainlcd:accuracy></extensions>
</wpt>
<wpt lat="35.6595450" lon="139.7024170">
<time>2026-01-01T00:32:42.000Z</time>
<extensions><trainlcd:accuracy>13</trainlcd:accuracy></extensions>
</wpt>
<wpt lat="35.6595450" lon="139.7024170">
<time>2026-01-01T00:32:43.000Z</time>
<extensions><trainlcd:accuracy>15</trainlcd:accuracy></extensions>
</wpt>
<wpt lat="35.6595450" lon="139.7024170">
<time>2026-01-01T00:32:44.000Z</time>
<extensions><trainlcd:accuracy>18</trainlcd:accuracy></extensions>
</wpt>
<wpt lat="35.6595450" lon="139.7024170">
<time>2026-01-01T00:32:45.000Z</time>
<extensions><trainlcd:accuracy>18</trainlcd:accuracy></extensions>
</wpt>
<wpt lat="35.6595450" lon="139.7024170">
<time>2026-01-01T00:32:46.000Z</time>
<extensions><trainlcd:accuracy>12</trainlcd:accuracy></extensions>
</wpt>
<wpt lat="35.6595450" lon="139.7024170">
<time>2026-01-01T00:32:47.000Z</time>
<extensions><trainlcd:accuracy>12</trainlcd:accuracy></extensions>
</wpt>
<wpt lat="35.6595450" lon="139.7024170">
<time>2026-01-01T00:32:48.000Z</time>
<extensions><trainlcd:accuracy>18</trainlcd:accuracy></extensions>
</wpt>
<wpt lat="35.6595450" lon="139.7024170">
<time>2026-01-01T00:32:49.000Z</time>
<extensions><trainlcd:accuracy>10</trainlcd:accuracy></extensions>
</wpt>
<wpt lat="35.6595450" lon="139.7024170">
<time>2026-01-01T00:32:50.000Z</time>
<extensions><trainlcd:accuracy>8</trainlcd:accuracy></extensions>
</wpt>
<wpt lat="35.6595450" lon="139.7024170">
<time>2026-01-01T00:32:51.000Z</time>
<extensions><trainlcd:accuracy>12</trainlcd:accuracy></extensions>
</wpt>
<wpt lat="35.6595450" lon="139.7024170">
<time>2026-01-01T00:32:52.000Z</time>
<extensions><trainlcd:accuracy>18</trainlcd:accuracy></extensions>
</wpt>
<wpt lat="35.6595450" lon="139.7024170">
<time>2026-01-01T00:32:53.000Z</time>
<extensions><trainlcd:accuracy>9</trainlcd:accuracy></extensions>
</wpt>
<wpt lat="35.6595450" lon="139.7024170">
<time>2026-01-01T00:32:54.000Z</time>
<extensions><trainlcd:accuracy>9</trainlcd:accuracy></extensions>
</wpt>
<wpt lat="35.6595450" lon="139.7024170">
<time>2026-01-01T00:32:55.000Z</time>
<extensions><trainlcd:accuracy>13</trainlcd:accuracy></extensions>
</wpt>
<wpt lat="35.6595450" lon="139.7024170">
<time>2026-01-01T00:32:56.000Z</time>
<extensions><trainlcd:accuracy>16</trainlcd:accuracy></extensions>
</wpt>
<wpt lat="35.6595450" lon="139.7024170">
<time>2026-01-01T00:32:57.000Z</time>
<extensions><trainlcd:accuracy>12</trainlcd:accuracy></extensions>
</wpt>
<wpt lat="35.6595450" lon="139.7024170">
<time>2026-01-01T00:32:58.000Z</time>
<extensions><trainlcd:accuracy>16</trainlcd:accuracy></extensions>
</wpt>
<wpt lat="35.6595450" lon="139.7024170">
<time>2026-01-01T00:32:59.000Z</time>
<extensions><trainlcd:accuracy>11</trainlcd:accuracy></extensions>
</wpt>
<wpt lat="35.6595450" lon="139.7024170">
<time>2026-01-01T00:33:00.000Z</time>
<extensions><trainlcd:accuracy>11</trainlcd:accuracy></extensions>
</wpt>
<wpt lat="35.6595450" lon="139.7024170">
<time>2026-01-01T00:33:01.000Z</time>
<extensions><trainlcd:accuracy>19</trainlcd:accuracy></extensions>
</wpt>
<wpt lat="35.6595450" lon="139.7024170">
<time>2026-01-01T00:33:02.000Z</time>
<extensions><trainlcd:accuracy>16</trainlcd:accuracy></extensions>
</wpt>
<wpt lat="35.6595450" lon="139.7024170">
<time>2026-01-01T00:33:03.000Z</time>
<extensions><trainlcd:accuracy>19</trainlcd:accuracy></extensions>
</wpt>
<wpt lat="35.6595450" lon="139.7024170">
<time>2026-01-01T00:33:04.000Z</time>
<extensions><trainlcd:accuracy>11</trainlcd:accuracy></extensions>
</wpt>
<wpt lat="35.6595450" lon="139.7024170">
<time>2026-01-01T00:33:05.000Z</time>
<extensions><trainlcd:accuracy>11</trainlcd:accuracy></extensions>
</wpt>
<wpt lat="35.6595450" lon="139.7024170">
<time>2026-01-01T00:33:06.000Z</time>
<extensions><trainlcd:accuracy>19</trainlcd:accuracy></extensions>
</wpt>
<wpt lat="35.6595450" lon="139.7024170">
<time>2026-01-01T00:33:07.000Z</time>
<extensions><trainlcd:accuracy>17</trainlcd:accuracy></extensions>
</wpt>
<wpt lat="35.6595450" lon="139.7024170">
<time>2026-01-01T00:33:08.000Z</time>
<extensions><trainlcd:accuracy>11</trainlcd:accuracy></extensions>
</wpt>
<wpt lat="35.6595450" lon="139.7024170">
<time>2026-01-01T00:33:09.000Z</time>
<extensions><trainlcd:accuracy>16</trainlcd:accuracy></extensions>
</wpt>
<wpt lat="35.6595450" lon="139.7024170">
<time>2026-01-01T00:33:10.000Z</time>
<extensions><trainlcd:accuracy>14</trainlcd:accuracy></extensions>
</wpt>
<wpt lat="35.6595450" lon="139.7024170">
<time>2026-01-01T00:33:11.000Z</time>
<extensions><trainlcd:accuracy>11</trainlcd:accuracy></extensions>
</wpt>
<wpt lat="35.6595450" lon="139.7024170">
<time>2026-01-01T00:33:12.000Z</time>
<extensions><trainlcd:accuracy>17</trainlcd:accuracy></extensions>
</wpt>
<wpt lat="35.6595450" lon="139.7024170">
<time>2026-01-01T00:33:13.000Z</time>
<extensions><trainlcd:accuracy>14</trainlcd:accuracy></extensions>
</wpt>
<wpt lat="35.6595450" lon="139.7024170">
<time>2026-01-01T00:33:14.000Z</time>
<extensions><trainlcd:accuracy>52</trainlcd:accuracy></extensions>
</wpt>
<wpt lat="35.6595450" lon="139.7024170">
<time>2026-01-01T00:33:15.000Z</time>
<extensions><trainlcd:accuracy>32</trainlcd:accuracy></extensions>
</wpt>
<wpt lat="35.6595450" lon="139.7024170">
<time>2026-01-01T00:33:16.000Z</time>
<extensions><trainlcd:accuracy>29</trainlcd:accuracy></extensions>
</wpt>
<wpt lat="35.6595450" lon="139.7024170">
<time>2026-01-01T00:33:17.000Z</time>
<extensions><trainlcd:accuracy>35</trainlcd:accuracy></extensions>
</wpt>
<wpt lat="35.6595450" lon="139.7024170">
<time>2026-01-01T00:33:18.000Z</time>
<extensions><trainlcd:accuracy>39</trainlcd:accuracy></extensions>
</wpt>
<wpt lat="35.6595450" lon="139.7024170">
<time>2026-01-01T00:33:19.000Z</time>
<extensions><trainlcd:accuracy>33</trainlcd:accuracy></extensions>
</wpt>
<wpt lat="35.6595450" lon="139.7024170">
<time>2026-01-01T00:33:20.000Z</time>
<extensions><trainlcd:accuracy>58</trainlcd:accuracy></extensions>
</wpt>
<wpt lat="35.6595450" lon="139.7024170">
<time>2026-01-01T00:33:21.000Z</time>
<extensions><trainlcd:accuracy>31</trainlcd:accuracy></extensions>
</wpt>
<wpt lat="35.6595450" lon="139.7024170">
<time>2026-01-01T00:33:22.000Z</time>
<extensions><trainlcd:accuracy>33</trainlcd:accuracy></extensions>
</wpt>
<wpt lat="35.6595450" lon="139.7024170">
<time>2026-01-01T00:33:23.000Z</time>
<extensions><trainlcd:accuracy>59</trainlcd:accuracy></extensions>
</wpt>
<wpt lat="35.6595450" lon="139.7024170">
<time>2026-01-01T00:33:24.000Z</time>
<extensions><trainlcd:accuracy>58</trainlcd:accuracy></extensions>
</wpt>
<wpt lat="35.6595450" lon="139.7024170">
<time>2026-01-01T00:33:25.000Z</time>
<extensions><trainlcd:accuracy>32</trainlcd:accuracy></extensions>
</wpt>
<wpt lat="35.6595450" lon="139.7024170">
<time>2026-01-01T00:33:26.000Z</time>
<extensions><trainlcd:accuracy>47</trainlcd:accuracy></extensions>
</wpt>
<wpt lat="35.6595450" lon="139.7024170">
<time>2026-01-01T00:33:27.000Z</time>
<extensions><trainlcd:accuracy>58</trainlcd:accuracy></extensions>
</wpt>
<wpt lat="35.6595450" lon="139.7024170">
<time>2026-01-01T00:33:28.000Z</time>
<extensions><trainlcd:accuracy>50</trainlcd:accuracy></extensions>
</wpt>
<wpt lat="35.6595450" lon="139.7024170">
<time>2026-01-01T00:33:29.000Z</time>
<extensions><trainlcd:accuracy>46</trainlcd:accuracy></extensions>
</wpt>
<wpt lat="35.6595450" lon="139.7024170">
<time>2026-01-01T00:33:30.000Z</time>
<extensions><trainlcd:accuracy>27</trainlcd:accuracy></extensions>
</wpt>
<wpt lat="35.6595450" lon="139.7024170">
<time>2026-01-01T00:33:31.000Z</time>
<extensions><trainlcd:accuracy>48</trainlcd:accuracy></extensions>
</wpt>
<wpt lat="35.6595450" lon="139.7024170">
<time>2026-01-01T00:33:32.000Z</time>
<extensions><trainlcd:accuracy>35</trainlcd:accuracy></extensions>
</wpt>
<wpt lat="35.6595450" lon="139.7024170">
<time>2026-01-01T00:33:33.000Z</time>
<extensions><trainlcd:accuracy>40</trainlcd:accuracy></extensions>
</wpt>
<wpt lat="35.6595450" lon="139.7024170">
<time>2026-01-01T00:33:34.000Z</time>
<extensions><trainlcd:accuracy>54</trainlcd:accuracy></extensions>
</wpt>
<wpt lat="35.6595450" lon="139.7024170">
<time>2026-01-01T00:33:35.000Z</time>
<extensions><trainlcd:accuracy>27</trainlcd:accuracy></extensions>
</wpt>
<wpt lat="35.6595450" lon="139.7024170">
<time>2026-01-01T00:33:36.000Z</time>
<extensions><trainlcd:accuracy>36</trainlcd:accuracy></extensions>
</wpt>
<wpt lat="35.6595450" lon="139.7024170">
<time>2026-01-01T00:33:37.000Z</time>
<extensions><trainlcd:accuracy>52</trainlcd:accuracy></extensions>
</wpt>
<wpt lat="35.6595450" lon="139.7024170">
<time>2026-01-01T00:33:38.000Z</time>
<extensions><trainlcd:accuracy>56</trainlcd:accuracy></extensions>
</wpt>
<wpt lat="35.6595450" lon="139.7024170">
<time>2026-01-01T00:33:39.000Z</time>
<extensions><trainlcd:accuracy>39</trainlcd:accuracy></extensions>
</wpt>
<wpt lat="35.6595450" lon="139.7024170">
<time>2026-01-01T00:33:40.000Z</time>
<extensions><trainlcd:accuracy>48</trainlcd:accuracy></extensions>
</wpt>
<wpt lat="35.6595450" lon="139.7024170">
<time>2026-01-01T00:33:41.000Z</time>
<extensions><trainlcd:accuracy>55</trainlcd:accuracy></extensions>
</wpt>
<wpt lat="35.6595450" lon="139.7024170">
<time>2026-01-01T00:33:42.000Z</time>
<extensions><trainlcd:accuracy>51</trainlcd:accuracy></extensions>
</wpt>
<wpt lat="35.6595450" lon="139.7024170">
<time>2026-01-01T00:33:43.000Z</time>
<extensions><trainlcd:accuracy>46</trainlcd:accuracy></extensions>
</wpt>
<wpt lat="35.6595450" lon="139.7024170">
<time>2026-01-01T00:33:44.000Z</time>
<extensions><trainlcd:accuracy>40</trainlcd:accuracy></extensions>
</wpt>
<wpt lat="35.6595450" lon="139.7024170">
<time>2026-01-01T00:33:45.000Z</time>
<extensions><trainlcd:accuracy>35</trainlcd:accuracy></extensions>
</wpt>
<wpt lat="35.6595450" lon="139.7024170">
<time>2026-01-01T00:33:46.000Z</time>
<extensions><trainlcd:accuracy>46</trainlcd:accuracy></extensions>
</wpt>
<wpt lat="35.6595450" lon="139.7024170">
<time>2026-01-01T00:33:47.000Z</time>
<extensions><trainlcd:accuracy>39</trainlcd:accuracy></extensions>
</wpt>
<wpt lat="35.6595450" lon="139.7024170">
<time>2026-01-01T00:33:48.000Z</time>
<extensions><trainlcd:accuracy>54</trainlcd:accuracy></extensions>
</wpt>
<wpt lat="35.6595450" lon="139.7024170">
<time>2026-01-01T00:33:49.000Z</time>
<extensions><trainlcd:accuracy>39</trainlcd:accuracy></extensions>
</wpt>
<wpt lat="35.6595450" lon="139.7024170">
<time>2026-01-01T00:33:50.000Z</time>
<extensions><trainlcd:accuracy>59</trainlcd:accuracy></extensions>
</wpt>
<wpt lat="35.6595508" lon="139.7024189">
<time>2026-01-01T00:33:51.000Z</time>
<extensions><trainlcd:accuracy>441</trainlcd:accuracy></extensions>
</wpt>
<wpt lat="35.6595623" lon="139.7024227">
<time>2026-01-01T00:33:52.000Z</time>
<extensions><trainlcd:accuracy>377</trainlcd:accuracy></extensions>
</wpt>
<wpt lat="35.6595796" lon="139.7024284">
<time>2026-01-01T00:33:53.000Z</time>
<extensions><trainlcd:accuracy>559</trainlcd:accuracy></extensions>
</wpt>
<wpt lat="35.6596027" lon="139.7024360">
<time>2026-01-01T00:33:54.000Z</time>
<extensions><trainlcd:accuracy>284</trainlcd:accuracy></extensions>
</wpt>
<wpt lat="35.6596315" lon="139.7024455">
<time>2026-01-01T00:33:55.000Z</time>
<extensions><trainlcd:accuracy>385</trainlcd:accuracy></extensions>
</wpt>
<wpt lat="35.6596661" lon="139.7024569">
<time>2026-01-01T00:33:56.000Z</time>
<extensions><trainlcd:accuracy>280</trainlcd:accuracy></extensions>
</wpt>
<wpt lat="35.6597064" lon="139.7024702">
<time>2026-01-01T00:33:57.000Z</time>
<extensions><trainlcd:accuracy>377</trainlcd:accuracy></extensions>
</wpt>
<wpt lat="35.6597525" lon="139.7024854">
<time>2026-01-01T00:33:58.000Z</time>
<extensions><trainlcd:accuracy>276</trainlcd:accuracy></extensions>
</wpt>
<wpt lat="35.6598044" lon="139.7025025">
<time>2026-01-01T00:33:59.000Z</time>
<extensions><trainlcd:accuracy>453</trainlcd:accuracy></extensions>
</wpt>
<wpt lat="35.6598621" lon="139.7025215">
<time>2026-01-01T00:34:00.000Z</time>
<extensions><trainlcd:accuracy>441</trainlcd:accuracy></extensions>
</wpt>
<wpt lat="35.6599255" lon="139.7025424">
<time>2026-01-01T00:34:01.000Z</time>
<extensions><trainlcd:accuracy>393</trainlcd:accuracy></extensions>
</wpt>
<wpt lat="35.6599947" lon="139.7025652">
<time>2026-01-01T00:34:02.000Z</time>
<extensions><trainlcd:accuracy>342</trainlcd:accuracy></extensions>
</wpt>
<wpt lat="35.6600696" lon="139.7025899">
<time>2026-01-01T00:34:03.000Z</time>
<extensions><trainlcd:accuracy>602</trainlcd:accuracy></extensions>
</wpt>
<wpt lat="35.6601503" lon="139.7026165">
<time>2026-01-01T00:34:04.000Z</time>
<extensions><trainlcd:accuracy>565</trainlcd:accuracy></extensions>
</wpt>
<wpt lat="35.6602368" lon="139.7026450">
<time>2026-01-01T00:34:05.000Z</time>
<extensions><trainlcd:accuracy>470</trainlcd:accuracy></extensions>
</wpt>
<wpt lat="35.6603290" lon="139.7026754">
<time>2026-01-01T00:34:06.000Z</time>
<extensions><trainlcd:accuracy>602</trainlcd:accuracy></extensions>
</wpt>
<wpt lat="35.6604270" lon="139.7027077">
<time>2026-01-01T00:34:07.000Z</time>
<extensions><trainlcd:accuracy>613</trainlcd:accuracy></extensions>
</wpt>
<wpt lat="35.6605264" lon="139.7027404">
<time>2026-01-01T00:34:08.000Z</time>
<extensions><trainlcd:accuracy>377</trainlcd:accuracy></extensions>
</wpt>
<wpt lat="35.6606258" lon="139.7027732">
<time>2026-01-01T00:34:09.000Z</time>
<extensions><trainlcd:accuracy>502</trainlcd:accuracy></extensions>
</wpt>
<wpt lat="35.6607252" lon="139.7028059">
<time>2026-01-01T00:34:10.000Z</time>
<extensions><trainlcd:accuracy>407</trainlcd:accuracy></extensions>
</wpt>
<wpt lat="35.6672835" lon="139.7049671">
<time>2026-01-01T00:35:16.000Z</time>
<extensions><trainlcd:accuracy>447</trainlcd:accuracy></extensions>
</wpt>
<wpt lat="35.6673829" lon="139.7049999">
<time>2026-01-01T00:35:17.000Z</time>
<extensions><trainlcd:accuracy>563</trainlcd:accuracy></extensions>
</wpt>
<wpt lat="35.6674822" lon="139.7050326">
<time>2026-01-01T00:35:18.000Z</time>
<extensions><trainlcd:accuracy>379</trainlcd:accuracy></extensions>
</wpt>
<wpt lat="35.6675816" lon="139.7050653">
<time>2026-01-01T00:35:19.000Z</time>
<extensions><trainlcd:accuracy>573</trainlcd:accuracy></extensions>
</wpt>
<wpt lat="35.6676810" lon="139.7050981">
<time>2026-01-01T00:35:20.000Z</time>
<extensions><trainlcd:accuracy>464</trainlcd:accuracy></extensions>
</wpt>
<wpt lat="35.6677803" lon="139.7051308">
<time>2026-01-01T00:35:21.000Z</time>
<extensions><trainlcd:accuracy>409</trainlcd:accuracy></extensions>
</wpt>
<wpt lat="35.6678797" lon="139.7051636">
<time>2026-01-01T00:35:22.000Z</time>
<extensions><trainlcd:accuracy>465</trainlcd:accuracy></extensions>
</wpt>
<wpt lat="35.6679717" lon="139.7051939">
<time>2026-01-01T00:35:23.000Z</time>
<extensions><trainlcd:accuracy>619</trainlcd:accuracy></extensions>
</wpt>
<wpt lat="35.6680562" lon="139.7052217">
<time>2026-01-01T00:35:24.000Z</time>
<extensions><trainlcd:accuracy>493</trainlcd:accuracy></extensions>
</wpt>
<wpt lat="35.6681333" lon="139.7052472">
<time>2026-01-01T00:35:25.000Z</time>
<extensions><trainlcd:accuracy>368</trainlcd:accuracy></extensions>
</wpt>
<wpt lat="35.6682031" lon="139.7052701">
<time>2026-01-01T00:35:26.000Z</time>
<extensions><trainlcd:accuracy>343</trainlcd:accuracy></extensions>
</wpt>
<wpt lat="35.6682654" lon="139.7052907">
<time>2026-01-01T00:35:27.000Z</time>
<extensions><trainlcd:accuracy>345</trainlcd:accuracy></extensions>
</wpt>
<wpt lat="35.6683203" lon="139.7053088">
<time>2026-01-01T00:35:28.000Z</time>
<extensions><trainlcd:accuracy>401</trainlcd:accuracy></extensions>
</wpt>
<wpt lat="35.6683678" lon="139.7053244">
<time>2026-01-01T00:35:29.000Z</time>
<extensions><trainlcd:accuracy>569</trainlcd:accuracy></extensions>
</wpt>
<wpt lat="35.6684078" lon="139.7053376">
<time>2026-01-01T00:35:30.000Z</time>
<extensions><trainlcd:accuracy>519</trainlcd:accuracy></extensions>
</wpt>
<wpt lat="35.6684405" lon="139.7053484">
<time>2026-01-01T00:35:31.000Z</time>
<extensions><trainlcd:accuracy>413</trainlcd:accuracy></extensions>
</wpt>
<wpt lat="35.6684657" lon="139.7053567">
<time>2026-01-01T00:35:32.000Z</time>
<extensions><trainlcd:accuracy>590</trainlcd:accuracy></extensions>
</wpt>
<wpt lat="35.6684836" lon="139.7053626">
<time>2026-01-01T00:35:33.000Z</time>
<extensions><trainlcd:accuracy>437</trainlcd:accuracy></extensions>
</wpt>
<wpt lat="35.6684940" lon="139.7053660">
<time>2026-01-01T00:35:34.000Z</time>
<extensions><trainlcd:accuracy>344</trainlcd:accuracy></extensions>
</wpt>
<wpt lat="35.6684970" lon="139.7053670">
<time>2026-01-01T00:35:35.000Z</time>
<extensions><trainlcd:accuracy>310</trainlcd:accuracy></extensions>
</wpt>
<wpt lat="35.6684970" lon="139.7053670">
<time>2026-01-01T00:35:36.000Z</time>
<extensions><trainlcd:accuracy>58</trainlcd:accuracy></extensions>
</wpt>
<wpt lat="35.6684970" lon="139.7053670">
<time>2026-01-01T00:35:37.000Z</time>
<extensions><trainlcd:accuracy>34</trainlcd:accuracy></extensions>
</wpt>
<wpt lat="35.6684970" lon="139.7053670">
<time>2026-01-01T00:35:38.000Z</time>
<extensions><trainlcd:accuracy>58</trainlcd:accuracy></extensions>
</wpt>
<wpt lat="35.6684970" lon="139.7053670">
<time>2026-01-01T00:35:39.000Z</time>
<extensions><trainlcd:accuracy>41</trainlcd:accuracy></extensions>
</wpt>
<wpt lat="35.6684970" lon="139.7053670">
<time>2026-01-01T00:35:40.000Z</time>
<extensions><trainlcd:accuracy>49</trainlcd:accuracy></extensions>
</wpt>
<wpt lat="35.6684970" lon="139.7053670">
<time>2026-01-01T00:35:41.000Z</time>
<extensions><trainlcd:accuracy>56</trainlcd:accuracy></extensions>
</wpt>
<wpt lat="35.6684970" lon="139.7053670">
<time>2026-01-01T00:35:42.000Z</time>
<extensions><trainlcd:accuracy>58</trainlcd:accuracy></extensions>
</wpt>
<wpt lat="35.6684970" lon="139.7053670">
<time>2026-01-01T00:35:43.000Z</time>
<extensions><trainlcd:accuracy>25</trainlcd:accuracy></extensions>
</wpt>
<wpt lat="35.6684970" lon="139.7053670">
<time>2026-01-01T00:35:44.000Z</time>
<extensions><trainlcd:accuracy>29</trainlcd:accuracy></extensions>
</wpt>
<wpt lat="35.6684970" lon="139.7053670">
<time>2026-01-01T00:35:45.000Z</time>
<extensions><trainlcd:accuracy>42</trainlcd:accuracy></extensions>
</wpt>
<wpt lat="35.6684970" lon="139.7053670">
<time>2026-01-01T00:35:46.000Z</time>
<extensions><trainlcd:accuracy>27</trainlcd:accuracy></extensions>
</wpt>
<wpt lat="35.6684970" lon="139.7053670">
<time>2026-01-01T00:35:47.000Z</time>
<extensions><trainlcd:accuracy>52</trainlcd:accuracy></extensions>
</wpt>
<wpt lat="35.6684970" lon="139.7053670">
<time>2026-01-01T00:35:48.000Z</time>
<extensions><trainlcd:accuracy>58</trainlcd:accuracy></extensions>
</wpt>
<wpt lat="35.6684970" lon="139.7053670">
<time>2026-01-01T00:35:49.000Z</time>
<extensions><trainlcd:accuracy>28</trainlcd:accuracy></extensions>
</wpt>
<wpt lat="35.6684970" lon="139.7053670">
<time>2026-01-01T00:35:50.000Z</time>
<extensions><trainlcd:accuracy>45</trainlcd:accuracy></extensions>
</wpt>
<wpt lat="35.6684970" lon="139.7053670">
<time>2026-01-01T00:35:51.000Z</time>
<extensions><trainlcd:accuracy>47</trainlcd:accuracy></extensions>
</wpt>
<wpt lat="35.6684970" lon="139.7053670">
<time>2026-01-01T00:35:52.000Z</time>
<extensions><trainlcd:accuracy>40</trainlcd:accuracy></extensions>
</wpt>
<wpt lat="35.6684970" lon="139.7053670">
<time>2026-01-01T00:35:53.000Z</time>
<extensions><trainlcd:accuracy>42</trainlcd:accuracy></extensions>
</wpt>
<wpt lat="35.6684970" lon="139.7053670">
<time>2026-01-01T00:35:54.000Z</time>
<extensions><trainlcd:accuracy>42</trainlcd:accuracy></extensions>
</wpt>
<wpt lat="35.6684970" lon="139.7053670">
<time>2026-01-01T00:35:55.000Z</time>
<extensions><trainlcd:accuracy>57</trainlcd:accuracy></extensions>
</wpt>
<wpt lat="35.6684970" lon="139.7053670">
<time>2026-01-01T00:35:56.000Z</time>
<extensions><trainlcd:accuracy>31</trainlcd:accuracy></extensions>
</wpt>
<wpt lat="35.6684970" lon="139.7053670">
<time>2026-01-01T00:35:57.000Z</time>
<extensions><trainlcd:accuracy>50</trainlcd:accuracy></extensions>
</wpt>
<wpt lat="35.6684970" lon="139.7053670">
<time>2026-01-01T00:35:58.000Z</time>
<extensions><trainlcd:accuracy>36</trainlcd:accuracy></extensions>
</wpt>
<wpt lat="35.6684970" lon="139.7053670">
<time>2026-01-01T00:35:59.000Z</time>
<extensions><trainlcd:accuracy>40</trainlcd:accuracy></extensions>
</wpt>
<wpt lat="35.6684970" lon="139.7053670">
<time>2026-01-01T00:36:00.000Z</time>
<extensions><trainlcd:accuracy>29</trainlcd:accuracy></extensions>
</wpt>
<wpt lat="35.6684970" lon="139.7053670">
<time>2026-01-01T00:36:01.000Z</time>
<extensions><trainlcd:accuracy>46</trainlcd:accuracy></extensions>
</wpt>
<wpt lat="35.6684970" lon="139.7053670">
<time>2026-01-01T00:36:02.000Z</time>
<extensions><trainlcd:accuracy>26</trainlcd:accuracy></extensions>
</wpt>
<wpt lat="35.6684970" lon="139.7053670">
<time>2026-01-01T00:36:03.000Z</time>
<extensions><trainlcd:accuracy>43</trainlcd:accuracy></extensions>
</wpt>
<wpt lat="35.6684970" lon="139.7053670">
<time>2026-01-01T00:36:04.000Z</time>
<extensions><trainlcd:accuracy>40</trainlcd:accuracy></extensions>
</wpt>
<wpt lat="35.6684970" lon="139.7053670">
<time>2026-01-01T00:36:05.000Z</time>
<extensions><trainlcd:accuracy>27</trainlcd:accuracy></extensions>
</wpt>
<wpt lat="35.6684970" lon="139.7053670">
<time>2026-01-01T00:36:06.000Z</time>
<extensions><trainlcd:accuracy>46</trainlcd:accuracy></extensions>
</wpt>
<wpt lat="35.6684970" lon="139.7053670">
<time>2026-01-01T00:36:07.000Z</time>
<extensions><trainlcd:accuracy>33</trainlcd:accuracy></extensions>
</wpt>
<wpt lat="35.6684970" lon="139.7053670">
<time>2026-01-01T00:36:08.000Z</time>
<extensions><trainlcd:accuracy>40</trainlcd:accuracy></extensions>
</wpt>
<wpt lat="35.6684970" lon="139.7053670">
<time>2026-01-01T00:36:09.000Z</time>
<extensions><trainlcd:accuracy>56</trainlcd:accuracy></extensions>
</wpt>
<wpt lat="35.6684970" lon="139.7053670">
<time>2026-01-01T00:36:10.000Z</time>
<extensions><trainlcd:accuracy>50</trainlcd:accuracy></extensions>
</wpt>
<wpt lat="35.6684970" lon="139.7053670">
<time>2026-01-01T00:36:11.000Z</time>
<extensions><trainlcd:accuracy>54</trainlcd:accuracy></extensions>
</wpt>
<wpt lat="35.6684970" lon="139.7053670">
<time>2026-01-01T00:36:12.000Z</time>
<extensions><trainlcd:accuracy>33</trainlcd:accuracy></extensions>
</wpt>
<wpt lat="35.6685026" lon="139.7053670">
<time>2026-01-01T00:36:13.000Z</time>
<extensions><trainlcd:accuracy>381</trainlcd:accuracy></extensions>
</wpt>
<wpt lat="35.6685139" lon="139.7053671">
<time>2026-01-01T00:36:14.000Z</time>
<extensions><trainlcd:accuracy>428</trainlcd:accuracy></extensions>
</wpt>
<wpt lat="35.6685308" lon="139.7053673">
<time>2026-01-01T00:36:15.000Z</time>
<extensions><trainlcd:accuracy>274</trainlcd:accuracy></extensions>
</wpt>
<wpt lat="35.6685534" lon="139.7053675">
<time>2026-01-01T00:36:16.000Z</time>
<extensions><trainlcd:accuracy>605</trainlcd:accuracy></extensions>
</wpt>
<wpt lat="35.6685816" lon="139.7053677">
<time>2026-01-01T00:36:17.000Z</time>
<extensions><trainlcd:accuracy>333</trainlcd:accuracy></extensions>
</wpt>
<wpt lat="35.6686154" lon="139.7053680">
<time>2026-01-01T00:36:18.000Z</time>
<extensions><trainlcd:accuracy>525</trainlcd:accuracy></extensions>
</wpt>
<wpt lat="35.6686549" lon="139.7053684">
<time>2026-01-01T00:36:19.000Z</time>
<extensions><trainlcd:accuracy>469</trainlcd:accuracy></extensions>
</wpt>
<wpt lat="35.6687000" lon="139.7053688">
<time>2026-01-01T00:36:20.000Z</time>
<extensions><trainlcd:accuracy>539</trainlcd:accuracy></extensions>
</wpt>
<wpt lat="35.6687507" lon="139.7053692">
<time>2026-01-01T00:36:21.000Z</time>
<extensions><trainlcd:accuracy>303</trainlcd:accuracy></extensions>
</wpt>
<wpt lat="35.6688071" lon="139.7053697">
<time>2026-01-01T00:36:22.000Z</time>
<extensions><trainlcd:accuracy>591</trainlcd:accuracy></extensions>
</wpt>
<wpt lat="35.6688691" lon="139.7053702">
<time>2026-01-01T00:36:23.000Z</time>
<extensions><trainlcd:accuracy>400</trainlcd:accuracy></extensions>
</wpt>
<wpt lat="35.6689367" lon="139.7053708">
<time>2026-01-01T00:36:24.000Z</time>
<extensions><trainlcd:accuracy>612</trainlcd:accuracy></extensions>
</wpt>
<wpt lat="35.6690100" lon="139.7053714">
<time>2026-01-01T00:36:25.000Z</time>
<extensions><trainlcd:accuracy>321</trainlcd:accuracy></extensions>
</wpt>
<wpt lat="35.6690890" lon="139.7053721">
<time>2026-01-01T00:36:26.000Z</time>
<extensions><trainlcd:accuracy>349</trainlcd:accuracy></extensions>
</wpt>
<wpt lat="35.6691735" lon="139.7053728">
<time>2026-01-01T00:36:27.000Z</time>
<extensions><trainlcd:accuracy>299</trainlcd:accuracy></extensions>
</wpt>
<wpt lat="35.6692637" lon="139.7053736">
<time>2026-01-01T00:36:28.000Z</time>
<extensions><trainlcd:accuracy>262</trainlcd:accuracy></extensions>
</wpt>
<wpt lat="35.6693596" lon="139.7053744">
<time>2026-01-01T00:36:29.000Z</time>
<extensions><trainlcd:accuracy>369</trainlcd:accuracy></extensions>
</wpt>
<wpt lat="35.6694610" lon="139.7053753">
<time>2026-01-01T00:36:30.000Z</time>
<extensions><trainlcd:accuracy>466</trainlcd:accuracy></extensions>
</wpt>
<wpt lat="35.6695642" lon="139.7053762">
<time>2026-01-01T00:36:31.000Z</time>
<extensions><trainlcd:accuracy>593</trainlcd:accuracy></extensions>
</wpt>
<wpt lat="35.6696675" lon="139.7053771">
<time>2026-01-01T00:36:32.000Z</time>
<extensions><trainlcd:accuracy>588</trainlcd:accuracy></extensions>
</wpt>
<wpt lat="35.6896049" lon="139.7048909">
<time>2026-01-01T00:39:41.000Z</time>
<extensions><trainlcd:accuracy>543</trainlcd:accuracy></extensions>
</wpt>
<wpt lat="35.6897122" lon="139.7048855">
<time>2026-01-01T00:39:42.000Z</time>
<extensions><trainlcd:accuracy>484</trainlcd:accuracy></extensions>
</wpt>
<wpt lat="35.6898196" lon="139.7048801">
<time>2026-01-01T00:39:43.000Z</time>
<extensions><trainlcd:accuracy>584</trainlcd:accuracy></extensions>
</wpt>
<wpt lat="35.6899269" lon="139.7048747">
<time>2026-01-01T00:39:44.000Z</time>
<extensions><trainlcd:accuracy>585</trainlcd:accuracy></extensions>
</wpt>
<wpt lat="35.6900343" lon="139.7048693">
<time>2026-01-01T00:39:45.000Z</time>
<extensions><trainlcd:accuracy>614</trainlcd:accuracy></extensions>
</wpt>
<wpt lat="35.6901416" lon="139.7048639">
<time>2026-01-01T00:39:46.000Z</time>
<extensions><trainlcd:accuracy>612</trainlcd:accuracy></extensions>
</wpt>
<wpt lat="35.6902415" lon="139.7048588">
<time>2026-01-01T00:39:47.000Z</time>
<extensions><trainlcd:accuracy>352</trainlcd:accuracy></extensions>
</wpt>
<wpt lat="35.6903337" lon="139.7048542">
<time>2026-01-01T00:39:48.000Z</time>
<extensions><trainlcd:accuracy>557</trainlcd:accuracy></extensions>
</wpt>
<wpt lat="35.6904185" lon="139.7048499">
<time>2026-01-01T00:39:49.000Z</time>
<extensions><trainlcd:accuracy>264</trainlcd:accuracy></extensions>
</wpt>
<wpt lat="35.6904957" lon="139.7048460">
<time>2026-01-01T00:39:50.000Z</time>
<extensions><trainlcd:accuracy>361</trainlcd:accuracy></extensions>
</wpt>
<wpt lat="35.6905653" lon="139.7048425">
<time>2026-01-01T00:39:51.000Z</time>
<extensions><trainlcd:accuracy>382</trainlcd:accuracy></extensions>
</wpt>
<wpt lat="35.6906275" lon="139.7048394">
<time>2026-01-01T00:39:52.000Z</time>
<extensions><trainlcd:accuracy>526</trainlcd:accuracy></extensions>
</wpt>
<wpt lat="35.6906820" lon="139.7048366">
<time>2026-01-01T00:39:53.000Z</time>
<extensions><trainlcd:accuracy>316</trainlcd:accuracy></extensions>
</wpt>
<wpt lat="35.6907291" lon="139.7048342">
<time>2026-01-01T00:39:54.000Z</time>
<extensions><trainlcd:accuracy>433</trainlcd:accuracy></extensions>
</wpt>
<wpt lat="35.6907686" lon="139.7048323">
<time>2026-01-01T00:39:55.000Z</time>
<extensions><trainlcd:accuracy>320</trainlcd:accuracy></extensions>
</wpt>
<wpt lat="35.6908005" lon="139.7048306">
<time>2026-01-01T00:39:56.000Z</time>
<extensions><trainlcd:accuracy>617</trainlcd:accuracy></extensions>
</wpt>
<wpt lat="35.6908250" lon="139.7048294">
<time>2026-01-01T00:39:57.000Z</time>
<extensions><trainlcd:accuracy>290</trainlcd:accuracy></extensions>
</wpt>
<wpt lat="35.6908419" lon="139.7048286">
<time>2026-01-01T00:39:58.000Z</time>
<extensions><trainlcd:accuracy>287</trainlcd:accuracy></extensions>
</wpt>
<wpt lat="35.6908512" lon="139.7048281">
<time>2026-01-01T00:39:59.000Z</time>
<extensions><trainlcd:accuracy>558</trainlcd:accuracy></extensions>
</wpt>
<wpt lat="35.6908530" lon="139.7048280">
<time>2026-01-01T00:40:00.000Z</time>
<extensions><trainlcd:accuracy>409</trainlcd:accuracy></extensions>
</wpt>
<wpt lat="35.6908530" lon="139.7048280">
<time>2026-01-01T00:40:01.000Z</time>
<extensions><trainlcd:accuracy>32</trainlcd:accuracy></extensions>
</wpt>
<wpt lat="35.6908530" lon="139.7048280">
<time>2026-01-01T00:40:02.000Z</time>
<extensions><trainlcd:accuracy>48</trainlcd:accuracy></extensions>
</wpt>
<wpt lat="35.6908530" lon="139.7048280">
<time>2026-01-01T00:40:03.000Z</time>
<extensions><trainlcd:accuracy>29</trainlcd:accuracy></extensions>
</wpt>
<wpt lat="35.6908530" lon="139.7048280">
<time>2026-01-01T00:40:04.000Z</time>
<extensions><trainlcd:accuracy>43</trainlcd:accuracy></extensions>
</wpt>
<wpt lat="35.6908530" lon="139.7048280">
<time>2026-01-01T00:40:05.000Z</time>
<extensions><trainlcd:accuracy>49</trainlcd:accuracy></extensions>
</wpt>
<wpt lat="35.6908530" lon="139.7048280">
<time>2026-01-01T00:40:06.000Z</time>
<extensions><trainlcd:accuracy>34</trainlcd:accuracy></extensions>
</wpt>
<wpt lat="35.6908530" lon="139.7048280">
<time>2026-01-01T00:40:07.000Z</time>
<extensions><trainlcd:accuracy>32</trainlcd:accuracy></extensions>
</wpt>
<wpt lat="35.6908530" lon="139.7048280">
<time>2026-01-01T00:40:08.000Z</time>
<extensions><trainlcd:accuracy>56</trainlcd:accuracy></extensions>
</wpt>
<wpt lat="35.6908530" lon="139.7048280">
<time>2026-01-01T00:40:09.000Z</time>
<extensions><trainlcd:accuracy>31</trainlcd:accuracy></extensions>
</wpt>
<wpt lat="35.6908530" lon="139.7048280">
<time>2026-01-01T00:40:10.000Z</time>
<extensions><trainlcd:accuracy>34</trainlcd:accuracy></extensions>
</wpt>
<wpt lat="35.6908530" lon="139.7048280">
<time>2026-01-01T00:40:11.000Z</time>
<extensions><trainlcd:accuracy>28</trainlcd:accuracy></extensions>
</wpt>
<wpt lat="35.6908530" lon="139.7048280">
<time>2026-01-01T00:40:12.000Z</time>
<extensions><trainlcd:accuracy>26</trainlcd:accuracy></extensions>
</wpt>
<wpt lat="35.6908530" lon="139.7048280">
<time>2026-01-01T00:40:13.000Z</time>
<extensions><trainlcd:accuracy>57</trainlcd:accuracy></extensions>
</wpt>
<wpt lat="35.6908530" lon="139.7048280">
<time>2026-01-01T00:40:14.000Z</time>
<extensions><trainlcd:accuracy>58</trainlcd:accuracy></extensions>
</wpt>
<wpt lat="35.6908530" lon="139.7048280">
<time>2026-01-01T00:40:15.000Z</time>
<extensions><trainlcd:accuracy>40</trainlcd:accuracy></extensions>
</wpt>
<wpt lat="35.6908530" lon="139.7048280">
<time>2026-01-01T00:40:16.000Z</time>
<extensions><trainlcd:accuracy>46</trainlcd:accuracy></extensions>
</wpt>
<wpt lat="35.6908530" lon="139.7048280">
<time>2026-01-01T00:40:17.000Z</time>
<extensions><trainlcd:accuracy>59</trainlcd:accuracy></extensions>
</wpt>
<wpt lat="35.6908530" lon="139.7048280">
<time>2026-01-01T00:40:18.000Z</time>
<extensions><trainlcd:accuracy>54</trainlcd:accuracy></extensions>
</wpt>
<wpt lat="35.6908530" lon="139.7048280">
<time>2026-01-01T00:40:19.000Z</time>
<extensions><trainlcd:accuracy>49</trainlcd:accuracy></extensions>
</wpt>
<wpt lat="35.6908530" lon="139.7048280">
<time>2026-01-01T00:40:20.000Z</time>
<extensions><trainlcd:accuracy>40</trainlcd:accuracy></extensions>
</wpt>
<wpt lat="35.6908530" lon="139.7048280">
<time>2026-01-01T00:40:21.000Z</time>
<extensions><trainlcd:accuracy>60</trainlcd:accuracy></extensions>
</wpt>
<wpt lat="35.6908530" lon="139.7048280">
<time>2026-01-01T00:40:22.000Z</time>
<extensions><trainlcd:accuracy>36</trainlcd:accuracy></extensions>
</wpt>
<wpt lat="35.6908530" lon="139.7048280">
<time>2026-01-01T00:40:23.000Z</time>
<extensions><trainlcd:accuracy>50</trainlcd:accuracy></extensions>
</wpt>
<wpt lat="35.6908530" lon="139.7048280">
<time>2026-01-01T00:40:24.000Z</time>
<extensions><trainlcd:accuracy>28</trainlcd:accuracy></extensions>
</wpt>
<wpt lat="35.6908530" lon="139.7048280">
<time>2026-01-01T00:40:25.000Z</time>
<extensions><trainlcd:accuracy>32</trainlcd:accuracy></extensions>
</wpt>
<wpt lat="35.6908530" lon="139.7048280">
<time>2026-01-01T00:40:26.000Z</time>
<extensions><trainlcd:accuracy>50</trainlcd:accuracy></extensions>
</wpt>
<wpt lat="35.6908530" lon="139.7048280">
<time>2026-01-01T00:40:27.000Z</time>
<extensions><trainlcd:accuracy>46</trainlcd:accuracy></extensions>
</wpt>
<wpt lat="35.6908530" lon="139.7048280">
<time>2026-01-01T00:40:28.000Z</time>
<extensions><trainlcd:accuracy>51</trainlcd:accuracy></extensions>
</wpt>
<wpt lat="35.6908530" lon="139.7048280">
<time>2026-01-01T00:40:29.000Z</time>
<extensions><trainlcd:accuracy>58</trainlcd:accuracy></extensions>
</wpt>
<wpt lat="35.6908530" lon="139.7048280">
<time>2026-01-01T00:40:30.000Z</time>
<extensions><trainlcd:accuracy>30</trainlcd:accuracy></extensions>
</wpt>
<wpt lat="35.6908530" lon="139.7048280">
<time>2026-01-01T00:40:31.000Z</time>
<extensions><trainlcd:accuracy>53</trainlcd:accuracy></extensions>
</wpt>
<wpt lat="35.6908530" lon="139.7048280">
<time>2026-01-01T00:40:32.000Z</time>
<extensions><trainlcd:accuracy>43</trainlcd:accuracy></extensions>
</wpt>
<wpt lat="35.6908530" lon="139.7048280">
<time>2026-01-01T00:40:33.000Z</time>
<extensions><trainlcd:accuracy>59</trainlcd:accuracy></extensions>
</wpt>
<wpt lat="35.6908530" lon="139.7048280">
<time>2026-01-01T00:40:34.000Z</time>
<extensions><trainlcd:accuracy>56</trainlcd:accuracy></extensions>
</wpt>
<wpt lat="35.6908530" lon="139.7048280">
<time>2026-01-01T00:40:35.000Z</time>
<extensions><trainlcd:accuracy>37</trainlcd:accuracy></extensions>
</wpt>
<wpt lat="35.6908530" lon="139.7048280">
<time>2026-01-01T00:40:36.000Z</time>
<extensions><trainlcd:accuracy>56</trainlcd:accuracy></extensions>
</wpt>
<wpt lat="35.6908530" lon="139.7048280">
<time>2026-01-01T00:40:37.000Z</time>
<extensions><trainlcd:accuracy>59</trainlcd:accuracy></extensions>
</wpt>
<wpt lat="35.6908590" lon="139.7048300">
<time>2026-01-01T00:40:38.000Z</time>
<extensions><trainlcd:accuracy>618</trainlcd:accuracy></extensions>
</wpt>
<wpt lat="35.6908709" lon="139.7048341">
<time>2026-01-01T00:40:39.000Z</time>
<extensions><trainlcd:accuracy>477</trainlcd:accuracy></extensions>
</wpt>
<wpt lat="35.6908889" lon="139.7048403">
<time>2026-01-01T00:40:40.000Z</time>
<extensions><trainlcd:accuracy>378</trainlcd:accuracy></extensions>
</wpt>
<wpt lat="35.6909128" lon="139.7048485">
<time>2026-01-01T00:40:41.000Z</time>
<extensions><trainlcd:accuracy>417</trainlcd:accuracy></extensions>
</wpt>
<wpt lat="35.6909426" lon="139.7048587">
<time>2026-01-01T00:40:42.000Z</time>
<extensions><trainlcd:accuracy>278</trainlcd:accuracy></extensions>
</wpt>
<wpt lat="35.6909785" lon="139.7048710">
<time>2026-01-01T00:40:43.000Z</time>
<extensions><trainlcd:accuracy>415</trainlcd:accuracy></extensions>
</wpt>
<wpt lat="35.6910203" lon="139.7048854">
<time>2026-01-01T00:40:44.000Z</time>
<extensions><trainlcd:accuracy>526</trainlcd:accuracy></extensions>
</wpt>
<wpt lat="35.6910681" lon="139.7049018">
<time>2026-01-01T00:40:45.000Z</time>
<extensions><trainlcd:accuracy>482</trainlcd:accuracy></extensions>
</wpt>
<wpt lat="35.6911219" lon="139.7049202">
<time>2026-01-01T00:40:46.000Z</time>
<extensions><trainlcd:accuracy>304</trainlcd:accuracy></extensions>
</wpt>
<wpt lat="35.6911816" lon="139.7049407">
<time>2026-01-01T00:40:47.000Z</time>
<extensions><trainlcd:accuracy>373</trainlcd:accuracy></extensions>
</wpt>
<wpt lat="35.6912474" lon="139.7049633">
<time>2026-01-01T00:40:48.000Z</time>
<extensions><trainlcd:accuracy>274</trainlcd:accuracy></extensions>
</wpt>
<wpt lat="35.6913191" lon="139.7049879">
<time>2026-01-01T00:40:49.000Z</time>
<extensions><trainlcd:accuracy>317</trainlcd:accuracy></extensions>
</wpt>
<wpt lat="35.6913968" lon="139.7050145">
<time>2026-01-01T00:40:50.000Z</time>
<extensions><trainlcd:accuracy>422</trainlcd:accuracy></extensions>
</wpt>
<wpt lat="35.6914804" lon="139.7050432">
<time>2026-01-01T00:40:51.000Z</time>
<extensions><trainlcd:accuracy>471</trainlcd:accuracy></extensions>
</wpt>
<wpt lat="35.6915700" lon="139.7050739">
<time>2026-01-01T00:40:52.000Z</time>
<extensions><trainlcd:accuracy>295</trainlcd:accuracy></extensions>
</wpt>
<wpt lat="35.6916657" lon="139.7051067">
<time>2026-01-01T00:40:53.000Z</time>
<extensions><trainlcd:accuracy>560</trainlcd:accuracy></extensions>
</wpt>
<wpt lat="35.6917672" lon="139.7051416">
<time>2026-01-01T00:40:54.000Z</time>
<extensions><trainlcd:accuracy>499</trainlcd:accuracy></extensions>
</wpt>
<wpt lat="35.6918748" lon="139.7051784">
<time>2026-01-01T00:40:55.000Z</time>
<extensions><trainlcd:accuracy>462</trainlcd:accuracy></extensions>
</wpt>
<wpt lat="35.6919848" lon="139.7052162">
<time>2026-01-01T00:40:56.000Z</time>
<extensions><trainlcd:accuracy>597</trainlcd:accuracy></extensions>
</wpt>
<wpt lat="35.6920947" lon="139.7052539">
<time>2026-01-01T00:40:57.000Z</time>
<extensions><trainlcd:accuracy>363</trainlcd:accuracy></extensions>
</wpt>
<wpt lat="35.7305044" lon="139.7088467">
<time>2026-01-01T00:47:17.000Z</time>
<extensions><trainlcd:accuracy>371</trainlcd:accuracy></extensions>
</wpt>
<wpt lat="35.7305867" lon="139.7087991">
<time>2026-01-01T00:47:18.000Z</time>
<extensions><trainlcd:accuracy>469</trainlcd:accuracy></extensions>
</wpt>
<wpt lat="35.7306690" lon="139.7087514">
<time>2026-01-01T00:47:19.000Z</time>
<extensions><trainlcd:accuracy>512</trainlcd:accuracy></extensions>
</wpt>
<wpt lat="35.7307512" lon="139.7087038">
<time>2026-01-01T00:47:20.000Z</time>
<extensions><trainlcd:accuracy>555</trainlcd:accuracy></extensions>
</wpt>
<wpt lat="35.7308335" lon="139.7086561">
<time>2026-01-01T00:47:21.000Z</time>
<extensions><trainlcd:accuracy>472</trainlcd:accuracy></extensions>
</wpt>
<wpt lat="35.7309158" lon="139.7086085">
<time>2026-01-01T00:47:22.000Z</time>
<extensions><trainlcd:accuracy>286</trainlcd:accuracy></extensions>
</wpt>
<wpt lat="35.7309923" lon="139.7085642">
<time>2026-01-01T00:47:23.000Z</time>
<extensions><trainlcd:accuracy>610</trainlcd:accuracy></extensions>
</wpt>
<wpt lat="35.7310631" lon="139.7085232">
<time>2026-01-01T00:47:24.000Z</time>
<extensions><trainlcd:accuracy>465</trainlcd:accuracy></extensions>
</wpt>
<wpt lat="35.7311281" lon="139.7084855">
<time>2026-01-01T00:47:25.000Z</time>
<extensions><trainlcd:accuracy>510</trainlcd:accuracy></extensions>
</wpt>
<wpt lat="35.7311874" lon="139.7084512">
<time>2026-01-01T00:47:26.000Z</time>
<extensions><trainlcd:accuracy>326</trainlcd:accuracy></extensions>
</wpt>
<wpt lat="35.7312409" lon="139.7084202">
<time>2026-01-01T00:47:27.000Z</time>
<extensions><trainlcd:accuracy>402</trainlcd:accuracy></extensions>
</wpt>
<wpt lat="35.7312887" lon="139.7083925">
<time>2026-01-01T00:47:28.000Z</time>
<extensions><trainlcd:accuracy>497</trainlcd:accuracy></extensions>
</wpt>
<wpt lat="35.7313307" lon="139.7083682">
<time>2026-01-01T00:47:29.000Z</time>
<extensions><trainlcd:accuracy>316</trainlcd:accuracy></extensions>
</wpt>
<wpt lat="35.7313670" lon="139.7083472">
<time>2026-01-01T00:47:30.000Z</time>
<extensions><trainlcd:accuracy>472</trainlcd:accuracy></extensions>
</wpt>
<wpt lat="35.7313975" lon="139.7083295">
<time>2026-01-01T00:47:31.000Z</time>
<extensions><trainlcd:accuracy>497</trainlcd:accuracy></extensions>
</wpt>
<wpt lat="35.7314223" lon="139.7083151">
<time>2026-01-01T00:47:32.000Z</time>
<extensions><trainlcd:accuracy>310</trainlcd:accuracy></extensions>
</wpt>
<wpt lat="35.7314414" lon="139.7083041">
<time>2026-01-01T00:47:33.000Z</time>
<extensions><trainlcd:accuracy>269</trainlcd:accuracy></extensions>
</wpt>
<wpt lat="35.7314546" lon="139.7082964">
<time>2026-01-01T00:47:34.000Z</time>
<extensions><trainlcd:accuracy>442</trainlcd:accuracy></extensions>
</wpt>
<wpt lat="35.7314622" lon="139.7082920">
<time>2026-01-01T00:47:35.000Z</time>
<extensions><trainlcd:accuracy>375</trainlcd:accuracy></extensions>
</wpt>
<wpt lat="35.7314640" lon="139.7082910">
<time>2026-01-01T00:47:36.000Z</time>
<extensions><trainlcd:accuracy>545</trainlcd:accuracy></extensions>
</wpt>
<wpt lat="35.7314640" lon="139.7082910">
<time>2026-01-01T00:47:37.000Z</time>
<extensions><trainlcd:accuracy>57</trainlcd:accuracy></extensions>
</wpt>
<wpt lat="35.7314640" lon="139.7082910">
<time>2026-01-01T00:47:38.000Z</time>
<extensions><trainlcd:accuracy>28</trainlcd:accuracy></extensions>
</wpt>
<wpt lat="35.7314640" lon="139.7082910">
<time>2026-01-01T00:47:39.000Z</time>
<extensions><trainlcd:accuracy>26</trainlcd:accuracy></extensions>
</wpt>
<wpt lat="35.7314640" lon="139.7082910">
<time>2026-01-01T00:47:40.000Z</time>
<extensions><trainlcd:accuracy>30</trainlcd:accuracy></extensions>
</wpt>
<wpt lat="35.7314640" lon="139.7082910">
<time>2026-01-01T00:47:41.000Z</time>
<extensions><trainlcd:accuracy>29</trainlcd:accuracy></extensions>
</wpt>
<wpt lat="35.7314640" lon="139.7082910">
<time>2026-01-01T00:47:42.000Z</time>
<extensions><trainlcd:accuracy>46</trainlcd:accuracy></extensions>
</wpt>
<wpt lat="35.7314640" lon="139.7082910">
<time>2026-01-01T00:47:43.000Z</time>
<extensions><trainlcd:accuracy>31</trainlcd:accuracy></extensions>
</wpt>
<wpt lat="35.7314640" lon="139.7082910">
<time>2026-01-01T00:47:44.000Z</time>
<extensions><trainlcd:accuracy>35</trainlcd:accuracy></extensions>
</wpt>
<wpt lat="35.7314640" lon="139.7082910">
<time>2026-01-01T00:47:45.000Z</time>
<extensions><trainlcd:accuracy>36</trainlcd:accuracy></extensions>
</wpt>
<wpt lat="35.7314640" lon="139.7082910">
<time>2026-01-01T00:47:46.000Z</time>
<extensions><trainlcd:accuracy>36</trainlcd:accuracy></extensions>
</wpt>
<wpt lat="35.7314640" lon="139.7082910">
<time>2026-01-01T00:47:47.000Z</time>
<extensions><trainlcd:accuracy>51</trainlcd:accuracy></extensions>
</wpt>
<wpt lat="35.7314640" lon="139.7082910">
<time>2026-01-01T00:47:48.000Z</time>
<extensions><trainlcd:accuracy>32</trainlcd:accuracy></extensions>
</wpt>
<wpt lat="35.7314640" lon="139.7082910">
<time>2026-01-01T00:47:49.000Z</time>
<extensions><trainlcd:accuracy>51</trainlcd:accuracy></extensions>
</wpt>
<wpt lat="35.7314640" lon="139.7082910">
<time>2026-01-01T00:47:50.000Z</time>
<extensions><trainlcd:accuracy>42</trainlcd:accuracy></extensions>
</wpt>
<wpt lat="35.7314640" lon="139.7082910">
<time>2026-01-01T00:47:51.000Z</time>
<extensions><trainlcd:accuracy>40</trainlcd:accuracy></extensions>
</wpt>
<wpt lat="35.7314640" lon="139.7082910">
<time>2026-01-01T00:47:52.000Z</time>
<extensions><trainlcd:accuracy>57</trainlcd:accuracy></extensions>
</wpt>
<wpt lat="35.7314640" lon="139.7082910">
<time>2026-01-01T00:47:53.000Z</time>
<extensions><trainlcd:accuracy>52</trainlcd:accuracy></extensions>
</wpt>
<wpt lat="35.7314640" lon="139.7082910">
<time>2026-01-01T00:47:54.000Z</time>
<extensions><trainlcd:accuracy>47</trainlcd:accuracy></extensions>
</wpt>
<wpt lat="35.7314640" lon="139.7082910">
<time>2026-01-01T00:47:55.000Z</time>
<extensions><trainlcd:accuracy>60</trainlcd:accuracy></extensions>
</wpt>
<wpt lat="35.7314640" lon="139.7082910">
<time>2026-01-01T00:47:56.000Z</time>
<extensions><trainlcd:accuracy>45</trainlcd:accuracy></extensions>
</wpt>
<wpt lat="35.7314640" lon="139.7082910">
<time>2026-01-01T00:47:57.000Z</time>
<extensions><trainlcd:accuracy>59</trainlcd:accuracy></extensions>
</wpt>
<wpt lat="35.7314640" lon="139.7082910">
<time>2026-01-01T00:47:58.000Z</time>
<extensions><trainlcd:accuracy>36</trainlcd:accuracy></extensions>
</wpt>
<wpt lat="35.7314640" lon="139.7082910">
<time>2026-01-01T00:47:59.000Z</time>
<extensions><trainlcd:accuracy>58</trainlcd:accuracy></extensions>
</wpt>
<wpt lat="35.7314640" lon="139.7082910">
<time>2026-01-01T00:48:00.000Z</time>
<extensions><trainlcd:accuracy>28</trainlcd:accuracy></extensions>
</wpt>
<wpt lat="35.7314640" lon="139.7082910">
<time>2026-01-01T00:48:01.000Z</time>
<extensions><trainlcd:accuracy>43</trainlcd:accuracy></extensions>
</wpt>
<wpt lat="35.7314640" lon="139.7082910">
<time>2026-01-01T00:48:02.000Z</time>
<extensions><trainlcd:accuracy>33</trainlcd:accuracy></extensions>
</wpt>
<wpt lat="35.7314640" lon="139.7082910">
<time>2026-01-01T00:48:03.000Z</time>
<extensions><trainlcd:accuracy>58</trainlcd:accuracy></extensions>
</wpt>
<wpt lat="35.7314640" lon="139.7082910">
<time>2026-01-01T00:48:04.000Z</time>
<extensions><trainlcd:accuracy>35</trainlcd:accuracy></extensions>
</wpt>
<wpt lat="35.7314640" lon="139.7082910">
<time>2026-01-01T00:48:05.000Z</time>
<extensions><trainlcd:accuracy>47</trainlcd:accuracy></extensions>
</wpt>
<wpt lat="35.7314640" lon="139.7082910">
<time>2026-01-01T00:48:06.000Z</time>
<extensions><trainlcd:accuracy>59</trainlcd:accuracy></extensions>
</wpt>
<wpt lat="35.7314640" lon="139.7082910">
<time>2026-01-01T00:48:07.000Z</time>
<extensions><trainlcd:accuracy>28</trainlcd:accuracy></extensions>
</wpt>
<wpt lat="35.7314640" lon="139.7082910">
<time>2026-01-01T00:48:08.000Z</time>
<extensions><trainlcd:accuracy>43</trainlcd:accuracy></extensions>
</wpt>
<wpt lat="35.7314640" lon="139.7082910">
<time>2026-01-01T00:48:09.000Z</time>
<extensions><trainlcd:accuracy>50</trainlcd:accuracy></extensions>
</wpt>
<wpt lat="35.7314640" lon="139.7082910">
<time>2026-01-01T00:48:10.000Z</time>
<extensions><trainlcd:accuracy>45</trainlcd:accuracy></extensions>
</wpt>
<wpt lat="35.7314640" lon="139.7082910">
<time>2026-01-01T00:48:11.000Z</time>
<extensions><trainlcd:accuracy>48</trainlcd:accuracy></extensions>
</wpt>
<wpt lat="35.7314640" lon="139.7082910">
<time>2026-01-01T00:48:12.000Z</time>
<extensions><trainlcd:accuracy>60</trainlcd:accuracy></extensions>
</wpt>
<wpt lat="35.7314640" lon="139.7082910">
<time>2026-01-01T00:48:13.000Z</time>
<extensions><trainlcd:accuracy>57</trainlcd:accuracy></extensions>
</wpt>
<wpt lat="35.7314654" lon="139.7082836">
<time>2026-01-01T00:48:14.000Z</time>
<extensions><trainlcd:accuracy>617</trainlcd:accuracy></extensions>
</wpt>
<wpt lat="35.7314681" lon="139.7082687">
<time>2026-01-01T00:48:15.000Z</time>
<extensions><trainlcd:accuracy>434</trainlcd:accuracy></extensions>
</wpt>
<wpt lat="35.7314722" lon="139.7082464">
<time>2026-01-01T00:48:16.000Z</time>
<extensions><trainlcd:accuracy>538</trainlcd:accuracy></extensions>
</wpt>
<wpt lat="35.7314777" lon="139.7082167">
<time>2026-01-01T00:48:17.000Z</time>
<extensions><trainlcd:accuracy>389</trainlcd:accuracy></extensions>
</wpt>
<wpt lat="35.7314845" lon="139.7081796">
<time>2026-01-01T00:48:18.000Z</time>
<extensions><trainlcd:accuracy>326</trainlcd:accuracy></extensions>
</wpt>
<wpt lat="35.7314928" lon="139.7081350">
<time>2026-01-01T00:48:19.000Z</time>
<extensions><trainlcd:accuracy>496</trainlcd:accuracy></extensions>
</wpt>
<wpt lat="35.7315024" lon="139.7080830">
<time>2026-01-01T00:48:20.000Z</time>
<extensions><trainlcd:accuracy>496</trainlcd:accuracy></extensions>
</wpt>
<wpt lat="35.7315133" lon="139.7080236">
<time>2026-01-01T00:48:21.000Z</time>
<extensions><trainlcd:accuracy>609</trainlcd:accuracy></extensions>
</wpt>
<wpt lat="35.7315256" lon="139.7079568">
<time>2026-01-01T00:48:22.000Z</time>
<extensions><trainlcd:accuracy>535</trainlcd:accuracy></extensions>
</wpt>
<wpt lat="35.7315393" lon="139.7078825">
<time>2026-01-01T00:48:23.000Z</time>
<extensions><trainlcd:accuracy>442</trainlcd:accuracy></extensions>
</wpt>
<wpt lat="35.7315544" lon="139.7078008">
<time>2026-01-01T00:48:24.000Z</time>
<extensions><trainlcd:accuracy>496</trainlcd:accuracy></extensions>
</wpt>
<wpt lat="35.7315708" lon="139.7077117">
<time>2026-01-01T00:48:25.000Z</time>
<extensions><trainlcd:accuracy>502</trainlcd:accuracy></extensions>
</wpt>
<wpt lat="35.7315886" lon="139.7076151">
<time>2026-01-01T00:48:26.000Z</time>
<extensions><trainlcd:accuracy>519</trainlcd:accuracy></extensions>
</wpt>
<wpt lat="35.7316078" lon="139.7075111">
<time>2026-01-01T00:48:27.000Z</time>
<extensions><trainlcd:accuracy>269</trainlcd:accuracy></extensions>
</wpt>
<wpt lat="35.7316284" lon="139.7073997">
<time>2026-01-01T00:48:28.000Z</time>
<extensions><trainlcd:accuracy>615</trainlcd:accuracy></extensions>
</wpt>
<wpt lat="35.7316503" lon="139.7072809">
<time>2026-01-01T00:48:29.000Z</time>
<extensions><trainlcd:accuracy>447</trainlcd:accuracy></extensions>
</wpt>
<wpt lat="35.7316735" lon="139.7071552">
<time>2026-01-01T00:48:30.000Z</time>
<extensions><trainlcd:accuracy>614</trainlcd:accuracy></extensions>
</wpt>
<wpt lat="35.7316966" lon="139.7070295">
<time>2026-01-01T00:48:31.000Z</time>
<extensions><trainlcd:accuracy>570</trainlcd:accuracy></extensions>
</wpt>
<wpt lat="35.7317198" lon="139.7069038">
<time>2026-01-01T00:48:32.000Z</time>
<extensions><trainlcd:accuracy>357</trainlcd:accuracy></extensions>
</wpt>
<wpt lat="35.7317430" lon="139.7067781">
<time>2026-01-01T00:48:33.000Z</time>
<extensions><trainlcd:accuracy>277</trainlcd:accuracy></extensions>
</wpt>
<wpt lat="35.7431130" lon="139.6798965">
<time>2026-01-01T00:52:31.000Z</time>
<extensions><trainlcd:accuracy>428</trainlcd:accuracy></extensions>
</wpt>
<wpt lat="35.7431701" lon="139.6797869">
<time>2026-01-01T00:52:32.000Z</time>
<extensions><trainlcd:accuracy>610</trainlcd:accuracy></extensions>
</wpt>
<wpt lat="35.7432271" lon="139.6796773">
<time>2026-01-01T00:52:33.000Z</time>
<extensions><trainlcd:accuracy>555</trainlcd:accuracy></extensions>
</wpt>
<wpt lat="35.7432842" lon="139.6795677">
<time>2026-01-01T00:52:34.000Z</time>
<extensions><trainlcd:accuracy>527</trainlcd:accuracy></extensions>
</wpt>
<wpt lat="35.7433413" lon="139.6794581">
<time>2026-01-01T00:52:35.000Z</time>
<extensions><trainlcd:accuracy>446</trainlcd:accuracy></extensions>
</wpt>
<wpt lat="35.7433984" lon="139.6793486">
<time>2026-01-01T00:52:36.000Z</time>
<extensions><trainlcd:accuracy>375</trainlcd:accuracy></extensions>
</wpt>
<wpt lat="35.7434555" lon="139.6792390">
<time>2026-01-01T00:52:37.000Z</time>
<extensions><trainlcd:accuracy>271</trainlcd:accuracy></extensions>
</wpt>
<wpt lat="35.7435083" lon="139.6791377">
<time>2026-01-01T00:52:38.000Z</time>
<extensions><trainlcd:accuracy>465</trainlcd:accuracy></extensions>
</wpt>
<wpt lat="35.7435567" lon="139.6790448">
<time>2026-01-01T00:52:39.000Z</time>
<extensions><trainlcd:accuracy>263</trainlcd:accuracy></extensions>
</wpt>
<wpt lat="35.7436008" lon="139.6789602">
<time>2026-01-01T00:52:40.000Z</time>
<extensions><trainlcd:accuracy>349</trainlcd:accuracy></extensions>
</wpt>
<wpt lat="35.7436405" lon="139.6788839">
<time>2026-01-01T00:52:41.000Z</time>
<extensions><trainlcd:accuracy>335</trainlcd:accuracy></extensions>
</wpt>
<wpt lat="35.7436759" lon="139.6788159">
<time>2026-01-01T00:52:42.000Z</time>
<extensions><trainlcd:accuracy>570</trainlcd:accuracy></extensions>
</wpt>
<wpt lat="35.7437070" lon="139.6787563">
<time>2026-01-01T00:52:43.000Z</time>
<extensions><trainlcd:accuracy>448</trainlcd:accuracy></extensions>
</wpt>
<wpt lat="35.7437337" lon="139.6787050">
<time>2026-01-01T00:52:44.000Z</time>
<extensions><trainlcd:accuracy>424</trainlcd:accuracy></extensions>
</wpt>
<wpt lat="35.7437561" lon="139.6786620">
<time>2026-01-01T00:52:45.000Z</time>
<extensions><trainlcd:accuracy>420</trainlcd:accuracy></extensions>
</wpt>
<wpt lat="35.7437742" lon="139.6786273">
<time>2026-01-01T00:52:46.000Z</time>
<extensions><trainlcd:accuracy>292</trainlcd:accuracy></extensions>
</wpt>
<wpt lat="35.7437879" lon="139.6786010">
<time>2026-01-01T00:52:47.000Z</time>
<extensions><trainlcd:accuracy>363</trainlcd:accuracy></extensions>
</wpt>
<wpt lat="35.7437973" lon="139.6785830">
<time>2026-01-01T00:52:48.000Z</time>
<extensions><trainlcd:accuracy>505</trainlcd:accuracy></extensions>
</wpt>
<wpt lat="35.7438023" lon="139.6785733">
<time>2026-01-01T00:52:49.000Z</time>
<extensions><trainlcd:accuracy>384</trainlcd:accuracy></extensions>
</wpt>
<wpt lat="35.7438030" lon="139.6785720">
<time>2026-01-01T00:52:50.000Z</time>
<extensions><trainlcd:accuracy>346</trainlcd:accuracy></extensions>
</wpt>
<wpt lat="35.7438030" lon="139.6785720">
<time>2026-01-01T00:52:51.000Z</time>
<extensions><trainlcd:accuracy>57</trainlcd:accuracy></extensions>
</wpt>
<wpt lat="35.7438030" lon="139.6785720">
<time>2026-01-01T00:52:52.000Z</time>
<extensions><trainlcd:accuracy>42</trainlcd:accuracy></extensions>
</wpt>
<wpt lat="35.7438030" lon="139.6785720">
<time>2026-01-01T00:52:53.000Z</time>
<extensions><trainlcd:accuracy>49</trainlcd:accuracy></extensions>
</wpt>
<wpt lat="35.7438030" lon="139.6785720">
<time>2026-01-01T00:52:54.000Z</time>
<extensions><trainlcd:accuracy>56</trainlcd:accuracy></extensions>
</wpt>
<wpt lat="35.7438030" lon="139.6785720">
<time>2026-01-01T00:52:55.000Z</time>
<extensions><trainlcd:accuracy>58</trainlcd:accuracy></extensions>
</wpt>
<wpt lat="35.7438030" lon="139.6785720">
<time>2026-01-01T00:52:56.000Z</time>
<extensions><trainlcd:accuracy>52</trainlcd:accuracy></extensions>
</wpt>
<wpt lat="35.7438030" lon="139.6785720">
<time>2026-01-01T00:52:57.000Z</time>
<extensions><trainlcd:accuracy>36</trainlcd:accuracy></extensions>
</wpt>
<wpt lat="35.7438030" lon="139.6785720">
<time>2026-01-01T00:52:58.000Z</time>
<extensions><trainlcd:accuracy>27</trainlcd:accuracy></extensions>
</wpt>
<wpt lat="35.7438030" lon="139.6785720">
<time>2026-01-01T00:52:59.000Z</time>
<extensions><trainlcd:accuracy>27</trainlcd:accuracy></extensions>
</wpt>
<wpt lat="35.7438030" lon="139.6785720">
<time>2026-01-01T00:53:00.000Z</time>
<extensions><trainlcd:accuracy>27</trainlcd:accuracy></extensions>
</wpt>
<wpt lat="35.7438030" lon="139.6785720">
<time>2026-01-01T00:53:01.000Z</time>
<extensions><trainlcd:accuracy>59</trainlcd:accuracy></extensions>
</wpt>
<wpt lat="35.7438030" lon="139.6785720">
<time>2026-01-01T00:53:02.000Z</time>
<extensions><trainlcd:accuracy>53</trainlcd:accuracy></extensions>
</wpt>
<wpt lat="35.7438030" lon="139.6785720">
<time>2026-01-01T00:53:03.000Z</time>
<extensions><trainlcd:accuracy>26</trainlcd:accuracy></extensions>
</wpt>
<wpt lat="35.7438030" lon="139.6785720">
<time>2026-01-01T00:53:04.000Z</time>
<extensions><trainlcd:accuracy>38</trainlcd:accuracy></extensions>
</wpt>
<wpt lat="35.7438030" lon="139.6785720">
<time>2026-01-01T00:53:05.000Z</time>
<extensions><trainlcd:accuracy>48</trainlcd:accuracy></extensions>
</wpt>
<wpt lat="35.7438030" lon="139.6785720">
<time>2026-01-01T00:53:06.000Z</time>
<extensions><trainlcd:accuracy>45</trainlcd:accuracy></extensions>
</wpt>
<wpt lat="35.7438030" lon="139.6785720">
<time>2026-01-01T00:53:07.000Z</time>
<extensions><trainlcd:accuracy>59</trainlcd:accuracy></extensions>
</wpt>
<wpt lat="35.7438030" lon="139.6785720">
<time>2026-01-01T00:53:08.000Z</time>
<extensions><trainlcd:accuracy>38</trainlcd:accuracy></extensions>
</wpt>
<wpt lat="35.7438030" lon="139.6785720">
<time>2026-01-01T00:53:09.000Z</time>
<extensions><trainlcd:accuracy>55</trainlcd:accuracy></extensions>
</wpt>
<wpt lat="35.7438030" lon="139.6785720">
<time>2026-01-01T00:53:10.000Z</time>
<extensions><trainlcd:accuracy>30</trainlcd:accuracy></extensions>
</wpt>
<wpt lat="35.7438030" lon="139.6785720">
<time>2026-01-01T00:53:11.000Z</time>
<extensions><trainlcd:accuracy>55</trainlcd:accuracy></extensions>
</wpt>
<wpt lat="35.7438030" lon="139.6785720">
<time>2026-01-01T00:53:12.000Z</time>
<extensions><trainlcd:accuracy>38</trainlcd:accuracy></extensions>
</wpt>
<wpt lat="35.7438030" lon="139.6785720">
<time>2026-01-01T00:53:13.000Z</time>
<extensions><trainlcd:accuracy>51</trainlcd:accuracy></extensions>
</wpt>
<wpt lat="35.7438030" lon="139.6785720">
<time>2026-01-01T00:53:14.000Z</time>
<extensions><trainlcd:accuracy>55</trainlcd:accuracy></extensions>
</wpt>
<wpt lat="35.7438030" lon="139.6785720">
<time>2026-01-01T00:53:15.000Z</time>
<extensions><trainlcd:accuracy>46</trainlcd:accuracy></extensions>
</wpt>
<wpt lat="35.7438030" lon="139.6785720">
<time>2026-01-01T00:53:16.000Z</time>
<extensions><trainlcd:accuracy>59</trainlcd:accuracy></extensions>
</wpt>
<wpt lat="35.7438030" lon="139.6785720">
<time>2026-01-01T00:53:17.000Z</time>
<extensions><trainlcd:accuracy>30</trainlcd:accuracy></extensions>
</wpt>
<wpt lat="35.7438030" lon="139.6785720">
<time>2026-01-01T00:53:18.000Z</time>
<extensions><trainlcd:accuracy>56</trainlcd:accuracy></extensions>
</wpt>
<wpt lat="35.7438030" lon="139.6785720">
<time>2026-01-01T00:53:19.000Z</time>
<extensions><trainlcd:accuracy>43</trainlcd:accuracy></extensions>
</wpt>
<wpt lat="35.7438030" lon="139.6785720">
<time>2026-01-01T00:53:20.000Z</time>
<extensions><trainlcd:accuracy>43</trainlcd:accuracy></extensions>
</wpt>
<wpt lat="35.7438030" lon="139.6785720">
<time>2026-01-01T00:53:21.000Z</time>
<extensions><trainlcd:accuracy>56</trainlcd:accuracy></extensions>
</wpt>
<wpt lat="35.7438030" lon="139.6785720">
<time>2026-01-01T00:53:22.000Z</time>
<extensions><trainlcd:accuracy>34</trainlcd:accuracy></extensions>
</wpt>
<wpt lat="35.7438030" lon="139.6785720">
<time>2026-01-01T00:53:23.000Z</time>
<extensions><trainlcd:accuracy>42</trainlcd:accuracy></extensions>
</wpt>
<wpt lat="35.7438030" lon="139.6785720">
<time>2026-01-01T00:53:24.000Z</time>
<extensions><trainlcd:accuracy>58</trainlcd:accuracy></extensions>
</wpt>
<wpt lat="35.7438030" lon="139.6785720">
<time>2026-01-01T00:53:25.000Z</time>
<extensions><trainlcd:accuracy>53</trainlcd:accuracy></extensions>
</wpt>
<wpt lat="35.7438030" lon="139.6785720">
<time>2026-01-01T00:53:26.000Z</time>
<extensions><trainlcd:accuracy>47</trainlcd:accuracy></extensions>
</wpt>
<wpt lat="35.7438030" lon="139.6785720">
<time>2026-01-01T00:53:27.000Z</time>
<extensions><trainlcd:accuracy>33</trainlcd:accuracy></extensions>
</wpt>
<wpt lat="35.7438030" lon="139.6785720">
<time>2026-01-01T00:53:28.000Z</time>
<extensions><trainlcd:accuracy>33</trainlcd:accuracy></extensions>
</wpt>
<wpt lat="35.7438030" lon="139.6785720">
<time>2026-01-01T00:53:29.000Z</time>
<extensions><trainlcd:accuracy>42</trainlcd:accuracy></extensions>
</wpt>
<wpt lat="35.7438030" lon="139.6785720">
<time>2026-01-01T00:53:30.000Z</time>
<extensions><trainlcd:accuracy>32</trainlcd:accuracy></extensions>
</wpt>
<wpt lat="35.7438030" lon="139.6785720">
<time>2026-01-01T00:53:31.000Z</time>
<extensions><trainlcd:accuracy>58</trainlcd:accuracy></extensions>
</wpt>
<wpt lat="35.7438030" lon="139.6785720">
<time>2026-01-01T00:53:32.000Z</time>
<extensions><trainlcd:accuracy>59</trainlcd:accuracy></extensions>
</wpt>
<wpt lat="35.7438030" lon="139.6785720">
<time>2026-01-01T00:53:33.000Z</time>
<extensions><trainlcd:accuracy>47</trainlcd:accuracy></extensions>
</wpt>
<wpt lat="35.7438030" lon="139.6785720">
<time>2026-01-01T00:53:34.000Z</time>
<extensions><trainlcd:accuracy>25</trainlcd:accuracy></extensions>
</wpt>
<wpt lat="35.7438030" lon="139.6785720">
<time>2026-01-01T00:53:35.000Z</time>
<extensions><trainlcd:accuracy>41</trainlcd:accuracy></extensions>
</wpt>
<wpt lat="35.7438030" lon="139.6785720">
<time>2026-01-01T00:53:36.000Z</time>
<extensions><trainlcd:accuracy>43</trainlcd:accuracy></extensions>
</wpt>
<wpt lat="35.7438030" lon="139.6785720">
<time>2026-01-01T00:53:37.000Z</time>
<extensions><trainlcd:accuracy>48</trainlcd:accuracy></extensions>
</wpt>
<wpt lat="35.7438030" lon="139.6785720">
<time>2026-01-01T00:53:38.000Z</time>
<extensions><trainlcd:accuracy>52</trainlcd:accuracy></extensions>
</wpt>
<wpt lat="35.7438030" lon="139.6785720">
<time>2026-01-01T00:53:39.000Z</time>
<extensions><trainlcd:accuracy>32</trainlcd:accuracy></extensions>
</wpt>
<wpt lat="35.7438030" lon="139.6785720">
<time>2026-01-01T00:53:40.000Z</time>
<extensions><trainlcd:accuracy>46</trainlcd:accuracy></extensions>
</wpt>
<wpt lat="35.7438030" lon="139.6785720">
<time>2026-01-01T00:53:41.000Z</time>
<extensions><trainlcd:accuracy>48</trainlcd:accuracy></extensions>
</wpt>
<wpt lat="35.7438030" lon="139.6785720">
<time>2026-01-01T00:53:42.000Z</time>
<extensions><trainlcd:accuracy>52</trainlcd:accuracy></extensions>
</wpt>
<wpt lat="35.7438030" lon="139.6785720">
<time>2026-01-01T00:53:43.000Z</time>
<extensions><trainlcd:accuracy>25</trainlcd:accuracy></extensions>
</wpt>
<wpt lat="35.7438030" lon="139.6785720">
<time>2026-01-01T00:53:44.000Z</time>
<extensions><trainlcd:accuracy>58</trainlcd:accuracy></extensions>
</wpt>
<wpt lat="35.7438030" lon="139.6785720">
<time>2026-01-01T00:53:45.000Z</time>
<extensions><trainlcd:accuracy>60</trainlcd:accuracy></extensions>
</wpt>
<wpt lat="35.7438030" lon="139.6785720">
<time>2026-01-01T00:53:46.000Z</time>
<extensions><trainlcd:accuracy>50</trainlcd:accuracy></extensions>
</wpt>
<wpt lat="35.7438030" lon="139.6785720">
<time>2026-01-01T00:53:47.000Z</time>
<extensions><trainlcd:accuracy>30</trainlcd:accuracy></extensions>
</wpt>
<wpt lat="35.7438030" lon="139.6785720">
<time>2026-01-01T00:53:48.000Z</time>
<extensions><trainlcd:accuracy>41</trainlcd:accuracy></extensions>
</wpt>
<wpt lat="35.7438030" lon="139.6785720">
<time>2026-01-01T00:53:49.000Z</time>
<extensions><trainlcd:accuracy>39</trainlcd:accuracy></extensions>
</wpt>
<wpt lat="35.7438030" lon="139.6785720">
<time>2026-01-01T00:53:50.000Z</time>
<extensions><trainlcd:accuracy>36</trainlcd:accuracy></extensions>
</wpt>
<wpt lat="35.7438030" lon="139.6785720">
<time>2026-01-01T00:53:51.000Z</time>
<extensions><trainlcd:accuracy>47</trainlcd:accuracy></extensions>
</wpt>
<wpt lat="35.7438030" lon="139.6785720">
<time>2026-01-01T00:53:52.000Z</time>
<extensions><trainlcd:accuracy>49</trainlcd:accuracy></extensions>
</wpt>
<wpt lat="35.7438030" lon="139.6785720">
<time>2026-01-01T00:53:53.000Z</time>
<extensions><trainlcd:accuracy>57</trainlcd:accuracy></extensions>
</wpt>
<wpt lat="35.7438030" lon="139.6785720">
<time>2026-01-01T00:53:54.000Z</time>
<extensions><trainlcd:accuracy>28</trainlcd:accuracy></extensions>
</wpt>
<wpt lat="35.7438030" lon="139.6785720">
<time>2026-01-01T00:53:55.000Z</time>
<extensions><trainlcd:accuracy>32</trainlcd:accuracy></extensions>
</wpt>
<wpt lat="35.7438030" lon="139.6785720">
<time>2026-01-01T00:53:56.000Z</time>
<extensions><trainlcd:accuracy>42</trainlcd:accuracy></extensions>
</wpt>
<wpt lat="35.7438030" lon="139.6785720">
<time>2026-01-01T00:53:57.000Z</time>
<extensions><trainlcd:accuracy>28</trainlcd:accuracy></extensions>
</wpt>
<wpt lat="35.7438030" lon="139.6785720">
<time>2026-01-01T00:53:58.000Z</time>
<extensions><trainlcd:accuracy>54</trainlcd:accuracy></extensions>
</wpt>
<wpt lat="35.7438030" lon="139.6785720">
<time>2026-01-01T00:53:59.000Z</time>
<extensions><trainlcd:accuracy>55</trainlcd:accuracy></extensions>
</wpt>
<wpt lat="35.7438030" lon="139.6785720">
<time>2026-01-01T00:54:00.000Z</time>
<extensions><trainlcd:accuracy>47</trainlcd:accuracy></extensions>
</wpt>
<wpt lat="35.7438030" lon="139.6785720">
<time>2026-01-01T00:54:01.000Z</time>
<extensions><trainlcd:accuracy>56</trainlcd:accuracy></extensions>
</wpt>
<wpt lat="35.7438030" lon="139.6785720">
<time>2026-01-01T00:54:02.000Z</time>
<extensions><trainlcd:accuracy>39</trainlcd:accuracy></extensions>
</wpt>
<wpt lat="35.7438030" lon="139.6785720">
<time>2026-01-01T00:54:03.000Z</time>
<extensions><trainlcd:accuracy>48</trainlcd:accuracy></extensions>
</wpt>
<wpt lat="35.7438030" lon="139.6785720">
<time>2026-01-01T00:54:04.000Z</time>
<extensions><trainlcd:accuracy>41</trainlcd:accuracy></extensions>
</wpt>
<wpt lat="35.7438011" lon="139.6785657">
<time>2026-01-01T00:54:05.000Z</time>
<extensions><trainlcd:accuracy>409</trainlcd:accuracy></extensions>
</wpt>
<wpt lat="35.7437974" lon="139.6785531">
<time>2026-01-01T00:54:06.000Z</time>
<extensions><trainlcd:accuracy>273</trainlcd:accuracy></extensions>
</wpt>
<wpt lat="35.7437919" lon="139.6785343">
<time>2026-01-01T00:54:07.000Z</time>
<extensions><trainlcd:accuracy>330</trainlcd:accuracy></extensions>
</wpt>
<wpt lat="35.7437844" lon="139.6785092">
<time>2026-01-01T00:54:08.000Z</time>
<extensions><trainlcd:accuracy>433</trainlcd:accuracy></extensions>
</wpt>
<wpt lat="35.7437752" lon="139.6784777">
<time>2026-01-01T00:54:09.000Z</time>
<extensions><trainlcd:accuracy>495</trainlcd:accuracy></extensions>
</wpt>
<wpt lat="35.7437640" lon="139.6784400">
<time>2026-01-01T00:54:10.000Z</time>
<extensions><trainlcd:accuracy>376</trainlcd:accuracy></extensions>
</wpt>
<wpt lat="35.7437510" lon="139.6783960">
<time>2026-01-01T00:54:11.000Z</time>
<extensions><trainlcd:accuracy>324</trainlcd:accuracy></extensions>
</wpt>
<wpt lat="35.7437362" lon="139.6783458">
<time>2026-01-01T00:54:12.000Z</time>
<extensions><trainlcd:accuracy>386</trainlcd:accuracy></extensions>
</wpt>
<wpt lat="35.7437195" lon="139.6782892">
<time>2026-01-01T00:54:13.000Z</time>
<extensions><trainlcd:accuracy>372</trainlcd:accuracy></extensions>
</wpt>
<wpt lat="35.7437009" lon="139.6782264">
<time>2026-01-01T00:54:14.000Z</time>
<extensions><trainlcd:accuracy>406</trainlcd:accuracy></extensions>
</wpt>
<wpt lat="35.7436805" lon="139.6781572">
<time>2026-01-01T00:54:15.000Z</time>
<extensions><trainlcd:accuracy>468</trainlcd:accuracy></extensions>
</wpt>
<wpt lat="35.7436583" lon="139.6780818">
<time>2026-01-01T00:54:16.000Z</time>
<extensions><trainlcd:accuracy>271</trainlcd:accuracy></extensions>
</wpt>
<wpt lat="35.7436341" lon="139.6780001">
<time>2026-01-01T00:54:17.000Z</time>
<extensions><trainlcd:accuracy>568</trainlcd:accuracy></extensions>
</wpt>
<wpt lat="35.7436082" lon="139.6779122">
<time>2026-01-01T00:54:18.000Z</time>
<extensions><trainlcd:accuracy>287</trainlcd:accuracy></extensions>
</wpt>
<wpt lat="35.7435803" lon="139.6778179">
<time>2026-01-01T00:54:19.000Z</time>
<extensions><trainlcd:accuracy>525</trainlcd:accuracy></extensions>
</wpt>
<wpt lat="35.7435506" lon="139.6777173">
<time>2026-01-01T00:54:20.000Z</time>
<extensions><trainlcd:accuracy>548</trainlcd:accuracy></extensions>
</wpt>
<wpt lat="35.7435191" lon="139.6776105">
<time>2026-01-01T00:54:21.000Z</time>
<extensions><trainlcd:accuracy>437</trainlcd:accuracy></extensions>
</wpt>
<wpt lat="35.7434857" lon="139.6774974">
<time>2026-01-01T00:54:22.000Z</time>
<extensions><trainlcd:accuracy>273</trainlcd:accuracy></extensions>
</wpt>
<wpt lat="35.7434504" lon="139.6773780">
<time>2026-01-01T00:54:23.000Z</time>
<extensions><trainlcd:accuracy>311</trainlcd:accuracy></extensions>
</wpt>
<wpt lat="35.7434133" lon="139.6772523">
<time>2026-01-01T00:54:24.000Z</time>
<extensions><trainlcd:accuracy>411</trainlcd:accuracy></extensions>
</wpt>
<wpt lat="35.7382617" lon="139.6561536">
<time>2026-01-01T00:56:10.000Z</time>
<extensions><trainlcd:accuracy>584</trainlcd:accuracy></extensions>
</wpt>
<wpt lat="35.7382248" lon="139.6559749">
<time>2026-01-01T00:56:11.000Z</time>
<extensions><trainlcd:accuracy>333</trainlcd:accuracy></extensions>
</wpt>
<wpt lat="35.7381899" lon="139.6558057">
<time>2026-01-01T00:56:12.000Z</time>
<extensions><trainlcd:accuracy>541</trainlcd:accuracy></extensions>
</wpt>
<wpt lat="35.7381569" lon="139.6556458">
<time>2026-01-01T00:56:13.000Z</time>
<extensions><trainlcd:accuracy>527</trainlcd:accuracy></extensions>
</wpt>
<wpt lat="35.7381258" lon="139.6554954">
<time>2026-01-01T00:56:14.000Z</time>
<extensions><trainlcd:accuracy>531</trainlcd:accuracy></extensions>
</wpt>
<wpt lat="35.7380967" lon="139.6553543">
<time>2026-01-01T00:56:15.000Z</time>
<extensions><trainlcd:accuracy>265</trainlcd:accuracy></extensions>
</wpt>
<wpt lat="35.7380695" lon="139.6552227">
<time>2026-01-01T00:56:16.000Z</time>
<extensions><trainlcd:accuracy>390</trainlcd:accuracy></extensions>
</wpt>
<wpt lat="35.7380443" lon="139.6551005">
<time>2026-01-01T00:56:17.000Z</time>
<extensions><trainlcd:accuracy>436</trainlcd:accuracy></extensions>
</wpt>
<wpt lat="35.7380210" lon="139.6549877">
<time>2026-01-01T00:56:18.000Z</time>
<extensions><trainlcd:accuracy>396</trainlcd:accuracy></extensions>
</wpt>
<wpt lat="35.7379996" lon="139.6548843">
<time>2026-01-01T00:56:19.000Z</time>
<extensions><trainlcd:accuracy>273</trainlcd:accuracy></extensions>
</wpt>
<wpt lat="35.7379802" lon="139.6547903">
<time>2026-01-01T00:56:20.000Z</time>
<extensions><trainlcd:accuracy>531</trainlcd:accuracy></extensions>
</wpt>
<wpt lat="35.7379627" lon="139.6547058">
<time>2026-01-01T00:56:21.000Z</time>
<extensions><trainlcd:accuracy>262</trainlcd:accuracy></extensions>
</wpt>
<wpt lat="35.7379472" lon="139.6546306">
<time>2026-01-01T00:56:22.000Z</time>
<extensions><trainlcd:accuracy>312</trainlcd:accuracy></extensions>
</wpt>
<wpt lat="35.7379337" lon="139.6545649">
<time>2026-01-01T00:56:23.000Z</time>
<extensions><trainlcd:accuracy>397</trainlcd:accuracy></extensions>
</wpt>
<wpt lat="35.7379220" lon="139.6545085">
<time>2026-01-01T00:56:24.000Z</time>
<extensions><trainlcd:accuracy>422</trainlcd:accuracy></extensions>
</wpt>
<wpt lat="35.7379123" lon="139.6544616">
<time>2026-01-01T00:56:25.000Z</time>
<extensions><trainlcd:accuracy>330</trainlcd:accuracy></extensions>
</wpt>
<wpt lat="35.7379046" lon="139.6544241">
<time>2026-01-01T00:56:26.000Z</time>
<extensions><trainlcd:accuracy>397</trainlcd:accuracy></extensions>
</wpt>
<wpt lat="35.7378988" lon="139.6543960">
<time>2026-01-01T00:56:27.000Z</time>
<extensions><trainlcd:accuracy>503</trainlcd:accuracy></extensions>
</wpt>
<wpt lat="35.7378949" lon="139.6543773">
<time>2026-01-01T00:56:28.000Z</time>
<extensions><trainlcd:accuracy>589</trainlcd:accuracy></extensions>
</wpt>
<wpt lat="35.7378930" lon="139.6543680">
<time>2026-01-01T00:56:29.000Z</time>
<extensions><trainlcd:accuracy>261</trainlcd:accuracy></extensions>
</wpt>
<wpt lat="35.7378930" lon="139.6543680">
<time>2026-01-01T00:56:30.000Z</time>
<extensions><trainlcd:accuracy>57</trainlcd:accuracy></extensions>
</wpt>
<wpt lat="35.7378930" lon="139.6543680">
<time>2026-01-01T00:56:31.000Z</time>
<extensions><trainlcd:accuracy>48</trainlcd:accuracy></extensions>
</wpt>
<wpt lat="35.7378930" lon="139.6543680">
<time>2026-01-01T00:56:32.000Z</time>
<extensions><trainlcd:accuracy>28</trainlcd:accuracy></extensions>
</wpt>
<wpt lat="35.7378930" lon="139.6543680">
<time>2026-01-01T00:56:33.000Z</time>
<extensions><trainlcd:accuracy>27</trainlcd:accuracy></extensions>
</wpt>
<wpt lat="35.7378930" lon="139.6543680">
<time>2026-01-01T00:56:34.000Z</time>
<extensions><trainlcd:accuracy>47</trainlcd:accuracy></extensions>
</wpt>
<wpt lat="35.7378930" lon="139.6543680">
<time>2026-01-01T00:56:35.000Z</time>
<extensions><trainlcd:accuracy>44</trainlcd:accuracy></extensions>
</wpt>
<wpt lat="35.7378930" lon="139.6543680">
<time>2026-01-01T00:56:36.000Z</time>
<extensions><trainlcd:accuracy>42</trainlcd:accuracy></extensions>
</wpt>
<wpt lat="35.7378930" lon="139.6543680">
<time>2026-01-01T00:56:37.000Z</time>
<extensions><trainlcd:accuracy>42</trainlcd:accuracy></extensions>
</wpt>
<wpt lat="35.7378930" lon="139.6543680">
<time>2026-01-01T00:56:38.000Z</time>
<extensions><trainlcd:accuracy>37</trainlcd:accuracy></extensions>
</wpt>
<wpt lat="35.7378930" lon="139.6543680">
<time>2026-01-01T00:56:39.000Z</time>
<extensions><trainlcd:accuracy>56</trainlcd:accuracy></extensions>
</wpt>
<wpt lat="35.7378930" lon="139.6543680">
<time>2026-01-01T00:56:40.000Z</time>
<extensions><trainlcd:accuracy>42</trainlcd:accuracy></extensions>
</wpt>
<wpt lat="35.7378930" lon="139.6543680">
<time>2026-01-01T00:56:41.000Z</time>
<extensions><trainlcd:accuracy>51</trainlcd:accuracy></extensions>
</wpt>
<wpt lat="35.7378930" lon="139.6543680">
<time>2026-01-01T00:56:42.000Z</time>
<extensions><trainlcd:accuracy>38</trainlcd:accuracy></extensions>
</wpt>
<wpt lat="35.7378930" lon="139.6543680">
<time>2026-01-01T00:56:43.000Z</time>
<extensions><trainlcd:accuracy>41</trainlcd:accuracy></extensions>
</wpt>
<wpt lat="35.7378930" lon="139.6543680">
<time>2026-01-01T00:56:44.000Z</time>
<extensions><trainlcd:accuracy>27</trainlcd:accuracy></extensions>
</wpt>
<wpt lat="35.7378930" lon="139.6543680">
<time>2026-01-01T00:56:45.000Z</time>
<extensions><trainlcd:accuracy>37</trainlcd:accuracy></extensions>
</wpt>
<wpt lat="35.7378930" lon="139.6543680">
<time>2026-01-01T00:56:46.000Z</time>
<extensions><trainlcd:accuracy>33</trainlcd:accuracy></extensions>
</wpt>
<wpt lat="35.7378930" lon="139.6543680">
<time>2026-01-01T00:56:47.000Z</time>
<extensions><trainlcd:accuracy>37</trainlcd:accuracy></extensions>
</wpt>
<wpt lat="35.7378930" lon="139.6543680">
<time>2026-01-01T00:56:48.000Z</time>
<extensions><trainlcd:accuracy>49</trainlcd:accuracy></extensions>
</wpt>
<wpt lat="35.7378930" lon="139.6543680">
<time>2026-01-01T00:56:49.000Z</time>
<extensions><trainlcd:accuracy>46</trainlcd:accuracy></extensions>
</wpt>
<wpt lat="35.7378930" lon="139.6543680">
<time>2026-01-01T00:56:50.000Z</time>
<extensions><trainlcd:accuracy>33</trainlcd:accuracy></extensions>
</wpt>
<wpt lat="35.7378930" lon="139.6543680">
<time>2026-01-01T00:56:51.000Z</time>
<extensions><trainlcd:accuracy>39</trainlcd:accuracy></extensions>
</wpt>
<wpt lat="35.7378930" lon="139.6543680">
<time>2026-01-01T00:56:52.000Z</time>
<extensions><trainlcd:accuracy>39</trainlcd:accuracy></extensions>
</wpt>
<wpt lat="35.7378930" lon="139.6543680">
<time>2026-01-01T00:56:53.000Z</time>
<extensions><trainlcd:accuracy>44</trainlcd:accuracy></extensions>
</wpt>
<wpt lat="35.7378930" lon="139.6543680">
<time>2026-01-01T00:56:54.000Z</time>
<extensions><trainlcd:accuracy>39</trainlcd:accuracy></extensions>
</wpt>
<wpt lat="35.7378930" lon="139.6543680">
<time>2026-01-01T00:56:55.000Z</time>
<extensions><trainlcd:accuracy>49</trainlcd:accuracy></extensions>
</wpt>
<wpt lat="35.7378930" lon="139.6543680">
<time>2026-01-01T00:56:56.000Z</time>
<extensions><trainlcd:accuracy>35</trainlcd:accuracy></extensions>
</wpt>
<wpt lat="35.7378930" lon="139.6543680">
<time>2026-01-01T00:56:57.000Z</time>
<extensions><trainlcd:accuracy>36</trainlcd:accuracy></extensions>
</wpt>
<wpt lat="35.7378930" lon="139.6543680">
<time>2026-01-01T00:56:58.000Z</time>
<extensions><trainlcd:accuracy>45</trainlcd:accuracy></extensions>
</wpt>
<wpt lat="35.7378930" lon="139.6543680">
<time>2026-01-01T00:56:59.000Z</time>
<extensions><trainlcd:accuracy>47</trainlcd:accuracy></extensions>
</wpt>
<wpt lat="35.7378930" lon="139.6543680">
<time>2026-01-01T00:57:00.000Z</time>
<extensions><trainlcd:accuracy>44</trainlcd:accuracy></extensions>
</wpt>
<wpt lat="35.7378930" lon="139.6543680">
<time>2026-01-01T00:57:01.000Z</time>
<extensions><trainlcd:accuracy>58</trainlcd:accuracy></extensions>
</wpt>
<wpt lat="35.7378930" lon="139.6543680">
<time>2026-01-01T00:57:02.000Z</time>
<extensions><trainlcd:accuracy>53</trainlcd:accuracy></extensions>
</wpt>
<wpt lat="35.7378930" lon="139.6543680">
<time>2026-01-01T00:57:03.000Z</time>
<extensions><trainlcd:accuracy>51</trainlcd:accuracy></extensions>
</wpt>
<wpt lat="35.7378930" lon="139.6543680">
<time>2026-01-01T00:57:04.000Z</time>
<extensions><trainlcd:accuracy>38</trainlcd:accuracy></extensions>
</wpt>
<wpt lat="35.7378930" lon="139.6543680">
<time>2026-01-01T00:57:05.000Z</time>
<extensions><trainlcd:accuracy>50</trainlcd:accuracy></extensions>
</wpt>
<wpt lat="35.7378930" lon="139.6543680">
<time>2026-01-01T00:57:06.000Z</time>
<extensions><trainlcd:accuracy>28</trainlcd:accuracy></extensions>
</wpt>
<wpt lat="35.7378930" lon="139.6543680">
<time>2026-01-01T00:57:07.000Z</time>
<extensions><trainlcd:accuracy>15</trainlcd:accuracy></extensions>
</wpt>
<wpt lat="35.7378930" lon="139.6543680">
<time>2026-01-01T00:57:08.000Z</time>
<extensions><trainlcd:accuracy>9</trainlcd:accuracy></extensions>
</wpt>
<wpt lat="35.7378930" lon="139.6543680">
<time>2026-01-01T00:57:09.000Z</time>
<extensions><trainlcd:accuracy>13</trainlcd:accuracy></extensions>
</wpt>
<wpt lat="35.7378930" lon="139.6543680">
<time>2026-01-01T00:57:10.000Z</time>
<extensions><trainlcd:accuracy>16</trainlcd:accuracy></extensions>
</wpt>
<wpt lat="35.7378930" lon="139.6543680">
<time>2026-01-01T00:57:11.000Z</time>
<extensions><trainlcd:accuracy>18</trainlcd:accuracy></extensions>
</wpt>
<wpt lat="35.7378930" lon="139.6543680">
<time>2026-01-01T00:57:12.000Z</time>
<extensions><trainlcd:accuracy>18</trainlcd:accuracy></extensions>
</wpt>
<wpt lat="35.7378930" lon="139.6543680">
<time>2026-01-01T00:57:13.000Z</time>
<extensions><trainlcd:accuracy>14</trainlcd:accuracy></extensions>
</wpt>
<wpt lat="35.7378930" lon="139.6543680">
<time>2026-01-01T00:57:14.000Z</time>
<extensions><trainlcd:accuracy>18</trainlcd:accuracy></extensions>
</wpt>
<wpt lat="35.7378930" lon="139.6543680">
<time>2026-01-01T00:57:15.000Z</time>
<extensions><trainlcd:accuracy>9</trainlcd:accuracy></extensions>
</wpt>
<wpt lat="35.7378930" lon="139.6543680">
<time>2026-01-01T00:57:16.000Z</time>
<extensions><trainlcd:accuracy>19</trainlcd:accuracy></extensions>
</wpt>
<wpt lat="35.7378930" lon="139.6543680">
<time>2026-01-01T00:57:17.000Z</time>
<extensions><trainlcd:accuracy>19</trainlcd:accuracy></extensions>
</wpt>
<wpt lat="35.7378930" lon="139.6543680">
<time>2026-01-01T00:57:18.000Z</time>
<extensions><trainlcd:accuracy>10</trainlcd:accuracy></extensions>
</wpt>
<wpt lat="35.7378930" lon="139.6543680">
<time>2026-01-01T00:57:19.000Z</time>
<extensions><trainlcd:accuracy>16</trainlcd:accuracy></extensions>
</wpt>
<wpt lat="35.7378930" lon="139.6543680">
<time>2026-01-01T00:57:20.000Z</time>
<extensions><trainlcd:accuracy>9</trainlcd:accuracy></extensions>
</wpt>
<wpt lat="35.7378930" lon="139.6543680">
<time>2026-01-01T00:57:21.000Z</time>
<extensions><trainlcd:accuracy>20</trainlcd:accuracy></extensions>
</wpt>
<wpt lat="35.7378930" lon="139.6543680">
<time>2026-01-01T00:57:22.000Z</time>
<extensions><trainlcd:accuracy>10</trainlcd:accuracy></extensions>
</wpt>
<wpt lat="35.7378930" lon="139.6543680">
<time>2026-01-01T00:57:23.000Z</time>
<extensions><trainlcd:accuracy>15</trainlcd:accuracy></extensions>
</wpt>
<wpt lat="35.7378930" lon="139.6543680">
<time>2026-01-01T00:57:24.000Z</time>
<extensions><trainlcd:accuracy>12</trainlcd:accuracy></extensions>
</wpt>
<wpt lat="35.7378930" lon="139.6543680">
<time>2026-01-01T00:57:25.000Z</time>
<extensions><trainlcd:accuracy>14</trainlcd:accuracy></extensions>
</wpt>
<wpt lat="35.7378930" lon="139.6543680">
<time>2026-01-01T00:57:26.000Z</time>
<extensions><trainlcd:accuracy>13</trainlcd:accuracy></extensions>
</wpt>
<wpt lat="35.7378930" lon="139.6543680">
<time>2026-01-01T00:57:27.000Z</time>
<extensions><trainlcd:accuracy>17</trainlcd:accuracy></extensions>
</wpt>
<wpt lat="35.7378930" lon="139.6543680">
<time>2026-01-01T00:57:28.000Z</time>
<extensions><trainlcd:accuracy>15</trainlcd:accuracy></extensions>
</wpt>
<wpt lat="35.7378930" lon="139.6543680">
<time>2026-01-01T00:57:29.000Z</time>
<extensions><trainlcd:accuracy>11</trainlcd:accuracy></extensions>
</wpt>
<wpt lat="35.7378930" lon="139.6543680">
<time>2026-01-01T00:57:30.000Z</time>
<extensions><trainlcd:accuracy>19</trainlcd:accuracy></extensions>
</wpt>
<wpt lat="35.7378930" lon="139.6543680">
<time>2026-01-01T00:57:31.000Z</time>
<extensions><trainlcd:accuracy>12</trainlcd:accuracy></extensions>
</wpt>
<wpt lat="35.7378930" lon="139.6543680">
<time>2026-01-01T00:57:32.000Z</time>
<extensions><trainlcd:accuracy>11</trainlcd:accuracy></extensions>
</wpt>
<wpt lat="35.7378930" lon="139.6543680">
<time>2026-01-01T00:57:33.000Z</time>
<extensions><trainlcd:accuracy>15</trainlcd:accuracy></extensions>
</wpt>
<wpt lat="35.7378930" lon="139.6543680">
<time>2026-01-01T00:57:34.000Z</time>
<extensions><trainlcd:accuracy>13</trainlcd:accuracy></extensions>
</wpt>
<wpt lat="35.7378930" lon="139.6543680">
<time>2026-01-01T00:57:35.000Z</time>
<extensions><trainlcd:accuracy>15</trainlcd:accuracy></extensions>
</wpt>
<wpt lat="35.7378930" lon="139.6543680">
<time>2026-01-01T00:57:36.000Z</time>
<extensions><trainlcd:accuracy>15</trainlcd:accuracy></extensions>
</wpt>
<wpt lat="35.7378930" lon="139.6543680">
<time>2026-01-01T00:57:37.000Z</time>
<extensions><trainlcd:accuracy>18</trainlcd:accuracy></extensions>
</wpt>
<wpt lat="35.7378930" lon="139.6543680">
<time>2026-01-01T00:57:38.000Z</time>
<extensions><trainlcd:accuracy>13</trainlcd:accuracy></extensions>
</wpt>
<wpt lat="35.7378930" lon="139.6543680">
<time>2026-01-01T00:57:39.000Z</time>
<extensions><trainlcd:accuracy>14</trainlcd:accuracy></extensions>
</wpt>
<wpt lat="35.7378930" lon="139.6543680">
<time>2026-01-01T00:57:40.000Z</time>
<extensions><trainlcd:accuracy>17</trainlcd:accuracy></extensions>
</wpt>
<wpt lat="35.7378930" lon="139.6543680">
<time>2026-01-01T00:57:41.000Z</time>
<extensions><trainlcd:accuracy>10</trainlcd:accuracy></extensions>
</wpt>
<wpt lat="35.7378930" lon="139.6543680">
<time>2026-01-01T00:57:42.000Z</time>
<extensions><trainlcd:accuracy>17</trainlcd:accuracy></extensions>
</wpt>
<wpt lat="35.7378930" lon="139.6543680">
<time>2026-01-01T00:57:43.000Z</time>
<extensions><trainlcd:accuracy>19</trainlcd:accuracy></extensions>
</wpt>
<wpt lat="35.7378925" lon="139.6543603">
<time>2026-01-01T00:57:44.000Z</time>
<extensions><trainlcd:accuracy>12</trainlcd:accuracy></extensions>
</wpt>
<wpt lat="35.7378915" lon="139.6543449">
<time>2026-01-01T00:57:45.000Z</time>
<extensions><trainlcd:accuracy>9</trainlcd:accuracy></extensions>
</wpt>
<wpt lat="35.7378899" lon="139.6543218">
<time>2026-01-01T00:57:46.000Z</time>
<extensions><trainlcd:accuracy>15</trainlcd:accuracy></extensions>
</wpt>
<wpt lat="35.7378879" lon="139.6542910">
<time>2026-01-01T00:57:47.000Z</time>
<extensions><trainlcd:accuracy>17</trainlcd:accuracy></extensions>
</wpt>
<wpt lat="35.7378853" lon="139.6542525">
<time>2026-01-01T00:57:48.000Z</time>
<extensions><trainlcd:accuracy>12</trainlcd:accuracy></extensions>
</wpt>
<wpt lat="35.7378822" lon="139.6542063">
<time>2026-01-01T00:57:49.000Z</time>
<extensions><trainlcd:accuracy>11</trainlcd:accuracy></extensions>
</wpt>
<wpt lat="35.7378786" lon="139.6541524">
<time>2026-01-01T00:57:50.000Z</time>
<extensions><trainlcd:accuracy>14</trainlcd:accuracy></extensions>
</wpt>
<wpt lat="35.7378745" lon="139.6540907">
<time>2026-01-01T00:57:51.000Z</time>
<extensions><trainlcd:accuracy>12</trainlcd:accuracy></extensions>
</wpt>
<wpt lat="35.7378699" lon="139.6540214">
<time>2026-01-01T00:57:52.000Z</time>
<extensions><trainlcd:accuracy>8</trainlcd:accuracy></extensions>
</wpt>
<wpt lat="35.7378648" lon="139.6539444">
<time>2026-01-01T00:57:53.000Z</time>
<extensions><trainlcd:accuracy>19</trainlcd:accuracy></extensions>
</wpt>
<wpt lat="35.7378592" lon="139.6538597">
<time>2026-01-01T00:57:54.000Z</time>
<extensions><trainlcd:accuracy>14</trainlcd:accuracy></extensions>
</wpt>
<wpt lat="35.7378530" lon="139.6537673">
<time>2026-01-01T00:57:55.000Z</time>
<extensions><trainlcd:accuracy>17</trainlcd:accuracy></extensions>
</wpt>
<wpt lat="35.7378463" lon="139.6536672">
<time>2026-01-01T00:57:56.000Z</time>
<extensions><trainlcd:accuracy>18</trainlcd:accuracy></extensions>
</wpt>
<wpt lat="35.7378392" lon="139.6535593">
<time>2026-01-01T00:57:57.000Z</time>
<extensions><trainlcd:accuracy>20</trainlcd:accuracy></extensions>
</wpt>
<wpt lat="35.7378315" lon="139.6534438">
<time>2026-01-01T00:57:58.000Z</time>
<extensions><trainlcd:accuracy>10</trainlcd:accuracy></extensions>
</wpt>
<wpt lat="35.7378233" lon="139.6533206">
<time>2026-01-01T00:57:59.000Z</time>
<extensions><trainlcd:accuracy>14</trainlcd:accuracy></extensions>
</wpt>
<wpt lat="35.7378145" lon="139.6531897">
<time>2026-01-01T00:58:00.000Z</time>
<extensions><trainlcd:accuracy>8</trainlcd:accuracy></extensions>
</wpt>
<wpt lat="35.7378053" lon="139.6530510">
<time>2026-01-01T00:58:01.000Z</time>
<extensions><trainlcd:accuracy>10</trainlcd:accuracy></extensions>
</wpt>
<wpt lat="35.7377956" lon="139.6529047">
<time>2026-01-01T00:58:02.000Z</time>
<extensions><trainlcd:accuracy>8</trainlcd:accuracy></extensions>
</wpt>
<wpt lat="35.7377853" lon="139.6527507">
<time>2026-01-01T00:58:03.000Z</time>
<extensions><trainlcd:accuracy>13</trainlcd:accuracy></extensions>
</wpt>
<wpt lat="35.7377745" lon="139.6525889">
<time>2026-01-01T00:58:04.000Z</time>
<extensions><trainlcd:accuracy>11</trainlcd:accuracy></extensions>
</wpt>
<wpt lat="35.7377633" lon="139.6524195">
<time>2026-01-01T00:58:05.000Z</time>
<extensions><trainlcd:accuracy>12</trainlcd:accuracy></extensions>
</wpt>
<wpt lat="35.7377515" lon="139.6522424">
<time>2026-01-01T00:58:06.000Z</time>
<extensions><trainlcd:accuracy>13</trainlcd:accuracy></extensions>
</wpt>
<wpt lat="35.7377392" lon="139.6520575">
<time>2026-01-01T00:58:07.000Z</time>
<extensions><trainlcd:accuracy>16</trainlcd:accuracy></extensions>
</wpt>
<wpt lat="35.7377263" lon="139.6518650">
<time>2026-01-01T00:58:08.000Z</time>
<extensions><trainlcd:accuracy>10</trainlcd:accuracy></extensions>
</wpt>
<wpt lat="35.7377130" lon="139.6516647">
<time>2026-01-01T00:58:09.000Z</time>
<extensions><trainlcd:accuracy>17</trainlcd:accuracy></extensions>
</wpt>
<wpt lat="35.7376992" lon="139.6514568">
<time>2026-01-01T00:58:10.000Z</time>
<extensions><trainlcd:accuracy>13</trainlcd:accuracy></extensions>
</wpt>
<wpt lat="35.7376851" lon="139.6512452">
<time>2026-01-01T00:58:11.000Z</time>
<extensions><trainlcd:accuracy>15</trainlcd:accuracy></extensions>
</wpt>
<wpt lat="35.7376710" lon="139.6510336">
<time>2026-01-01T00:58:12.000Z</time>
<extensions><trainlcd:accuracy>13</trainlcd:accuracy></extensions>
</wpt>
<wpt lat="35.7376569" lon="139.6508221">
<time>2026-01-01T00:58:13.000Z</time>
<extensions><trainlcd:accuracy>16</trainlcd:accuracy></extensions>
</wpt>
<wpt lat="35.7376428" lon="139.6506105">
<time>2026-01-01T00:58:14.000Z</time>
<extensions><trainlcd:accuracy>16</trainlcd:accuracy></extensions>
</wpt>
<wpt lat="35.7376287" lon="139.6503989">
<time>2026-01-01T00:58:15.000Z</time>
<extensions><trainlcd:accuracy>14</trainlcd:accuracy></extensions>
</wpt>
<wpt lat="35.7376147" lon="139.6501873">
<time>2026-01-01T00:58:16.000Z</time>
<extensions><trainlcd:accuracy>17</trainlcd:accuracy></extensions>
</wpt>
<wpt lat="35.7376006" lon="139.6499757">
<time>2026-01-01T00:58:17.000Z</time>
<extensions><trainlcd:accuracy>8</trainlcd:accuracy></extensions>
</wpt>
<wpt lat="35.7375865" lon="139.6497642">
<time>2026-01-01T00:58:18.000Z</time>
<extensions><trainlcd:accuracy>20</trainlcd:accuracy></extensions>
</wpt>
<wpt lat="35.7375724" lon="139.6495526">
<time>2026-01-01T00:58:19.000Z</time>
<extensions><trainlcd:accuracy>14</trainlcd:accuracy></extensions>
</wpt>
<wpt lat="35.7375583" lon="139.6493410">
<time>2026-01-01T00:58:20.000Z</time>
<extensions><trainlcd:accuracy>13</trainlcd:accuracy></extensions>
</wpt>
<wpt lat="35.7375442" lon="139.6491294">
<time>2026-01-01T00:58:21.000Z</time>
<extensions><trainlcd:accuracy>18</trainlcd:accuracy></extensions>
</wpt>
<wpt lat="35.7375301" lon="139.6489179">
<time>2026-01-01T00:58:22.000Z</time>
<extensions><trainlcd:accuracy>9</trainlcd:accuracy></extensions>
</wpt>
<wpt lat="35.7375160" lon="139.6487063">
<time>2026-01-01T00:58:23.000Z</time>
<extensions><trainlcd:accuracy>15</trainlcd:accuracy></extensions>
</wpt>
<wpt lat="35.7375020" lon="139.6484947">
<time>2026-01-01T00:58:24.000Z</time>
<extensions><trainlcd:accuracy>14</trainlcd:accuracy></extensions>
</wpt>
<wpt lat="35.7374879" lon="139.6482831">
<time>2026-01-01T00:58:25.000Z</time>
<extensions><trainlcd:accuracy>9</trainlcd:accuracy></extensions>
</wpt>
<wpt lat="35.7374738" lon="139.6480715">
<time>2026-01-01T00:58:26.000Z</time>
<extensions><trainlcd:accuracy>17</trainlcd:accuracy></extensions>
</wpt>
<wpt lat="35.7374597" lon="139.6478600">
<time>2026-01-01T00:58:27.000Z</time>
<extensions><trainlcd:accuracy>17</trainlcd:accuracy></extensions>
</wpt>
<wpt lat="35.7374456" lon="139.6476484">
<time>2026-01-01T00:58:28.000Z</time>
<extensions><trainlcd:accuracy>18</trainlcd:accuracy></extensions>
</wpt>
<wpt lat="35.7374315" lon="139.6474368">
<time>2026-01-01T00:58:29.000Z</time>
<extensions><trainlcd:accuracy>12</trainlcd:accuracy></extensions>
</wpt>
<wpt lat="35.7374174" lon="139.6472252">
<time>2026-01-01T00:58:30.000Z</time>
<extensions><trainlcd:accuracy>12</trainlcd:accuracy></extensions>
</wpt>
<wpt lat="35.7374033" lon="139.6470136">
<time>2026-01-01T00:58:31.000Z</time>
<extensions><trainlcd:accuracy>19</trainlcd:accuracy></extensions>
</wpt>
<wpt lat="35.7373893" lon="139.6468021">
<time>2026-01-01T00:58:32.000Z</time>
<extensions><trainlcd:accuracy>10</trainlcd:accuracy></extensions>
</wpt>
<wpt lat="35.7373752" lon="139.6465905">
<time>2026-01-01T00:58:33.000Z</time>
<extensions><trainlcd:accuracy>9</trainlcd:accuracy></extensions>
</wpt>
<wpt lat="35.7373611" lon="139.6463789">
<time>2026-01-01T00:58:34.000Z</time>
<extensions><trainlcd:accuracy>13</trainlcd:accuracy></extensions>
</wpt>
<wpt lat="35.7373470" lon="139.6461673">
<time>2026-01-01T00:58:35.000Z</time>
<extensions><trainlcd:accuracy>18</trainlcd:accuracy></extensions>
</wpt>
<wpt lat="35.7373329" lon="139.6459558">
<time>2026-01-01T00:58:36.000Z</time>
<extensions><trainlcd:accuracy>19</trainlcd:accuracy></extensions>
</wpt>
<wpt lat="35.7373188" lon="139.6457442">
<time>2026-01-01T00:58:37.000Z</time>
<extensions><trainlcd:accuracy>17</trainlcd:accuracy></extensions>
</wpt>
<wpt lat="35.7373047" lon="139.6455326">
<time>2026-01-01T00:58:38.000Z</time>
<extensions><trainlcd:accuracy>18</trainlcd:accuracy></extensions>
</wpt>
<wpt lat="35.7372907" lon="139.6453210">
<time>2026-01-01T00:58:39.000Z</time>
<extensions><trainlcd:accuracy>10</trainlcd:accuracy></extensions>
</wpt>
<wpt lat="35.7372766" lon="139.6451094">
<time>2026-01-01T00:58:40.000Z</time>
<extensions><trainlcd:accuracy>20</trainlcd:accuracy></extensions>
</wpt>
<wpt lat="35.7372625" lon="139.6448979">
<time>2026-01-01T00:58:41.000Z</time>
<extensions><trainlcd:accuracy>18</trainlcd:accuracy></extensions>
</wpt>
<wpt lat="35.7372484" lon="139.6446863">
<time>2026-01-01T00:58:42.000Z</time>
<extensions><trainlcd:accuracy>9</trainlcd:accuracy></extensions>
</wpt>
<wpt lat="35.7372343" lon="139.6444747">
<time>2026-01-01T00:58:43.000Z</time>
<extensions><trainlcd:accuracy>19</trainlcd:accuracy></extensions>
</wpt>
<wpt lat="35.7372202" lon="139.6442631">
<time>2026-01-01T00:58:44.000Z</time>
<extensions><trainlcd:accuracy>14</trainlcd:accuracy></extensions>
</wpt>
<wpt lat="35.7372061" lon="139.6440515">
<time>2026-01-01T00:58:45.000Z</time>
<extensions><trainlcd:accuracy>13</trainlcd:accuracy></extensions>
</wpt>
<wpt lat="35.7371920" lon="139.6438400">
<time>2026-01-01T00:58:46.000Z</time>
<extensions><trainlcd:accuracy>10</trainlcd:accuracy></extensions>
</wpt>
<wpt lat="35.7371780" lon="139.6436284">
<time>2026-01-01T00:58:47.000Z</time>
<extensions><trainlcd:accuracy>19</trainlcd:accuracy></extensions>
</wpt>
<wpt lat="35.7371639" lon="139.6434168">
<time>2026-01-01T00:58:48.000Z</time>
<extensions><trainlcd:accuracy>18</trainlcd:accuracy></extensions>
</wpt>
<wpt lat="35.7371498" lon="139.6432052">
<time>2026-01-01T00:58:49.000Z</time>
<extensions><trainlcd:accuracy>12</trainlcd:accuracy></extensions>
</wpt>
<wpt lat="35.7371357" lon="139.6429937">
<time>2026-01-01T00:58:50.000Z</time>
<extensions><trainlcd:accuracy>13</trainlcd:accuracy></extensions>
</wpt>
<wpt lat="35.7371216" lon="139.6427821">
<time>2026-01-01T00:58:51.000Z</time>
<extensions><trainlcd:accuracy>16</trainlcd:accuracy></extensions>
</wpt>
<wpt lat="35.7371075" lon="139.6425705">
<time>2026-01-01T00:58:52.000Z</time>
<extensions><trainlcd:accuracy>10</trainlcd:accuracy></extensions>
</wpt>
<wpt lat="35.7370934" lon="139.6423589">
<time>2026-01-01T00:58:53.000Z</time>
<extensions><trainlcd:accuracy>14</trainlcd:accuracy></extensions>
</wpt>
<wpt lat="35.7370793" lon="139.6421473">
<time>2026-01-01T00:58:54.000Z</time>
<extensions><trainlcd:accuracy>12</trainlcd:accuracy></extensions>
</wpt>
<wpt lat="35.7370653" lon="139.6419358">
<time>2026-01-01T00:58:55.000Z</time>
<extensions><trainlcd:accuracy>20</trainlcd:accuracy></extensions>
</wpt>
<wpt lat="35.7370512" lon="139.6417242">
<time>2026-01-01T00:58:56.000Z</time>
<extensions><trainlcd:accuracy>17</trainlcd:accuracy></extensions>
</wpt>
<wpt lat="35.7370371" lon="139.6415126">
<time>2026-01-01T00:58:57.000Z</time>
<extensions><trainlcd:accuracy>10</trainlcd:accuracy></extensions>
</wpt>
<wpt lat="35.7370230" lon="139.6413010">
<time>2026-01-01T00:58:58.000Z</time>
<extensions><trainlcd:accuracy>9</trainlcd:accuracy></extensions>
</wpt>
<wpt lat="35.7370089" lon="139.6410894">
<time>2026-01-01T00:58:59.000Z</time>
<extensions><trainlcd:accuracy>14</trainlcd:accuracy></extensions>
</wpt>
<wpt lat="35.7369948" lon="139.6408779">
<time>2026-01-01T00:59:00.000Z</time>
<extensions><trainlcd:accuracy>18</trainlcd:accuracy></extensions>
</wpt>
<wpt lat="35.7369807" lon="139.6406663">
<time>2026-01-01T00:59:01.000Z</time>
<extensions><trainlcd:accuracy>16</trainlcd:accuracy></extensions>
</wpt>
<wpt lat="35.7369667" lon="139.6404547">
<time>2026-01-01T00:59:02.000Z</time>
<extensions><trainlcd:accuracy>10</trainlcd:accuracy></extensions>
</wpt>
<wpt lat="35.7369526" lon="139.6402431">
<time>2026-01-01T00:59:03.000Z</time>
<extensions><trainlcd:accuracy>12</trainlcd:accuracy></extensions>
</wpt>
<wpt lat="35.7369385" lon="139.6400316">
<time>2026-01-01T00:59:04.000Z</time>
<extensions><trainlcd:accuracy>13</trainlcd:accuracy></extensions>
</wpt>
<wpt lat="35.7369244" lon="139.6398200">
<time>2026-01-01T00:59:05.000Z</time>
<extensions><trainlcd:accuracy>15</trainlcd:accuracy></extensions>
</wpt>
<wpt lat="35.7369103" lon="139.6396084">
<time>2026-01-01T00:59:06.000Z</time>
<extensions><trainlcd:accuracy>17</trainlcd:accuracy></extensions>
</wpt>
<wpt lat="35.7368962" lon="139.6393968">
<time>2026-01-01T00:59:07.000Z</time>
<extensions><trainlcd:accuracy>8</trainlcd:accuracy></extensions>
</wpt>
<wpt lat="35.7368821" lon="139.6391852">
<time>2026-01-01T00:59:08.000Z</time>
<extensions><trainlcd:accuracy>17</trainlcd:accuracy></extensions>
</wpt>
<wpt lat="35.7368680" lon="139.6389737">
<time>2026-01-01T00:59:09.000Z</time>
<extensions><trainlcd:accuracy>9</trainlcd:accuracy></extensions>
</wpt>
<wpt lat="35.7368540" lon="139.6387621">
<time>2026-01-01T00:59:10.000Z</time>
<extensions><trainlcd:accuracy>16</trainlcd:accuracy></extensions>
</wpt>
<wpt lat="35.7368399" lon="139.6385505">
<time>2026-01-01T00:59:11.000Z</time>
<extensions><trainlcd:accuracy>18</trainlcd:accuracy></extensions>
</wpt>
<wpt lat="35.7368258" lon="139.6383389">
<time>2026-01-01T00:59:12.000Z</time>
<extensions><trainlcd:accuracy>9</trainlcd:accuracy></extensions>
</wpt>
<wpt lat="35.7368117" lon="139.6381274">
<time>2026-01-01T00:59:13.000Z</time>
<extensions><trainlcd:accuracy>17</trainlcd:accuracy></extensions>
</wpt>
<wpt lat="35.7367976" lon="139.6379158">
<time>2026-01-01T00:59:14.000Z</time>
<extensions><trainlcd:accuracy>9</trainlcd:accuracy></extensions>
</wpt>
<wpt lat="35.7367835" lon="139.6377042">
<time>2026-01-01T00:59:15.000Z</time>
<extensions><trainlcd:accuracy>15</trainlcd:accuracy></extensions>
</wpt>
<wpt lat="35.7367694" lon="139.6374926">
<time>2026-01-01T00:59:16.000Z</time>
<extensions><trainlcd:accuracy>19</trainlcd:accuracy></extensions>
</wpt>
<wpt lat="35.7367468" lon="139.6372820">
<time>2026-01-01T00:59:17.000Z</time>
<extensions><trainlcd:accuracy>13</trainlcd:accuracy></extensions>
</wpt>
<wpt lat="35.7367225" lon="139.6370717">
<time>2026-01-01T00:59:18.000Z</time>
<extensions><trainlcd:accuracy>18</trainlcd:accuracy></extensions>
</wpt>
<wpt lat="35.7366981" lon="139.6368613">
<time>2026-01-01T00:59:19.000Z</time>
<extensions><trainlcd:accuracy>16</trainlcd:accuracy></extensions>
</wpt>
<wpt lat="35.7366737" lon="139.6366509">
<time>2026-01-01T00:59:20.000Z</time>
<extensions><trainlcd:accuracy>10</trainlcd:accuracy></extensions>
</wpt>
<wpt lat="35.7366493" lon="139.6364406">
<time>2026-01-01T00:59:21.000Z</time>
<extensions><trainlcd:accuracy>17</trainlcd:accuracy></extensions>
</wpt>
<wpt lat="35.7366249" lon="139.6362302">
<time>2026-01-01T00:59:22.000Z</time>
<extensions><trainlcd:accuracy>9</trainlcd:accuracy></extensions>
</wpt>
<wpt lat="35.7366006" lon="139.6360198">
<time>2026-01-01T00:59:23.000Z</time>
<extensions><trainlcd:accuracy>10</trainlcd:accuracy></extensions>
</wpt>
<wpt lat="35.7365762" lon="139.6358095">
<time>2026-01-01T00:59:24.000Z</time>
<extensions><trainlcd:accuracy>20</trainlcd:accuracy></extensions>
</wpt>
<wpt lat="35.7365518" lon="139.6355991">
<time>2026-01-01T00:59:25.000Z</time>
<extensions><trainlcd:accuracy>19</trainlcd:accuracy></extensions>
</wpt>
<wpt lat="35.7365274" lon="139.6353887">
<time>2026-01-01T00:59:26.000Z</time>
<extensions><trainlcd:accuracy>16</trainlcd:accuracy></extensions>
</wpt>
<wpt lat="35.7365030" lon="139.6351783">
<time>2026-01-01T00:59:27.000Z</time>
<extensions><trainlcd:accuracy>9</trainlcd:accuracy></extensions>
</wpt>
<wpt lat="35.7364787" lon="139.6349680">
<time>2026-01-01T00:59:28.000Z</time>
<extensions><trainlcd:accuracy>12</trainlcd:accuracy></extensions>
</wpt>
<wpt lat="35.7364543" lon="139.6347576">
<time>2026-01-01T00:59:29.000Z</time>
<extensions><trainlcd:accuracy>13</trainlcd:accuracy></extensions>
</wpt>
<wpt lat="35.7364299" lon="139.6345472">
<time>2026-01-01T00:59:30.000Z</time>
<extensions><trainlcd:accuracy>8</trainlcd:accuracy></extensions>
</wpt>
<wpt lat="35.7364055" lon="139.6343369">
<time>2026-01-01T00:59:31.000Z</time>
<extensions><trainlcd:accuracy>15</trainlcd:accuracy></extensions>
</wpt>
<wpt lat="35.7363811" lon="139.6341265">
<time>2026-01-01T00:59:32.000Z</time>
<extensions><trainlcd:accuracy>17</trainlcd:accuracy></extensions>
</wpt>
<wpt lat="35.7363568" lon="139.6339161">
<time>2026-01-01T00:59:33.000Z</time>
<extensions><trainlcd:accuracy>14</trainlcd:accuracy></extensions>
</wpt>
<wpt lat="35.7363324" lon="139.6337058">
<time>2026-01-01T00:59:34.000Z</time>
<extensions><trainlcd:accuracy>19</trainlcd:accuracy></extensions>
</wpt>
<wpt lat="35.7363080" lon="139.6334954">
<time>2026-01-01T00:59:35.000Z</time>
<extensions><trainlcd:accuracy>9</trainlcd:accuracy></extensions>
</wpt>
<wpt lat="35.7362836" lon="139.6332850">
<time>2026-01-01T00:59:36.000Z</time>
<extensions><trainlcd:accuracy>19</trainlcd:accuracy></extensions>
</wpt>
<wpt lat="35.7362592" lon="139.6330746">
<time>2026-01-01T00:59:37.000Z</time>
<extensions><trainlcd:accuracy>12</trainlcd:accuracy></extensions>
</wpt>
<wpt lat="35.7362349" lon="139.6328643">
<time>2026-01-01T00:59:38.000Z</time>
<extensions><trainlcd:accuracy>14</trainlcd:accuracy></extensions>
</wpt>
<wpt lat="35.7362105" lon="139.6326539">
<time>2026-01-01T00:59:39.000Z</time>
<extensions><trainlcd:accuracy>15</trainlcd:accuracy></extensions>
</wpt>
<wpt lat="35.7361861" lon="139.6324435">
<time>2026-01-01T00:59:40.000Z</time>
<extensions><trainlcd:accuracy>10</trainlcd:accuracy></extensions>
</wpt>
<wpt lat="35.7361617" lon="139.6322332">
<time>2026-01-01T00:59:41.000Z</time>
<extensions><trainlcd:accuracy>19</trainlcd:accuracy></extensions>
</wpt>
<wpt lat="35.7361373" lon="139.6320228">
<time>2026-01-01T00:59:42.000Z</time>
<extensions><trainlcd:accuracy>11</trainlcd:accuracy></extensions>
</wpt>
<wpt lat="35.7361130" lon="139.6318124">
<time>2026-01-01T00:59:43.000Z</time>
<extensions><trainlcd:accuracy>11</trainlcd:accuracy></extensions>
</wpt>
<wpt lat="35.7360886" lon="139.6316021">
<time>2026-01-01T00:59:44.000Z</time>
<extensions><trainlcd:accuracy>9</trainlcd:accuracy></extensions>
</wpt>
<wpt lat="35.7360642" lon="139.6313917">
<time>2026-01-01T00:59:45.000Z</time>
<extensions><trainlcd:accuracy>15</trainlcd:accuracy></extensions>
</wpt>
<wpt lat="35.7360398" lon="139.6311813">
<time>2026-01-01T00:59:46.000Z</time>
<extensions><trainlcd:accuracy>12</trainlcd:accuracy></extensions>
</wpt>
<wpt lat="35.7360154" lon="139.6309710">
<time>2026-01-01T00:59:47.000Z</time>
<extensions><trainlcd:accuracy>14</trainlcd:accuracy></extensions>
</wpt>
<wpt lat="35.7359911" lon="139.6307606">
<time>2026-01-01T00:59:48.000Z</time>
<extensions><trainlcd:accuracy>12</trainlcd:accuracy></extensions>
</wpt>
<wpt lat="35.7359667" lon="139.6305502">
<time>2026-01-01T00:59:49.000Z</time>
<extensions><trainlcd:accuracy>11</trainlcd:accuracy></extensions>
</wpt>
<wpt lat="35.7359423" lon="139.6303398">
<time>2026-01-01T00:59:50.000Z</time>
<extensions><trainlcd:accuracy>16</trainlcd:accuracy></extensions>
</wpt>
<wpt lat="35.7359179" lon="139.6301295">
<time>2026-01-01T00:59:51.000Z</time>
<extensions><trainlcd:accuracy>13</trainlcd:accuracy></extensions>
</wpt>
<wpt lat="35.7358936" lon="139.6299191">
<time>2026-01-01T00:59:52.000Z</time>
<extensions><trainlcd:accuracy>20</trainlcd:accuracy></extensions>
</wpt>
<wpt lat="35.7358692" lon="139.6297087">
<time>2026-01-01T00:59:53.000Z</time>
<extensions><trainlcd:accuracy>8</trainlcd:accuracy></extensions>
</wpt>
<wpt lat="35.7359300" lon="139.6295185">
<time>2026-01-01T00:59:54.000Z</time>
<extensions><trainlcd:accuracy>11</trainlcd:accuracy></extensions>
</wpt>
<wpt lat="35.7359992" lon="139.6293302">
<time>2026-01-01T00:59:55.000Z</time>
<extensions><trainlcd:accuracy>10</trainlcd:accuracy></extensions>
</wpt>
<wpt lat="35.7360684" lon="139.6291418">
<time>2026-01-01T00:59:56.000Z</time>
<extensions><trainlcd:accuracy>9</trainlcd:accuracy></extensions>
</wpt>
<wpt lat="35.7361376" lon="139.6289535">
<time>2026-01-01T00:59:57.000Z</time>
<extensions><trainlcd:accuracy>17</trainlcd:accuracy></extensions>
</wpt>
<wpt lat="35.7362068" lon="139.6287652">
<time>2026-01-01T00:59:58.000Z</time>
<extensions><trainlcd:accuracy>17</trainlcd:accuracy></extensions>
</wpt>
<wpt lat="35.7362760" lon="139.6285769">
<time>2026-01-01T00:59:59.000Z</time>
<extensions><trainlcd:accuracy>17</trainlcd:accuracy></extensions>
</wpt>
<wpt lat="35.7363452" lon="139.6283886">
<time>2026-01-01T01:00:00.000Z</time>
<extensions><trainlcd:accuracy>20</trainlcd:accuracy></extensions>
</wpt>
<wpt lat="35.7364144" lon="139.6282003">
<time>2026-01-01T01:00:01.000Z</time>
<extensions><trainlcd:accuracy>10</trainlcd:accuracy></extensions>
</wpt>
<wpt lat="35.7364836" lon="139.6280120">
<time>2026-01-01T01:00:02.000Z</time>
<extensions><trainlcd:accuracy>16</trainlcd:accuracy></extensions>
</wpt>
<wpt lat="35.7365528" lon="139.6278237">
<time>2026-01-01T01:00:03.000Z</time>
<extensions><trainlcd:accuracy>16</trainlcd:accuracy></extensions>
</wpt>
<wpt lat="35.7366219" lon="139.6276354">
<time>2026-01-01T01:00:04.000Z</time>
<extensions><trainlcd:accuracy>12</trainlcd:accuracy></extensions>
</wpt>
<wpt lat="35.7366911" lon="139.6274471">
<time>2026-01-01T01:00:05.000Z</time>
<extensions><trainlcd:accuracy>18</trainlcd:accuracy></extensions>
</wpt>
<wpt lat="35.7367603" lon="139.6272588">
<time>2026-01-01T01:00:06.000Z</time>
<extensions><trainlcd:accuracy>11</trainlcd:accuracy></extensions>
</wpt>
<wpt lat="35.7368295" lon="139.6270704">
<time>2026-01-01T01:00:07.000Z</time>
<extensions><trainlcd:accuracy>14</trainlcd:accuracy></extensions>
</wpt>
<wpt lat="35.7368987" lon="139.6268821">
<time>2026-01-01T01:00:08.000Z</time>
<extensions><trainlcd:accuracy>17</trainlcd:accuracy></extensions>
</wpt>
<wpt lat="35.7369679" lon="139.6266938">
<time>2026-01-01T01:00:09.000Z</time>
<extensions><trainlcd:accuracy>14</trainlcd:accuracy></extensions>
</wpt>
<wpt lat="35.7370371" lon="139.6265055">
<time>2026-01-01T01:00:10.000Z</time>
<extensions><trainlcd:accuracy>20</trainlcd:accuracy></extensions>
</wpt>
<wpt lat="35.7371063" lon="139.6263172">
<time>2026-01-01T01:00:11.000Z</time>
<extensions><trainlcd:accuracy>18</trainlcd:accuracy></extensions>
</wpt>
<wpt lat="35.7371755" lon="139.6261289">
<time>2026-01-01T01:00:12.000Z</time>
<extensions><trainlcd:accuracy>18</trainlcd:accuracy></extensions>
</wpt>
<wpt lat="35.7372447" lon="139.6259406">
<time>2026-01-01T01:00:13.000Z</time>
<extensions><trainlcd:accuracy>17</trainlcd:accuracy></extensions>
</wpt>
<wpt lat="35.7373139" lon="139.6257523">
<time>2026-01-01T01:00:14.000Z</time>
<extensions><trainlcd:accuracy>9</trainlcd:accuracy></extensions>
</wpt>
<wpt lat="35.7373831" lon="139.6255640">
<time>2026-01-01T01:00:15.000Z</time>
<extensions><trainlcd:accuracy>12</trainlcd:accuracy></extensions>
</wpt>
<wpt lat="35.7374522" lon="139.6253757">
<time>2026-01-01T01:00:16.000Z</time>
<extensions><trainlcd:accuracy>16</trainlcd:accuracy></extensions>
</wpt>
<wpt lat="35.7375214" lon="139.6251874">
<time>2026-01-01T01:00:17.000Z</time>
<extensions><trainlcd:accuracy>15</trainlcd:accuracy></extensions>
</wpt>
<wpt lat="35.7375906" lon="139.6249990">
<time>2026-01-01T01:00:18.000Z</time>
<extensions><trainlcd:accuracy>14</trainlcd:accuracy></extensions>
</wpt>
<wpt lat="35.7376598" lon="139.6248107">
<time>2026-01-01T01:00:19.000Z</time>
<extensions><trainlcd:accuracy>13</trainlcd:accuracy></extensions>
</wpt>
<wpt lat="35.7377290" lon="139.6246224">
<time>2026-01-01T01:00:20.000Z</time>
<extensions><trainlcd:accuracy>19</trainlcd:accuracy></extensions>
</wpt>
<wpt lat="35.7377982" lon="139.6244341">
<time>2026-01-01T01:00:21.000Z</time>
<extensions><trainlcd:accuracy>19</trainlcd:accuracy></extensions>
</wpt>
<wpt lat="35.7378674" lon="139.6242458">
<time>2026-01-01T01:00:22.000Z</time>
<extensions><trainlcd:accuracy>16</trainlcd:accuracy></extensions>
</wpt>
<wpt lat="35.7379366" lon="139.6240575">
<time>2026-01-01T01:00:23.000Z</time>
<extensions><trainlcd:accuracy>20</trainlcd:accuracy></extensions>
</wpt>
<wpt lat="35.7380058" lon="139.6238692">
<time>2026-01-01T01:00:24.000Z</time>
<extensions><trainlcd:accuracy>15</trainlcd:accuracy></extensions>
</wpt>
<wpt lat="35.7380750" lon="139.6236809">
<time>2026-01-01T01:00:25.000Z</time>
<extensions><trainlcd:accuracy>14</trainlcd:accuracy></extensions>
</wpt>
<wpt lat="35.7381442" lon="139.6234926">
<time>2026-01-01T01:00:26.000Z</time>
<extensions><trainlcd:accuracy>8</trainlcd:accuracy></extensions>
</wpt>
<wpt lat="35.7382134" lon="139.6233043">
<time>2026-01-01T01:00:27.000Z</time>
<extensions><trainlcd:accuracy>10</trainlcd:accuracy></extensions>
</wpt>
<wpt lat="35.7382825" lon="139.6231160">
<time>2026-01-01T01:00:28.000Z</time>
<extensions><trainlcd:accuracy>17</trainlcd:accuracy></extensions>
</wpt>
<wpt lat="35.7383517" lon="139.6229276">
<time>2026-01-01T01:00:29.000Z</time>
<extensions><trainlcd:accuracy>19</trainlcd:accuracy></extensions>
</wpt>
<wpt lat="35.7384209" lon="139.6227393">
<time>2026-01-01T01:00:30.000Z</time>
<extensions><trainlcd:accuracy>13</trainlcd:accuracy></extensions>
</wpt>
<wpt lat="35.7384901" lon="139.6225510">
<time>2026-01-01T01:00:31.000Z</time>
<extensions><trainlcd:accuracy>16</trainlcd:accuracy></extensions>
</wpt>
<wpt lat="35.7385593" lon="139.6223627">
<time>2026-01-01T01:00:32.000Z</time>
<extensions><trainlcd:accuracy>9</trainlcd:accuracy></extensions>
</wpt>
<wpt lat="35.7386285" lon="139.6221744">
<time>2026-01-01T01:00:33.000Z</time>
<extensions><trainlcd:accuracy>8</trainlcd:accuracy></extensions>
</wpt>
<wpt lat="35.7386977" lon="139.6219861">
<time>2026-01-01T01:00:34.000Z</time>
<extensions><trainlcd:accuracy>13</trainlcd:accuracy></extensions>
</wpt>
<wpt lat="35.7387669" lon="139.6217978">
<time>2026-01-01T01:00:35.000Z</time>
<extensions><trainlcd:accuracy>12</trainlcd:accuracy></extensions>
</wpt>
<wpt lat="35.7388361" lon="139.6216095">
<time>2026-01-01T01:00:36.000Z</time>
<extensions><trainlcd:accuracy>16</trainlcd:accuracy></extensions>
</wpt>
<wpt lat="35.7389053" lon="139.6214212">
<time>2026-01-01T01:00:37.000Z</time>
<extensions><trainlcd:accuracy>11</trainlcd:accuracy></extensions>
</wpt>
<wpt lat="35.7389745" lon="139.6212329">
<time>2026-01-01T01:00:38.000Z</time>
<extensions><trainlcd:accuracy>16</trainlcd:accuracy></extensions>
</wpt>
<wpt lat="35.7390437" lon="139.6210446">
<time>2026-01-01T01:00:39.000Z</time>
<extensions><trainlcd:accuracy>13</trainlcd:accuracy></extensions>
</wpt>
<wpt lat="35.7391128" lon="139.6208562">
<time>2026-01-01T01:00:40.000Z</time>
<extensions><trainlcd:accuracy>17</trainlcd:accuracy></extensions>
</wpt>
<wpt lat="35.7391820" lon="139.6206679">
<time>2026-01-01T01:00:41.000Z</time>
<extensions><trainlcd:accuracy>9</trainlcd:accuracy></extensions>
</wpt>
<wpt lat="35.7392512" lon="139.6204796">
<time>2026-01-01T01:00:42.000Z</time>
<extensions><trainlcd:accuracy>16</trainlcd:accuracy></extensions>
</wpt>
<wpt lat="35.7393204" lon="139.6202913">
<time>2026-01-01T01:00:43.000Z</time>
<extensions><trainlcd:accuracy>10</trainlcd:accuracy></extensions>
</wpt>
<wpt lat="35.7393896" lon="139.6201030">
<time>2026-01-01T01:00:44.000Z</time>
<extensions><trainlcd:accuracy>11</trainlcd:accuracy></extensions>
</wpt>
<wpt lat="35.7394588" lon="139.6199147">
<time>2026-01-01T01:00:45.000Z</time>
<extensions><trainlcd:accuracy>9</trainlcd:accuracy></extensions>
</wpt>
<wpt lat="35.7395280" lon="139.6197264">
<time>2026-01-01T01:00:46.000Z</time>
<extensions><trainlcd:accuracy>19</trainlcd:accuracy></extensions>
</wpt>
<wpt lat="35.7395972" lon="139.6195381">
<time>2026-01-01T01:00:47.000Z</time>
<extensions><trainlcd:accuracy>19</trainlcd:accuracy></extensions>
</wpt>
<wpt lat="35.7396664" lon="139.6193498">
<time>2026-01-01T01:00:48.000Z</time>
<extensions><trainlcd:accuracy>19</trainlcd:accuracy></extensions>
</wpt>
<wpt lat="35.7397356" lon="139.6191615">
<time>2026-01-01T01:00:49.000Z</time>
<extensions><trainlcd:accuracy>11</trainlcd:accuracy></extensions>
</wpt>
<wpt lat="35.7398048" lon="139.6189732">
<time>2026-01-01T01:00:50.000Z</time>
<extensions><trainlcd:accuracy>13</trainlcd:accuracy></extensions>
</wpt>
<wpt lat="35.7398740" lon="139.6187849">
<time>2026-01-01T01:00:51.000Z</time>
<extensions><trainlcd:accuracy>9</trainlcd:accuracy></extensions>
</wpt>
<wpt lat="35.7399431" lon="139.6185965">
<time>2026-01-01T01:00:52.000Z</time>
<extensions><trainlcd:accuracy>13</trainlcd:accuracy></extensions>
</wpt>
<wpt lat="35.7400123" lon="139.6184082">
<time>2026-01-01T01:00:53.000Z</time>
<extensions><trainlcd:accuracy>9</trainlcd:accuracy></extensions>
</wpt>
<wpt lat="35.7400815" lon="139.6182199">
<time>2026-01-01T01:00:54.000Z</time>
<extensions><trainlcd:accuracy>13</trainlcd:accuracy></extensions>
</wpt>
<wpt lat="35.7401507" lon="139.6180316">
<time>2026-01-01T01:00:55.000Z</time>
<extensions><trainlcd:accuracy>12</trainlcd:accuracy></extensions>
</wpt>
<wpt lat="35.7402199" lon="139.6178433">
<time>2026-01-01T01:00:56.000Z</time>
<extensions><trainlcd:accuracy>19</trainlcd:accuracy></extensions>
</wpt>
<wpt lat="35.7402891" lon="139.6176550">
<time>2026-01-01T01:00:57.000Z</time>
<extensions><trainlcd:accuracy>12</trainlcd:accuracy></extensions>
</wpt>
<wpt lat="35.7403583" lon="139.6174667">
<time>2026-01-01T01:00:58.000Z</time>
<extensions><trainlcd:accuracy>15</trainlcd:accuracy></extensions>
</wpt>
<wpt lat="35.7404275" lon="139.6172784">
<time>2026-01-01T01:00:59.000Z</time>
<extensions><trainlcd:accuracy>11</trainlcd:accuracy></extensions>
</wpt>
<wpt lat="35.7404967" lon="139.6170901">
<time>2026-01-01T01:01:00.000Z</time>
<extensions><trainlcd:accuracy>14</trainlcd:accuracy></extensions>
</wpt>
<wpt lat="35.7405659" lon="139.6169018">
<time>2026-01-01T01:01:01.000Z</time>
<extensions><trainlcd:accuracy>8</trainlcd:accuracy></extensions>
</wpt>
<wpt lat="35.7406332" lon="139.6167117">
<time>2026-01-01T01:01:02.000Z</time>
<extensions><trainlcd:accuracy>17</trainlcd:accuracy></extensions>
</wpt>
<wpt lat="35.7406928" lon="139.6165138">
<time>2026-01-01T01:01:03.000Z</time>
<extensions><trainlcd:accuracy>11</trainlcd:accuracy></extensions>
</wpt>
<wpt lat="35.7407524" lon="139.6163160">
<time>2026-01-01T01:01:04.000Z</time>
<extensions><trainlcd:accuracy>8</trainlcd:accuracy></extensions>
</wpt>
<wpt lat="35.7408119" lon="139.6161182">
<time>2026-01-01T01:01:05.000Z</time>
<extensions><trainlcd:accuracy>18</trainlcd:accuracy></extensions>
</wpt>
<wpt lat="35.7408715" lon="139.6159204">
<time>2026-01-01T01:01:06.000Z</time>
<extensions><trainlcd:accuracy>10</trainlcd:accuracy></extensions>
</wpt>
<wpt lat="35.7409310" lon="139.6157225">
<time>2026-01-01T01:01:07.000Z</time>
<extensions><trainlcd:accuracy>18</trainlcd:accuracy></extensions>
</wpt>
<wpt lat="35.7409906" lon="139.6155247">
<time>2026-01-01T01:01:08.000Z</time>
<extensions><trainlcd:accuracy>16</trainlcd:accuracy></extensions>
</wpt>
<wpt lat="35.7410502" lon="139.6153269">
<time>2026-01-01T01:01:09.000Z</time>
<extensions><trainlcd:accuracy>18</trainlcd:accuracy></extensions>
</wpt>
<wpt lat="35.7411097" lon="139.6151291">
<time>2026-01-01T01:01:10.000Z</time>
<extensions><trainlcd:accuracy>12</trainlcd:accuracy></extensions>
</wpt>
<wpt lat="35.7411693" lon="139.6149313">
<time>2026-01-01T01:01:11.000Z</time>
<extensions><trainlcd:accuracy>14</trainlcd:accuracy></extensions>
</wpt>
<wpt lat="35.7412289" lon="139.6147334">
<time>2026-01-01T01:01:12.000Z</time>
<extensions><trainlcd:accuracy>14</trainlcd:accuracy></extensions>
</wpt>
<wpt lat="35.7412884" lon="139.6145356">
<time>2026-01-01T01:01:13.000Z</time>
<extensions><trainlcd:accuracy>18</trainlcd:accuracy></extensions>
</wpt>
<wpt lat="35.7413480" lon="139.6143378">
<time>2026-01-01T01:01:14.000Z</time>
<extensions><trainlcd:accuracy>19</trainlcd:accuracy></extensions>
</wpt>
<wpt lat="35.7414075" lon="139.6141400">
<time>2026-01-01T01:01:15.000Z</time>
<extensions><trainlcd:accuracy>15</trainlcd:accuracy></extensions>
</wpt>
<wpt lat="35.7414671" lon="139.6139422">
<time>2026-01-01T01:01:16.000Z</time>
<extensions><trainlcd:accuracy>12</trainlcd:accuracy></extensions>
</wpt>
<wpt lat="35.7415267" lon="139.6137443">
<time>2026-01-01T01:01:17.000Z</time>
<extensions><trainlcd:accuracy>13</trainlcd:accuracy></extensions>
</wpt>
<wpt lat="35.7415862" lon="139.6135465">
<time>2026-01-01T01:01:18.000Z</time>
<extensions><trainlcd:accuracy>16</trainlcd:accuracy></extensions>
</wpt>
<wpt lat="35.7416458" lon="139.6133487">
<time>2026-01-01T01:01:19.000Z</time>
<extensions><trainlcd:accuracy>13</trainlcd:accuracy></extensions>
</wpt>
<wpt lat="35.7417053" lon="139.6131509">
<time>2026-01-01T01:01:20.000Z</time>
<extensions><trainlcd:accuracy>13</trainlcd:accuracy></extensions>
</wpt>
<wpt lat="35.7417649" lon="139.6129530">
<time>2026-01-01T01:01:21.000Z</time>
<extensions><trainlcd:accuracy>12</trainlcd:accuracy></extensions>
</wpt>
<wpt lat="35.7418245" lon="139.6127552">
<time>2026-01-01T01:01:22.000Z</time>
<extensions><trainlcd:accuracy>14</trainlcd:accuracy></extensions>
</wpt>
<wpt lat="35.7418840" lon="139.6125574">
<time>2026-01-01T01:01:23.000Z</time>
<extensions><trainlcd:accuracy>8</trainlcd:accuracy></extensions>
</wpt>
<wpt lat="35.7419436" lon="139.6123596">
<time>2026-01-01T01:01:24.000Z</time>
<extensions><trainlcd:accuracy>9</trainlcd:accuracy></extensions>
</wpt>
<wpt lat="35.7420032" lon="139.6121618">
<time>2026-01-01T01:01:25.000Z</time>
<extensions><trainlcd:accuracy>17</trainlcd:accuracy></extensions>
</wpt>
<wpt lat="35.7420627" lon="139.6119639">
<time>2026-01-01T01:01:26.000Z</time>
<extensions><trainlcd:accuracy>10</trainlcd:accuracy></extensions>
</wpt>
<wpt lat="35.7421223" lon="139.6117661">
<time>2026-01-01T01:01:27.000Z</time>
<extensions><trainlcd:accuracy>14</trainlcd:accuracy></extensions>
</wpt>
<wpt lat="35.7421818" lon="139.6115683">
<time>2026-01-01T01:01:28.000Z</time>
<extensions><trainlcd:accuracy>18</trainlcd:accuracy></extensions>
</wpt>
<wpt lat="35.7422414" lon="139.6113705">
<time>2026-01-01T01:01:29.000Z</time>
<extensions><trainlcd:accuracy>13</trainlcd:accuracy></extensions>
</wpt>
<wpt lat="35.7423010" lon="139.6111726">
<time>2026-01-01T01:01:30.000Z</time>
<extensions><trainlcd:accuracy>19</trainlcd:accuracy></extensions>
</wpt>
<wpt lat="35.7423605" lon="139.6109748">
<time>2026-01-01T01:01:31.000Z</time>
<extensions><trainlcd:accuracy>18</trainlcd:accuracy></extensions>
</wpt>
<wpt lat="35.7424201" lon="139.6107770">
<time>2026-01-01T01:01:32.000Z</time>
<extensions><trainlcd:accuracy>19</trainlcd:accuracy></extensions>
</wpt>
<wpt lat="35.7424796" lon="139.6105792">
<time>2026-01-01T01:01:33.000Z</time>
<extensions><trainlcd:accuracy>19</trainlcd:accuracy></extensions>
</wpt>
<wpt lat="35.7425392" lon="139.6103814">
<time>2026-01-01T01:01:34.000Z</time>
<extensions><trainlcd:accuracy>8</trainlcd:accuracy></extensions>
</wpt>
<wpt lat="35.7425988" lon="139.6101835">
<time>2026-01-01T01:01:35.000Z</time>
<extensions><trainlcd:accuracy>12</trainlcd:accuracy></extensions>
</wpt>
<wpt lat="35.7426583" lon="139.6099857">
<time>2026-01-01T01:01:36.000Z</time>
<extensions><trainlcd:accuracy>17</trainlcd:accuracy></extensions>
</wpt>
<wpt lat="35.7427179" lon="139.6097879">
<time>2026-01-01T01:01:37.000Z</time>
<extensions><trainlcd:accuracy>19</trainlcd:accuracy></extensions>
</wpt>
<wpt lat="35.7427774" lon="139.6095901">
<time>2026-01-01T01:01:38.000Z</time>
<extensions><trainlcd:accuracy>12</trainlcd:accuracy></extensions>
</wpt>
<wpt lat="35.7428370" lon="139.6093922">
<time>2026-01-01T01:01:39.000Z</time>
<extensions><trainlcd:accuracy>15</trainlcd:accuracy></extensions>
</wpt>
<wpt lat="35.7428966" lon="139.6091944">
<time>2026-01-01T01:01:40.000Z</time>
<extensions><trainlcd:accuracy>15</trainlcd:accuracy></extensions>
</wpt>
<wpt lat="35.7429561" lon="139.6089966">
<time>2026-01-01T01:01:41.000Z</time>
<extensions><trainlcd:accuracy>10</trainlcd:accuracy></extensions>
</wpt>
<wpt lat="35.7430129" lon="139.6088080">
<time>2026-01-01T01:01:42.000Z</time>
<extensions><trainlcd:accuracy>10</trainlcd:accuracy></extensions>
</wpt>
<wpt lat="35.7430669" lon="139.6086287">
<time>2026-01-01T01:01:43.000Z</time>
<extensions><trainlcd:accuracy>15</trainlcd:accuracy></extensions>
</wpt>
<wpt lat="35.7431181" lon="139.6084587">
<time>2026-01-01T01:01:44.000Z</time>
<extensions><trainlcd:accuracy>15</trainlcd:accuracy></extensions>
</wpt>
<wpt lat="35.7431665" lon="139.6082979">
<time>2026-01-01T01:01:45.000Z</time>
<extensions><trainlcd:accuracy>12</trainlcd:accuracy></extensions>
</wpt>
<wpt lat="35.7432121" lon="139.6081464">
<time>2026-01-01T01:01:46.000Z</time>
<extensions><trainlcd:accuracy>19</trainlcd:accuracy></extensions>
</wpt>
<wpt lat="35.7432550" lon="139.6080041">
<time>2026-01-01T01:01:47.000Z</time>
<extensions><trainlcd:accuracy>12</trainlcd:accuracy></extensions>
</wpt>
<wpt lat="35.7432950" lon="139.6078711">
<time>2026-01-01T01:01:48.000Z</time>
<extensions><trainlcd:accuracy>18</trainlcd:accuracy></extensions>
</wpt>
<wpt lat="35.7433323" lon="139.6077473">
<time>2026-01-01T01:01:49.000Z</time>
<extensions><trainlcd:accuracy>11</trainlcd:accuracy></extensions>
</wpt>
<wpt lat="35.7433667" lon="139.6076328">
<time>2026-01-01T01:01:50.000Z</time>
<extensions><trainlcd:accuracy>13</trainlcd:accuracy></extensions>
</wpt>
<wpt lat="35.7433984" lon="139.6075276">
<time>2026-01-01T01:01:51.000Z</time>
<extensions><trainlcd:accuracy>16</trainlcd:accuracy></extensions>
</wpt>
<wpt lat="35.7434273" lon="139.6074316">
<time>2026-01-01T01:01:52.000Z</time>
<extensions><trainlcd:accuracy>18</trainlcd:accuracy></extensions>
</wpt>
<wpt lat="35.7434534" lon="139.6073449">
<time>2026-01-01T01:01:53.000Z</time>
<extensions><trainlcd:accuracy>19</trainlcd:accuracy></extensions>
</wpt>
<wpt lat="35.7434768" lon="139.6072674">
<time>2026-01-01T01:01:54.000Z</time>
<extensions><trainlcd:accuracy>15</trainlcd:accuracy></extensions>
</wpt>
<wpt lat="35.7434973" lon="139.6071992">
<time>2026-01-01T01:01:55.000Z</time>
<extensions><trainlcd:accuracy>17</trainlcd:accuracy></extensions>
</wpt>
<wpt lat="35.7435150" lon="139.6071403">
<time>2026-01-01T01:01:56.000Z</time>
<extensions><trainlcd:accuracy>18</trainlcd:accuracy></extensions>
</wpt>
<wpt lat="35.7435300" lon="139.6070906">
<time>2026-01-01T01:01:57.000Z</time>
<extensions><trainlcd:accuracy>14</trainlcd:accuracy></extensions>
</wpt>
<wpt lat="35.7435422" lon="139.6070501">
<time>2026-01-01T01:01:58.000Z</time>
<extensions><trainlcd:accuracy>18</trainlcd:accuracy></extensions>
</wpt>
<wpt lat="35.7435516" lon="139.6070190">
<time>2026-01-01T01:01:59.000Z</time>
<extensions><trainlcd:accuracy>18</trainlcd:accuracy></extensions>
</wpt>
<wpt lat="35.7435582" lon="139.6069971">
<time>2026-01-01T01:02:00.000Z</time>
<extensions><trainlcd:accuracy>9</trainlcd:accuracy></extensions>
</wpt>
<wpt lat="35.7435620" lon="139.6069844">
<time>2026-01-01T01:02:01.000Z</time>
<extensions><trainlcd:accuracy>13</trainlcd:accuracy></extensions>
</wpt>
<wpt lat="35.7435630" lon="139.6069810">
<time>2026-01-01T01:02:02.000Z</time>
<extensions><trainlcd:accuracy>9</trainlcd:accuracy></extensions>
</wpt>
<wpt lat="35.7435630" lon="139.6069810">
<time>2026-01-01T01:02:03.000Z</time>
<extensions><trainlcd:accuracy>14</trainlcd:accuracy></extensions>
</wpt>
<wpt lat="35.7435630" lon="139.6069810">
<time>2026-01-01T01:02:04.000Z</time>
<extensions><trainlcd:accuracy>14</trainlcd:accuracy></extensions>
</wpt>
<wpt lat="35.7435630" lon="139.6069810">
<time>2026-01-01T01:02:05.000Z</time>
<extensions><trainlcd:accuracy>12</trainlcd:accuracy></extensions>
</wpt>
<wpt lat="35.7435630" lon="139.6069810">
<time>2026-01-01T01:02:06.000Z</time>
<extensions><trainlcd:accuracy>16</trainlcd:accuracy></extensions>
</wpt>
<wpt lat="35.7435630" lon="139.6069810">
<time>2026-01-01T01:02:07.000Z</time>
<extensions><trainlcd:accuracy>14</trainlcd:accuracy></extensions>
</wpt>
<wpt lat="35.7435630" lon="139.6069810">
<time>2026-01-01T01:02:08.000Z</time>
<extensions><trainlcd:accuracy>14</trainlcd:accuracy></extensions>
</wpt>
<wpt lat="35.7435630" lon="139.6069810">
<time>2026-01-01T01:02:09.000Z</time>
<extensions><trainlcd:accuracy>15</trainlcd:accuracy></extensions>
</wpt>
<wpt lat="35.7435630" lon="139.6069810">
<time>2026-01-01T01:02:10.000Z</time>
<extensions><trainlcd:accuracy>17</trainlcd:accuracy></extensions>
</wpt>
<wpt lat="35.7435630" lon="139.6069810">
<time>2026-01-01T01:02:11.000Z</time>
<extensions><trainlcd:accuracy>16</trainlcd:accuracy></extensions>
</wpt>
<wpt lat="35.7435630" lon="139.6069810">
<time>2026-01-01T01:02:12.000Z</time>
<extensions><trainlcd:accuracy>13</trainlcd:accuracy></extensions>
</wpt>
<wpt lat="35.7435630" lon="139.6069810">
<time>2026-01-01T01:02:13.000Z</time>
<extensions><trainlcd:accuracy>12</trainlcd:accuracy></extensions>
</wpt>
<wpt lat="35.7435630" lon="139.6069810">
<time>2026-01-01T01:02:14.000Z</time>
<extensions><trainlcd:accuracy>17</trainlcd:accuracy></extensions>
</wpt>
<wpt lat="35.7435630" lon="139.6069810">
<time>2026-01-01T01:02:15.000Z</time>
<extensions><trainlcd:accuracy>19</trainlcd:accuracy></extensions>
</wpt>
<wpt lat="35.7435630" lon="139.6069810">
<time>2026-01-01T01:02:16.000Z</time>
<extensions><trainlcd:accuracy>13</trainlcd:accuracy></extensions>
</wpt>
<wpt lat="35.7435630" lon="139.6069810">
<time>2026-01-01T01:02:17.000Z</time>
<extensions><trainlcd:accuracy>19</trainlcd:accuracy></extensions>
</wpt>
<wpt lat="35.7435630" lon="139.6069810">
<time>2026-01-01T01:02:18.000Z</time>
<extensions><trainlcd:accuracy>9</trainlcd:accuracy></extensions>
</wpt>
<wpt lat="35.7435630" lon="139.6069810">
<time>2026-01-01T01:02:19.000Z</time>
<extensions><trainlcd:accuracy>11</trainlcd:accuracy></extensions>
</wpt>
<wpt lat="35.7435630" lon="139.6069810">
<time>2026-01-01T01:02:20.000Z</time>
<extensions><trainlcd:accuracy>15</trainlcd:accuracy></extensions>
</wpt>
<wpt lat="35.7435630" lon="139.6069810">
<time>2026-01-01T01:02:21.000Z</time>
<extensions><trainlcd:accuracy>10</trainlcd:accuracy></extensions>
</wpt>
<wpt lat="35.7435630" lon="139.6069810">
<time>2026-01-01T01:02:22.000Z</time>
<extensions><trainlcd:accuracy>14</trainlcd:accuracy></extensions>
</wpt>
<wpt lat="35.7435630" lon="139.6069810">
<time>2026-01-01T01:02:23.000Z</time>
<extensions><trainlcd:accuracy>14</trainlcd:accuracy></extensions>
</wpt>
<wpt lat="35.7435630" lon="139.6069810">
<time>2026-01-01T01:02:24.000Z</time>
<extensions><trainlcd:accuracy>11</trainlcd:accuracy></extensions>
</wpt>
<wpt lat="35.7435630" lon="139.6069810">
<time>2026-01-01T01:02:25.000Z</time>
<extensions><trainlcd:accuracy>12</trainlcd:accuracy></extensions>
</wpt>
<wpt lat="35.7435630" lon="139.6069810">
<time>2026-01-01T01:02:26.000Z</time>
<extensions><trainlcd:accuracy>20</trainlcd:accuracy></extensions>
</wpt>
<wpt lat="35.7435630" lon="139.6069810">
<time>2026-01-01T01:02:27.000Z</time>
<extensions><trainlcd:accuracy>16</trainlcd:accuracy></extensions>
</wpt>
<wpt lat="35.7435630" lon="139.6069810">
<time>2026-01-01T01:02:28.000Z</time>
<extensions><trainlcd:accuracy>10</trainlcd:accuracy></extensions>
</wpt>
<wpt lat="35.7435630" lon="139.6069810">
<time>2026-01-01T01:02:29.000Z</time>
<extensions><trainlcd:accuracy>14</trainlcd:accuracy></extensions>
</wpt>
<wpt lat="35.7435630" lon="139.6069810">
<time>2026-01-01T01:02:30.000Z</time>
<extensions><trainlcd:accuracy>10</trainlcd:accuracy></extensions>
</wpt>
<wpt lat="35.7435630" lon="139.6069810">
<time>2026-01-01T01:02:31.000Z</time>
<extensions><trainlcd:accuracy>15</trainlcd:accuracy></extensions>
</wpt>
<wpt lat="35.7435630" lon="139.6069810">
<time>2026-01-01T01:02:32.000Z</time>
<extensions><trainlcd:accuracy>9</trainlcd:accuracy></extensions>
</wpt>
<wpt lat="35.7435630" lon="139.6069810">
<time>2026-01-01T01:02:33.000Z</time>
<extensions><trainlcd:accuracy>18</trainlcd:accuracy></extensions>
</wpt>
<wpt lat="35.7435630" lon="139.6069810">
<time>2026-01-01T01:02:34.000Z</time>
<extensions><trainlcd:accuracy>10</trainlcd:accuracy></extensions>
</wpt>
<wpt lat="35.7435630" lon="139.6069810">
<time>2026-01-01T01:02:35.000Z</time>
<extensions><trainlcd:accuracy>15</trainlcd:accuracy></extensions>
</wpt>
<wpt lat="35.7435630" lon="139.6069810">
<time>2026-01-01T01:02:36.000Z</time>
<extensions><trainlcd:accuracy>8</trainlcd:accuracy></extensions>
</wpt>
<wpt lat="35.7435630" lon="139.6069810">
<time>2026-01-01T01:02:37.000Z</time>
<extensions><trainlcd:accuracy>9</trainlcd:accuracy></extensions>
</wpt>
<wpt lat="35.7435630" lon="139.6069810">
<time>2026-01-01T01:02:38.000Z</time>
<extensions><trainlcd:accuracy>13</trainlcd:accuracy></extensions>
</wpt>
<wpt lat="35.7435630" lon="139.6069810">
<time>2026-01-01T01:02:39.000Z</time>
<extensions><trainlcd:accuracy>19</trainlcd:accuracy></extensions>
</wpt>
<wpt lat="35.7435651" lon="139.6069738">
<time>2026-01-01T01:02:40.000Z</time>
<extensions><trainlcd:accuracy>16</trainlcd:accuracy></extensions>
</wpt>
<wpt lat="35.7435693" lon="139.6069593">
<time>2026-01-01T01:02:41.000Z</time>
<extensions><trainlcd:accuracy>15</trainlcd:accuracy></extensions>
</wpt>
<wpt lat="35.7435756" lon="139.6069375">
<time>2026-01-01T01:02:42.000Z</time>
<extensions><trainlcd:accuracy>16</trainlcd:accuracy></extensions>
</wpt>
<wpt lat="35.7435839" lon="139.6069085">
<time>2026-01-01T01:02:43.000Z</time>
<extensions><trainlcd:accuracy>10</trainlcd:accuracy></extensions>
</wpt>
<wpt lat="35.7435944" lon="139.6068723">
<time>2026-01-01T01:02:44.000Z</time>
<extensions><trainlcd:accuracy>16</trainlcd:accuracy></extensions>
</wpt>
<wpt lat="35.7436069" lon="139.6068288">
<time>2026-01-01T01:02:45.000Z</time>
<extensions><trainlcd:accuracy>9</trainlcd:accuracy></extensions>
</wpt>
<wpt lat="35.7436216" lon="139.6067780">
<time>2026-01-01T01:02:46.000Z</time>
<extensions><trainlcd:accuracy>12</trainlcd:accuracy></extensions>
</wpt>
<wpt lat="35.7436383" lon="139.6067200">
<time>2026-01-01T01:02:47.000Z</time>
<extensions><trainlcd:accuracy>14</trainlcd:accuracy></extensions>
</wpt>
<wpt lat="35.7436571" lon="139.6066548">
<time>2026-01-01T01:02:48.000Z</time>
<extensions><trainlcd:accuracy>9</trainlcd:accuracy></extensions>
</wpt>
<wpt lat="35.7436781" lon="139.6065823">
<time>2026-01-01T01:02:49.000Z</time>
<extensions><trainlcd:accuracy>16</trainlcd:accuracy></extensions>
</wpt>
<wpt lat="35.7437011" lon="139.6065025">
<time>2026-01-01T01:02:50.000Z</time>
<extensions><trainlcd:accuracy>15</trainlcd:accuracy></extensions>
</wpt>
<wpt lat="35.7437262" lon="139.6064155">
<time>2026-01-01T01:02:51.000Z</time>
<extensions><trainlcd:accuracy>12</trainlcd:accuracy></extensions>
</wpt>
<wpt lat="35.7437534" lon="139.6063213">
<time>2026-01-01T01:02:52.000Z</time>
<extensions><trainlcd:accuracy>15</trainlcd:accuracy></extensions>
</wpt>
<wpt lat="35.7437827" lon="139.6062198">
<time>2026-01-01T01:02:53.000Z</time>
<extensions><trainlcd:accuracy>17</trainlcd:accuracy></extensions>
</wpt>
<wpt lat="35.7438140" lon="139.6061110">
<time>2026-01-01T01:02:54.000Z</time>
<extensions><trainlcd:accuracy>14</trainlcd:accuracy></extensions>
</wpt>
<wpt lat="35.7438475" lon="139.6059950">
<time>2026-01-01T01:02:55.000Z</time>
<extensions><trainlcd:accuracy>9</trainlcd:accuracy></extensions>
</wpt>
<wpt lat="35.7438831" lon="139.6058718">
<time>2026-01-01T01:02:56.000Z</time>
<extensions><trainlcd:accuracy>11</trainlcd:accuracy></extensions>
</wpt>
<wpt lat="35.7439207" lon="139.6057413">
<time>2026-01-01T01:02:57.000Z</time>
<extensions><trainlcd:accuracy>9</trainlcd:accuracy></extensions>
</wpt>
<wpt lat="35.7439605" lon="139.6056035">
<time>2026-01-01T01:02:58.000Z</time>
<extensions><trainlcd:accuracy>14</trainlcd:accuracy></extensions>
</wpt>
<wpt lat="35.7440023" lon="139.6054585">
<time>2026-01-01T01:02:59.000Z</time>
<extensions><trainlcd:accuracy>8</trainlcd:accuracy></extensions>
</wpt>
<wpt lat="35.7440462" lon="139.6053063">
<time>2026-01-01T01:03:00.000Z</time>
<extensions><trainlcd:accuracy>10</trainlcd:accuracy></extensions>
</wpt>
<wpt lat="35.7440923" lon="139.6051468">
<time>2026-01-01T01:03:01.000Z</time>
<extensions><trainlcd:accuracy>13</trainlcd:accuracy></extensions>
</wpt>
<wpt lat="35.7441404" lon="139.6049801">
<time>2026-01-01T01:03:02.000Z</time>
<extensions><trainlcd:accuracy>14</trainlcd:accuracy></extensions>
</wpt>
<wpt lat="35.7441906" lon="139.6048061">
<time>2026-01-01T01:03:03.000Z</time>
<extensions><trainlcd:accuracy>12</trainlcd:accuracy></extensions>
</wpt>
<wpt lat="35.7442429" lon="139.6046248">
<time>2026-01-01T01:03:04.000Z</time>
<extensions><trainlcd:accuracy>10</trainlcd:accuracy></extensions>
</wpt>
<wpt lat="35.7442973" lon="139.6044363">
<time>2026-01-01T01:03:05.000Z</time>
<extensions><trainlcd:accuracy>18</trainlcd:accuracy></extensions>
</wpt>
<wpt lat="35.7443538" lon="139.6042406">
<time>2026-01-01T01:03:06.000Z</time>
<extensions><trainlcd:accuracy>19</trainlcd:accuracy></extensions>
</wpt>
<wpt lat="35.7444123" lon="139.6040376">
<time>2026-01-01T01:03:07.000Z</time>
<extensions><trainlcd:accuracy>14</trainlcd:accuracy></extensions>
</wpt>
<wpt lat="35.7444724" lon="139.6038296">
<time>2026-01-01T01:03:08.000Z</time>
<extensions><trainlcd:accuracy>10</trainlcd:accuracy></extensions>
</wpt>
<wpt lat="35.7445324" lon="139.6036217">
<time>2026-01-01T01:03:09.000Z</time>
<extensions><trainlcd:accuracy>9</trainlcd:accuracy></extensions>
</wpt>
<wpt lat="35.7445924" lon="139.6034137">
<time>2026-01-01T01:03:10.000Z</time>
<extensions><trainlcd:accuracy>10</trainlcd:accuracy></extensions>
</wpt>
<wpt lat="35.7446524" lon="139.6032058">
<time>2026-01-01T01:03:11.000Z</time>
<extensions><trainlcd:accuracy>15</trainlcd:accuracy></extensions>
</wpt>
<wpt lat="35.7447124" lon="139.6029978">
<time>2026-01-01T01:03:12.000Z</time>
<extensions><trainlcd:accuracy>10</trainlcd:accuracy></extensions>
</wpt>
<wpt lat="35.7447724" lon="139.6027898">
<time>2026-01-01T01:03:13.000Z</time>
<extensions><trainlcd:accuracy>18</trainlcd:accuracy></extensions>
</wpt>
<wpt lat="35.7448324" lon="139.6025819">
<time>2026-01-01T01:03:14.000Z</time>
<extensions><trainlcd:accuracy>18</trainlcd:accuracy></extensions>
</wpt>
<wpt lat="35.7448924" lon="139.6023739">
<time>2026-01-01T01:03:15.000Z</time>
<extensions><trainlcd:accuracy>9</trainlcd:accuracy></extensions>
</wpt>
<wpt lat="35.7449524" lon="139.6021660">
<time>2026-01-01T01:03:16.000Z</time>
<extensions><trainlcd:accuracy>13</trainlcd:accuracy></extensions>
</wpt>
<wpt lat="35.7450124" lon="139.6019580">
<time>2026-01-01T01:03:17.000Z</time>
<extensions><trainlcd:accuracy>13</trainlcd:accuracy></extensions>
</wpt>
<wpt lat="35.7450724" lon="139.6017501">
<time>2026-01-01T01:03:18.000Z</time>
<extensions><trainlcd:accuracy>19</trainlcd:accuracy></extensions>
</wpt>
<wpt lat="35.7451324" lon="139.6015421">
<time>2026-01-01T01:03:19.000Z</time>
<extensions><trainlcd:accuracy>17</trainlcd:accuracy></extensions>
</wpt>
<wpt lat="35.7451924" lon="139.6013341">
<time>2026-01-01T01:03:20.000Z</time>
<extensions><trainlcd:accuracy>14</trainlcd:accuracy></extensions>
</wpt>
<wpt lat="35.7452525" lon="139.6011262">
<time>2026-01-01T01:03:21.000Z</time>
<extensions><trainlcd:accuracy>13</trainlcd:accuracy></extensions>
</wpt>
<wpt lat="35.7453125" lon="139.6009182">
<time>2026-01-01T01:03:22.000Z</time>
<extensions><trainlcd:accuracy>14</trainlcd:accuracy></extensions>
</wpt>
<wpt lat="35.7453725" lon="139.6007103">
<time>2026-01-01T01:03:23.000Z</time>
<extensions><trainlcd:accuracy>9</trainlcd:accuracy></extensions>
</wpt>
<wpt lat="35.7454325" lon="139.6005023">
<time>2026-01-01T01:03:24.000Z</time>
<extensions><trainlcd:accuracy>19</trainlcd:accuracy></extensions>
</wpt>
<wpt lat="35.7454925" lon="139.6002944">
<time>2026-01-01T01:03:25.000Z</time>
<extensions><trainlcd:accuracy>15</trainlcd:accuracy></extensions>
</wpt>
<wpt lat="35.7455525" lon="139.6000864">
<time>2026-01-01T01:03:26.000Z</time>
<extensions><trainlcd:accuracy>9</trainlcd:accuracy></extensions>
</wpt>
<wpt lat="35.7456125" lon="139.5998784">
<time>2026-01-01T01:03:27.000Z</time>
<extensions><trainlcd:accuracy>12</trainlcd:accuracy></extensions>
</wpt>
<wpt lat="35.7456725" lon="139.5996705">
<time>2026-01-01T01:03:28.000Z</time>
<extensions><trainlcd:accuracy>14</trainlcd:accuracy></extensions>
</wpt>
<wpt lat="35.7457325" lon="139.5994625">
<time>2026-01-01T01:03:29.000Z</time>
<extensions><trainlcd:accuracy>10</trainlcd:accuracy></extensions>
</wpt>
<wpt lat="35.7457925" lon="139.5992546">
<time>2026-01-01T01:03:30.000Z</time>
<extensions><trainlcd:accuracy>11</trainlcd:accuracy></extensions>
</wpt>
<wpt lat="35.7458525" lon="139.5990466">
<time>2026-01-01T01:03:31.000Z</time>
<extensions><trainlcd:accuracy>19</trainlcd:accuracy></extensions>
</wpt>
<wpt lat="35.7459125" lon="139.5988387">
<time>2026-01-01T01:03:32.000Z</time>
<extensions><trainlcd:accuracy>13</trainlcd:accuracy></extensions>
</wpt>
<wpt lat="35.7459725" lon="139.5986307">
<time>2026-01-01T01:03:33.000Z</time>
<extensions><trainlcd:accuracy>12</trainlcd:accuracy></extensions>
</wpt>
<wpt lat="35.7460325" lon="139.5984227">
<time>2026-01-01T01:03:34.000Z</time>
<extensions><trainlcd:accuracy>9</trainlcd:accuracy></extensions>
</wpt>
<wpt lat="35.7460926" lon="139.5982148">
<time>2026-01-01T01:03:35.000Z</time>
<extensions><trainlcd:accuracy>17</trainlcd:accuracy></extensions>
</wpt>
<wpt lat="35.7461526" lon="139.5980068">
<time>2026-01-01T01:03:36.000Z</time>
<extensions><trainlcd:accuracy>15</trainlcd:accuracy></extensions>
</wpt>
<wpt lat="35.7462126" lon="139.5977989">
<time>2026-01-01T01:03:37.000Z</time>
<extensions><trainlcd:accuracy>13</trainlcd:accuracy></extensions>
</wpt>
<wpt lat="35.7462726" lon="139.5975909">
<time>2026-01-01T01:03:38.000Z</time>
<extensions><trainlcd:accuracy>12</trainlcd:accuracy></extensions>
</wpt>
<wpt lat="35.7463326" lon="139.5973830">
<time>2026-01-01T01:03:39.000Z</time>
<extensions><trainlcd:accuracy>12</trainlcd:accuracy></extensions>
</wpt>
<wpt lat="35.7463926" lon="139.5971750">
<time>2026-01-01T01:03:40.000Z</time>
<extensions><trainlcd:accuracy>18</trainlcd:accuracy></extensions>
</wpt>
<wpt lat="35.7464526" lon="139.5969670">
<time>2026-01-01T01:03:41.000Z</time>
<extensions><trainlcd:accuracy>9</trainlcd:accuracy></extensions>
</wpt>
<wpt lat="35.7465126" lon="139.5967591">
<time>2026-01-01T01:03:42.000Z</time>
<extensions><trainlcd:accuracy>19</trainlcd:accuracy></extensions>
</wpt>
<wpt lat="35.7465726" lon="139.5965511">
<time>2026-01-01T01:03:43.000Z</time>
<extensions><trainlcd:accuracy>19</trainlcd:accuracy></extensions>
</wpt>
<wpt lat="35.7466326" lon="139.5963432">
<time>2026-01-01T01:03:44.000Z</time>
<extensions><trainlcd:accuracy>11</trainlcd:accuracy></extensions>
</wpt>
<wpt lat="35.7466926" lon="139.5961352">
<time>2026-01-01T01:03:45.000Z</time>
<extensions><trainlcd:accuracy>16</trainlcd:accuracy></extensions>
</wpt>
<wpt lat="35.7467526" lon="139.5959273">
<time>2026-01-01T01:03:46.000Z</time>
<extensions><trainlcd:accuracy>14</trainlcd:accuracy></extensions>
</wpt>
<wpt lat="35.7468126" lon="139.5957193">
<time>2026-01-01T01:03:47.000Z</time>
<extensions><trainlcd:accuracy>11</trainlcd:accuracy></extensions>
</wpt>
<wpt lat="35.7468727" lon="139.5955113">
<time>2026-01-01T01:03:48.000Z</time>
<extensions><trainlcd:accuracy>12</trainlcd:accuracy></extensions>
</wpt>
<wpt lat="35.7469327" lon="139.5953034">
<time>2026-01-01T01:03:49.000Z</time>
<extensions><trainlcd:accuracy>20</trainlcd:accuracy></extensions>
</wpt>
<wpt lat="35.7469927" lon="139.5950954">
<time>2026-01-01T01:03:50.000Z</time>
<extensions><trainlcd:accuracy>10</trainlcd:accuracy></extensions>
</wpt>
<wpt lat="35.7470527" lon="139.5948875">
<time>2026-01-01T01:03:51.000Z</time>
<extensions><trainlcd:accuracy>10</trainlcd:accuracy></extensions>
</wpt>
<wpt lat="35.7471127" lon="139.5946795">
<time>2026-01-01T01:03:52.000Z</time>
<extensions><trainlcd:accuracy>16</trainlcd:accuracy></extensions>
</wpt>
<wpt lat="35.7471727" lon="139.5944716">
<time>2026-01-01T01:03:53.000Z</time>
<extensions><trainlcd:accuracy>17</trainlcd:accuracy></extensions>
</wpt>
<wpt lat="35.7472327" lon="139.5942636">
<time>2026-01-01T01:03:54.000Z</time>
<extensions><trainlcd:accuracy>19</trainlcd:accuracy></extensions>
</wpt>
<wpt lat="35.7472927" lon="139.5940556">
<time>2026-01-01T01:03:55.000Z</time>
<extensions><trainlcd:accuracy>13</trainlcd:accuracy></extensions>
</wpt>
<wpt lat="35.7473527" lon="139.5938477">
<time>2026-01-01T01:03:56.000Z</time>
<extensions><trainlcd:accuracy>17</trainlcd:accuracy></extensions>
</wpt>
<wpt lat="35.7474127" lon="139.5936397">
<time>2026-01-01T01:03:57.000Z</time>
<extensions><trainlcd:accuracy>10</trainlcd:accuracy></extensions>
</wpt>
<wpt lat="35.7474727" lon="139.5934318">
<time>2026-01-01T01:03:58.000Z</time>
<extensions><trainlcd:accuracy>10</trainlcd:accuracy></extensions>
</wpt>
<wpt lat="35.7475327" lon="139.5932238">
<time>2026-01-01T01:03:59.000Z</time>
<extensions><trainlcd:accuracy>19</trainlcd:accuracy></extensions>
</wpt>
<wpt lat="35.7475927" lon="139.5930159">
<time>2026-01-01T01:04:00.000Z</time>
<extensions><trainlcd:accuracy>9</trainlcd:accuracy></extensions>
</wpt>
<wpt lat="35.7476528" lon="139.5928079">
<time>2026-01-01T01:04:01.000Z</time>
<extensions><trainlcd:accuracy>14</trainlcd:accuracy></extensions>
</wpt>
<wpt lat="35.7477128" lon="139.5925999">
<time>2026-01-01T01:04:02.000Z</time>
<extensions><trainlcd:accuracy>19</trainlcd:accuracy></extensions>
</wpt>
<wpt lat="35.7477728" lon="139.5923920">
<time>2026-01-01T01:04:03.000Z</time>
<extensions><trainlcd:accuracy>13</trainlcd:accuracy></extensions>
</wpt>
<wpt lat="35.7478328" lon="139.5921840">
<time>2026-01-01T01:04:04.000Z</time>
<extensions><trainlcd:accuracy>10</trainlcd:accuracy></extensions>
</wpt>
<wpt lat="35.7478928" lon="139.5919761">
<time>2026-01-01T01:04:05.000Z</time>
<extensions><trainlcd:accuracy>19</trainlcd:accuracy></extensions>
</wpt>
<wpt lat="35.7479528" lon="139.5917681">
<time>2026-01-01T01:04:06.000Z</time>
<extensions><trainlcd:accuracy>14</trainlcd:accuracy></extensions>
</wpt>
<wpt lat="35.7480128" lon="139.5915601">
<time>2026-01-01T01:04:07.000Z</time>
<extensions><trainlcd:accuracy>14</trainlcd:accuracy></extensions>
</wpt>
<wpt lat="35.7480728" lon="139.5913522">
<time>2026-01-01T01:04:08.000Z</time>
<extensions><trainlcd:accuracy>10</trainlcd:accuracy></extensions>
</wpt>
<wpt lat="35.7481328" lon="139.5911442">
<time>2026-01-01T01:04:09.000Z</time>
<extensions><trainlcd:accuracy>12</trainlcd:accuracy></extensions>
</wpt>
<wpt lat="35.7481928" lon="139.5909363">
<time>2026-01-01T01:04:10.000Z</time>
<extensions><trainlcd:accuracy>11</trainlcd:accuracy></extensions>
</wpt>
<wpt lat="35.7482528" lon="139.5907283">
<time>2026-01-01T01:04:11.000Z</time>
<extensions><trainlcd:accuracy>11</trainlcd:accuracy></extensions>
</wpt>
<wpt lat="35.7483128" lon="139.5905204">
<time>2026-01-01T01:04:12.000Z</time>
<extensions><trainlcd:accuracy>19</trainlcd:accuracy></extensions>
</wpt>
<wpt lat="35.7483728" lon="139.5903124">
<time>2026-01-01T01:04:13.000Z</time>
<extensions><trainlcd:accuracy>19</trainlcd:accuracy></extensions>
</wpt>
<wpt lat="35.7484329" lon="139.5901044">
<time>2026-01-01T01:04:14.000Z</time>
<extensions><trainlcd:accuracy>8</trainlcd:accuracy></extensions>
</wpt>
<wpt lat="35.7484929" lon="139.5898965">
<time>2026-01-01T01:04:15.000Z</time>
<extensions><trainlcd:accuracy>8</trainlcd:accuracy></extensions>
</wpt>
<wpt lat="35.7485529" lon="139.5896885">
<time>2026-01-01T01:04:16.000Z</time>
<extensions><trainlcd:accuracy>11</trainlcd:accuracy></extensions>
</wpt>
<wpt lat="35.7486129" lon="139.5894806">
<time>2026-01-01T01:04:17.000Z</time>
<extensions><trainlcd:accuracy>13</trainlcd:accuracy></extensions>
</wpt>
<wpt lat="35.7486729" lon="139.5892726">
<time>2026-01-01T01:04:18.000Z</time>
<extensions><trainlcd:accuracy>10</trainlcd:accuracy></extensions>
</wpt>
<wpt lat="35.7487329" lon="139.5890647">
<time>2026-01-01T01:04:19.000Z</time>
<extensions><trainlcd:accuracy>12</trainlcd:accuracy></extensions>
</wpt>
<wpt lat="35.7487929" lon="139.5888567">
<time>2026-01-01T01:04:20.000Z</time>
<extensions><trainlcd:accuracy>15</trainlcd:accuracy></extensions>
</wpt>
<wpt lat="35.7488529" lon="139.5886487">
<time>2026-01-01T01:04:21.000Z</time>
<extensions><trainlcd:accuracy>9</trainlcd:accuracy></extensions>
</wpt>
<wpt lat="35.7489129" lon="139.5884408">
<time>2026-01-01T01:04:22.000Z</time>
<extensions><trainlcd:accuracy>15</trainlcd:accuracy></extensions>
</wpt>
<wpt lat="35.7489729" lon="139.5882328">
<time>2026-01-01T01:04:23.000Z</time>
<extensions><trainlcd:accuracy>11</trainlcd:accuracy></extensions>
</wpt>
<wpt lat="35.7490329" lon="139.5880249">
<time>2026-01-01T01:04:24.000Z</time>
<extensions><trainlcd:accuracy>9</trainlcd:accuracy></extensions>
</wpt>
<wpt lat="35.7490929" lon="139.5878169">
<time>2026-01-01T01:04:25.000Z</time>
<extensions><trainlcd:accuracy>9</trainlcd:accuracy></extensions>
</wpt>
<wpt lat="35.7491529" lon="139.5876090">
<time>2026-01-01T01:04:26.000Z</time>
<extensions><trainlcd:accuracy>9</trainlcd:accuracy></extensions>
</wpt>
<wpt lat="35.7492130" lon="139.5874010">
<time>2026-01-01T01:04:27.000Z</time>
<extensions><trainlcd:accuracy>15</trainlcd:accuracy></extensions>
</wpt>
<wpt lat="35.7492730" lon="139.5871930">
<time>2026-01-01T01:04:28.000Z</time>
<extensions><trainlcd:accuracy>10</trainlcd:accuracy></extensions>
</wpt>
<wpt lat="35.7493330" lon="139.5869851">
<time>2026-01-01T01:04:29.000Z</time>
<extensions><trainlcd:accuracy>11</trainlcd:accuracy></extensions>
</wpt>
<wpt lat="35.7493930" lon="139.5867771">
<time>2026-01-01T01:04:30.000Z</time>
<extensions><trainlcd:accuracy>20</trainlcd:accuracy></extensions>
</wpt>
<wpt lat="35.7493953" lon="139.5865602">
<time>2026-01-01T01:04:31.000Z</time>
<extensions><trainlcd:accuracy>8</trainlcd:accuracy></extensions>
</wpt>
<wpt lat="35.7493816" lon="139.5863407">
<time>2026-01-01T01:04:32.000Z</time>
<extensions><trainlcd:accuracy>13</trainlcd:accuracy></extensions>
</wpt>
<wpt lat="35.7493679" lon="139.5861212">
<time>2026-01-01T01:04:33.000Z</time>
<extensions><trainlcd:accuracy>16</trainlcd:accuracy></extensions>
</wpt>
<wpt lat="35.7493542" lon="139.5859017">
<time>2026-01-01T01:04:34.000Z</time>
<extensions><trainlcd:accuracy>17</trainlcd:accuracy></extensions>
</wpt>
<wpt lat="35.7493405" lon="139.5856823">
<time>2026-01-01T01:04:35.000Z</time>
<extensions><trainlcd:accuracy>14</trainlcd:accuracy></extensions>
</wpt>
<wpt lat="35.7493268" lon="139.5854628">
<time>2026-01-01T01:04:36.000Z</time>
<extensions><trainlcd:accuracy>10</trainlcd:accuracy></extensions>
</wpt>
<wpt lat="35.7493131" lon="139.5852433">
<time>2026-01-01T01:04:37.000Z</time>
<extensions><trainlcd:accuracy>12</trainlcd:accuracy></extensions>
</wpt>
<wpt lat="35.7492994" lon="139.5850238">
<time>2026-01-01T01:04:38.000Z</time>
<extensions><trainlcd:accuracy>13</trainlcd:accuracy></extensions>
</wpt>
<wpt lat="35.7492857" lon="139.5848043">
<time>2026-01-01T01:04:39.000Z</time>
<extensions><trainlcd:accuracy>16</trainlcd:accuracy></extensions>
</wpt>
<wpt lat="35.7492721" lon="139.5845849">
<time>2026-01-01T01:04:40.000Z</time>
<extensions><trainlcd:accuracy>19</trainlcd:accuracy></extensions>
</wpt>
<wpt lat="35.7492584" lon="139.5843654">
<time>2026-01-01T01:04:41.000Z</time>
<extensions><trainlcd:accuracy>9</trainlcd:accuracy></extensions>
</wpt>
<wpt lat="35.7492447" lon="139.5841459">
<time>2026-01-01T01:04:42.000Z</time>
<extensions><trainlcd:accuracy>12</trainlcd:accuracy></extensions>
</wpt>
<wpt lat="35.7492310" lon="139.5839264">
<time>2026-01-01T01:04:43.000Z</time>
<extensions><trainlcd:accuracy>8</trainlcd:accuracy></extensions>
</wpt>
<wpt lat="35.7492173" lon="139.5837070">
<time>2026-01-01T01:04:44.000Z</time>
<extensions><trainlcd:accuracy>12</trainlcd:accuracy></extensions>
</wpt>
<wpt lat="35.7492036" lon="139.5834875">
<time>2026-01-01T01:04:45.000Z</time>
<extensions><trainlcd:accuracy>15</trainlcd:accuracy></extensions>
</wpt>
<wpt lat="35.7491899" lon="139.5832680">
<time>2026-01-01T01:04:46.000Z</time>
<extensions><trainlcd:accuracy>19</trainlcd:accuracy></extensions>
</wpt>
<wpt lat="35.7491762" lon="139.5830485">
<time>2026-01-01T01:04:47.000Z</time>
<extensions><trainlcd:accuracy>17</trainlcd:accuracy></extensions>
</wpt>
<wpt lat="35.7491625" lon="139.5828291">
<time>2026-01-01T01:04:48.000Z</time>
<extensions><trainlcd:accuracy>10</trainlcd:accuracy></extensions>
</wpt>
<wpt lat="35.7491488" lon="139.5826096">
<time>2026-01-01T01:04:49.000Z</time>
<extensions><trainlcd:accuracy>8</trainlcd:accuracy></extensions>
</wpt>
<wpt lat="35.7491351" lon="139.5823901">
<time>2026-01-01T01:04:50.000Z</time>
<extensions><trainlcd:accuracy>8</trainlcd:accuracy></extensions>
</wpt>
<wpt lat="35.7491214" lon="139.5821706">
<time>2026-01-01T01:04:51.000Z</time>
<extensions><trainlcd:accuracy>8</trainlcd:accuracy></extensions>
</wpt>
<wpt lat="35.7491077" lon="139.5819512">
<time>2026-01-01T01:04:52.000Z</time>
<extensions><trainlcd:accuracy>10</trainlcd:accuracy></extensions>
</wpt>
<wpt lat="35.7490941" lon="139.5817317">
<time>2026-01-01T01:04:53.000Z</time>
<extensions><trainlcd:accuracy>11</trainlcd:accuracy></extensions>
</wpt>
<wpt lat="35.7490804" lon="139.5815122">
<time>2026-01-01T01:04:54.000Z</time>
<extensions><trainlcd:accuracy>10</trainlcd:accuracy></extensions>
</wpt>
<wpt lat="35.7490667" lon="139.5812927">
<time>2026-01-01T01:04:55.000Z</time>
<extensions><trainlcd:accuracy>19</trainlcd:accuracy></extensions>
</wpt>
<wpt lat="35.7490530" lon="139.5810733">
<time>2026-01-01T01:04:56.000Z</time>
<extensions><trainlcd:accuracy>11</trainlcd:accuracy></extensions>
</wpt>
<wpt lat="35.7490393" lon="139.5808538">
<time>2026-01-01T01:04:57.000Z</time>
<extensions><trainlcd:accuracy>14</trainlcd:accuracy></extensions>
</wpt>
<wpt lat="35.7490256" lon="139.5806343">
<time>2026-01-01T01:04:58.000Z</time>
<extensions><trainlcd:accuracy>18</trainlcd:accuracy></extensions>
</wpt>
<wpt lat="35.7490119" lon="139.5804148">
<time>2026-01-01T01:04:59.000Z</time>
<extensions><trainlcd:accuracy>11</trainlcd:accuracy></extensions>
</wpt>
<wpt lat="35.7489982" lon="139.5801954">
<time>2026-01-01T01:05:00.000Z</time>
<extensions><trainlcd:accuracy>14</trainlcd:accuracy></extensions>
</wpt>
<wpt lat="35.7489845" lon="139.5799759">
<time>2026-01-01T01:05:01.000Z</time>
<extensions><trainlcd:accuracy>12</trainlcd:accuracy></extensions>
</wpt>
<wpt lat="35.7489708" lon="139.5797564">
<time>2026-01-01T01:05:02.000Z</time>
<extensions><trainlcd:accuracy>17</trainlcd:accuracy></extensions>
</wpt>
<wpt lat="35.7489571" lon="139.5795369">
<time>2026-01-01T01:05:03.000Z</time>
<extensions><trainlcd:accuracy>13</trainlcd:accuracy></extensions>
</wpt>
<wpt lat="35.7489434" lon="139.5793175">
<time>2026-01-01T01:05:04.000Z</time>
<extensions><trainlcd:accuracy>11</trainlcd:accuracy></extensions>
</wpt>
<wpt lat="35.7489298" lon="139.5790980">
<time>2026-01-01T01:05:05.000Z</time>
<extensions><trainlcd:accuracy>10</trainlcd:accuracy></extensions>
</wpt>
<wpt lat="35.7489161" lon="139.5788785">
<time>2026-01-01T01:05:06.000Z</time>
<extensions><trainlcd:accuracy>9</trainlcd:accuracy></extensions>
</wpt>
<wpt lat="35.7489024" lon="139.5786590">
<time>2026-01-01T01:05:07.000Z</time>
<extensions><trainlcd:accuracy>19</trainlcd:accuracy></extensions>
</wpt>
<wpt lat="35.7488887" lon="139.5784395">
<time>2026-01-01T01:05:08.000Z</time>
<extensions><trainlcd:accuracy>17</trainlcd:accuracy></extensions>
</wpt>
<wpt lat="35.7488750" lon="139.5782201">
<time>2026-01-01T01:05:09.000Z</time>
<extensions><trainlcd:accuracy>11</trainlcd:accuracy></extensions>
</wpt>
<wpt lat="35.7488613" lon="139.5780006">
<time>2026-01-01T01:05:10.000Z</time>
<extensions><trainlcd:accuracy>8</trainlcd:accuracy></extensions>
</wpt>
<wpt lat="35.7488476" lon="139.5777811">
<time>2026-01-01T01:05:11.000Z</time>
<extensions><trainlcd:accuracy>10</trainlcd:accuracy></extensions>
</wpt>
<wpt lat="35.7488339" lon="139.5775616">
<time>2026-01-01T01:05:12.000Z</time>
<extensions><trainlcd:accuracy>11</trainlcd:accuracy></extensions>
</wpt>
<wpt lat="35.7488202" lon="139.5773422">
<time>2026-01-01T01:05:13.000Z</time>
<extensions><trainlcd:accuracy>19</trainlcd:accuracy></extensions>
</wpt>
<wpt lat="35.7488065" lon="139.5771227">
<time>2026-01-01T01:05:14.000Z</time>
<extensions><trainlcd:accuracy>15</trainlcd:accuracy></extensions>
</wpt>
<wpt lat="35.7487928" lon="139.5769032">
<time>2026-01-01T01:05:15.000Z</time>
<extensions><trainlcd:accuracy>17</trainlcd:accuracy></extensions>
</wpt>
<wpt lat="35.7487791" lon="139.5766837">
<time>2026-01-01T01:05:16.000Z</time>
<extensions><trainlcd:accuracy>12</trainlcd:accuracy></extensions>
</wpt>
<wpt lat="35.7487655" lon="139.5764643">
<time>2026-01-01T01:05:17.000Z</time>
<extensions><trainlcd:accuracy>18</trainlcd:accuracy></extensions>
</wpt>
<wpt lat="35.7487518" lon="139.5762448">
<time>2026-01-01T01:05:18.000Z</time>
<extensions><trainlcd:accuracy>12</trainlcd:accuracy></extensions>
</wpt>
<wpt lat="35.7487381" lon="139.5760253">
<time>2026-01-01T01:05:19.000Z</time>
<extensions><trainlcd:accuracy>13</trainlcd:accuracy></extensions>
</wpt>
<wpt lat="35.7487244" lon="139.5758058">
<time>2026-01-01T01:05:20.000Z</time>
<extensions><trainlcd:accuracy>9</trainlcd:accuracy></extensions>
</wpt>
<wpt lat="35.7487107" lon="139.5755864">
<time>2026-01-01T01:05:21.000Z</time>
<extensions><trainlcd:accuracy>13</trainlcd:accuracy></extensions>
</wpt>
<wpt lat="35.7486970" lon="139.5753669">
<time>2026-01-01T01:05:22.000Z</time>
<extensions><trainlcd:accuracy>15</trainlcd:accuracy></extensions>
</wpt>
<wpt lat="35.7486833" lon="139.5751474">
<time>2026-01-01T01:05:23.000Z</time>
<extensions><trainlcd:accuracy>18</trainlcd:accuracy></extensions>
</wpt>
<wpt lat="35.7486696" lon="139.5749279">
<time>2026-01-01T01:05:24.000Z</time>
<extensions><trainlcd:accuracy>13</trainlcd:accuracy></extensions>
</wpt>
<wpt lat="35.7486559" lon="139.5747085">
<time>2026-01-01T01:05:25.000Z</time>
<extensions><trainlcd:accuracy>17</trainlcd:accuracy></extensions>
</wpt>
<wpt lat="35.7486422" lon="139.5744890">
<time>2026-01-01T01:05:26.000Z</time>
<extensions><trainlcd:accuracy>17</trainlcd:accuracy></extensions>
</wpt>
<wpt lat="35.7486285" lon="139.5742695">
<time>2026-01-01T01:05:27.000Z</time>
<extensions><trainlcd:accuracy>19</trainlcd:accuracy></extensions>
</wpt>
<wpt lat="35.7486148" lon="139.5740500">
<time>2026-01-01T01:05:28.000Z</time>
<extensions><trainlcd:accuracy>15</trainlcd:accuracy></extensions>
</wpt>
<wpt lat="35.7486011" lon="139.5738306">
<time>2026-01-01T01:05:29.000Z</time>
<extensions><trainlcd:accuracy>19</trainlcd:accuracy></extensions>
</wpt>
<wpt lat="35.7485875" lon="139.5736111">
<time>2026-01-01T01:05:30.000Z</time>
<extensions><trainlcd:accuracy>10</trainlcd:accuracy></extensions>
</wpt>
<wpt lat="35.7485738" lon="139.5733916">
<time>2026-01-01T01:05:31.000Z</time>
<extensions><trainlcd:accuracy>13</trainlcd:accuracy></extensions>
</wpt>
<wpt lat="35.7485601" lon="139.5731721">
<time>2026-01-01T01:05:32.000Z</time>
<extensions><trainlcd:accuracy>10</trainlcd:accuracy></extensions>
</wpt>
<wpt lat="35.7485464" lon="139.5729527">
<time>2026-01-01T01:05:33.000Z</time>
<extensions><trainlcd:accuracy>10</trainlcd:accuracy></extensions>
</wpt>
<wpt lat="35.7485327" lon="139.5727332">
<time>2026-01-01T01:05:34.000Z</time>
<extensions><trainlcd:accuracy>9</trainlcd:accuracy></extensions>
</wpt>
<wpt lat="35.7485190" lon="139.5725137">
<time>2026-01-01T01:05:35.000Z</time>
<extensions><trainlcd:accuracy>16</trainlcd:accuracy></extensions>
</wpt>
<wpt lat="35.7485053" lon="139.5722942">
<time>2026-01-01T01:05:36.000Z</time>
<extensions><trainlcd:accuracy>16</trainlcd:accuracy></extensions>
</wpt>
<wpt lat="35.7484916" lon="139.5720747">
<time>2026-01-01T01:05:37.000Z</time>
<extensions><trainlcd:accuracy>19</trainlcd:accuracy></extensions>
</wpt>
<wpt lat="35.7484779" lon="139.5718553">
<time>2026-01-01T01:05:38.000Z</time>
<extensions><trainlcd:accuracy>10</trainlcd:accuracy></extensions>
</wpt>
<wpt lat="35.7484642" lon="139.5716358">
<time>2026-01-01T01:05:39.000Z</time>
<extensions><trainlcd:accuracy>13</trainlcd:accuracy></extensions>
</wpt>
<wpt lat="35.7484505" lon="139.5714163">
<time>2026-01-01T01:05:40.000Z</time>
<extensions><trainlcd:accuracy>19</trainlcd:accuracy></extensions>
</wpt>
<wpt lat="35.7484368" lon="139.5711968">
<time>2026-01-01T01:05:41.000Z</time>
<extensions><trainlcd:accuracy>8</trainlcd:accuracy></extensions>
</wpt>
<wpt lat="35.7484232" lon="139.5709774">
<time>2026-01-01T01:05:42.000Z</time>
<extensions><trainlcd:accuracy>9</trainlcd:accuracy></extensions>
</wpt>
<wpt lat="35.7484095" lon="139.5707579">
<time>2026-01-01T01:05:43.000Z</time>
<extensions><trainlcd:accuracy>13</trainlcd:accuracy></extensions>
</wpt>
<wpt lat="35.7483958" lon="139.5705384">
<time>2026-01-01T01:05:44.000Z</time>
<extensions><trainlcd:accuracy>18</trainlcd:accuracy></extensions>
</wpt>
<wpt lat="35.7483821" lon="139.5703189">
<time>2026-01-01T01:05:45.000Z</time>
<extensions><trainlcd:accuracy>18</trainlcd:accuracy></extensions>
</wpt>
<wpt lat="35.7483684" lon="139.5700995">
<time>2026-01-01T01:05:46.000Z</time>
<extensions><trainlcd:accuracy>13</trainlcd:accuracy></extensions>
</wpt>
<wpt lat="35.7483547" lon="139.5698800">
<time>2026-01-01T01:05:47.000Z</time>
<extensions><trainlcd:accuracy>20</trainlcd:accuracy></extensions>
</wpt>
<wpt lat="35.7483410" lon="139.5696605">
<time>2026-01-01T01:05:48.000Z</time>
<extensions><trainlcd:accuracy>19</trainlcd:accuracy></extensions>
</wpt>
<wpt lat="35.7483273" lon="139.5694410">
<time>2026-01-01T01:05:49.000Z</time>
<extensions><trainlcd:accuracy>15</trainlcd:accuracy></extensions>
</wpt>
<wpt lat="35.7483136" lon="139.5692216">
<time>2026-01-01T01:05:50.000Z</time>
<extensions><trainlcd:accuracy>9</trainlcd:accuracy></extensions>
</wpt>
<wpt lat="35.7482999" lon="139.5690021">
<time>2026-01-01T01:05:51.000Z</time>
<extensions><trainlcd:accuracy>11</trainlcd:accuracy></extensions>
</wpt>
<wpt lat="35.7482862" lon="139.5687826">
<time>2026-01-01T01:05:52.000Z</time>
<extensions><trainlcd:accuracy>14</trainlcd:accuracy></extensions>
</wpt>
<wpt lat="35.7482725" lon="139.5685631">
<time>2026-01-01T01:05:53.000Z</time>
<extensions><trainlcd:accuracy>19</trainlcd:accuracy></extensions>
</wpt>
<wpt lat="35.7482588" lon="139.5683437">
<time>2026-01-01T01:05:54.000Z</time>
<extensions><trainlcd:accuracy>18</trainlcd:accuracy></extensions>
</wpt>
<wpt lat="35.7482452" lon="139.5681242">
<time>2026-01-01T01:05:55.000Z</time>
<extensions><trainlcd:accuracy>9</trainlcd:accuracy></extensions>
</wpt>
<wpt lat="35.7482315" lon="139.5679047">
<time>2026-01-01T01:05:56.000Z</time>
<extensions><trainlcd:accuracy>11</trainlcd:accuracy></extensions>
</wpt>
<wpt lat="35.7482316" lon="139.5676886">
<time>2026-01-01T01:05:57.000Z</time>
<extensions><trainlcd:accuracy>12</trainlcd:accuracy></extensions>
</wpt>
<wpt lat="35.7482627" lon="139.5674799">
<time>2026-01-01T01:05:58.000Z</time>
<extensions><trainlcd:accuracy>18</trainlcd:accuracy></extensions>
</wpt>
<wpt lat="35.7482938" lon="139.5672713">
<time>2026-01-01T01:05:59.000Z</time>
<extensions><trainlcd:accuracy>12</trainlcd:accuracy></extensions>
</wpt>
<wpt lat="35.7483249" lon="139.5670626">
<time>2026-01-01T01:06:00.000Z</time>
<extensions><trainlcd:accuracy>9</trainlcd:accuracy></extensions>
</wpt>
<wpt lat="35.7483559" lon="139.5668540">
<time>2026-01-01T01:06:01.000Z</time>
<extensions><trainlcd:accuracy>9</trainlcd:accuracy></extensions>
</wpt>
<wpt lat="35.7483870" lon="139.5666454">
<time>2026-01-01T01:06:02.000Z</time>
<extensions><trainlcd:accuracy>9</trainlcd:accuracy></extensions>
</wpt>
<wpt lat="35.7484181" lon="139.5664367">
<time>2026-01-01T01:06:03.000Z</time>
<extensions><trainlcd:accuracy>16</trainlcd:accuracy></extensions>
</wpt>
<wpt lat="35.7484492" lon="139.5662281">
<time>2026-01-01T01:06:04.000Z</time>
<extensions><trainlcd:accuracy>15</trainlcd:accuracy></extensions>
</wpt>
<wpt lat="35.7484803" lon="139.5660194">
<time>2026-01-01T01:06:05.000Z</time>
<extensions><trainlcd:accuracy>12</trainlcd:accuracy></extensions>
</wpt>
<wpt lat="35.7485114" lon="139.5658108">
<time>2026-01-01T01:06:06.000Z</time>
<extensions><trainlcd:accuracy>17</trainlcd:accuracy></extensions>
</wpt>
<wpt lat="35.7485425" lon="139.5656021">
<time>2026-01-01T01:06:07.000Z</time>
<extensions><trainlcd:accuracy>19</trainlcd:accuracy></extensions>
</wpt>
<wpt lat="35.7485735" lon="139.5653935">
<time>2026-01-01T01:06:08.000Z</time>
<extensions><trainlcd:accuracy>9</trainlcd:accuracy></extensions>
</wpt>
<wpt lat="35.7486046" lon="139.5651849">
<time>2026-01-01T01:06:09.000Z</time>
<extensions><trainlcd:accuracy>11</trainlcd:accuracy></extensions>
</wpt>
<wpt lat="35.7486357" lon="139.5649762">
<time>2026-01-01T01:06:10.000Z</time>
<extensions><trainlcd:accuracy>12</trainlcd:accuracy></extensions>
</wpt>
<wpt lat="35.7486668" lon="139.5647676">
<time>2026-01-01T01:06:11.000Z</time>
<extensions><trainlcd:accuracy>15</trainlcd:accuracy></extensions>
</wpt>
<wpt lat="35.7486979" lon="139.5645589">
<time>2026-01-01T01:06:12.000Z</time>
<extensions><trainlcd:accuracy>10</trainlcd:accuracy></extensions>
</wpt>
<wpt lat="35.7487290" lon="139.5643503">
<time>2026-01-01T01:06:13.000Z</time>
<extensions><trainlcd:accuracy>11</trainlcd:accuracy></extensions>
</wpt>
<wpt lat="35.7487601" lon="139.5641416">
<time>2026-01-01T01:06:14.000Z</time>
<extensions><trainlcd:accuracy>12</trainlcd:accuracy></extensions>
</wpt>
<wpt lat="35.7487911" lon="139.5639330">
<time>2026-01-01T01:06:15.000Z</time>
<extensions><trainlcd:accuracy>15</trainlcd:accuracy></extensions>
</wpt>
<wpt lat="35.7488222" lon="139.5637244">
<time>2026-01-01T01:06:16.000Z</time>
<extensions><trainlcd:accuracy>19</trainlcd:accuracy></extensions>
</wpt>
<wpt lat="35.7488533" lon="139.5635157">
<time>2026-01-01T01:06:17.000Z</time>
<extensions><trainlcd:accuracy>17</trainlcd:accuracy></extensions>
</wpt>
<wpt lat="35.7488844" lon="139.5633071">
<time>2026-01-01T01:06:18.000Z</time>
<extensions><trainlcd:accuracy>16</trainlcd:accuracy></extensions>
</wpt>
<wpt lat="35.7489155" lon="139.5630984">
<time>2026-01-01T01:06:19.000Z</time>
<extensions><trainlcd:accuracy>15</trainlcd:accuracy></extensions>
</wpt>
<wpt lat="35.7489466" lon="139.5628898">
<time>2026-01-01T01:06:20.000Z</time>
<extensions><trainlcd:accuracy>12</trainlcd:accuracy></extensions>
</wpt>
<wpt lat="35.7489776" lon="139.5626811">
<time>2026-01-01T01:06:21.000Z</time>
<extensions><trainlcd:accuracy>17</trainlcd:accuracy></extensions>
</wpt>
<wpt lat="35.7490087" lon="139.5624725">
<time>2026-01-01T01:06:22.000Z</time>
<extensions><trainlcd:accuracy>13</trainlcd:accuracy></extensions>
</wpt>
<wpt lat="35.7490398" lon="139.5622639">
<time>2026-01-01T01:06:23.000Z</time>
<extensions><trainlcd:accuracy>17</trainlcd:accuracy></extensions>
</wpt>
<wpt lat="35.7490709" lon="139.5620552">
<time>2026-01-01T01:06:24.000Z</time>
<extensions><trainlcd:accuracy>11</trainlcd:accuracy></extensions>
</wpt>
<wpt lat="35.7491020" lon="139.5618466">
<time>2026-01-01T01:06:25.000Z</time>
<extensions><trainlcd:accuracy>8</trainlcd:accuracy></extensions>
</wpt>
<wpt lat="35.7491331" lon="139.5616379">
<time>2026-01-01T01:06:26.000Z</time>
<extensions><trainlcd:accuracy>11</trainlcd:accuracy></extensions>
</wpt>
<wpt lat="35.7491642" lon="139.5614293">
<time>2026-01-01T01:06:27.000Z</time>
<extensions><trainlcd:accuracy>11</trainlcd:accuracy></extensions>
</wpt>
<wpt lat="35.7491952" lon="139.5612206">
<time>2026-01-01T01:06:28.000Z</time>
<extensions><trainlcd:accuracy>12</trainlcd:accuracy></extensions>
</wpt>
<wpt lat="35.7492263" lon="139.5610120">
<time>2026-01-01T01:06:29.000Z</time>
<extensions><trainlcd:accuracy>11</trainlcd:accuracy></extensions>
</wpt>
<wpt lat="35.7492574" lon="139.5608034">
<time>2026-01-01T01:06:30.000Z</time>
<extensions><trainlcd:accuracy>16</trainlcd:accuracy></extensions>
</wpt>
<wpt lat="35.7492885" lon="139.5605947">
<time>2026-01-01T01:06:31.000Z</time>
<extensions><trainlcd:accuracy>12</trainlcd:accuracy></extensions>
</wpt>
<wpt lat="35.7493196" lon="139.5603861">
<time>2026-01-01T01:06:32.000Z</time>
<extensions><trainlcd:accuracy>17</trainlcd:accuracy></extensions>
</wpt>
<wpt lat="35.7493507" lon="139.5601774">
<time>2026-01-01T01:06:33.000Z</time>
<extensions><trainlcd:accuracy>12</trainlcd:accuracy></extensions>
</wpt>
<wpt lat="35.7493818" lon="139.5599688">
<time>2026-01-01T01:06:34.000Z</time>
<extensions><trainlcd:accuracy>13</trainlcd:accuracy></extensions>
</wpt>
<wpt lat="35.7494128" lon="139.5597601">
<time>2026-01-01T01:06:35.000Z</time>
<extensions><trainlcd:accuracy>16</trainlcd:accuracy></extensions>
</wpt>
<wpt lat="35.7494439" lon="139.5595515">
<time>2026-01-01T01:06:36.000Z</time>
<extensions><trainlcd:accuracy>11</trainlcd:accuracy></extensions>
</wpt>
<wpt lat="35.7494750" lon="139.5593429">
<time>2026-01-01T01:06:37.000Z</time>
<extensions><trainlcd:accuracy>14</trainlcd:accuracy></extensions>
</wpt>
<wpt lat="35.7495061" lon="139.5591342">
<time>2026-01-01T01:06:38.000Z</time>
<extensions><trainlcd:accuracy>15</trainlcd:accuracy></extensions>
</wpt>
<wpt lat="35.7495372" lon="139.5589256">
<time>2026-01-01T01:06:39.000Z</time>
<extensions><trainlcd:accuracy>18</trainlcd:accuracy></extensions>
</wpt>
<wpt lat="35.7495683" lon="139.5587169">
<time>2026-01-01T01:06:40.000Z</time>
<extensions><trainlcd:accuracy>11</trainlcd:accuracy></extensions>
</wpt>
<wpt lat="35.7495994" lon="139.5585083">
<time>2026-01-01T01:06:41.000Z</time>
<extensions><trainlcd:accuracy>13</trainlcd:accuracy></extensions>
</wpt>
<wpt lat="35.7496304" lon="139.5582996">
<time>2026-01-01T01:06:42.000Z</time>
<extensions><trainlcd:accuracy>15</trainlcd:accuracy></extensions>
</wpt>
<wpt lat="35.7496615" lon="139.5580910">
<time>2026-01-01T01:06:43.000Z</time>
<extensions><trainlcd:accuracy>19</trainlcd:accuracy></extensions>
</wpt>
<wpt lat="35.7496926" lon="139.5578823">
<time>2026-01-01T01:06:44.000Z</time>
<extensions><trainlcd:accuracy>16</trainlcd:accuracy></extensions>
</wpt>
<wpt lat="35.7497237" lon="139.5576737">
<time>2026-01-01T01:06:45.000Z</time>
<extensions><trainlcd:accuracy>10</trainlcd:accuracy></extensions>
</wpt>
<wpt lat="35.7497548" lon="139.5574651">
<time>2026-01-01T01:06:46.000Z</time>
<extensions><trainlcd:accuracy>9</trainlcd:accuracy></extensions>
</wpt>
<wpt lat="35.7497859" lon="139.5572564">
<time>2026-01-01T01:06:47.000Z</time>
<extensions><trainlcd:accuracy>11</trainlcd:accuracy></extensions>
</wpt>
<wpt lat="35.7498170" lon="139.5570478">
<time>2026-01-01T01:06:48.000Z</time>
<extensions><trainlcd:accuracy>14</trainlcd:accuracy></extensions>
</wpt>
<wpt lat="35.7498480" lon="139.5568391">
<time>2026-01-01T01:06:49.000Z</time>
<extensions><trainlcd:accuracy>10</trainlcd:accuracy></extensions>
</wpt>
<wpt lat="35.7498791" lon="139.5566305">
<time>2026-01-01T01:06:50.000Z</time>
<extensions><trainlcd:accuracy>18</trainlcd:accuracy></extensions>
</wpt>
<wpt lat="35.7499102" lon="139.5564218">
<time>2026-01-01T01:06:51.000Z</time>
<extensions><trainlcd:accuracy>17</trainlcd:accuracy></extensions>
</wpt>
<wpt lat="35.7499413" lon="139.5562132">
<time>2026-01-01T01:06:52.000Z</time>
<extensions><trainlcd:accuracy>19</trainlcd:accuracy></extensions>
</wpt>
<wpt lat="35.7499724" lon="139.5560046">
<time>2026-01-01T01:06:53.000Z</time>
<extensions><trainlcd:accuracy>13</trainlcd:accuracy></extensions>
</wpt>
<wpt lat="35.7500035" lon="139.5557959">
<time>2026-01-01T01:06:54.000Z</time>
<extensions><trainlcd:accuracy>14</trainlcd:accuracy></extensions>
</wpt>
<wpt lat="35.7500346" lon="139.5555873">
<time>2026-01-01T01:06:55.000Z</time>
<extensions><trainlcd:accuracy>13</trainlcd:accuracy></extensions>
</wpt>
<wpt lat="35.7500656" lon="139.5553786">
<time>2026-01-01T01:06:56.000Z</time>
<extensions><trainlcd:accuracy>13</trainlcd:accuracy></extensions>
</wpt>
<wpt lat="35.7500967" lon="139.5551700">
<time>2026-01-01T01:06:57.000Z</time>
<extensions><trainlcd:accuracy>15</trainlcd:accuracy></extensions>
</wpt>
<wpt lat="35.7501278" lon="139.5549613">
<time>2026-01-01T01:06:58.000Z</time>
<extensions><trainlcd:accuracy>16</trainlcd:accuracy></extensions>
</wpt>
<wpt lat="35.7501589" lon="139.5547527">
<time>2026-01-01T01:06:59.000Z</time>
<extensions><trainlcd:accuracy>12</trainlcd:accuracy></extensions>
</wpt>
<wpt lat="35.7501900" lon="139.5545441">
<time>2026-01-01T01:07:00.000Z</time>
<extensions><trainlcd:accuracy>17</trainlcd:accuracy></extensions>
</wpt>
<wpt lat="35.7502211" lon="139.5543354">
<time>2026-01-01T01:07:01.000Z</time>
<extensions><trainlcd:accuracy>9</trainlcd:accuracy></extensions>
</wpt>
<wpt lat="35.7502522" lon="139.5541268">
<time>2026-01-01T01:07:02.000Z</time>
<extensions><trainlcd:accuracy>10</trainlcd:accuracy></extensions>
</wpt>
<wpt lat="35.7502832" lon="139.5539181">
<time>2026-01-01T01:07:03.000Z</time>
<extensions><trainlcd:accuracy>12</trainlcd:accuracy></extensions>
</wpt>
<wpt lat="35.7503143" lon="139.5537095">
<time>2026-01-01T01:07:04.000Z</time>
<extensions><trainlcd:accuracy>13</trainlcd:accuracy></extensions>
</wpt>
<wpt lat="35.7503454" lon="139.5535008">
<time>2026-01-01T01:07:05.000Z</time>
<extensions><trainlcd:accuracy>20</trainlcd:accuracy></extensions>
</wpt>
<wpt lat="35.7503765" lon="139.5532922">
<time>2026-01-01T01:07:06.000Z</time>
<extensions><trainlcd:accuracy>19</trainlcd:accuracy></extensions>
</wpt>
<wpt lat="35.7504076" lon="139.5530836">
<time>2026-01-01T01:07:07.000Z</time>
<extensions><trainlcd:accuracy>16</trainlcd:accuracy></extensions>
</wpt>
<wpt lat="35.7504387" lon="139.5528749">
<time>2026-01-01T01:07:08.000Z</time>
<extensions><trainlcd:accuracy>17</trainlcd:accuracy></extensions>
</wpt>
<wpt lat="35.7504698" lon="139.5526663">
<time>2026-01-01T01:07:09.000Z</time>
<extensions><trainlcd:accuracy>14</trainlcd:accuracy></extensions>
</wpt>
<wpt lat="35.7505008" lon="139.5524576">
<time>2026-01-01T01:07:10.000Z</time>
<extensions><trainlcd:accuracy>19</trainlcd:accuracy></extensions>
</wpt>
<wpt lat="35.7505319" lon="139.5522490">
<time>2026-01-01T01:07:11.000Z</time>
<extensions><trainlcd:accuracy>19</trainlcd:accuracy></extensions>
</wpt>
<wpt lat="35.7505630" lon="139.5520403">
<time>2026-01-01T01:07:12.000Z</time>
<extensions><trainlcd:accuracy>10</trainlcd:accuracy></extensions>
</wpt>
<wpt lat="35.7505941" lon="139.5518317">
<time>2026-01-01T01:07:13.000Z</time>
<extensions><trainlcd:accuracy>10</trainlcd:accuracy></extensions>
</wpt>
<wpt lat="35.7506252" lon="139.5516231">
<time>2026-01-01T01:07:14.000Z</time>
<extensions><trainlcd:accuracy>10</trainlcd:accuracy></extensions>
</wpt>
<wpt lat="35.7506563" lon="139.5514144">
<time>2026-01-01T01:07:15.000Z</time>
<extensions><trainlcd:accuracy>17</trainlcd:accuracy></extensions>
</wpt>
<wpt lat="35.7506873" lon="139.5512058">
<time>2026-01-01T01:07:16.000Z</time>
<extensions><trainlcd:accuracy>20</trainlcd:accuracy></extensions>
</wpt>
<wpt lat="35.7507184" lon="139.5509971">
<time>2026-01-01T01:07:17.000Z</time>
<extensions><trainlcd:accuracy>15</trainlcd:accuracy></extensions>
</wpt>
<wpt lat="35.7507495" lon="139.5507885">
<time>2026-01-01T01:07:18.000Z</time>
<extensions><trainlcd:accuracy>12</trainlcd:accuracy></extensions>
</wpt>
<wpt lat="35.7507806" lon="139.5505798">
<time>2026-01-01T01:07:19.000Z</time>
<extensions><trainlcd:accuracy>8</trainlcd:accuracy></extensions>
</wpt>
<wpt lat="35.7508117" lon="139.5503712">
<time>2026-01-01T01:07:20.000Z</time>
<extensions><trainlcd:accuracy>16</trainlcd:accuracy></extensions>
</wpt>
<wpt lat="35.7508428" lon="139.5501626">
<time>2026-01-01T01:07:21.000Z</time>
<extensions><trainlcd:accuracy>13</trainlcd:accuracy></extensions>
</wpt>
<wpt lat="35.7508739" lon="139.5499539">
<time>2026-01-01T01:07:22.000Z</time>
<extensions><trainlcd:accuracy>15</trainlcd:accuracy></extensions>
</wpt>
<wpt lat="35.7509049" lon="139.5497453">
<time>2026-01-01T01:07:23.000Z</time>
<extensions><trainlcd:accuracy>12</trainlcd:accuracy></extensions>
</wpt>
<wpt lat="35.7509360" lon="139.5495366">
<time>2026-01-01T01:07:24.000Z</time>
<extensions><trainlcd:accuracy>9</trainlcd:accuracy></extensions>
</wpt>
<wpt lat="35.7509671" lon="139.5493280">
<time>2026-01-01T01:07:25.000Z</time>
<extensions><trainlcd:accuracy>12</trainlcd:accuracy></extensions>
</wpt>
<wpt lat="35.7509982" lon="139.5491193">
<time>2026-01-01T01:07:26.000Z</time>
<extensions><trainlcd:accuracy>19</trainlcd:accuracy></extensions>
</wpt>
<wpt lat="35.7510293" lon="139.5489107">
<time>2026-01-01T01:07:27.000Z</time>
<extensions><trainlcd:accuracy>11</trainlcd:accuracy></extensions>
</wpt>
<wpt lat="35.7510604" lon="139.5487020">
<time>2026-01-01T01:07:28.000Z</time>
<extensions><trainlcd:accuracy>14</trainlcd:accuracy></extensions>
</wpt>
<wpt lat="35.7510915" lon="139.5484934">
<time>2026-01-01T01:07:29.000Z</time>
<extensions><trainlcd:accuracy>18</trainlcd:accuracy></extensions>
</wpt>
<wpt lat="35.7511225" lon="139.5482848">
<time>2026-01-01T01:07:30.000Z</time>
<extensions><trainlcd:accuracy>15</trainlcd:accuracy></extensions>
</wpt>
<wpt lat="35.7511536" lon="139.5480761">
<time>2026-01-01T01:07:31.000Z</time>
<extensions><trainlcd:accuracy>14</trainlcd:accuracy></extensions>
</wpt>
<wpt lat="35.7511833" lon="139.5478768">
<time>2026-01-01T01:07:32.000Z</time>
<extensions><trainlcd:accuracy>10</trainlcd:accuracy></extensions>
</wpt>
<wpt lat="35.7512116" lon="139.5476869">
<time>2026-01-01T01:07:33.000Z</time>
<extensions><trainlcd:accuracy>12</trainlcd:accuracy></extensions>
</wpt>
<wpt lat="35.7512385" lon="139.5475063">
<time>2026-01-01T01:07:34.000Z</time>
<extensions><trainlcd:accuracy>18</trainlcd:accuracy></extensions>
</wpt>
<wpt lat="35.7512640" lon="139.5473351">
<time>2026-01-01T01:07:35.000Z</time>
<extensions><trainlcd:accuracy>15</trainlcd:accuracy></extensions>
</wpt>
<wpt lat="35.7512882" lon="139.5471732">
<time>2026-01-01T01:07:36.000Z</time>
<extensions><trainlcd:accuracy>16</trainlcd:accuracy></extensions>
</wpt>
<wpt lat="35.7513109" lon="139.5470207">
<time>2026-01-01T01:07:37.000Z</time>
<extensions><trainlcd:accuracy>19</trainlcd:accuracy></extensions>
</wpt>
<wpt lat="35.7513322" lon="139.5468775">
<time>2026-01-01T01:07:38.000Z</time>
<extensions><trainlcd:accuracy>15</trainlcd:accuracy></extensions>
</wpt>
<wpt lat="35.7513522" lon="139.5467436">
<time>2026-01-01T01:07:39.000Z</time>
<extensions><trainlcd:accuracy>13</trainlcd:accuracy></extensions>
</wpt>
<wpt lat="35.7513707" lon="139.5466192">
<time>2026-01-01T01:07:40.000Z</time>
<extensions><trainlcd:accuracy>17</trainlcd:accuracy></extensions>
</wpt>
<wpt lat="35.7513879" lon="139.5465040">
<time>2026-01-01T01:07:41.000Z</time>
<extensions><trainlcd:accuracy>18</trainlcd:accuracy></extensions>
</wpt>
<wpt lat="35.7514036" lon="139.5463983">
<time>2026-01-01T01:07:42.000Z</time>
<extensions><trainlcd:accuracy>19</trainlcd:accuracy></extensions>
</wpt>
<wpt lat="35.7514180" lon="139.5463018">
<time>2026-01-01T01:07:43.000Z</time>
<extensions><trainlcd:accuracy>11</trainlcd:accuracy></extensions>
</wpt>
<wpt lat="35.7514309" lon="139.5462148">
<time>2026-01-01T01:07:44.000Z</time>
<extensions><trainlcd:accuracy>11</trainlcd:accuracy></extensions>
</wpt>
<wpt lat="35.7514425" lon="139.5461371">
<time>2026-01-01T01:07:45.000Z</time>
<extensions><trainlcd:accuracy>15</trainlcd:accuracy></extensions>
</wpt>
<wpt lat="35.7514527" lon="139.5460687">
<time>2026-01-01T01:07:46.000Z</time>
<extensions><trainlcd:accuracy>9</trainlcd:accuracy></extensions>
</wpt>
<wpt lat="35.7514615" lon="139.5460097">
<time>2026-01-01T01:07:47.000Z</time>
<extensions><trainlcd:accuracy>14</trainlcd:accuracy></extensions>
</wpt>
<wpt lat="35.7514689" lon="139.5459600">
<time>2026-01-01T01:07:48.000Z</time>
<extensions><trainlcd:accuracy>13</trainlcd:accuracy></extensions>
</wpt>
<wpt lat="35.7514749" lon="139.5459197">
<time>2026-01-01T01:07:49.000Z</time>
<extensions><trainlcd:accuracy>17</trainlcd:accuracy></extensions>
</wpt>
<wpt lat="35.7514795" lon="139.5458888">
<time>2026-01-01T01:07:50.000Z</time>
<extensions><trainlcd:accuracy>17</trainlcd:accuracy></extensions>
</wpt>
<wpt lat="35.7514827" lon="139.5458672">
<time>2026-01-01T01:07:51.000Z</time>
<extensions><trainlcd:accuracy>17</trainlcd:accuracy></extensions>
</wpt>
<wpt lat="35.7514846" lon="139.5458549">
<time>2026-01-01T01:07:52.000Z</time>
<extensions><trainlcd:accuracy>10</trainlcd:accuracy></extensions>
</wpt>
<wpt lat="35.7514850" lon="139.5458520">
<time>2026-01-01T01:07:53.000Z</time>
<extensions><trainlcd:accuracy>16</trainlcd:accuracy></extensions>
</wpt>
<wpt lat="35.7514850" lon="139.5458520">
<time>2026-01-01T01:07:54.000Z</time>
<extensions><trainlcd:accuracy>12</trainlcd:accuracy></extensions>
</wpt>
<wpt lat="35.7514850" lon="139.5458520">
<time>2026-01-01T01:07:55.000Z</time>
<extensions><trainlcd:accuracy>10</trainlcd:accuracy></extensions>
</wpt>
<wpt lat="35.7514850" lon="139.5458520">
<time>2026-01-01T01:07:56.000Z</time>
<extensions><trainlcd:accuracy>11</trainlcd:accuracy></extensions>
</wpt>
<wpt lat="35.7514850" lon="139.5458520">
<time>2026-01-01T01:07:57.000Z</time>
<extensions><trainlcd:accuracy>14</trainlcd:accuracy></extensions>
</wpt>
<wpt lat="35.7514850" lon="139.5458520">
<time>2026-01-01T01:07:58.000Z</time>
<extensions><trainlcd:accuracy>12</trainlcd:accuracy></extensions>
</wpt>
<wpt lat="35.7514850" lon="139.5458520">
<time>2026-01-01T01:07:59.000Z</time>
<extensions><trainlcd:accuracy>17</trainlcd:accuracy></extensions>
</wpt>
<wpt lat="35.7514850" lon="139.5458520">
<time>2026-01-01T01:08:00.000Z</time>
<extensions><trainlcd:accuracy>13</trainlcd:accuracy></extensions>
</wpt>
<wpt lat="35.7514850" lon="139.5458520">
<time>2026-01-01T01:08:01.000Z</time>
<extensions><trainlcd:accuracy>19</trainlcd:accuracy></extensions>
</wpt>
<wpt lat="35.7514850" lon="139.5458520">
<time>2026-01-01T01:08:02.000Z</time>
<extensions><trainlcd:accuracy>16</trainlcd:accuracy></extensions>
</wpt>
<wpt lat="35.7514850" lon="139.5458520">
<time>2026-01-01T01:08:03.000Z</time>
<extensions><trainlcd:accuracy>17</trainlcd:accuracy></extensions>
</wpt>
<wpt lat="35.7514850" lon="139.5458520">
<time>2026-01-01T01:08:04.000Z</time>
<extensions><trainlcd:accuracy>19</trainlcd:accuracy></extensions>
</wpt>
<wpt lat="35.7514850" lon="139.5458520">
<time>2026-01-01T01:08:05.000Z</time>
<extensions><trainlcd:accuracy>15</trainlcd:accuracy></extensions>
</wpt>
<wpt lat="35.7514850" lon="139.5458520">
<time>2026-01-01T01:08:06.000Z</time>
<extensions><trainlcd:accuracy>10</trainlcd:accuracy></extensions>
</wpt>
<wpt lat="35.7514850" lon="139.5458520">
<time>2026-01-01T01:08:07.000Z</time>
<extensions><trainlcd:accuracy>19</trainlcd:accuracy></extensions>
</wpt>
<wpt lat="35.7514850" lon="139.5458520">
<time>2026-01-01T01:08:08.000Z</time>
<extensions><trainlcd:accuracy>19</trainlcd:accuracy></extensions>
</wpt>
<wpt lat="35.7514850" lon="139.5458520">
<time>2026-01-01T01:08:09.000Z</time>
<extensions><trainlcd:accuracy>18</trainlcd:accuracy></extensions>
</wpt>
<wpt lat="35.7514850" lon="139.5458520">
<time>2026-01-01T01:08:10.000Z</time>
<extensions><trainlcd:accuracy>19</trainlcd:accuracy></extensions>
</wpt>
<wpt lat="35.7514850" lon="139.5458520">
<time>2026-01-01T01:08:11.000Z</time>
<extensions><trainlcd:accuracy>17</trainlcd:accuracy></extensions>
</wpt>
<wpt lat="35.7514850" lon="139.5458520">
<time>2026-01-01T01:08:12.000Z</time>
<extensions><trainlcd:accuracy>9</trainlcd:accuracy></extensions>
</wpt>
<wpt lat="35.7514850" lon="139.5458520">
<time>2026-01-01T01:08:13.000Z</time>
<extensions><trainlcd:accuracy>12</trainlcd:accuracy></extensions>
</wpt>
<wpt lat="35.7514850" lon="139.5458520">
<time>2026-01-01T01:08:14.000Z</time>
<extensions><trainlcd:accuracy>12</trainlcd:accuracy></extensions>
</wpt>
<wpt lat="35.7514850" lon="139.5458520">
<time>2026-01-01T01:08:15.000Z</time>
<extensions><trainlcd:accuracy>14</trainlcd:accuracy></extensions>
</wpt>
<wpt lat="35.7514850" lon="139.5458520">
<time>2026-01-01T01:08:16.000Z</time>
<extensions><trainlcd:accuracy>11</trainlcd:accuracy></extensions>
</wpt>
<wpt lat="35.7514850" lon="139.5458520">
<time>2026-01-01T01:08:17.000Z</time>
<extensions><trainlcd:accuracy>17</trainlcd:accuracy></extensions>
</wpt>
<wpt lat="35.7514850" lon="139.5458520">
<time>2026-01-01T01:08:18.000Z</time>
<extensions><trainlcd:accuracy>15</trainlcd:accuracy></extensions>
</wpt>
<wpt lat="35.7514850" lon="139.5458520">
<time>2026-01-01T01:08:19.000Z</time>
<extensions><trainlcd:accuracy>10</trainlcd:accuracy></extensions>
</wpt>
<wpt lat="35.7514850" lon="139.5458520">
<time>2026-01-01T01:08:20.000Z</time>
<extensions><trainlcd:accuracy>19</trainlcd:accuracy></extensions>
</wpt>
<wpt lat="35.7514850" lon="139.5458520">
<time>2026-01-01T01:08:21.000Z</time>
<extensions><trainlcd:accuracy>13</trainlcd:accuracy></extensions>
</wpt>
<wpt lat="35.7514850" lon="139.5458520">
<time>2026-01-01T01:08:22.000Z</time>
<extensions><trainlcd:accuracy>17</trainlcd:accuracy></extensions>
</wpt>
<wpt lat="35.7514850" lon="139.5458520">
<time>2026-01-01T01:08:23.000Z</time>
<extensions><trainlcd:accuracy>11</trainlcd:accuracy></extensions>
</wpt>
<wpt lat="35.7514850" lon="139.5458520">
<time>2026-01-01T01:08:24.000Z</time>
<extensions><trainlcd:accuracy>16</trainlcd:accuracy></extensions>
</wpt>
<wpt lat="35.7514850" lon="139.5458520">
<time>2026-01-01T01:08:25.000Z</time>
<extensions><trainlcd:accuracy>16</trainlcd:accuracy></extensions>
</wpt>
<wpt lat="35.7514850" lon="139.5458520">
<time>2026-01-01T01:08:26.000Z</time>
<extensions><trainlcd:accuracy>15</trainlcd:accuracy></extensions>
</wpt>
<wpt lat="35.7514850" lon="139.5458520">
<time>2026-01-01T01:08:27.000Z</time>
<extensions><trainlcd:accuracy>19</trainlcd:accuracy></extensions>
</wpt>
<wpt lat="35.7514850" lon="139.5458520">
<time>2026-01-01T01:08:28.000Z</time>
<extensions><trainlcd:accuracy>8</trainlcd:accuracy></extensions>
</wpt>
<wpt lat="35.7514850" lon="139.5458520">
<time>2026-01-01T01:08:29.000Z</time>
<extensions><trainlcd:accuracy>8</trainlcd:accuracy></extensions>
</wpt>
<wpt lat="35.7514850" lon="139.5458520">
<time>2026-01-01T01:08:30.000Z</time>
<extensions><trainlcd:accuracy>16</trainlcd:accuracy></extensions>
</wpt>
<wpt lat="35.7514892" lon="139.5458464">
<time>2026-01-01T01:08:31.000Z</time>
<extensions><trainlcd:accuracy>11</trainlcd:accuracy></extensions>
</wpt>
<wpt lat="35.7514975" lon="139.5458352">
<time>2026-01-01T01:08:32.000Z</time>
<extensions><trainlcd:accuracy>9</trainlcd:accuracy></extensions>
</wpt>
<wpt lat="35.7515099" lon="139.5458183">
<time>2026-01-01T01:08:33.000Z</time>
<extensions><trainlcd:accuracy>14</trainlcd:accuracy></extensions>
</wpt>
<wpt lat="35.7515265" lon="139.5457959">
<time>2026-01-01T01:08:34.000Z</time>
<extensions><trainlcd:accuracy>11</trainlcd:accuracy></extensions>
</wpt>
<wpt lat="35.7515473" lon="139.5457678">
<time>2026-01-01T01:08:35.000Z</time>
<extensions><trainlcd:accuracy>19</trainlcd:accuracy></extensions>
</wpt>
<wpt lat="35.7515722" lon="139.5457341">
<time>2026-01-01T01:08:36.000Z</time>
<extensions><trainlcd:accuracy>19</trainlcd:accuracy></extensions>
</wpt>
<wpt lat="35.7516013" lon="139.5456948">
<time>2026-01-01T01:08:37.000Z</time>
<extensions><trainlcd:accuracy>11</trainlcd:accuracy></extensions>
</wpt>
<wpt lat="35.7516345" lon="139.5456499">
<time>2026-01-01T01:08:38.000Z</time>
<extensions><trainlcd:accuracy>9</trainlcd:accuracy></extensions>
</wpt>
<wpt lat="35.7516718" lon="139.5455994">
<time>2026-01-01T01:08:39.000Z</time>
<extensions><trainlcd:accuracy>18</trainlcd:accuracy></extensions>
</wpt>
<wpt lat="35.7517134" lon="139.5455433">
<time>2026-01-01T01:08:40.000Z</time>
<extensions><trainlcd:accuracy>14</trainlcd:accuracy></extensions>
</wpt>
<wpt lat="35.7517590" lon="139.5454815">
<time>2026-01-01T01:08:41.000Z</time>
<extensions><trainlcd:accuracy>12</trainlcd:accuracy></extensions>
</wpt>
<wpt lat="35.7518089" lon="139.5454142">
<time>2026-01-01T01:08:42.000Z</time>
<extensions><trainlcd:accuracy>17</trainlcd:accuracy></extensions>
</wpt>
<wpt lat="35.7518628" lon="139.5453412">
<time>2026-01-01T01:08:43.000Z</time>
<extensions><trainlcd:accuracy>11</trainlcd:accuracy></extensions>
</wpt>
<wpt lat="35.7519210" lon="139.5452626">
<time>2026-01-01T01:08:44.000Z</time>
<extensions><trainlcd:accuracy>14</trainlcd:accuracy></extensions>
</wpt>
<wpt lat="35.7519833" lon="139.5451784">
<time>2026-01-01T01:08:45.000Z</time>
<extensions><trainlcd:accuracy>17</trainlcd:accuracy></extensions>
</wpt>
<wpt lat="35.7520497" lon="139.5450886">
<time>2026-01-01T01:08:46.000Z</time>
<extensions><trainlcd:accuracy>17</trainlcd:accuracy></extensions>
</wpt>
<wpt lat="35.7521203" lon="139.5449932">
<time>2026-01-01T01:08:47.000Z</time>
<extensions><trainlcd:accuracy>19</trainlcd:accuracy></extensions>
</wpt>
<wpt lat="35.7521950" lon="139.5448921">
<time>2026-01-01T01:08:48.000Z</time>
<extensions><trainlcd:accuracy>10</trainlcd:accuracy></extensions>
</wpt>
<wpt lat="35.7522739" lon="139.5447855">
<time>2026-01-01T01:08:49.000Z</time>
<extensions><trainlcd:accuracy>11</trainlcd:accuracy></extensions>
</wpt>
<wpt lat="35.7523570" lon="139.5446732">
<time>2026-01-01T01:08:50.000Z</time>
<extensions><trainlcd:accuracy>12</trainlcd:accuracy></extensions>
</wpt>
<wpt lat="35.7524442" lon="139.5445553">
<time>2026-01-01T01:08:51.000Z</time>
<extensions><trainlcd:accuracy>19</trainlcd:accuracy></extensions>
</wpt>
<wpt lat="35.7525355" lon="139.5444318">
<time>2026-01-01T01:08:52.000Z</time>
<extensions><trainlcd:accuracy>16</trainlcd:accuracy></extensions>
</wpt>
<wpt lat="35.7526310" lon="139.5443027">
<time>2026-01-01T01:08:53.000Z</time>
<extensions><trainlcd:accuracy>19</trainlcd:accuracy></extensions>
</wpt>
<wpt lat="35.7527307" lon="139.5441680">
<time>2026-01-01T01:08:54.000Z</time>
<extensions><trainlcd:accuracy>15</trainlcd:accuracy></extensions>
</wpt>
<wpt lat="35.7528345" lon="139.5440277">
<time>2026-01-01T01:08:55.000Z</time>
<extensions><trainlcd:accuracy>15</trainlcd:accuracy></extensions>
</wpt>
<wpt lat="35.7529424" lon="139.5438817">
<time>2026-01-01T01:08:56.000Z</time>
<extensions><trainlcd:accuracy>14</trainlcd:accuracy></extensions>
</wpt>
<wpt lat="35.7530545" lon="139.5437302">
<time>2026-01-01T01:08:57.000Z</time>
<extensions><trainlcd:accuracy>10</trainlcd:accuracy></extensions>
</wpt>
<wpt lat="35.7531708" lon="139.5435730">
<time>2026-01-01T01:08:58.000Z</time>
<extensions><trainlcd:accuracy>17</trainlcd:accuracy></extensions>
</wpt>
<wpt lat="35.7532912" lon="139.5434102">
<time>2026-01-01T01:08:59.000Z</time>
<extensions><trainlcd:accuracy>11</trainlcd:accuracy></extensions>
</wpt>
<wpt lat="35.7534158" lon="139.5432418">
<time>2026-01-01T01:09:00.000Z</time>
<extensions><trainlcd:accuracy>19</trainlcd:accuracy></extensions>
</wpt>
<wpt lat="35.7535444" lon="139.5430679">
<time>2026-01-01T01:09:01.000Z</time>
<extensions><trainlcd:accuracy>17</trainlcd:accuracy></extensions>
</wpt>
<wpt lat="35.7536731" lon="139.5428940">
<time>2026-01-01T01:09:02.000Z</time>
<extensions><trainlcd:accuracy>8</trainlcd:accuracy></extensions>
</wpt>
<wpt lat="35.7538017" lon="139.5427201">
<time>2026-01-01T01:09:03.000Z</time>
<extensions><trainlcd:accuracy>15</trainlcd:accuracy></extensions>
</wpt>
<wpt lat="35.7539303" lon="139.5425462">
<time>2026-01-01T01:09:04.000Z</time>
<extensions><trainlcd:accuracy>9</trainlcd:accuracy></extensions>
</wpt>
<wpt lat="35.7540590" lon="139.5423722">
<time>2026-01-01T01:09:05.000Z</time>
<extensions><trainlcd:accuracy>15</trainlcd:accuracy></extensions>
</wpt>
<wpt lat="35.7541876" lon="139.5421983">
<time>2026-01-01T01:09:06.000Z</time>
<extensions><trainlcd:accuracy>9</trainlcd:accuracy></extensions>
</wpt>
<wpt lat="35.7543163" lon="139.5420244">
<time>2026-01-01T01:09:07.000Z</time>
<extensions><trainlcd:accuracy>17</trainlcd:accuracy></extensions>
</wpt>
<wpt lat="35.7544449" lon="139.5418505">
<time>2026-01-01T01:09:08.000Z</time>
<extensions><trainlcd:accuracy>16</trainlcd:accuracy></extensions>
</wpt>
<wpt lat="35.7545736" lon="139.5416766">
<time>2026-01-01T01:09:09.000Z</time>
<extensions><trainlcd:accuracy>9</trainlcd:accuracy></extensions>
</wpt>
<wpt lat="35.7547022" lon="139.5415027">
<time>2026-01-01T01:09:10.000Z</time>
<extensions><trainlcd:accuracy>12</trainlcd:accuracy></extensions>
</wpt>
<wpt lat="35.7548308" lon="139.5413288">
<time>2026-01-01T01:09:11.000Z</time>
<extensions><trainlcd:accuracy>13</trainlcd:accuracy></extensions>
</wpt>
<wpt lat="35.7549595" lon="139.5411549">
<time>2026-01-01T01:09:12.000Z</time>
<extensions><trainlcd:accuracy>14</trainlcd:accuracy></extensions>
</wpt>
<wpt lat="35.7550881" lon="139.5409809">
<time>2026-01-01T01:09:13.000Z</time>
<extensions><trainlcd:accuracy>15</trainlcd:accuracy></extensions>
</wpt>
<wpt lat="35.7552168" lon="139.5408070">
<time>2026-01-01T01:09:14.000Z</time>
<extensions><trainlcd:accuracy>16</trainlcd:accuracy></extensions>
</wpt>
<wpt lat="35.7553454" lon="139.5406331">
<time>2026-01-01T01:09:15.000Z</time>
<extensions><trainlcd:accuracy>14</trainlcd:accuracy></extensions>
</wpt>
<wpt lat="35.7554741" lon="139.5404592">
<time>2026-01-01T01:09:16.000Z</time>
<extensions><trainlcd:accuracy>19</trainlcd:accuracy></extensions>
</wpt>
<wpt lat="35.7556027" lon="139.5402853">
<time>2026-01-01T01:09:17.000Z</time>
<extensions><trainlcd:accuracy>18</trainlcd:accuracy></extensions>
</wpt>
<wpt lat="35.7557313" lon="139.5401114">
<time>2026-01-01T01:09:18.000Z</time>
<extensions><trainlcd:accuracy>10</trainlcd:accuracy></extensions>
</wpt>
<wpt lat="35.7558600" lon="139.5399375">
<time>2026-01-01T01:09:19.000Z</time>
<extensions><trainlcd:accuracy>15</trainlcd:accuracy></extensions>
</wpt>
<wpt lat="35.7559886" lon="139.5397636">
<time>2026-01-01T01:09:20.000Z</time>
<extensions><trainlcd:accuracy>12</trainlcd:accuracy></extensions>
</wpt>
<wpt lat="35.7561173" lon="139.5395897">
<time>2026-01-01T01:09:21.000Z</time>
<extensions><trainlcd:accuracy>19</trainlcd:accuracy></extensions>
</wpt>
<wpt lat="35.7562459" lon="139.5394157">
<time>2026-01-01T01:09:22.000Z</time>
<extensions><trainlcd:accuracy>15</trainlcd:accuracy></extensions>
</wpt>
<wpt lat="35.7563745" lon="139.5392418">
<time>2026-01-01T01:09:23.000Z</time>
<extensions><trainlcd:accuracy>16</trainlcd:accuracy></extensions>
</wpt>
<wpt lat="35.7565032" lon="139.5390679">
<time>2026-01-01T01:09:24.000Z</time>
<extensions><trainlcd:accuracy>18</trainlcd:accuracy></extensions>
</wpt>
<wpt lat="35.7566318" lon="139.5388940">
<time>2026-01-01T01:09:25.000Z</time>
<extensions><trainlcd:accuracy>10</trainlcd:accuracy></extensions>
</wpt>
<wpt lat="35.7567605" lon="139.5387201">
<time>2026-01-01T01:09:26.000Z</time>
<extensions><trainlcd:accuracy>19</trainlcd:accuracy></extensions>
</wpt>
<wpt lat="35.7568891" lon="139.5385462">
<time>2026-01-01T01:09:27.000Z</time>
<extensions><trainlcd:accuracy>9</trainlcd:accuracy></extensions>
</wpt>
<wpt lat="35.7570178" lon="139.5383723">
<time>2026-01-01T01:09:28.000Z</time>
<extensions><trainlcd:accuracy>19</trainlcd:accuracy></extensions>
</wpt>
<wpt lat="35.7571464" lon="139.5381984">
<time>2026-01-01T01:09:29.000Z</time>
<extensions><trainlcd:accuracy>14</trainlcd:accuracy></extensions>
</wpt>
<wpt lat="35.7572750" lon="139.5380245">
<time>2026-01-01T01:09:30.000Z</time>
<extensions><trainlcd:accuracy>10</trainlcd:accuracy></extensions>
</wpt>
<wpt lat="35.7574037" lon="139.5378505">
<time>2026-01-01T01:09:31.000Z</time>
<extensions><trainlcd:accuracy>14</trainlcd:accuracy></extensions>
</wpt>
<wpt lat="35.7575323" lon="139.5376766">
<time>2026-01-01T01:09:32.000Z</time>
<extensions><trainlcd:accuracy>17</trainlcd:accuracy></extensions>
</wpt>
<wpt lat="35.7576610" lon="139.5375027">
<time>2026-01-01T01:09:33.000Z</time>
<extensions><trainlcd:accuracy>17</trainlcd:accuracy></extensions>
</wpt>
<wpt lat="35.7577896" lon="139.5373288">
<time>2026-01-01T01:09:34.000Z</time>
<extensions><trainlcd:accuracy>17</trainlcd:accuracy></extensions>
</wpt>
<wpt lat="35.7579183" lon="139.5371549">
<time>2026-01-01T01:09:35.000Z</time>
<extensions><trainlcd:accuracy>13</trainlcd:accuracy></extensions>
</wpt>
<wpt lat="35.7580469" lon="139.5369810">
<time>2026-01-01T01:09:36.000Z</time>
<extensions><trainlcd:accuracy>11</trainlcd:accuracy></extensions>
</wpt>
<wpt lat="35.7581755" lon="139.5368071">
<time>2026-01-01T01:09:37.000Z</time>
<extensions><trainlcd:accuracy>11</trainlcd:accuracy></extensions>
</wpt>
<wpt lat="35.7583042" lon="139.5366332">
<time>2026-01-01T01:09:38.000Z</time>
<extensions><trainlcd:accuracy>11</trainlcd:accuracy></extensions>
</wpt>
<wpt lat="35.7584328" lon="139.5364592">
<time>2026-01-01T01:09:39.000Z</time>
<extensions><trainlcd:accuracy>18</trainlcd:accuracy></extensions>
</wpt>
<wpt lat="35.7585615" lon="139.5362853">
<time>2026-01-01T01:09:40.000Z</time>
<extensions><trainlcd:accuracy>8</trainlcd:accuracy></extensions>
</wpt>
<wpt lat="35.7586901" lon="139.5361114">
<time>2026-01-01T01:09:41.000Z</time>
<extensions><trainlcd:accuracy>13</trainlcd:accuracy></extensions>
</wpt>
<wpt lat="35.7588188" lon="139.5359375">
<time>2026-01-01T01:09:42.000Z</time>
<extensions><trainlcd:accuracy>11</trainlcd:accuracy></extensions>
</wpt>
<wpt lat="35.7589474" lon="139.5357636">
<time>2026-01-01T01:09:43.000Z</time>
<extensions><trainlcd:accuracy>15</trainlcd:accuracy></extensions>
</wpt>
<wpt lat="35.7590760" lon="139.5355897">
<time>2026-01-01T01:09:44.000Z</time>
<extensions><trainlcd:accuracy>18</trainlcd:accuracy></extensions>
</wpt>
<wpt lat="35.7592047" lon="139.5354158">
<time>2026-01-01T01:09:45.000Z</time>
<extensions><trainlcd:accuracy>17</trainlcd:accuracy></extensions>
</wpt>
<wpt lat="35.7593333" lon="139.5352419">
<time>2026-01-01T01:09:46.000Z</time>
<extensions><trainlcd:accuracy>11</trainlcd:accuracy></extensions>
</wpt>
<wpt lat="35.7594620" lon="139.5350680">
<time>2026-01-01T01:09:47.000Z</time>
<extensions><trainlcd:accuracy>18</trainlcd:accuracy></extensions>
</wpt>
<wpt lat="35.7595906" lon="139.5348940">
<time>2026-01-01T01:09:48.000Z</time>
<extensions><trainlcd:accuracy>12</trainlcd:accuracy></extensions>
</wpt>
<wpt lat="35.7597193" lon="139.5347201">
<time>2026-01-01T01:09:49.000Z</time>
<extensions><trainlcd:accuracy>11</trainlcd:accuracy></extensions>
</wpt>
<wpt lat="35.7598479" lon="139.5345462">
<time>2026-01-01T01:09:50.000Z</time>
<extensions><trainlcd:accuracy>18</trainlcd:accuracy></extensions>
</wpt>
<wpt lat="35.7599765" lon="139.5343723">
<time>2026-01-01T01:09:51.000Z</time>
<extensions><trainlcd:accuracy>9</trainlcd:accuracy></extensions>
</wpt>
<wpt lat="35.7601052" lon="139.5341984">
<time>2026-01-01T01:09:52.000Z</time>
<extensions><trainlcd:accuracy>15</trainlcd:accuracy></extensions>
</wpt>
<wpt lat="35.7602338" lon="139.5340245">
<time>2026-01-01T01:09:53.000Z</time>
<extensions><trainlcd:accuracy>16</trainlcd:accuracy></extensions>
</wpt>
<wpt lat="35.7603625" lon="139.5338506">
<time>2026-01-01T01:09:54.000Z</time>
<extensions><trainlcd:accuracy>19</trainlcd:accuracy></extensions>
</wpt>
<wpt lat="35.7604954" lon="139.5336799">
<time>2026-01-01T01:09:55.000Z</time>
<extensions><trainlcd:accuracy>11</trainlcd:accuracy></extensions>
</wpt>
<wpt lat="35.7606358" lon="139.5335150">
<time>2026-01-01T01:09:56.000Z</time>
<extensions><trainlcd:accuracy>19</trainlcd:accuracy></extensions>
</wpt>
<wpt lat="35.7607763" lon="139.5333501">
<time>2026-01-01T01:09:57.000Z</time>
<extensions><trainlcd:accuracy>12</trainlcd:accuracy></extensions>
</wpt>
<wpt lat="35.7609168" lon="139.5331853">
<time>2026-01-01T01:09:58.000Z</time>
<extensions><trainlcd:accuracy>13</trainlcd:accuracy></extensions>
</wpt>
<wpt lat="35.7610573" lon="139.5330204">
<time>2026-01-01T01:09:59.000Z</time>
<extensions><trainlcd:accuracy>19</trainlcd:accuracy></extensions>
</wpt>
<wpt lat="35.7611977" lon="139.5328555">
<time>2026-01-01T01:10:00.000Z</time>
<extensions><trainlcd:accuracy>10</trainlcd:accuracy></extensions>
</wpt>
<wpt lat="35.7613382" lon="139.5326906">
<time>2026-01-01T01:10:01.000Z</time>
<extensions><trainlcd:accuracy>18</trainlcd:accuracy></extensions>
</wpt>
<wpt lat="35.7614787" lon="139.5325257">
<time>2026-01-01T01:10:02.000Z</time>
<extensions><trainlcd:accuracy>10</trainlcd:accuracy></extensions>
</wpt>
<wpt lat="35.7616192" lon="139.5323608">
<time>2026-01-01T01:10:03.000Z</time>
<extensions><trainlcd:accuracy>11</trainlcd:accuracy></extensions>
</wpt>
<wpt lat="35.7617596" lon="139.5321960">
<time>2026-01-01T01:10:04.000Z</time>
<extensions><trainlcd:accuracy>10</trainlcd:accuracy></extensions>
</wpt>
<wpt lat="35.7619001" lon="139.5320311">
<time>2026-01-01T01:10:05.000Z</time>
<extensions><trainlcd:accuracy>9</trainlcd:accuracy></extensions>
</wpt>
<wpt lat="35.7620406" lon="139.5318662">
<time>2026-01-01T01:10:06.000Z</time>
<extensions><trainlcd:accuracy>12</trainlcd:accuracy></extensions>
</wpt>
<wpt lat="35.7621811" lon="139.5317013">
<time>2026-01-01T01:10:07.000Z</time>
<extensions><trainlcd:accuracy>19</trainlcd:accuracy></extensions>
</wpt>
<wpt lat="35.7623215" lon="139.5315364">
<time>2026-01-01T01:10:08.000Z</time>
<extensions><trainlcd:accuracy>15</trainlcd:accuracy></extensions>
</wpt>
<wpt lat="35.7624620" lon="139.5313716">
<time>2026-01-01T01:10:09.000Z</time>
<extensions><trainlcd:accuracy>19</trainlcd:accuracy></extensions>
</wpt>
<wpt lat="35.7626025" lon="139.5312067">
<time>2026-01-01T01:10:10.000Z</time>
<extensions><trainlcd:accuracy>13</trainlcd:accuracy></extensions>
</wpt>
<wpt lat="35.7627430" lon="139.5310418">
<time>2026-01-01T01:10:11.000Z</time>
<extensions><trainlcd:accuracy>17</trainlcd:accuracy></extensions>
</wpt>
<wpt lat="35.7628834" lon="139.5308769">
<time>2026-01-01T01:10:12.000Z</time>
<extensions><trainlcd:accuracy>17</trainlcd:accuracy></extensions>
</wpt>
<wpt lat="35.7630239" lon="139.5307120">
<time>2026-01-01T01:10:13.000Z</time>
<extensions><trainlcd:accuracy>10</trainlcd:accuracy></extensions>
</wpt>
<wpt lat="35.7631644" lon="139.5305471">
<time>2026-01-01T01:10:14.000Z</time>
<extensions><trainlcd:accuracy>10</trainlcd:accuracy></extensions>
</wpt>
<wpt lat="35.7633049" lon="139.5303823">
<time>2026-01-01T01:10:15.000Z</time>
<extensions><trainlcd:accuracy>14</trainlcd:accuracy></extensions>
</wpt>
<wpt lat="35.7634453" lon="139.5302174">
<time>2026-01-01T01:10:16.000Z</time>
<extensions><trainlcd:accuracy>11</trainlcd:accuracy></extensions>
</wpt>
<wpt lat="35.7635858" lon="139.5300525">
<time>2026-01-01T01:10:17.000Z</time>
<extensions><trainlcd:accuracy>14</trainlcd:accuracy></extensions>
</wpt>
<wpt lat="35.7637263" lon="139.5298876">
<time>2026-01-01T01:10:18.000Z</time>
<extensions><trainlcd:accuracy>9</trainlcd:accuracy></extensions>
</wpt>
<wpt lat="35.7638668" lon="139.5297227">
<time>2026-01-01T01:10:19.000Z</time>
<extensions><trainlcd:accuracy>17</trainlcd:accuracy></extensions>
</wpt>
<wpt lat="35.7640072" lon="139.5295579">
<time>2026-01-01T01:10:20.000Z</time>
<extensions><trainlcd:accuracy>18</trainlcd:accuracy></extensions>
</wpt>
<wpt lat="35.7641477" lon="139.5293930">
<time>2026-01-01T01:10:21.000Z</time>
<extensions><trainlcd:accuracy>19</trainlcd:accuracy></extensions>
</wpt>
<wpt lat="35.7642882" lon="139.5292281">
<time>2026-01-01T01:10:22.000Z</time>
<extensions><trainlcd:accuracy>9</trainlcd:accuracy></extensions>
</wpt>
<wpt lat="35.7644287" lon="139.5290632">
<time>2026-01-01T01:10:23.000Z</time>
<extensions><trainlcd:accuracy>16</trainlcd:accuracy></extensions>
</wpt>
<wpt lat="35.7645691" lon="139.5288983">
<time>2026-01-01T01:10:24.000Z</time>
<extensions><trainlcd:accuracy>17</trainlcd:accuracy></extensions>
</wpt>
<wpt lat="35.7647096" lon="139.5287334">
<time>2026-01-01T01:10:25.000Z</time>
<extensions><trainlcd:accuracy>18</trainlcd:accuracy></extensions>
</wpt>
<wpt lat="35.7648501" lon="139.5285686">
<time>2026-01-01T01:10:26.000Z</time>
<extensions><trainlcd:accuracy>15</trainlcd:accuracy></extensions>
</wpt>
<wpt lat="35.7649906" lon="139.5284037">
<time>2026-01-01T01:10:27.000Z</time>
<extensions><trainlcd:accuracy>13</trainlcd:accuracy></extensions>
</wpt>
<wpt lat="35.7651310" lon="139.5282388">
<time>2026-01-01T01:10:28.000Z</time>
<extensions><trainlcd:accuracy>9</trainlcd:accuracy></extensions>
</wpt>
<wpt lat="35.7652715" lon="139.5280739">
<time>2026-01-01T01:10:29.000Z</time>
<extensions><trainlcd:accuracy>12</trainlcd:accuracy></extensions>
</wpt>
<wpt lat="35.7654120" lon="139.5279090">
<time>2026-01-01T01:10:30.000Z</time>
<extensions><trainlcd:accuracy>10</trainlcd:accuracy></extensions>
</wpt>
<wpt lat="35.7655525" lon="139.5277442">
<time>2026-01-01T01:10:31.000Z</time>
<extensions><trainlcd:accuracy>16</trainlcd:accuracy></extensions>
</wpt>
<wpt lat="35.7656929" lon="139.5275793">
<time>2026-01-01T01:10:32.000Z</time>
<extensions><trainlcd:accuracy>8</trainlcd:accuracy></extensions>
</wpt>
<wpt lat="35.7658334" lon="139.5274144">
<time>2026-01-01T01:10:33.000Z</time>
<extensions><trainlcd:accuracy>9</trainlcd:accuracy></extensions>
</wpt>
<wpt lat="35.7659739" lon="139.5272495">
<time>2026-01-01T01:10:34.000Z</time>
<extensions><trainlcd:accuracy>8</trainlcd:accuracy></extensions>
</wpt>
<wpt lat="35.7661144" lon="139.5270846">
<time>2026-01-01T01:10:35.000Z</time>
<extensions><trainlcd:accuracy>14</trainlcd:accuracy></extensions>
</wpt>
<wpt lat="35.7662548" lon="139.5269197">
<time>2026-01-01T01:10:36.000Z</time>
<extensions><trainlcd:accuracy>9</trainlcd:accuracy></extensions>
</wpt>
<wpt lat="35.7663953" lon="139.5267549">
<time>2026-01-01T01:10:37.000Z</time>
<extensions><trainlcd:accuracy>16</trainlcd:accuracy></extensions>
</wpt>
<wpt lat="35.7665358" lon="139.5265900">
<time>2026-01-01T01:10:38.000Z</time>
<extensions><trainlcd:accuracy>14</trainlcd:accuracy></extensions>
</wpt>
<wpt lat="35.7666763" lon="139.5264251">
<time>2026-01-01T01:10:39.000Z</time>
<extensions><trainlcd:accuracy>18</trainlcd:accuracy></extensions>
</wpt>
<wpt lat="35.7668167" lon="139.5262602">
<time>2026-01-01T01:10:40.000Z</time>
<extensions><trainlcd:accuracy>16</trainlcd:accuracy></extensions>
</wpt>
<wpt lat="35.7669572" lon="139.5260953">
<time>2026-01-01T01:10:41.000Z</time>
<extensions><trainlcd:accuracy>11</trainlcd:accuracy></extensions>
</wpt>
<wpt lat="35.7670977" lon="139.5259305">
<time>2026-01-01T01:10:42.000Z</time>
<extensions><trainlcd:accuracy>16</trainlcd:accuracy></extensions>
</wpt>
<wpt lat="35.7672382" lon="139.5257656">
<time>2026-01-01T01:10:43.000Z</time>
<extensions><trainlcd:accuracy>20</trainlcd:accuracy></extensions>
</wpt>
<wpt lat="35.7673786" lon="139.5256007">
<time>2026-01-01T01:10:44.000Z</time>
<extensions><trainlcd:accuracy>19</trainlcd:accuracy></extensions>
</wpt>
<wpt lat="35.7675191" lon="139.5254358">
<time>2026-01-01T01:10:45.000Z</time>
<extensions><trainlcd:accuracy>15</trainlcd:accuracy></extensions>
</wpt>
<wpt lat="35.7676596" lon="139.5252709">
<time>2026-01-01T01:10:46.000Z</time>
<extensions><trainlcd:accuracy>17</trainlcd:accuracy></extensions>
</wpt>
<wpt lat="35.7678001" lon="139.5251060">
<time>2026-01-01T01:10:47.000Z</time>
<extensions><trainlcd:accuracy>13</trainlcd:accuracy></extensions>
</wpt>
<wpt lat="35.7679405" lon="139.5249412">
<time>2026-01-01T01:10:48.000Z</time>
<extensions><trainlcd:accuracy>12</trainlcd:accuracy></extensions>
</wpt>
<wpt lat="35.7680810" lon="139.5247763">
<time>2026-01-01T01:10:49.000Z</time>
<extensions><trainlcd:accuracy>14</trainlcd:accuracy></extensions>
</wpt>
<wpt lat="35.7682215" lon="139.5246114">
<time>2026-01-01T01:10:50.000Z</time>
<extensions><trainlcd:accuracy>16</trainlcd:accuracy></extensions>
</wpt>
<wpt lat="35.7683620" lon="139.5244465">
<time>2026-01-01T01:10:51.000Z</time>
<extensions><trainlcd:accuracy>10</trainlcd:accuracy></extensions>
</wpt>
<wpt lat="35.7685024" lon="139.5242816">
<time>2026-01-01T01:10:52.000Z</time>
<extensions><trainlcd:accuracy>15</trainlcd:accuracy></extensions>
</wpt>
<wpt lat="35.7686429" lon="139.5241168">
<time>2026-01-01T01:10:53.000Z</time>
<extensions><trainlcd:accuracy>14</trainlcd:accuracy></extensions>
</wpt>
<wpt lat="35.7687834" lon="139.5239519">
<time>2026-01-01T01:10:54.000Z</time>
<extensions><trainlcd:accuracy>14</trainlcd:accuracy></extensions>
</wpt>
<wpt lat="35.7689239" lon="139.5237870">
<time>2026-01-01T01:10:55.000Z</time>
<extensions><trainlcd:accuracy>11</trainlcd:accuracy></extensions>
</wpt>
<wpt lat="35.7690643" lon="139.5236221">
<time>2026-01-01T01:10:56.000Z</time>
<extensions><trainlcd:accuracy>13</trainlcd:accuracy></extensions>
</wpt>
<wpt lat="35.7692048" lon="139.5234572">
<time>2026-01-01T01:10:57.000Z</time>
<extensions><trainlcd:accuracy>9</trainlcd:accuracy></extensions>
</wpt>
<wpt lat="35.7693453" lon="139.5232924">
<time>2026-01-01T01:10:58.000Z</time>
<extensions><trainlcd:accuracy>19</trainlcd:accuracy></extensions>
</wpt>
<wpt lat="35.7694858" lon="139.5231275">
<time>2026-01-01T01:10:59.000Z</time>
<extensions><trainlcd:accuracy>17</trainlcd:accuracy></extensions>
</wpt>
<wpt lat="35.7696262" lon="139.5229626">
<time>2026-01-01T01:11:00.000Z</time>
<extensions><trainlcd:accuracy>9</trainlcd:accuracy></extensions>
</wpt>
<wpt lat="35.7697667" lon="139.5227977">
<time>2026-01-01T01:11:01.000Z</time>
<extensions><trainlcd:accuracy>15</trainlcd:accuracy></extensions>
</wpt>
<wpt lat="35.7699072" lon="139.5226328">
<time>2026-01-01T01:11:02.000Z</time>
<extensions><trainlcd:accuracy>12</trainlcd:accuracy></extensions>
</wpt>
<wpt lat="35.7700477" lon="139.5224679">
<time>2026-01-01T01:11:03.000Z</time>
<extensions><trainlcd:accuracy>19</trainlcd:accuracy></extensions>
</wpt>
<wpt lat="35.7701881" lon="139.5223031">
<time>2026-01-01T01:11:04.000Z</time>
<extensions><trainlcd:accuracy>12</trainlcd:accuracy></extensions>
</wpt>
<wpt lat="35.7703286" lon="139.5221382">
<time>2026-01-01T01:11:05.000Z</time>
<extensions><trainlcd:accuracy>8</trainlcd:accuracy></extensions>
</wpt>
<wpt lat="35.7704691" lon="139.5219733">
<time>2026-01-01T01:11:06.000Z</time>
<extensions><trainlcd:accuracy>8</trainlcd:accuracy></extensions>
</wpt>
<wpt lat="35.7706096" lon="139.5218084">
<time>2026-01-01T01:11:07.000Z</time>
<extensions><trainlcd:accuracy>16</trainlcd:accuracy></extensions>
</wpt>
<wpt lat="35.7707500" lon="139.5216435">
<time>2026-01-01T01:11:08.000Z</time>
<extensions><trainlcd:accuracy>14</trainlcd:accuracy></extensions>
</wpt>
<wpt lat="35.7708905" lon="139.5214787">
<time>2026-01-01T01:11:09.000Z</time>
<extensions><trainlcd:accuracy>17</trainlcd:accuracy></extensions>
</wpt>
<wpt lat="35.7710310" lon="139.5213138">
<time>2026-01-01T01:11:10.000Z</time>
<extensions><trainlcd:accuracy>10</trainlcd:accuracy></extensions>
</wpt>
<wpt lat="35.7711715" lon="139.5211489">
<time>2026-01-01T01:11:11.000Z</time>
<extensions><trainlcd:accuracy>15</trainlcd:accuracy></extensions>
</wpt>
<wpt lat="35.7713119" lon="139.5209840">
<time>2026-01-01T01:11:12.000Z</time>
<extensions><trainlcd:accuracy>9</trainlcd:accuracy></extensions>
</wpt>
<wpt lat="35.7714524" lon="139.5208191">
<time>2026-01-01T01:11:13.000Z</time>
<extensions><trainlcd:accuracy>11</trainlcd:accuracy></extensions>
</wpt>
<wpt lat="35.7715929" lon="139.5206542">
<time>2026-01-01T01:11:14.000Z</time>
<extensions><trainlcd:accuracy>15</trainlcd:accuracy></extensions>
</wpt>
<wpt lat="35.7717334" lon="139.5204894">
<time>2026-01-01T01:11:15.000Z</time>
<extensions><trainlcd:accuracy>17</trainlcd:accuracy></extensions>
</wpt>
<wpt lat="35.7718738" lon="139.5203245">
<time>2026-01-01T01:11:16.000Z</time>
<extensions><trainlcd:accuracy>12</trainlcd:accuracy></extensions>
</wpt>
<wpt lat="35.7720143" lon="139.5201596">
<time>2026-01-01T01:11:17.000Z</time>
<extensions><trainlcd:accuracy>15</trainlcd:accuracy></extensions>
</wpt>
<wpt lat="35.7721548" lon="139.5199947">
<time>2026-01-01T01:11:18.000Z</time>
<extensions><trainlcd:accuracy>15</trainlcd:accuracy></extensions>
</wpt>
<wpt lat="35.7722539" lon="139.5197968">
<time>2026-01-01T01:11:19.000Z</time>
<extensions><trainlcd:accuracy>19</trainlcd:accuracy></extensions>
</wpt>
<wpt lat="35.7723161" lon="139.5195694">
<time>2026-01-01T01:11:20.000Z</time>
<extensions><trainlcd:accuracy>15</trainlcd:accuracy></extensions>
</wpt>
<wpt lat="35.7723782" lon="139.5193420">
<time>2026-01-01T01:11:21.000Z</time>
<extensions><trainlcd:accuracy>19</trainlcd:accuracy></extensions>
</wpt>
<wpt lat="35.7724404" lon="139.5191146">
<time>2026-01-01T01:11:22.000Z</time>
<extensions><trainlcd:accuracy>13</trainlcd:accuracy></extensions>
</wpt>
<wpt lat="35.7725026" lon="139.5188873">
<time>2026-01-01T01:11:23.000Z</time>
<extensions><trainlcd:accuracy>14</trainlcd:accuracy></extensions>
</wpt>
<wpt lat="35.7725648" lon="139.5186599">
<time>2026-01-01T01:11:24.000Z</time>
<extensions><trainlcd:accuracy>17</trainlcd:accuracy></extensions>
</wpt>
<wpt lat="35.7726270" lon="139.5184325">
<time>2026-01-01T01:11:25.000Z</time>
<extensions><trainlcd:accuracy>20</trainlcd:accuracy></extensions>
</wpt>
<wpt lat="35.7726891" lon="139.5182051">
<time>2026-01-01T01:11:26.000Z</time>
<extensions><trainlcd:accuracy>18</trainlcd:accuracy></extensions>
</wpt>
<wpt lat="35.7727513" lon="139.5179777">
<time>2026-01-01T01:11:27.000Z</time>
<extensions><trainlcd:accuracy>12</trainlcd:accuracy></extensions>
</wpt>
<wpt lat="35.7728135" lon="139.5177503">
<time>2026-01-01T01:11:28.000Z</time>
<extensions><trainlcd:accuracy>9</trainlcd:accuracy></extensions>
</wpt>
<wpt lat="35.7728757" lon="139.5175229">
<time>2026-01-01T01:11:29.000Z</time>
<extensions><trainlcd:accuracy>9</trainlcd:accuracy></extensions>
</wpt>
<wpt lat="35.7729379" lon="139.5172956">
<time>2026-01-01T01:11:30.000Z</time>
<extensions><trainlcd:accuracy>9</trainlcd:accuracy></extensions>
</wpt>
<wpt lat="35.7730000" lon="139.5170682">
<time>2026-01-01T01:11:31.000Z</time>
<extensions><trainlcd:accuracy>17</trainlcd:accuracy></extensions>
</wpt>
<wpt lat="35.7730622" lon="139.5168408">
<time>2026-01-01T01:11:32.000Z</time>
<extensions><trainlcd:accuracy>10</trainlcd:accuracy></extensions>
</wpt>
<wpt lat="35.7731244" lon="139.5166134">
<time>2026-01-01T01:11:33.000Z</time>
<extensions><trainlcd:accuracy>19</trainlcd:accuracy></extensions>
</wpt>
<wpt lat="35.7731866" lon="139.5163860">
<time>2026-01-01T01:11:34.000Z</time>
<extensions><trainlcd:accuracy>12</trainlcd:accuracy></extensions>
</wpt>
<wpt lat="35.7732488" lon="139.5161586">
<time>2026-01-01T01:11:35.000Z</time>
<extensions><trainlcd:accuracy>14</trainlcd:accuracy></extensions>
</wpt>
<wpt lat="35.7733109" lon="139.5159313">
<time>2026-01-01T01:11:36.000Z</time>
<extensions><trainlcd:accuracy>15</trainlcd:accuracy></extensions>
</wpt>
<wpt lat="35.7733731" lon="139.5157039">
<time>2026-01-01T01:11:37.000Z</time>
<extensions><trainlcd:accuracy>9</trainlcd:accuracy></extensions>
</wpt>
<wpt lat="35.7734353" lon="139.5154765">
<time>2026-01-01T01:11:38.000Z</time>
<extensions><trainlcd:accuracy>12</trainlcd:accuracy></extensions>
</wpt>
<wpt lat="35.7734975" lon="139.5152491">
<time>2026-01-01T01:11:39.000Z</time>
<extensions><trainlcd:accuracy>15</trainlcd:accuracy></extensions>
</wpt>
<wpt lat="35.7735597" lon="139.5150217">
<time>2026-01-01T01:11:40.000Z</time>
<extensions><trainlcd:accuracy>12</trainlcd:accuracy></extensions>
</wpt>
<wpt lat="35.7736219" lon="139.5147943">
<time>2026-01-01T01:11:41.000Z</time>
<extensions><trainlcd:accuracy>11</trainlcd:accuracy></extensions>
</wpt>
<wpt lat="35.7736840" lon="139.5145670">
<time>2026-01-01T01:11:42.000Z</time>
<extensions><trainlcd:accuracy>13</trainlcd:accuracy></extensions>
</wpt>
<wpt lat="35.7737462" lon="139.5143396">
<time>2026-01-01T01:11:43.000Z</time>
<extensions><trainlcd:accuracy>14</trainlcd:accuracy></extensions>
</wpt>
<wpt lat="35.7738084" lon="139.5141122">
<time>2026-01-01T01:11:44.000Z</time>
<extensions><trainlcd:accuracy>9</trainlcd:accuracy></extensions>
</wpt>
<wpt lat="35.7738706" lon="139.5138848">
<time>2026-01-01T01:11:45.000Z</time>
<extensions><trainlcd:accuracy>9</trainlcd:accuracy></extensions>
</wpt>
<wpt lat="35.7739328" lon="139.5136574">
<time>2026-01-01T01:11:46.000Z</time>
<extensions><trainlcd:accuracy>20</trainlcd:accuracy></extensions>
</wpt>
<wpt lat="35.7739949" lon="139.5134300">
<time>2026-01-01T01:11:47.000Z</time>
<extensions><trainlcd:accuracy>12</trainlcd:accuracy></extensions>
</wpt>
<wpt lat="35.7740571" lon="139.5132026">
<time>2026-01-01T01:11:48.000Z</time>
<extensions><trainlcd:accuracy>13</trainlcd:accuracy></extensions>
</wpt>
<wpt lat="35.7741193" lon="139.5129753">
<time>2026-01-01T01:11:49.000Z</time>
<extensions><trainlcd:accuracy>14</trainlcd:accuracy></extensions>
</wpt>
<wpt lat="35.7741815" lon="139.5127479">
<time>2026-01-01T01:11:50.000Z</time>
<extensions><trainlcd:accuracy>19</trainlcd:accuracy></extensions>
</wpt>
<wpt lat="35.7742437" lon="139.5125205">
<time>2026-01-01T01:11:51.000Z</time>
<extensions><trainlcd:accuracy>14</trainlcd:accuracy></extensions>
</wpt>
<wpt lat="35.7743058" lon="139.5122931">
<time>2026-01-01T01:11:52.000Z</time>
<extensions><trainlcd:accuracy>9</trainlcd:accuracy></extensions>
</wpt>
<wpt lat="35.7743680" lon="139.5120657">
<time>2026-01-01T01:11:53.000Z</time>
<extensions><trainlcd:accuracy>9</trainlcd:accuracy></extensions>
</wpt>
<wpt lat="35.7744302" lon="139.5118383">
<time>2026-01-01T01:11:54.000Z</time>
<extensions><trainlcd:accuracy>18</trainlcd:accuracy></extensions>
</wpt>
<wpt lat="35.7744924" lon="139.5116110">
<time>2026-01-01T01:11:55.000Z</time>
<extensions><trainlcd:accuracy>14</trainlcd:accuracy></extensions>
</wpt>
<wpt lat="35.7745546" lon="139.5113836">
<time>2026-01-01T01:11:56.000Z</time>
<extensions><trainlcd:accuracy>15</trainlcd:accuracy></extensions>
</wpt>
<wpt lat="35.7746168" lon="139.5111562">
<time>2026-01-01T01:11:57.000Z</time>
<extensions><trainlcd:accuracy>8</trainlcd:accuracy></extensions>
</wpt>
<wpt lat="35.7746789" lon="139.5109288">
<time>2026-01-01T01:11:58.000Z</time>
<extensions><trainlcd:accuracy>9</trainlcd:accuracy></extensions>
</wpt>
<wpt lat="35.7747411" lon="139.5107014">
<time>2026-01-01T01:11:59.000Z</time>
<extensions><trainlcd:accuracy>10</trainlcd:accuracy></extensions>
</wpt>
<wpt lat="35.7748033" lon="139.5104740">
<time>2026-01-01T01:12:00.000Z</time>
<extensions><trainlcd:accuracy>18</trainlcd:accuracy></extensions>
</wpt>
<wpt lat="35.7748655" lon="139.5102467">
<time>2026-01-01T01:12:01.000Z</time>
<extensions><trainlcd:accuracy>9</trainlcd:accuracy></extensions>
</wpt>
<wpt lat="35.7749277" lon="139.5100193">
<time>2026-01-01T01:12:02.000Z</time>
<extensions><trainlcd:accuracy>14</trainlcd:accuracy></extensions>
</wpt>
<wpt lat="35.7749898" lon="139.5097919">
<time>2026-01-01T01:12:03.000Z</time>
<extensions><trainlcd:accuracy>18</trainlcd:accuracy></extensions>
</wpt>
<wpt lat="35.7750520" lon="139.5095645">
<time>2026-01-01T01:12:04.000Z</time>
<extensions><trainlcd:accuracy>11</trainlcd:accuracy></extensions>
</wpt>
<wpt lat="35.7751142" lon="139.5093371">
<time>2026-01-01T01:12:05.000Z</time>
<extensions><trainlcd:accuracy>17</trainlcd:accuracy></extensions>
</wpt>
<wpt lat="35.7751764" lon="139.5091097">
<time>2026-01-01T01:12:06.000Z</time>
<extensions><trainlcd:accuracy>15</trainlcd:accuracy></extensions>
</wpt>
<wpt lat="35.7752386" lon="139.5088823">
<time>2026-01-01T01:12:07.000Z</time>
<extensions><trainlcd:accuracy>10</trainlcd:accuracy></extensions>
</wpt>
<wpt lat="35.7753007" lon="139.5086550">
<time>2026-01-01T01:12:08.000Z</time>
<extensions><trainlcd:accuracy>11</trainlcd:accuracy></extensions>
</wpt>
<wpt lat="35.7753629" lon="139.5084276">
<time>2026-01-01T01:12:09.000Z</time>
<extensions><trainlcd:accuracy>13</trainlcd:accuracy></extensions>
</wpt>
<wpt lat="35.7754251" lon="139.5082002">
<time>2026-01-01T01:12:10.000Z</time>
<extensions><trainlcd:accuracy>20</trainlcd:accuracy></extensions>
</wpt>
<wpt lat="35.7754873" lon="139.5079728">
<time>2026-01-01T01:12:11.000Z</time>
<extensions><trainlcd:accuracy>13</trainlcd:accuracy></extensions>
</wpt>
<wpt lat="35.7755495" lon="139.5077454">
<time>2026-01-01T01:12:12.000Z</time>
<extensions><trainlcd:accuracy>16</trainlcd:accuracy></extensions>
</wpt>
<wpt lat="35.7756116" lon="139.5075180">
<time>2026-01-01T01:12:13.000Z</time>
<extensions><trainlcd:accuracy>12</trainlcd:accuracy></extensions>
</wpt>
<wpt lat="35.7756738" lon="139.5072907">
<time>2026-01-01T01:12:14.000Z</time>
<extensions><trainlcd:accuracy>17</trainlcd:accuracy></extensions>
</wpt>
<wpt lat="35.7757360" lon="139.5070633">
<time>2026-01-01T01:12:15.000Z</time>
<extensions><trainlcd:accuracy>9</trainlcd:accuracy></extensions>
</wpt>
<wpt lat="35.7757982" lon="139.5068359">
<time>2026-01-01T01:12:16.000Z</time>
<extensions><trainlcd:accuracy>8</trainlcd:accuracy></extensions>
</wpt>
<wpt lat="35.7758604" lon="139.5066085">
<time>2026-01-01T01:12:17.000Z</time>
<extensions><trainlcd:accuracy>11</trainlcd:accuracy></extensions>
</wpt>
<wpt lat="35.7759226" lon="139.5063811">
<time>2026-01-01T01:12:18.000Z</time>
<extensions><trainlcd:accuracy>13</trainlcd:accuracy></extensions>
</wpt>
<wpt lat="35.7759847" lon="139.5061537">
<time>2026-01-01T01:12:19.000Z</time>
<extensions><trainlcd:accuracy>17</trainlcd:accuracy></extensions>
</wpt>
<wpt lat="35.7760469" lon="139.5059264">
<time>2026-01-01T01:12:20.000Z</time>
<extensions><trainlcd:accuracy>20</trainlcd:accuracy></extensions>
</wpt>
<wpt lat="35.7761091" lon="139.5056990">
<time>2026-01-01T01:12:21.000Z</time>
<extensions><trainlcd:accuracy>13</trainlcd:accuracy></extensions>
</wpt>
<wpt lat="35.7761713" lon="139.5054716">
<time>2026-01-01T01:12:22.000Z</time>
<extensions><trainlcd:accuracy>17</trainlcd:accuracy></extensions>
</wpt>
<wpt lat="35.7762335" lon="139.5052442">
<time>2026-01-01T01:12:23.000Z</time>
<extensions><trainlcd:accuracy>18</trainlcd:accuracy></extensions>
</wpt>
<wpt lat="35.7762956" lon="139.5050168">
<time>2026-01-01T01:12:24.000Z</time>
<extensions><trainlcd:accuracy>9</trainlcd:accuracy></extensions>
</wpt>
<wpt lat="35.7763578" lon="139.5047894">
<time>2026-01-01T01:12:25.000Z</time>
<extensions><trainlcd:accuracy>15</trainlcd:accuracy></extensions>
</wpt>
<wpt lat="35.7764200" lon="139.5045620">
<time>2026-01-01T01:12:26.000Z</time>
<extensions><trainlcd:accuracy>10</trainlcd:accuracy></extensions>
</wpt>
<wpt lat="35.7764822" lon="139.5043347">
<time>2026-01-01T01:12:27.000Z</time>
<extensions><trainlcd:accuracy>11</trainlcd:accuracy></extensions>
</wpt>
<wpt lat="35.7765444" lon="139.5041073">
<time>2026-01-01T01:12:28.000Z</time>
<extensions><trainlcd:accuracy>15</trainlcd:accuracy></extensions>
</wpt>
<wpt lat="35.7766065" lon="139.5038799">
<time>2026-01-01T01:12:29.000Z</time>
<extensions><trainlcd:accuracy>15</trainlcd:accuracy></extensions>
</wpt>
<wpt lat="35.7766687" lon="139.5036525">
<time>2026-01-01T01:12:30.000Z</time>
<extensions><trainlcd:accuracy>13</trainlcd:accuracy></extensions>
</wpt>
<wpt lat="35.7767309" lon="139.5034251">
<time>2026-01-01T01:12:31.000Z</time>
<extensions><trainlcd:accuracy>13</trainlcd:accuracy></extensions>
</wpt>
<wpt lat="35.7767931" lon="139.5031977">
<time>2026-01-01T01:12:32.000Z</time>
<extensions><trainlcd:accuracy>20</trainlcd:accuracy></extensions>
</wpt>
<wpt lat="35.7768553" lon="139.5029704">
<time>2026-01-01T01:12:33.000Z</time>
<extensions><trainlcd:accuracy>12</trainlcd:accuracy></extensions>
</wpt>
<wpt lat="35.7769174" lon="139.5027430">
<time>2026-01-01T01:12:34.000Z</time>
<extensions><trainlcd:accuracy>9</trainlcd:accuracy></extensions>
</wpt>
<wpt lat="35.7769796" lon="139.5025156">
<time>2026-01-01T01:12:35.000Z</time>
<extensions><trainlcd:accuracy>11</trainlcd:accuracy></extensions>
</wpt>
<wpt lat="35.7770418" lon="139.5022882">
<time>2026-01-01T01:12:36.000Z</time>
<extensions><trainlcd:accuracy>18</trainlcd:accuracy></extensions>
</wpt>
<wpt lat="35.7771040" lon="139.5020608">
<time>2026-01-01T01:12:37.000Z</time>
<extensions><trainlcd:accuracy>19</trainlcd:accuracy></extensions>
</wpt>
<wpt lat="35.7771662" lon="139.5018334">
<time>2026-01-01T01:12:38.000Z</time>
<extensions><trainlcd:accuracy>10</trainlcd:accuracy></extensions>
</wpt>
<wpt lat="35.7772284" lon="139.5016061">
<time>2026-01-01T01:12:39.000Z</time>
<extensions><trainlcd:accuracy>9</trainlcd:accuracy></extensions>
</wpt>
<wpt lat="35.7772905" lon="139.5013787">
<time>2026-01-01T01:12:40.000Z</time>
<extensions><trainlcd:accuracy>15</trainlcd:accuracy></extensions>
</wpt>
<wpt lat="35.7773527" lon="139.5011513">
<time>2026-01-01T01:12:41.000Z</time>
<extensions><trainlcd:accuracy>9</trainlcd:accuracy></extensions>
</wpt>
<wpt lat="35.7774149" lon="139.5009239">
<time>2026-01-01T01:12:42.000Z</time>
<extensions><trainlcd:accuracy>10</trainlcd:accuracy></extensions>
</wpt>
<wpt lat="35.7774771" lon="139.5006965">
<time>2026-01-01T01:12:43.000Z</time>
<extensions><trainlcd:accuracy>16</trainlcd:accuracy></extensions>
</wpt>
<wpt lat="35.7775393" lon="139.5004691">
<time>2026-01-01T01:12:44.000Z</time>
<extensions><trainlcd:accuracy>17</trainlcd:accuracy></extensions>
</wpt>
<wpt lat="35.7776014" lon="139.5002417">
<time>2026-01-01T01:12:45.000Z</time>
<extensions><trainlcd:accuracy>8</trainlcd:accuracy></extensions>
</wpt>
<wpt lat="35.7776636" lon="139.5000144">
<time>2026-01-01T01:12:46.000Z</time>
<extensions><trainlcd:accuracy>14</trainlcd:accuracy></extensions>
</wpt>
<wpt lat="35.7777258" lon="139.4997870">
<time>2026-01-01T01:12:47.000Z</time>
<extensions><trainlcd:accuracy>19</trainlcd:accuracy></extensions>
</wpt>
<wpt lat="35.7777880" lon="139.4995596">
<time>2026-01-01T01:12:48.000Z</time>
<extensions><trainlcd:accuracy>16</trainlcd:accuracy></extensions>
</wpt>
<wpt lat="35.7778502" lon="139.4993322">
<time>2026-01-01T01:12:49.000Z</time>
<extensions><trainlcd:accuracy>14</trainlcd:accuracy></extensions>
</wpt>
<wpt lat="35.7779123" lon="139.4991048">
<time>2026-01-01T01:12:50.000Z</time>
<extensions><trainlcd:accuracy>18</trainlcd:accuracy></extensions>
</wpt>
<wpt lat="35.7779745" lon="139.4988774">
<time>2026-01-01T01:12:51.000Z</time>
<extensions><trainlcd:accuracy>8</trainlcd:accuracy></extensions>
</wpt>
<wpt lat="35.7780367" lon="139.4986501">
<time>2026-01-01T01:12:52.000Z</time>
<extensions><trainlcd:accuracy>15</trainlcd:accuracy></extensions>
</wpt>
<wpt lat="35.7780989" lon="139.4984227">
<time>2026-01-01T01:12:53.000Z</time>
<extensions><trainlcd:accuracy>14</trainlcd:accuracy></extensions>
</wpt>
<wpt lat="35.7781611" lon="139.4981953">
<time>2026-01-01T01:12:54.000Z</time>
<extensions><trainlcd:accuracy>16</trainlcd:accuracy></extensions>
</wpt>
<wpt lat="35.7782232" lon="139.4979679">
<time>2026-01-01T01:12:55.000Z</time>
<extensions><trainlcd:accuracy>18</trainlcd:accuracy></extensions>
</wpt>
<wpt lat="35.7782854" lon="139.4977405">
<time>2026-01-01T01:12:56.000Z</time>
<extensions><trainlcd:accuracy>12</trainlcd:accuracy></extensions>
</wpt>
<wpt lat="35.7783476" lon="139.4975131">
<time>2026-01-01T01:12:57.000Z</time>
<extensions><trainlcd:accuracy>12</trainlcd:accuracy></extensions>
</wpt>
<wpt lat="35.7784098" lon="139.4972857">
<time>2026-01-01T01:12:58.000Z</time>
<extensions><trainlcd:accuracy>18</trainlcd:accuracy></extensions>
</wpt>
<wpt lat="35.7784720" lon="139.4970584">
<time>2026-01-01T01:12:59.000Z</time>
<extensions><trainlcd:accuracy>11</trainlcd:accuracy></extensions>
</wpt>
<wpt lat="35.7785342" lon="139.4968310">
<time>2026-01-01T01:13:00.000Z</time>
<extensions><trainlcd:accuracy>10</trainlcd:accuracy></extensions>
</wpt>
<wpt lat="35.7785963" lon="139.4966036">
<time>2026-01-01T01:13:01.000Z</time>
<extensions><trainlcd:accuracy>14</trainlcd:accuracy></extensions>
</wpt>
<wpt lat="35.7786567" lon="139.4964152">
<time>2026-01-01T01:13:02.000Z</time>
<extensions><trainlcd:accuracy>10</trainlcd:accuracy></extensions>
</wpt>
<wpt lat="35.7787164" lon="139.4962423">
<time>2026-01-01T01:13:03.000Z</time>
<extensions><trainlcd:accuracy>17</trainlcd:accuracy></extensions>
</wpt>
<wpt lat="35.7787761" lon="139.4960694">
<time>2026-01-01T01:13:04.000Z</time>
<extensions><trainlcd:accuracy>11</trainlcd:accuracy></extensions>
</wpt>
<wpt lat="35.7788358" lon="139.4958965">
<time>2026-01-01T01:13:05.000Z</time>
<extensions><trainlcd:accuracy>14</trainlcd:accuracy></extensions>
</wpt>
<wpt lat="35.7788954" lon="139.4957236">
<time>2026-01-01T01:13:06.000Z</time>
<extensions><trainlcd:accuracy>10</trainlcd:accuracy></extensions>
</wpt>
<wpt lat="35.7789551" lon="139.4955507">
<time>2026-01-01T01:13:07.000Z</time>
<extensions><trainlcd:accuracy>12</trainlcd:accuracy></extensions>
</wpt>
<wpt lat="35.7790148" lon="139.4953778">
<time>2026-01-01T01:13:08.000Z</time>
<extensions><trainlcd:accuracy>18</trainlcd:accuracy></extensions>
</wpt>
<wpt lat="35.7790745" lon="139.4952049">
<time>2026-01-01T01:13:09.000Z</time>
<extensions><trainlcd:accuracy>20</trainlcd:accuracy></extensions>
</wpt>
<wpt lat="35.7791342" lon="139.4950320">
<time>2026-01-01T01:13:10.000Z</time>
<extensions><trainlcd:accuracy>18</trainlcd:accuracy></extensions>
</wpt>
<wpt lat="35.7791938" lon="139.4948591">
<time>2026-01-01T01:13:11.000Z</time>
<extensions><trainlcd:accuracy>13</trainlcd:accuracy></extensions>
</wpt>
<wpt lat="35.7792535" lon="139.4946862">
<time>2026-01-01T01:13:12.000Z</time>
<extensions><trainlcd:accuracy>15</trainlcd:accuracy></extensions>
</wpt>
<wpt lat="35.7793132" lon="139.4945133">
<time>2026-01-01T01:13:13.000Z</time>
<extensions><trainlcd:accuracy>18</trainlcd:accuracy></extensions>
</wpt>
<wpt lat="35.7793729" lon="139.4943404">
<time>2026-01-01T01:13:14.000Z</time>
<extensions><trainlcd:accuracy>19</trainlcd:accuracy></extensions>
</wpt>
<wpt lat="35.7794326" lon="139.4941675">
<time>2026-01-01T01:13:15.000Z</time>
<extensions><trainlcd:accuracy>13</trainlcd:accuracy></extensions>
</wpt>
<wpt lat="35.7794922" lon="139.4939946">
<time>2026-01-01T01:13:16.000Z</time>
<extensions><trainlcd:accuracy>17</trainlcd:accuracy></extensions>
</wpt>
<wpt lat="35.7795519" lon="139.4938217">
<time>2026-01-01T01:13:17.000Z</time>
<extensions><trainlcd:accuracy>14</trainlcd:accuracy></extensions>
</wpt>
<wpt lat="35.7796116" lon="139.4936488">
<time>2026-01-01T01:13:18.000Z</time>
<extensions><trainlcd:accuracy>15</trainlcd:accuracy></extensions>
</wpt>
<wpt lat="35.7796713" lon="139.4934759">
<time>2026-01-01T01:13:19.000Z</time>
<extensions><trainlcd:accuracy>19</trainlcd:accuracy></extensions>
</wpt>
<wpt lat="35.7797310" lon="139.4933030">
<time>2026-01-01T01:13:20.000Z</time>
<extensions><trainlcd:accuracy>10</trainlcd:accuracy></extensions>
</wpt>
<wpt lat="35.7797906" lon="139.4931301">
<time>2026-01-01T01:13:21.000Z</time>
<extensions><trainlcd:accuracy>18</trainlcd:accuracy></extensions>
</wpt>
<wpt lat="35.7798503" lon="139.4929572">
<time>2026-01-01T01:13:22.000Z</time>
<extensions><trainlcd:accuracy>13</trainlcd:accuracy></extensions>
</wpt>
<wpt lat="35.7799100" lon="139.4927843">
<time>2026-01-01T01:13:23.000Z</time>
<extensions><trainlcd:accuracy>8</trainlcd:accuracy></extensions>
</wpt>
<wpt lat="35.7799697" lon="139.4926114">
<time>2026-01-01T01:13:24.000Z</time>
<extensions><trainlcd:accuracy>12</trainlcd:accuracy></extensions>
</wpt>
<wpt lat="35.7800294" lon="139.4924385">
<time>2026-01-01T01:13:25.000Z</time>
<extensions><trainlcd:accuracy>19</trainlcd:accuracy></extensions>
</wpt>
<wpt lat="35.7800890" lon="139.4922656">
<time>2026-01-01T01:13:26.000Z</time>
<extensions><trainlcd:accuracy>20</trainlcd:accuracy></extensions>
</wpt>
<wpt lat="35.7801487" lon="139.4920926">
<time>2026-01-01T01:13:27.000Z</time>
<extensions><trainlcd:accuracy>14</trainlcd:accuracy></extensions>
</wpt>
<wpt lat="35.7802084" lon="139.4919197">
<time>2026-01-01T01:13:28.000Z</time>
<extensions><trainlcd:accuracy>16</trainlcd:accuracy></extensions>
</wpt>
<wpt lat="35.7802681" lon="139.4917468">
<time>2026-01-01T01:13:29.000Z</time>
<extensions><trainlcd:accuracy>14</trainlcd:accuracy></extensions>
</wpt>
<wpt lat="35.7803278" lon="139.4915739">
<time>2026-01-01T01:13:30.000Z</time>
<extensions><trainlcd:accuracy>20</trainlcd:accuracy></extensions>
</wpt>
<wpt lat="35.7803874" lon="139.4914010">
<time>2026-01-01T01:13:31.000Z</time>
<extensions><trainlcd:accuracy>14</trainlcd:accuracy></extensions>
</wpt>
<wpt lat="35.7804471" lon="139.4912281">
<time>2026-01-01T01:13:32.000Z</time>
<extensions><trainlcd:accuracy>18</trainlcd:accuracy></extensions>
</wpt>
<wpt lat="35.7805068" lon="139.4910552">
<time>2026-01-01T01:13:33.000Z</time>
<extensions><trainlcd:accuracy>15</trainlcd:accuracy></extensions>
</wpt>
<wpt lat="35.7805665" lon="139.4908823">
<time>2026-01-01T01:13:34.000Z</time>
<extensions><trainlcd:accuracy>9</trainlcd:accuracy></extensions>
</wpt>
<wpt lat="35.7806262" lon="139.4907094">
<time>2026-01-01T01:13:35.000Z</time>
<extensions><trainlcd:accuracy>9</trainlcd:accuracy></extensions>
</wpt>
<wpt lat="35.7806858" lon="139.4905365">
<time>2026-01-01T01:13:36.000Z</time>
<extensions><trainlcd:accuracy>15</trainlcd:accuracy></extensions>
</wpt>
<wpt lat="35.7807455" lon="139.4903636">
<time>2026-01-01T01:13:37.000Z</time>
<extensions><trainlcd:accuracy>14</trainlcd:accuracy></extensions>
</wpt>
<wpt lat="35.7808052" lon="139.4901907">
<time>2026-01-01T01:13:38.000Z</time>
<extensions><trainlcd:accuracy>15</trainlcd:accuracy></extensions>
</wpt>
<wpt lat="35.7808649" lon="139.4900178">
<time>2026-01-01T01:13:39.000Z</time>
<extensions><trainlcd:accuracy>19</trainlcd:accuracy></extensions>
</wpt>
<wpt lat="35.7809246" lon="139.4898449">
<time>2026-01-01T01:13:40.000Z</time>
<extensions><trainlcd:accuracy>20</trainlcd:accuracy></extensions>
</wpt>
<wpt lat="35.7809842" lon="139.4896720">
<time>2026-01-01T01:13:41.000Z</time>
<extensions><trainlcd:accuracy>17</trainlcd:accuracy></extensions>
</wpt>
<wpt lat="35.7810439" lon="139.4894991">
<time>2026-01-01T01:13:42.000Z</time>
<extensions><trainlcd:accuracy>20</trainlcd:accuracy></extensions>
</wpt>
<wpt lat="35.7811036" lon="139.4893262">
<time>2026-01-01T01:13:43.000Z</time>
<extensions><trainlcd:accuracy>14</trainlcd:accuracy></extensions>
</wpt>
<wpt lat="35.7811633" lon="139.4891533">
<time>2026-01-01T01:13:44.000Z</time>
<extensions><trainlcd:accuracy>10</trainlcd:accuracy></extensions>
</wpt>
<wpt lat="35.7812230" lon="139.4889804">
<time>2026-01-01T01:13:45.000Z</time>
<extensions><trainlcd:accuracy>10</trainlcd:accuracy></extensions>
</wpt>
<wpt lat="35.7812826" lon="139.4888075">
<time>2026-01-01T01:13:46.000Z</time>
<extensions><trainlcd:accuracy>10</trainlcd:accuracy></extensions>
</wpt>
<wpt lat="35.7813423" lon="139.4886346">
<time>2026-01-01T01:13:47.000Z</time>
<extensions><trainlcd:accuracy>19</trainlcd:accuracy></extensions>
</wpt>
<wpt lat="35.7814020" lon="139.4884617">
<time>2026-01-01T01:13:48.000Z</time>
<extensions><trainlcd:accuracy>9</trainlcd:accuracy></extensions>
</wpt>
<wpt lat="35.7814617" lon="139.4882888">
<time>2026-01-01T01:13:49.000Z</time>
<extensions><trainlcd:accuracy>19</trainlcd:accuracy></extensions>
</wpt>
<wpt lat="35.7815214" lon="139.4881159">
<time>2026-01-01T01:13:50.000Z</time>
<extensions><trainlcd:accuracy>18</trainlcd:accuracy></extensions>
</wpt>
<wpt lat="35.7815810" lon="139.4879430">
<time>2026-01-01T01:13:51.000Z</time>
<extensions><trainlcd:accuracy>18</trainlcd:accuracy></extensions>
</wpt>
<wpt lat="35.7816407" lon="139.4877701">
<time>2026-01-01T01:13:52.000Z</time>
<extensions><trainlcd:accuracy>17</trainlcd:accuracy></extensions>
</wpt>
<wpt lat="35.7817004" lon="139.4875972">
<time>2026-01-01T01:13:53.000Z</time>
<extensions><trainlcd:accuracy>14</trainlcd:accuracy></extensions>
</wpt>
<wpt lat="35.7817601" lon="139.4874243">
<time>2026-01-01T01:13:54.000Z</time>
<extensions><trainlcd:accuracy>9</trainlcd:accuracy></extensions>
</wpt>
<wpt lat="35.7818198" lon="139.4872514">
<time>2026-01-01T01:13:55.000Z</time>
<extensions><trainlcd:accuracy>14</trainlcd:accuracy></extensions>
</wpt>
<wpt lat="35.7818794" lon="139.4870785">
<time>2026-01-01T01:13:56.000Z</time>
<extensions><trainlcd:accuracy>17</trainlcd:accuracy></extensions>
</wpt>
<wpt lat="35.7819391" lon="139.4869056">
<time>2026-01-01T01:13:57.000Z</time>
<extensions><trainlcd:accuracy>19</trainlcd:accuracy></extensions>
</wpt>
<wpt lat="35.7819988" lon="139.4867327">
<time>2026-01-01T01:13:58.000Z</time>
<extensions><trainlcd:accuracy>18</trainlcd:accuracy></extensions>
</wpt>
<wpt lat="35.7820585" lon="139.4865598">
<time>2026-01-01T01:13:59.000Z</time>
<extensions><trainlcd:accuracy>8</trainlcd:accuracy></extensions>
</wpt>
<wpt lat="35.7821182" lon="139.4863869">
<time>2026-01-01T01:14:00.000Z</time>
<extensions><trainlcd:accuracy>15</trainlcd:accuracy></extensions>
</wpt>
<wpt lat="35.7821778" lon="139.4862140">
<time>2026-01-01T01:14:01.000Z</time>
<extensions><trainlcd:accuracy>11</trainlcd:accuracy></extensions>
</wpt>
<wpt lat="35.7822375" lon="139.4860411">
<time>2026-01-01T01:14:02.000Z</time>
<extensions><trainlcd:accuracy>19</trainlcd:accuracy></extensions>
</wpt>
<wpt lat="35.7822972" lon="139.4858681">
<time>2026-01-01T01:14:03.000Z</time>
<extensions><trainlcd:accuracy>11</trainlcd:accuracy></extensions>
</wpt>
<wpt lat="35.7823569" lon="139.4856952">
<time>2026-01-01T01:14:04.000Z</time>
<extensions><trainlcd:accuracy>10</trainlcd:accuracy></extensions>
</wpt>
<wpt lat="35.7824166" lon="139.4855223">
<time>2026-01-01T01:14:05.000Z</time>
<extensions><trainlcd:accuracy>18</trainlcd:accuracy></extensions>
</wpt>
<wpt lat="35.7824762" lon="139.4853494">
<time>2026-01-01T01:14:06.000Z</time>
<extensions><trainlcd:accuracy>17</trainlcd:accuracy></extensions>
</wpt>
<wpt lat="35.7825359" lon="139.4851765">
<time>2026-01-01T01:14:07.000Z</time>
<extensions><trainlcd:accuracy>12</trainlcd:accuracy></extensions>
</wpt>
<wpt lat="35.7825956" lon="139.4850036">
<time>2026-01-01T01:14:08.000Z</time>
<extensions><trainlcd:accuracy>12</trainlcd:accuracy></extensions>
</wpt>
<wpt lat="35.7826553" lon="139.4848307">
<time>2026-01-01T01:14:09.000Z</time>
<extensions><trainlcd:accuracy>14</trainlcd:accuracy></extensions>
</wpt>
<wpt lat="35.7827150" lon="139.4846578">
<time>2026-01-01T01:14:10.000Z</time>
<extensions><trainlcd:accuracy>16</trainlcd:accuracy></extensions>
</wpt>
<wpt lat="35.7827746" lon="139.4844849">
<time>2026-01-01T01:14:11.000Z</time>
<extensions><trainlcd:accuracy>10</trainlcd:accuracy></extensions>
</wpt>
<wpt lat="35.7828343" lon="139.4843120">
<time>2026-01-01T01:14:12.000Z</time>
<extensions><trainlcd:accuracy>13</trainlcd:accuracy></extensions>
</wpt>
<wpt lat="35.7828940" lon="139.4841391">
<time>2026-01-01T01:14:13.000Z</time>
<extensions><trainlcd:accuracy>17</trainlcd:accuracy></extensions>
</wpt>
<wpt lat="35.7829537" lon="139.4839662">
<time>2026-01-01T01:14:14.000Z</time>
<extensions><trainlcd:accuracy>18</trainlcd:accuracy></extensions>
</wpt>
<wpt lat="35.7830134" lon="139.4837933">
<time>2026-01-01T01:14:15.000Z</time>
<extensions><trainlcd:accuracy>16</trainlcd:accuracy></extensions>
</wpt>
<wpt lat="35.7830730" lon="139.4836204">
<time>2026-01-01T01:14:16.000Z</time>
<extensions><trainlcd:accuracy>9</trainlcd:accuracy></extensions>
</wpt>
<wpt lat="35.7831327" lon="139.4834475">
<time>2026-01-01T01:14:17.000Z</time>
<extensions><trainlcd:accuracy>13</trainlcd:accuracy></extensions>
</wpt>
<wpt lat="35.7831924" lon="139.4832746">
<time>2026-01-01T01:14:18.000Z</time>
<extensions><trainlcd:accuracy>19</trainlcd:accuracy></extensions>
</wpt>
<wpt lat="35.7832521" lon="139.4831017">
<time>2026-01-01T01:14:19.000Z</time>
<extensions><trainlcd:accuracy>8</trainlcd:accuracy></extensions>
</wpt>
<wpt lat="35.7833118" lon="139.4829288">
<time>2026-01-01T01:14:20.000Z</time>
<extensions><trainlcd:accuracy>8</trainlcd:accuracy></extensions>
</wpt>
<wpt lat="35.7833714" lon="139.4827559">
<time>2026-01-01T01:14:21.000Z</time>
<extensions><trainlcd:accuracy>13</trainlcd:accuracy></extensions>
</wpt>
<wpt lat="35.7834311" lon="139.4825830">
<time>2026-01-01T01:14:22.000Z</time>
<extensions><trainlcd:accuracy>12</trainlcd:accuracy></extensions>
</wpt>
<wpt lat="35.7834908" lon="139.4824101">
<time>2026-01-01T01:14:23.000Z</time>
<extensions><trainlcd:accuracy>19</trainlcd:accuracy></extensions>
</wpt>
<wpt lat="35.7835505" lon="139.4822372">
<time>2026-01-01T01:14:24.000Z</time>
<extensions><trainlcd:accuracy>13</trainlcd:accuracy></extensions>
</wpt>
<wpt lat="35.7836102" lon="139.4820643">
<time>2026-01-01T01:14:25.000Z</time>
<extensions><trainlcd:accuracy>10</trainlcd:accuracy></extensions>
</wpt>
<wpt lat="35.7836698" lon="139.4818914">
<time>2026-01-01T01:14:26.000Z</time>
<extensions><trainlcd:accuracy>9</trainlcd:accuracy></extensions>
</wpt>
<wpt lat="35.7837295" lon="139.4817185">
<time>2026-01-01T01:14:27.000Z</time>
<extensions><trainlcd:accuracy>10</trainlcd:accuracy></extensions>
</wpt>
<wpt lat="35.7837892" lon="139.4815456">
<time>2026-01-01T01:14:28.000Z</time>
<extensions><trainlcd:accuracy>10</trainlcd:accuracy></extensions>
</wpt>
<wpt lat="35.7838489" lon="139.4813727">
<time>2026-01-01T01:14:29.000Z</time>
<extensions><trainlcd:accuracy>16</trainlcd:accuracy></extensions>
</wpt>
<wpt lat="35.7839086" lon="139.4811998">
<time>2026-01-01T01:14:30.000Z</time>
<extensions><trainlcd:accuracy>19</trainlcd:accuracy></extensions>
</wpt>
<wpt lat="35.7839682" lon="139.4810269">
<time>2026-01-01T01:14:31.000Z</time>
<extensions><trainlcd:accuracy>15</trainlcd:accuracy></extensions>
</wpt>
<wpt lat="35.7840279" lon="139.4808540">
<time>2026-01-01T01:14:32.000Z</time>
<extensions><trainlcd:accuracy>13</trainlcd:accuracy></extensions>
</wpt>
<wpt lat="35.7840876" lon="139.4806811">
<time>2026-01-01T01:14:33.000Z</time>
<extensions><trainlcd:accuracy>16</trainlcd:accuracy></extensions>
</wpt>
<wpt lat="35.7841473" lon="139.4805082">
<time>2026-01-01T01:14:34.000Z</time>
<extensions><trainlcd:accuracy>18</trainlcd:accuracy></extensions>
</wpt>
<wpt lat="35.7842070" lon="139.4803353">
<time>2026-01-01T01:14:35.000Z</time>
<extensions><trainlcd:accuracy>10</trainlcd:accuracy></extensions>
</wpt>
<wpt lat="35.7842666" lon="139.4801624">
<time>2026-01-01T01:14:36.000Z</time>
<extensions><trainlcd:accuracy>20</trainlcd:accuracy></extensions>
</wpt>
<wpt lat="35.7843263" lon="139.4799895">
<time>2026-01-01T01:14:37.000Z</time>
<extensions><trainlcd:accuracy>9</trainlcd:accuracy></extensions>
</wpt>
<wpt lat="35.7843860" lon="139.4798166">
<time>2026-01-01T01:14:38.000Z</time>
<extensions><trainlcd:accuracy>12</trainlcd:accuracy></extensions>
</wpt>
<wpt lat="35.7844457" lon="139.4796437">
<time>2026-01-01T01:14:39.000Z</time>
<extensions><trainlcd:accuracy>16</trainlcd:accuracy></extensions>
</wpt>
<wpt lat="35.7845054" lon="139.4794707">
<time>2026-01-01T01:14:40.000Z</time>
<extensions><trainlcd:accuracy>10</trainlcd:accuracy></extensions>
</wpt>
<wpt lat="35.7845650" lon="139.4792978">
<time>2026-01-01T01:14:41.000Z</time>
<extensions><trainlcd:accuracy>19</trainlcd:accuracy></extensions>
</wpt>
<wpt lat="35.7846247" lon="139.4791249">
<time>2026-01-01T01:14:42.000Z</time>
<extensions><trainlcd:accuracy>8</trainlcd:accuracy></extensions>
</wpt>
<wpt lat="35.7846844" lon="139.4789520">
<time>2026-01-01T01:14:43.000Z</time>
<extensions><trainlcd:accuracy>19</trainlcd:accuracy></extensions>
</wpt>
<wpt lat="35.7847441" lon="139.4787791">
<time>2026-01-01T01:14:44.000Z</time>
<extensions><trainlcd:accuracy>19</trainlcd:accuracy></extensions>
</wpt>
<wpt lat="35.7848038" lon="139.4786062">
<time>2026-01-01T01:14:45.000Z</time>
<extensions><trainlcd:accuracy>8</trainlcd:accuracy></extensions>
</wpt>
<wpt lat="35.7848634" lon="139.4784333">
<time>2026-01-01T01:14:46.000Z</time>
<extensions><trainlcd:accuracy>10</trainlcd:accuracy></extensions>
</wpt>
<wpt lat="35.7849231" lon="139.4782604">
<time>2026-01-01T01:14:47.000Z</time>
<extensions><trainlcd:accuracy>17</trainlcd:accuracy></extensions>
</wpt>
<wpt lat="35.7849828" lon="139.4780875">
<time>2026-01-01T01:14:48.000Z</time>
<extensions><trainlcd:accuracy>18</trainlcd:accuracy></extensions>
</wpt>
<wpt lat="35.7850425" lon="139.4779146">
<time>2026-01-01T01:14:49.000Z</time>
<extensions><trainlcd:accuracy>15</trainlcd:accuracy></extensions>
</wpt>
<wpt lat="35.7851022" lon="139.4777417">
<time>2026-01-01T01:14:50.000Z</time>
<extensions><trainlcd:accuracy>9</trainlcd:accuracy></extensions>
</wpt>
<wpt lat="35.7851618" lon="139.4775688">
<time>2026-01-01T01:14:51.000Z</time>
<extensions><trainlcd:accuracy>18</trainlcd:accuracy></extensions>
</wpt>
<wpt lat="35.7852215" lon="139.4773959">
<time>2026-01-01T01:14:52.000Z</time>
<extensions><trainlcd:accuracy>10</trainlcd:accuracy></extensions>
</wpt>
<wpt lat="35.7852812" lon="139.4772230">
<time>2026-01-01T01:14:53.000Z</time>
<extensions><trainlcd:accuracy>9</trainlcd:accuracy></extensions>
</wpt>
<wpt lat="35.7853409" lon="139.4770501">
<time>2026-01-01T01:14:54.000Z</time>
<extensions><trainlcd:accuracy>15</trainlcd:accuracy></extensions>
</wpt>
<wpt lat="35.7854006" lon="139.4768772">
<time>2026-01-01T01:14:55.000Z</time>
<extensions><trainlcd:accuracy>9</trainlcd:accuracy></extensions>
</wpt>
<wpt lat="35.7854602" lon="139.4767043">
<time>2026-01-01T01:14:56.000Z</time>
<extensions><trainlcd:accuracy>8</trainlcd:accuracy></extensions>
</wpt>
<wpt lat="35.7855199" lon="139.4765314">
<time>2026-01-01T01:14:57.000Z</time>
<extensions><trainlcd:accuracy>13</trainlcd:accuracy></extensions>
</wpt>
<wpt lat="35.7855796" lon="139.4763585">
<time>2026-01-01T01:14:58.000Z</time>
<extensions><trainlcd:accuracy>20</trainlcd:accuracy></extensions>
</wpt>
<wpt lat="35.7856393" lon="139.4761856">
<time>2026-01-01T01:14:59.000Z</time>
<extensions><trainlcd:accuracy>14</trainlcd:accuracy></extensions>
</wpt>
<wpt lat="35.7856990" lon="139.4760127">
<time>2026-01-01T01:15:00.000Z</time>
<extensions><trainlcd:accuracy>13</trainlcd:accuracy></extensions>
</wpt>
<wpt lat="35.7857586" lon="139.4758398">
<time>2026-01-01T01:15:01.000Z</time>
<extensions><trainlcd:accuracy>14</trainlcd:accuracy></extensions>
</wpt>
<wpt lat="35.7858183" lon="139.4756669">
<time>2026-01-01T01:15:02.000Z</time>
<extensions><trainlcd:accuracy>17</trainlcd:accuracy></extensions>
</wpt>
<wpt lat="35.7858780" lon="139.4754940">
<time>2026-01-01T01:15:03.000Z</time>
<extensions><trainlcd:accuracy>16</trainlcd:accuracy></extensions>
</wpt>
<wpt lat="35.7859377" lon="139.4753211">
<time>2026-01-01T01:15:04.000Z</time>
<extensions><trainlcd:accuracy>14</trainlcd:accuracy></extensions>
</wpt>
<wpt lat="35.7859949" lon="139.4751554">
<time>2026-01-01T01:15:05.000Z</time>
<extensions><trainlcd:accuracy>12</trainlcd:accuracy></extensions>
</wpt>
<wpt lat="35.7860496" lon="139.4749968">
<time>2026-01-01T01:15:06.000Z</time>
<extensions><trainlcd:accuracy>17</trainlcd:accuracy></extensions>
</wpt>
<wpt lat="35.7861019" lon="139.4748454">
<time>2026-01-01T01:15:07.000Z</time>
<extensions><trainlcd:accuracy>13</trainlcd:accuracy></extensions>
</wpt>
<wpt lat="35.7861516" lon="139.4747012">
<time>2026-01-01T01:15:08.000Z</time>
<extensions><trainlcd:accuracy>19</trainlcd:accuracy></extensions>
</wpt>
<wpt lat="35.7861989" lon="139.4745642">
<time>2026-01-01T01:15:09.000Z</time>
<extensions><trainlcd:accuracy>11</trainlcd:accuracy></extensions>
</wpt>
<wpt lat="35.7862437" lon="139.4744343">
<time>2026-01-01T01:15:10.000Z</time>
<extensions><trainlcd:accuracy>20</trainlcd:accuracy></extensions>
</wpt>
<wpt lat="35.7862861" lon="139.4743117">
<time>2026-01-01T01:15:11.000Z</time>
<extensions><trainlcd:accuracy>12</trainlcd:accuracy></extensions>
</wpt>
<wpt lat="35.7863260" lon="139.4741962">
<time>2026-01-01T01:15:12.000Z</time>
<extensions><trainlcd:accuracy>20</trainlcd:accuracy></extensions>
</wpt>
<wpt lat="35.7863633" lon="139.4740878">
<time>2026-01-01T01:15:13.000Z</time>
<extensions><trainlcd:accuracy>13</trainlcd:accuracy></extensions>
</wpt>
<wpt lat="35.7863983" lon="139.4739867">
<time>2026-01-01T01:15:14.000Z</time>
<extensions><trainlcd:accuracy>19</trainlcd:accuracy></extensions>
</wpt>
<wpt lat="35.7864307" lon="139.4738927">
<time>2026-01-01T01:15:15.000Z</time>
<extensions><trainlcd:accuracy>17</trainlcd:accuracy></extensions>
</wpt>
<wpt lat="35.7864607" lon="139.4738059">
<time>2026-01-01T01:15:16.000Z</time>
<extensions><trainlcd:accuracy>18</trainlcd:accuracy></extensions>
</wpt>
<wpt lat="35.7864881" lon="139.4737263">
<time>2026-01-01T01:15:17.000Z</time>
<extensions><trainlcd:accuracy>19</trainlcd:accuracy></extensions>
</wpt>
<wpt lat="35.7865131" lon="139.4736538">
<time>2026-01-01T01:15:18.000Z</time>
<extensions><trainlcd:accuracy>15</trainlcd:accuracy></extensions>
</wpt>
<wpt lat="35.7865357" lon="139.4735886">
<time>2026-01-01T01:15:19.000Z</time>
<extensions><trainlcd:accuracy>11</trainlcd:accuracy></extensions>
</wpt>
<wpt lat="35.7865557" lon="139.4735305">
<time>2026-01-01T01:15:20.000Z</time>
<extensions><trainlcd:accuracy>18</trainlcd:accuracy></extensions>
</wpt>
<wpt lat="35.7865733" lon="139.4734796">
<time>2026-01-01T01:15:21.000Z</time>
<extensions><trainlcd:accuracy>15</trainlcd:accuracy></extensions>
</wpt>
<wpt lat="35.7865884" lon="139.4734358">
<time>2026-01-01T01:15:22.000Z</time>
<extensions><trainlcd:accuracy>13</trainlcd:accuracy></extensions>
</wpt>
<wpt lat="35.7866010" lon="139.4733992">
<time>2026-01-01T01:15:23.000Z</time>
<extensions><trainlcd:accuracy>17</trainlcd:accuracy></extensions>
</wpt>
<wpt lat="35.7866112" lon="139.4733698">
<time>2026-01-01T01:15:24.000Z</time>
<extensions><trainlcd:accuracy>20</trainlcd:accuracy></extensions>
</wpt>
<wpt lat="35.7866188" lon="139.4733476">
<time>2026-01-01T01:15:25.000Z</time>
<extensions><trainlcd:accuracy>11</trainlcd:accuracy></extensions>
</wpt>
<wpt lat="35.7866240" lon="139.4733326">
<time>2026-01-01T01:15:26.000Z</time>
<extensions><trainlcd:accuracy>9</trainlcd:accuracy></extensions>
</wpt>
<wpt lat="35.7866268" lon="139.4733247">
<time>2026-01-01T01:15:27.000Z</time>
<extensions><trainlcd:accuracy>8</trainlcd:accuracy></extensions>
</wpt>
<wpt lat="35.7866270" lon="139.4733240">
<time>2026-01-01T01:15:28.000Z</time>
<extensions><trainlcd:accuracy>8</trainlcd:accuracy></extensions>
</wpt>
<wpt lat="35.7866270" lon="139.4733240">
<time>2026-01-01T01:15:29.000Z</time>
<extensions><trainlcd:accuracy>15</trainlcd:accuracy></extensions>
</wpt>
<wpt lat="35.7866270" lon="139.4733240">
<time>2026-01-01T01:15:30.000Z</time>
<extensions><trainlcd:accuracy>9</trainlcd:accuracy></extensions>
</wpt>
<wpt lat="35.7866270" lon="139.4733240">
<time>2026-01-01T01:15:31.000Z</time>
<extensions><trainlcd:accuracy>8</trainlcd:accuracy></extensions>
</wpt>
<wpt lat="35.7866270" lon="139.4733240">
<time>2026-01-01T01:15:32.000Z</time>
<extensions><trainlcd:accuracy>19</trainlcd:accuracy></extensions>
</wpt>
<wpt lat="35.7866270" lon="139.4733240">
<time>2026-01-01T01:15:33.000Z</time>
<extensions><trainlcd:accuracy>14</trainlcd:accuracy></extensions>
</wpt>
<wpt lat="35.7866270" lon="139.4733240">
<time>2026-01-01T01:15:34.000Z</time>
<extensions><trainlcd:accuracy>14</trainlcd:accuracy></extensions>
</wpt>
<wpt lat="35.7866270" lon="139.4733240">
<time>2026-01-01T01:15:35.000Z</time>
<extensions><trainlcd:accuracy>19</trainlcd:accuracy></extensions>
</wpt>
<wpt lat="35.7866270" lon="139.4733240">
<time>2026-01-01T01:15:36.000Z</time>
<extensions><trainlcd:accuracy>17</trainlcd:accuracy></extensions>
</wpt>
<wpt lat="35.7866270" lon="139.4733240">
<time>2026-01-01T01:15:37.000Z</time>
<extensions><trainlcd:accuracy>16</trainlcd:accuracy></extensions>
</wpt>
<wpt lat="35.7866270" lon="139.4733240">
<time>2026-01-01T01:15:38.000Z</time>
<extensions><trainlcd:accuracy>18</trainlcd:accuracy></extensions>
</wpt>
<wpt lat="35.7866270" lon="139.4733240">
<time>2026-01-01T01:15:39.000Z</time>
<extensions><trainlcd:accuracy>12</trainlcd:accuracy></extensions>
</wpt>
<wpt lat="35.7866270" lon="139.4733240">
<time>2026-01-01T01:15:40.000Z</time>
<extensions><trainlcd:accuracy>18</trainlcd:accuracy></extensions>
</wpt>
<wpt lat="35.7866270" lon="139.4733240">
<time>2026-01-01T01:15:41.000Z</time>
<extensions><trainlcd:accuracy>12</trainlcd:accuracy></extensions>
</wpt>
<wpt lat="35.7866270" lon="139.4733240">
<time>2026-01-01T01:15:42.000Z</time>
<extensions><trainlcd:accuracy>9</trainlcd:accuracy></extensions>
</wpt>
<wpt lat="35.7866270" lon="139.4733240">
<time>2026-01-01T01:15:43.000Z</time>
<extensions><trainlcd:accuracy>18</trainlcd:accuracy></extensions>
</wpt>
<wpt lat="35.7866270" lon="139.4733240">
<time>2026-01-01T01:15:44.000Z</time>
<extensions><trainlcd:accuracy>10</trainlcd:accuracy></extensions>
</wpt>
<wpt lat="35.7866270" lon="139.4733240">
<time>2026-01-01T01:15:45.000Z</time>
<extensions><trainlcd:accuracy>19</trainlcd:accuracy></extensions>
</wpt>
<wpt lat="35.7866270" lon="139.4733240">
<time>2026-01-01T01:15:46.000Z</time>
<extensions><trainlcd:accuracy>19</trainlcd:accuracy></extensions>
</wpt>
<wpt lat="35.7866270" lon="139.4733240">
<time>2026-01-01T01:15:47.000Z</time>
<extensions><trainlcd:accuracy>13</trainlcd:accuracy></extensions>
</wpt>
<wpt lat="35.7866270" lon="139.4733240">
<time>2026-01-01T01:15:48.000Z</time>
<extensions><trainlcd:accuracy>10</trainlcd:accuracy></extensions>
</wpt>
<wpt lat="35.7866270" lon="139.4733240">
<time>2026-01-01T01:15:49.000Z</time>
<extensions><trainlcd:accuracy>15</trainlcd:accuracy></extensions>
</wpt>
<wpt lat="35.7866270" lon="139.4733240">
<time>2026-01-01T01:15:50.000Z</time>
<extensions><trainlcd:accuracy>12</trainlcd:accuracy></extensions>
</wpt>
<wpt lat="35.7866270" lon="139.4733240">
<time>2026-01-01T01:15:51.000Z</time>
<extensions><trainlcd:accuracy>11</trainlcd:accuracy></extensions>
</wpt>
<wpt lat="35.7866270" lon="139.4733240">
<time>2026-01-01T01:15:52.000Z</time>
<extensions><trainlcd:accuracy>11</trainlcd:accuracy></extensions>
</wpt>
<wpt lat="35.7866270" lon="139.4733240">
<time>2026-01-01T01:15:53.000Z</time>
<extensions><trainlcd:accuracy>18</trainlcd:accuracy></extensions>
</wpt>
<wpt lat="35.7866270" lon="139.4733240">
<time>2026-01-01T01:15:54.000Z</time>
<extensions><trainlcd:accuracy>18</trainlcd:accuracy></extensions>
</wpt>
<wpt lat="35.7866270" lon="139.4733240">
<time>2026-01-01T01:15:55.000Z</time>
<extensions><trainlcd:accuracy>19</trainlcd:accuracy></extensions>
</wpt>
<wpt lat="35.7866270" lon="139.4733240">
<time>2026-01-01T01:15:56.000Z</time>
<extensions><trainlcd:accuracy>10</trainlcd:accuracy></extensions>
</wpt>
<wpt lat="35.7866270" lon="139.4733240">
<time>2026-01-01T01:15:57.000Z</time>
<extensions><trainlcd:accuracy>19</trainlcd:accuracy></extensions>
</wpt>
<wpt lat="35.7866270" lon="139.4733240">
<time>2026-01-01T01:15:58.000Z</time>
<extensions><trainlcd:accuracy>15</trainlcd:accuracy></extensions>
</wpt>
<wpt lat="35.7866270" lon="139.4733240">
<time>2026-01-01T01:15:59.000Z</time>
<extensions><trainlcd:accuracy>19</trainlcd:accuracy></extensions>
</wpt>
<wpt lat="35.7866270" lon="139.4733240">
<time>2026-01-01T01:16:00.000Z</time>
<extensions><trainlcd:accuracy>10</trainlcd:accuracy></extensions>
</wpt>
<wpt lat="35.7866270" lon="139.4733240">
<time>2026-01-01T01:16:01.000Z</time>
<extensions><trainlcd:accuracy>18</trainlcd:accuracy></extensions>
</wpt>
<wpt lat="35.7866270" lon="139.4733240">
<time>2026-01-01T01:16:02.000Z</time>
<extensions><trainlcd:accuracy>19</trainlcd:accuracy></extensions>
</wpt>
<wpt lat="35.7866270" lon="139.4733240">
<time>2026-01-01T01:16:03.000Z</time>
<extensions><trainlcd:accuracy>8</trainlcd:accuracy></extensions>
</wpt>
<wpt lat="35.7866270" lon="139.4733240">
<time>2026-01-01T01:16:04.000Z</time>
<extensions><trainlcd:accuracy>14</trainlcd:accuracy></extensions>
</wpt>
<wpt lat="35.7866270" lon="139.4733240">
<time>2026-01-01T01:16:05.000Z</time>
<extensions><trainlcd:accuracy>9</trainlcd:accuracy></extensions>
</wpt>
<wpt lat="35.7866278" lon="139.4733190">
<time>2026-01-01T01:16:06.000Z</time>
<extensions><trainlcd:accuracy>19</trainlcd:accuracy></extensions>
</wpt>
<wpt lat="35.7866293" lon="139.4733091">
<time>2026-01-01T01:16:07.000Z</time>
<extensions><trainlcd:accuracy>19</trainlcd:accuracy></extensions>
</wpt>
<wpt lat="35.7866316" lon="139.4732941">
<time>2026-01-01T01:16:08.000Z</time>
<extensions><trainlcd:accuracy>10</trainlcd:accuracy></extensions>
</wpt>
<wpt lat="35.7866347" lon="139.4732742">
<time>2026-01-01T01:16:09.000Z</time>
<extensions><trainlcd:accuracy>20</trainlcd:accuracy></extensions>
</wpt>
<wpt lat="35.7866385" lon="139.4732493">
<time>2026-01-01T01:16:10.000Z</time>
<extensions><trainlcd:accuracy>9</trainlcd:accuracy></extensions>
</wpt>
<wpt lat="35.7866431" lon="139.4732195">
<time>2026-01-01T01:16:11.000Z</time>
<extensions><trainlcd:accuracy>19</trainlcd:accuracy></extensions>
</wpt>
<wpt lat="35.7866485" lon="139.4731846">
<time>2026-01-01T01:16:12.000Z</time>
<extensions><trainlcd:accuracy>17</trainlcd:accuracy></extensions>
</wpt>
<wpt lat="35.7866546" lon="139.4731448">
<time>2026-01-01T01:16:13.000Z</time>
<extensions><trainlcd:accuracy>10</trainlcd:accuracy></extensions>
</wpt>
<wpt lat="35.7866615" lon="139.4731000">
<time>2026-01-01T01:16:14.000Z</time>
<extensions><trainlcd:accuracy>11</trainlcd:accuracy></extensions>
</wpt>
<wpt lat="35.7866692" lon="139.4730502">
<time>2026-01-01T01:16:15.000Z</time>
<extensions><trainlcd:accuracy>14</trainlcd:accuracy></extensions>
</wpt>
<wpt lat="35.7866776" lon="139.4729955">
<time>2026-01-01T01:16:16.000Z</time>
<extensions><trainlcd:accuracy>13</trainlcd:accuracy></extensions>
</wpt>
<wpt lat="35.7866868" lon="139.4729357">
<time>2026-01-01T01:16:17.000Z</time>
<extensions><trainlcd:accuracy>17</trainlcd:accuracy></extensions>
</wpt>
<wpt lat="35.7866968" lon="139.4728710">
<time>2026-01-01T01:16:18.000Z</time>
<extensions><trainlcd:accuracy>10</trainlcd:accuracy></extensions>
</wpt>
<wpt lat="35.7867075" lon="139.4728013">
<time>2026-01-01T01:16:19.000Z</time>
<extensions><trainlcd:accuracy>14</trainlcd:accuracy></extensions>
</wpt>
<wpt lat="35.7867191" lon="139.4727267">
<time>2026-01-01T01:16:20.000Z</time>
<extensions><trainlcd:accuracy>11</trainlcd:accuracy></extensions>
</wpt>
<wpt lat="35.7867313" lon="139.4726470">
<time>2026-01-01T01:16:21.000Z</time>
<extensions><trainlcd:accuracy>13</trainlcd:accuracy></extensions>
</wpt>
<wpt lat="35.7867444" lon="139.4725624">
<time>2026-01-01T01:16:22.000Z</time>
<extensions><trainlcd:accuracy>14</trainlcd:accuracy></extensions>
</wpt>
<wpt lat="35.7867582" lon="139.4724728">
<time>2026-01-01T01:16:23.000Z</time>
<extensions><trainlcd:accuracy>16</trainlcd:accuracy></extensions>
</wpt>
<wpt lat="35.7867727" lon="139.4723782">
<time>2026-01-01T01:16:24.000Z</time>
<extensions><trainlcd:accuracy>10</trainlcd:accuracy></extensions>
</wpt>
<wpt lat="35.7867881" lon="139.4722787">
<time>2026-01-01T01:16:25.000Z</time>
<extensions><trainlcd:accuracy>18</trainlcd:accuracy></extensions>
</wpt>
<wpt lat="35.7868042" lon="139.4721741">
<time>2026-01-01T01:16:26.000Z</time>
<extensions><trainlcd:accuracy>9</trainlcd:accuracy></extensions>
</wpt>
<wpt lat="35.7868211" lon="139.4720646">
<time>2026-01-01T01:16:27.000Z</time>
<extensions><trainlcd:accuracy>13</trainlcd:accuracy></extensions>
</wpt>
<wpt lat="35.7868387" lon="139.4719501">
<time>2026-01-01T01:16:28.000Z</time>
<extensions><trainlcd:accuracy>12</trainlcd:accuracy></extensions>
</wpt>
<wpt lat="35.7868571" lon="139.4718307">
<time>2026-01-01T01:16:29.000Z</time>
<extensions><trainlcd:accuracy>14</trainlcd:accuracy></extensions>
</wpt>
<wpt lat="35.7868763" lon="139.4717062">
<time>2026-01-01T01:16:30.000Z</time>
<extensions><trainlcd:accuracy>19</trainlcd:accuracy></extensions>
</wpt>
<wpt lat="35.7868963" lon="139.4715768">
<time>2026-01-01T01:16:31.000Z</time>
<extensions><trainlcd:accuracy>15</trainlcd:accuracy></extensions>
</wpt>
<wpt lat="35.7869170" lon="139.4714424">
<time>2026-01-01T01:16:32.000Z</time>
<extensions><trainlcd:accuracy>14</trainlcd:accuracy></extensions>
</wpt>
<wpt lat="35.7869384" lon="139.4713030">
<time>2026-01-01T01:16:33.000Z</time>
<extensions><trainlcd:accuracy>18</trainlcd:accuracy></extensions>
</wpt>
<wpt lat="35.7869607" lon="139.4711587">
<time>2026-01-01T01:16:34.000Z</time>
<extensions><trainlcd:accuracy>15</trainlcd:accuracy></extensions>
</wpt>
<wpt lat="35.7869837" lon="139.4710093">
<time>2026-01-01T01:16:35.000Z</time>
<extensions><trainlcd:accuracy>16</trainlcd:accuracy></extensions>
</wpt>
<wpt lat="35.7870075" lon="139.4708550">
<time>2026-01-01T01:16:36.000Z</time>
<extensions><trainlcd:accuracy>17</trainlcd:accuracy></extensions>
</wpt>
<wpt lat="35.7870320" lon="139.4706957">
<time>2026-01-01T01:16:37.000Z</time>
<extensions><trainlcd:accuracy>12</trainlcd:accuracy></extensions>
</wpt>
<wpt lat="35.7870573" lon="139.4705314">
<time>2026-01-01T01:16:38.000Z</time>
<extensions><trainlcd:accuracy>17</trainlcd:accuracy></extensions>
</wpt>
<wpt lat="35.7870834" lon="139.4703622">
<time>2026-01-01T01:16:39.000Z</time>
<extensions><trainlcd:accuracy>14</trainlcd:accuracy></extensions>
</wpt>
<wpt lat="35.7871103" lon="139.4701880">
<time>2026-01-01T01:16:40.000Z</time>
<extensions><trainlcd:accuracy>12</trainlcd:accuracy></extensions>
</wpt>
<wpt lat="35.7871375" lon="139.4700114">
<time>2026-01-01T01:16:41.000Z</time>
<extensions><trainlcd:accuracy>10</trainlcd:accuracy></extensions>
</wpt>
<wpt lat="35.7871647" lon="139.4698349">
<time>2026-01-01T01:16:42.000Z</time>
<extensions><trainlcd:accuracy>15</trainlcd:accuracy></extensions>
</wpt>
<wpt lat="35.7871919" lon="139.4696583">
<time>2026-01-01T01:16:43.000Z</time>
<extensions><trainlcd:accuracy>13</trainlcd:accuracy></extensions>
</wpt>
<wpt lat="35.7872191" lon="139.4694817">
<time>2026-01-01T01:16:44.000Z</time>
<extensions><trainlcd:accuracy>15</trainlcd:accuracy></extensions>
</wpt>
<wpt lat="35.7872463" lon="139.4693052">
<time>2026-01-01T01:16:45.000Z</time>
<extensions><trainlcd:accuracy>19</trainlcd:accuracy></extensions>
</wpt>
<wpt lat="35.7872735" lon="139.4691286">
<time>2026-01-01T01:16:46.000Z</time>
<extensions><trainlcd:accuracy>11</trainlcd:accuracy></extensions>
</wpt>
<wpt lat="35.7873007" lon="139.4689521">
<time>2026-01-01T01:16:47.000Z</time>
<extensions><trainlcd:accuracy>12</trainlcd:accuracy></extensions>
</wpt>
<wpt lat="35.7873279" lon="139.4687755">
<time>2026-01-01T01:16:48.000Z</time>
<extensions><trainlcd:accuracy>15</trainlcd:accuracy></extensions>
</wpt>
<wpt lat="35.7873551" lon="139.4685990">
<time>2026-01-01T01:16:49.000Z</time>
<extensions><trainlcd:accuracy>12</trainlcd:accuracy></extensions>
</wpt>
<wpt lat="35.7873824" lon="139.4684224">
<time>2026-01-01T01:16:50.000Z</time>
<extensions><trainlcd:accuracy>11</trainlcd:accuracy></extensions>
</wpt>
<wpt lat="35.7874096" lon="139.4682458">
<time>2026-01-01T01:16:51.000Z</time>
<extensions><trainlcd:accuracy>11</trainlcd:accuracy></extensions>
</wpt>
<wpt lat="35.7874368" lon="139.4680693">
<time>2026-01-01T01:16:52.000Z</time>
<extensions><trainlcd:accuracy>12</trainlcd:accuracy></extensions>
</wpt>
<wpt lat="35.7874640" lon="139.4678927">
<time>2026-01-01T01:16:53.000Z</time>
<extensions><trainlcd:accuracy>14</trainlcd:accuracy></extensions>
</wpt>
<wpt lat="35.7874912" lon="139.4677162">
<time>2026-01-01T01:16:54.000Z</time>
<extensions><trainlcd:accuracy>15</trainlcd:accuracy></extensions>
</wpt>
<wpt lat="35.7875184" lon="139.4675396">
<time>2026-01-01T01:16:55.000Z</time>
<extensions><trainlcd:accuracy>17</trainlcd:accuracy></extensions>
</wpt>
<wpt lat="35.7875456" lon="139.4673630">
<time>2026-01-01T01:16:56.000Z</time>
<extensions><trainlcd:accuracy>12</trainlcd:accuracy></extensions>
</wpt>
<wpt lat="35.7875728" lon="139.4671865">
<time>2026-01-01T01:16:57.000Z</time>
<extensions><trainlcd:accuracy>16</trainlcd:accuracy></extensions>
</wpt>
<wpt lat="35.7876000" lon="139.4670099">
<time>2026-01-01T01:16:58.000Z</time>
<extensions><trainlcd:accuracy>17</trainlcd:accuracy></extensions>
</wpt>
<wpt lat="35.7876272" lon="139.4668334">
<time>2026-01-01T01:16:59.000Z</time>
<extensions><trainlcd:accuracy>10</trainlcd:accuracy></extensions>
</wpt>
<wpt lat="35.7876544" lon="139.4666568">
<time>2026-01-01T01:17:00.000Z</time>
<extensions><trainlcd:accuracy>13</trainlcd:accuracy></extensions>
</wpt>
<wpt lat="35.7876816" lon="139.4664803">
<time>2026-01-01T01:17:01.000Z</time>
<extensions><trainlcd:accuracy>9</trainlcd:accuracy></extensions>
</wpt>
<wpt lat="35.7877089" lon="139.4663037">
<time>2026-01-01T01:17:02.000Z</time>
<extensions><trainlcd:accuracy>13</trainlcd:accuracy></extensions>
</wpt>
<wpt lat="35.7877361" lon="139.4661271">
<time>2026-01-01T01:17:03.000Z</time>
<extensions><trainlcd:accuracy>16</trainlcd:accuracy></extensions>
</wpt>
<wpt lat="35.7877633" lon="139.4659506">
<time>2026-01-01T01:17:04.000Z</time>
<extensions><trainlcd:accuracy>13</trainlcd:accuracy></extensions>
</wpt>
<wpt lat="35.7877905" lon="139.4657740">
<time>2026-01-01T01:17:05.000Z</time>
<extensions><trainlcd:accuracy>13</trainlcd:accuracy></extensions>
</wpt>
<wpt lat="35.7878177" lon="139.4655975">
<time>2026-01-01T01:17:06.000Z</time>
<extensions><trainlcd:accuracy>15</trainlcd:accuracy></extensions>
</wpt>
<wpt lat="35.7878449" lon="139.4654209">
<time>2026-01-01T01:17:07.000Z</time>
<extensions><trainlcd:accuracy>10</trainlcd:accuracy></extensions>
</wpt>
<wpt lat="35.7878721" lon="139.4652443">
<time>2026-01-01T01:17:08.000Z</time>
<extensions><trainlcd:accuracy>18</trainlcd:accuracy></extensions>
</wpt>
<wpt lat="35.7878993" lon="139.4650678">
<time>2026-01-01T01:17:09.000Z</time>
<extensions><trainlcd:accuracy>18</trainlcd:accuracy></extensions>
</wpt>
<wpt lat="35.7879265" lon="139.4648912">
<time>2026-01-01T01:17:10.000Z</time>
<extensions><trainlcd:accuracy>9</trainlcd:accuracy></extensions>
</wpt>
<wpt lat="35.7879537" lon="139.4647147">
<time>2026-01-01T01:17:11.000Z</time>
<extensions><trainlcd:accuracy>17</trainlcd:accuracy></extensions>
</wpt>
<wpt lat="35.7879809" lon="139.4645381">
<time>2026-01-01T01:17:12.000Z</time>
<extensions><trainlcd:accuracy>18</trainlcd:accuracy></extensions>
</wpt>
<wpt lat="35.7880081" lon="139.4643616">
<time>2026-01-01T01:17:13.000Z</time>
<extensions><trainlcd:accuracy>8</trainlcd:accuracy></extensions>
</wpt>
<wpt lat="35.7880353" lon="139.4641850">
<time>2026-01-01T01:17:14.000Z</time>
<extensions><trainlcd:accuracy>9</trainlcd:accuracy></extensions>
</wpt>
<wpt lat="35.7880626" lon="139.4640084">
<time>2026-01-01T01:17:15.000Z</time>
<extensions><trainlcd:accuracy>12</trainlcd:accuracy></extensions>
</wpt>
<wpt lat="35.7880898" lon="139.4638319">
<time>2026-01-01T01:17:16.000Z</time>
<extensions><trainlcd:accuracy>14</trainlcd:accuracy></extensions>
</wpt>
<wpt lat="35.7881170" lon="139.4636553">
<time>2026-01-01T01:17:17.000Z</time>
<extensions><trainlcd:accuracy>13</trainlcd:accuracy></extensions>
</wpt>
<wpt lat="35.7881442" lon="139.4634788">
<time>2026-01-01T01:17:18.000Z</time>
<extensions><trainlcd:accuracy>10</trainlcd:accuracy></extensions>
</wpt>
<wpt lat="35.7881714" lon="139.4633022">
<time>2026-01-01T01:17:19.000Z</time>
<extensions><trainlcd:accuracy>19</trainlcd:accuracy></extensions>
</wpt>
<wpt lat="35.7881986" lon="139.4631256">
<time>2026-01-01T01:17:20.000Z</time>
<extensions><trainlcd:accuracy>19</trainlcd:accuracy></extensions>
</wpt>
<wpt lat="35.7882258" lon="139.4629491">
<time>2026-01-01T01:17:21.000Z</time>
<extensions><trainlcd:accuracy>13</trainlcd:accuracy></extensions>
</wpt>
<wpt lat="35.7882530" lon="139.4627725">
<time>2026-01-01T01:17:22.000Z</time>
<extensions><trainlcd:accuracy>8</trainlcd:accuracy></extensions>
</wpt>
<wpt lat="35.7882802" lon="139.4625960">
<time>2026-01-01T01:17:23.000Z</time>
<extensions><trainlcd:accuracy>10</trainlcd:accuracy></extensions>
</wpt>
<wpt lat="35.7883074" lon="139.4624194">
<time>2026-01-01T01:17:24.000Z</time>
<extensions><trainlcd:accuracy>8</trainlcd:accuracy></extensions>
</wpt>
<wpt lat="35.7883346" lon="139.4622429">
<time>2026-01-01T01:17:25.000Z</time>
<extensions><trainlcd:accuracy>13</trainlcd:accuracy></extensions>
</wpt>
<wpt lat="35.7883618" lon="139.4620663">
<time>2026-01-01T01:17:26.000Z</time>
<extensions><trainlcd:accuracy>9</trainlcd:accuracy></extensions>
</wpt>
<wpt lat="35.7883891" lon="139.4618897">
<time>2026-01-01T01:17:27.000Z</time>
<extensions><trainlcd:accuracy>16</trainlcd:accuracy></extensions>
</wpt>
<wpt lat="35.7884163" lon="139.4617132">
<time>2026-01-01T01:17:28.000Z</time>
<extensions><trainlcd:accuracy>15</trainlcd:accuracy></extensions>
</wpt>
<wpt lat="35.7884435" lon="139.4615366">
<time>2026-01-01T01:17:29.000Z</time>
<extensions><trainlcd:accuracy>10</trainlcd:accuracy></extensions>
</wpt>
<wpt lat="35.7884707" lon="139.4613601">
<time>2026-01-01T01:17:30.000Z</time>
<extensions><trainlcd:accuracy>16</trainlcd:accuracy></extensions>
</wpt>
<wpt lat="35.7884979" lon="139.4611835">
<time>2026-01-01T01:17:31.000Z</time>
<extensions><trainlcd:accuracy>9</trainlcd:accuracy></extensions>
</wpt>
<wpt lat="35.7885251" lon="139.4610069">
<time>2026-01-01T01:17:32.000Z</time>
<extensions><trainlcd:accuracy>11</trainlcd:accuracy></extensions>
</wpt>
<wpt lat="35.7885523" lon="139.4608304">
<time>2026-01-01T01:17:33.000Z</time>
<extensions><trainlcd:accuracy>20</trainlcd:accuracy></extensions>
</wpt>
<wpt lat="35.7885795" lon="139.4606538">
<time>2026-01-01T01:17:34.000Z</time>
<extensions><trainlcd:accuracy>13</trainlcd:accuracy></extensions>
</wpt>
<wpt lat="35.7886067" lon="139.4604773">
<time>2026-01-01T01:17:35.000Z</time>
<extensions><trainlcd:accuracy>11</trainlcd:accuracy></extensions>
</wpt>
<wpt lat="35.7886339" lon="139.4603007">
<time>2026-01-01T01:17:36.000Z</time>
<extensions><trainlcd:accuracy>15</trainlcd:accuracy></extensions>
</wpt>
<wpt lat="35.7886611" lon="139.4601242">
<time>2026-01-01T01:17:37.000Z</time>
<extensions><trainlcd:accuracy>17</trainlcd:accuracy></extensions>
</wpt>
<wpt lat="35.7886883" lon="139.4599476">
<time>2026-01-01T01:17:38.000Z</time>
<extensions><trainlcd:accuracy>18</trainlcd:accuracy></extensions>
</wpt>
<wpt lat="35.7887156" lon="139.4597710">
<time>2026-01-01T01:17:39.000Z</time>
<extensions><trainlcd:accuracy>13</trainlcd:accuracy></extensions>
</wpt>
<wpt lat="35.7887428" lon="139.4595945">
<time>2026-01-01T01:17:40.000Z</time>
<extensions><trainlcd:accuracy>14</trainlcd:accuracy></extensions>
</wpt>
<wpt lat="35.7887700" lon="139.4594179">
<time>2026-01-01T01:17:41.000Z</time>
<extensions><trainlcd:accuracy>16</trainlcd:accuracy></extensions>
</wpt>
<wpt lat="35.7887972" lon="139.4592414">
<time>2026-01-01T01:17:42.000Z</time>
<extensions><trainlcd:accuracy>8</trainlcd:accuracy></extensions>
</wpt>
<wpt lat="35.7888244" lon="139.4590648">
<time>2026-01-01T01:17:43.000Z</time>
<extensions><trainlcd:accuracy>17</trainlcd:accuracy></extensions>
</wpt>
<wpt lat="35.7888516" lon="139.4588882">
<time>2026-01-01T01:17:44.000Z</time>
<extensions><trainlcd:accuracy>9</trainlcd:accuracy></extensions>
</wpt>
<wpt lat="35.7888788" lon="139.4587117">
<time>2026-01-01T01:17:45.000Z</time>
<extensions><trainlcd:accuracy>9</trainlcd:accuracy></extensions>
</wpt>
<wpt lat="35.7889060" lon="139.4585351">
<time>2026-01-01T01:17:46.000Z</time>
<extensions><trainlcd:accuracy>16</trainlcd:accuracy></extensions>
</wpt>
<wpt lat="35.7889332" lon="139.4583586">
<time>2026-01-01T01:17:47.000Z</time>
<extensions><trainlcd:accuracy>18</trainlcd:accuracy></extensions>
</wpt>
<wpt lat="35.7889604" lon="139.4581820">
<time>2026-01-01T01:17:48.000Z</time>
<extensions><trainlcd:accuracy>14</trainlcd:accuracy></extensions>
</wpt>
<wpt lat="35.7889876" lon="139.4580055">
<time>2026-01-01T01:17:49.000Z</time>
<extensions><trainlcd:accuracy>17</trainlcd:accuracy></extensions>
</wpt>
<wpt lat="35.7890148" lon="139.4578289">
<time>2026-01-01T01:17:50.000Z</time>
<extensions><trainlcd:accuracy>10</trainlcd:accuracy></extensions>
</wpt>
<wpt lat="35.7890421" lon="139.4576523">
<time>2026-01-01T01:17:51.000Z</time>
<extensions><trainlcd:accuracy>13</trainlcd:accuracy></extensions>
</wpt>
<wpt lat="35.7890693" lon="139.4574758">
<time>2026-01-01T01:17:52.000Z</time>
<extensions><trainlcd:accuracy>11</trainlcd:accuracy></extensions>
</wpt>
<wpt lat="35.7890965" lon="139.4572992">
<time>2026-01-01T01:17:53.000Z</time>
<extensions><trainlcd:accuracy>9</trainlcd:accuracy></extensions>
</wpt>
<wpt lat="35.7891237" lon="139.4571227">
<time>2026-01-01T01:17:54.000Z</time>
<extensions><trainlcd:accuracy>20</trainlcd:accuracy></extensions>
</wpt>
<wpt lat="35.7891509" lon="139.4569461">
<time>2026-01-01T01:17:55.000Z</time>
<extensions><trainlcd:accuracy>11</trainlcd:accuracy></extensions>
</wpt>
<wpt lat="35.7891781" lon="139.4567695">
<time>2026-01-01T01:17:56.000Z</time>
<extensions><trainlcd:accuracy>14</trainlcd:accuracy></extensions>
</wpt>
<wpt lat="35.7892053" lon="139.4565930">
<time>2026-01-01T01:17:57.000Z</time>
<extensions><trainlcd:accuracy>10</trainlcd:accuracy></extensions>
</wpt>
<wpt lat="35.7892325" lon="139.4564164">
<time>2026-01-01T01:17:58.000Z</time>
<extensions><trainlcd:accuracy>20</trainlcd:accuracy></extensions>
</wpt>
<wpt lat="35.7892597" lon="139.4562399">
<time>2026-01-01T01:17:59.000Z</time>
<extensions><trainlcd:accuracy>8</trainlcd:accuracy></extensions>
</wpt>
<wpt lat="35.7892869" lon="139.4560633">
<time>2026-01-01T01:18:00.000Z</time>
<extensions><trainlcd:accuracy>12</trainlcd:accuracy></extensions>
</wpt>
<wpt lat="35.7893579" lon="139.4558713">
<time>2026-01-01T01:18:01.000Z</time>
<extensions><trainlcd:accuracy>9</trainlcd:accuracy></extensions>
</wpt>
<wpt lat="35.7894921" lon="139.4556569">
<time>2026-01-01T01:18:02.000Z</time>
<extensions><trainlcd:accuracy>13</trainlcd:accuracy></extensions>
</wpt>
<wpt lat="35.7896263" lon="139.4554426">
<time>2026-01-01T01:18:03.000Z</time>
<extensions><trainlcd:accuracy>17</trainlcd:accuracy></extensions>
</wpt>
<wpt lat="35.7897605" lon="139.4552282">
<time>2026-01-01T01:18:04.000Z</time>
<extensions><trainlcd:accuracy>16</trainlcd:accuracy></extensions>
</wpt>
<wpt lat="35.7898946" lon="139.4550139">
<time>2026-01-01T01:18:05.000Z</time>
<extensions><trainlcd:accuracy>13</trainlcd:accuracy></extensions>
</wpt>
<wpt lat="35.7900288" lon="139.4547995">
<time>2026-01-01T01:18:06.000Z</time>
<extensions><trainlcd:accuracy>12</trainlcd:accuracy></extensions>
</wpt>
<wpt lat="35.7901630" lon="139.4545852">
<time>2026-01-01T01:18:07.000Z</time>
<extensions><trainlcd:accuracy>10</trainlcd:accuracy></extensions>
</wpt>
<wpt lat="35.7902972" lon="139.4543708">
<time>2026-01-01T01:18:08.000Z</time>
<extensions><trainlcd:accuracy>8</trainlcd:accuracy></extensions>
</wpt>
<wpt lat="35.7904314" lon="139.4541565">
<time>2026-01-01T01:18:09.000Z</time>
<extensions><trainlcd:accuracy>11</trainlcd:accuracy></extensions>
</wpt>
<wpt lat="35.7905655" lon="139.4539421">
<time>2026-01-01T01:18:10.000Z</time>
<extensions><trainlcd:accuracy>18</trainlcd:accuracy></extensions>
</wpt>
<wpt lat="35.7906997" lon="139.4537277">
<time>2026-01-01T01:18:11.000Z</time>
<extensions><trainlcd:accuracy>13</trainlcd:accuracy></extensions>
</wpt>
<wpt lat="35.7908339" lon="139.4535134">
<time>2026-01-01T01:18:12.000Z</time>
<extensions><trainlcd:accuracy>19</trainlcd:accuracy></extensions>
</wpt>
<wpt lat="35.7909681" lon="139.4532990">
<time>2026-01-01T01:18:13.000Z</time>
<extensions><trainlcd:accuracy>12</trainlcd:accuracy></extensions>
</wpt>
<wpt lat="35.7911023" lon="139.4530847">
<time>2026-01-01T01:18:14.000Z</time>
<extensions><trainlcd:accuracy>11</trainlcd:accuracy></extensions>
</wpt>
<wpt lat="35.7912365" lon="139.4528703">
<time>2026-01-01T01:18:15.000Z</time>
<extensions><trainlcd:accuracy>17</trainlcd:accuracy></extensions>
</wpt>
<wpt lat="35.7913706" lon="139.4526560">
<time>2026-01-01T01:18:16.000Z</time>
<extensions><trainlcd:accuracy>9</trainlcd:accuracy></extensions>
</wpt>
<wpt lat="35.7915048" lon="139.4524416">
<time>2026-01-01T01:18:17.000Z</time>
<extensions><trainlcd:accuracy>15</trainlcd:accuracy></extensions>
</wpt>
<wpt lat="35.7916390" lon="139.4522273">
<time>2026-01-01T01:18:18.000Z</time>
<extensions><trainlcd:accuracy>8</trainlcd:accuracy></extensions>
</wpt>
<wpt lat="35.7917732" lon="139.4520129">
<time>2026-01-01T01:18:19.000Z</time>
<extensions><trainlcd:accuracy>12</trainlcd:accuracy></extensions>
</wpt>
<wpt lat="35.7919074" lon="139.4517986">
<time>2026-01-01T01:18:20.000Z</time>
<extensions><trainlcd:accuracy>20</trainlcd:accuracy></extensions>
</wpt>
<wpt lat="35.7920415" lon="139.4515842">
<time>2026-01-01T01:18:21.000Z</time>
<extensions><trainlcd:accuracy>18</trainlcd:accuracy></extensions>
</wpt>
<wpt lat="35.7921757" lon="139.4513698">
<time>2026-01-01T01:18:22.000Z</time>
<extensions><trainlcd:accuracy>16</trainlcd:accuracy></extensions>
</wpt>
<wpt lat="35.7923099" lon="139.4511555">
<time>2026-01-01T01:18:23.000Z</time>
<extensions><trainlcd:accuracy>17</trainlcd:accuracy></extensions>
</wpt>
<wpt lat="35.7924441" lon="139.4509411">
<time>2026-01-01T01:18:24.000Z</time>
<extensions><trainlcd:accuracy>12</trainlcd:accuracy></extensions>
</wpt>
<wpt lat="35.7925783" lon="139.4507268">
<time>2026-01-01T01:18:25.000Z</time>
<extensions><trainlcd:accuracy>15</trainlcd:accuracy></extensions>
</wpt>
<wpt lat="35.7927125" lon="139.4505124">
<time>2026-01-01T01:18:26.000Z</time>
<extensions><trainlcd:accuracy>9</trainlcd:accuracy></extensions>
</wpt>
<wpt lat="35.7928466" lon="139.4502981">
<time>2026-01-01T01:18:27.000Z</time>
<extensions><trainlcd:accuracy>17</trainlcd:accuracy></extensions>
</wpt>
<wpt lat="35.7929808" lon="139.4500837">
<time>2026-01-01T01:18:28.000Z</time>
<extensions><trainlcd:accuracy>16</trainlcd:accuracy></extensions>
</wpt>
<wpt lat="35.7931150" lon="139.4498694">
<time>2026-01-01T01:18:29.000Z</time>
<extensions><trainlcd:accuracy>13</trainlcd:accuracy></extensions>
</wpt>
<wpt lat="35.7932492" lon="139.4496550">
<time>2026-01-01T01:18:30.000Z</time>
<extensions><trainlcd:accuracy>10</trainlcd:accuracy></extensions>
</wpt>
<wpt lat="35.7933834" lon="139.4494407">
<time>2026-01-01T01:18:31.000Z</time>
<extensions><trainlcd:accuracy>12</trainlcd:accuracy></extensions>
</wpt>
<wpt lat="35.7935176" lon="139.4492263">
<time>2026-01-01T01:18:32.000Z</time>
<extensions><trainlcd:accuracy>19</trainlcd:accuracy></extensions>
</wpt>
<wpt lat="35.7936517" lon="139.4490119">
<time>2026-01-01T01:18:33.000Z</time>
<extensions><trainlcd:accuracy>16</trainlcd:accuracy></extensions>
</wpt>
<wpt lat="35.7937859" lon="139.4487976">
<time>2026-01-01T01:18:34.000Z</time>
<extensions><trainlcd:accuracy>14</trainlcd:accuracy></extensions>
</wpt>
<wpt lat="35.7939201" lon="139.4485832">
<time>2026-01-01T01:18:35.000Z</time>
<extensions><trainlcd:accuracy>20</trainlcd:accuracy></extensions>
</wpt>
<wpt lat="35.7940543" lon="139.4483689">
<time>2026-01-01T01:18:36.000Z</time>
<extensions><trainlcd:accuracy>18</trainlcd:accuracy></extensions>
</wpt>
<wpt lat="35.7941885" lon="139.4481545">
<time>2026-01-01T01:18:37.000Z</time>
<extensions><trainlcd:accuracy>16</trainlcd:accuracy></extensions>
</wpt>
<wpt lat="35.7943226" lon="139.4479402">
<time>2026-01-01T01:18:38.000Z</time>
<extensions><trainlcd:accuracy>10</trainlcd:accuracy></extensions>
</wpt>
<wpt lat="35.7944568" lon="139.4477258">
<time>2026-01-01T01:18:39.000Z</time>
<extensions><trainlcd:accuracy>17</trainlcd:accuracy></extensions>
</wpt>
<wpt lat="35.7945910" lon="139.4475115">
<time>2026-01-01T01:18:40.000Z</time>
<extensions><trainlcd:accuracy>10</trainlcd:accuracy></extensions>
</wpt>
<wpt lat="35.7947252" lon="139.4472971">
<time>2026-01-01T01:18:41.000Z</time>
<extensions><trainlcd:accuracy>14</trainlcd:accuracy></extensions>
</wpt>
<wpt lat="35.7948594" lon="139.4470828">
<time>2026-01-01T01:18:42.000Z</time>
<extensions><trainlcd:accuracy>13</trainlcd:accuracy></extensions>
</wpt>
<wpt lat="35.7949936" lon="139.4468684">
<time>2026-01-01T01:18:43.000Z</time>
<extensions><trainlcd:accuracy>18</trainlcd:accuracy></extensions>
</wpt>
<wpt lat="35.7951277" lon="139.4466540">
<time>2026-01-01T01:18:44.000Z</time>
<extensions><trainlcd:accuracy>9</trainlcd:accuracy></extensions>
</wpt>
<wpt lat="35.7952619" lon="139.4464397">
<time>2026-01-01T01:18:45.000Z</time>
<extensions><trainlcd:accuracy>19</trainlcd:accuracy></extensions>
</wpt>
<wpt lat="35.7953961" lon="139.4462253">
<time>2026-01-01T01:18:46.000Z</time>
<extensions><trainlcd:accuracy>8</trainlcd:accuracy></extensions>
</wpt>
<wpt lat="35.7955303" lon="139.4460110">
<time>2026-01-01T01:18:47.000Z</time>
<extensions><trainlcd:accuracy>11</trainlcd:accuracy></extensions>
</wpt>
<wpt lat="35.7956645" lon="139.4457966">
<time>2026-01-01T01:18:48.000Z</time>
<extensions><trainlcd:accuracy>19</trainlcd:accuracy></extensions>
</wpt>
<wpt lat="35.7957986" lon="139.4455823">
<time>2026-01-01T01:18:49.000Z</time>
<extensions><trainlcd:accuracy>16</trainlcd:accuracy></extensions>
</wpt>
<wpt lat="35.7959328" lon="139.4453679">
<time>2026-01-01T01:18:50.000Z</time>
<extensions><trainlcd:accuracy>8</trainlcd:accuracy></extensions>
</wpt>
<wpt lat="35.7960670" lon="139.4451536">
<time>2026-01-01T01:18:51.000Z</time>
<extensions><trainlcd:accuracy>15</trainlcd:accuracy></extensions>
</wpt>
<wpt lat="35.7962012" lon="139.4449392">
<time>2026-01-01T01:18:52.000Z</time>
<extensions><trainlcd:accuracy>10</trainlcd:accuracy></extensions>
</wpt>
<wpt lat="35.7963354" lon="139.4447249">
<time>2026-01-01T01:18:53.000Z</time>
<extensions><trainlcd:accuracy>18</trainlcd:accuracy></extensions>
</wpt>
<wpt lat="35.7964696" lon="139.4445105">
<time>2026-01-01T01:18:54.000Z</time>
<extensions><trainlcd:accuracy>12</trainlcd:accuracy></extensions>
</wpt>
<wpt lat="35.7966037" lon="139.4442961">
<time>2026-01-01T01:18:55.000Z</time>
<extensions><trainlcd:accuracy>13</trainlcd:accuracy></extensions>
</wpt>
<wpt lat="35.7967379" lon="139.4440818">
<time>2026-01-01T01:18:56.000Z</time>
<extensions><trainlcd:accuracy>14</trainlcd:accuracy></extensions>
</wpt>
<wpt lat="35.7968721" lon="139.4438674">
<time>2026-01-01T01:18:57.000Z</time>
<extensions><trainlcd:accuracy>13</trainlcd:accuracy></extensions>
</wpt>
<wpt lat="35.7970063" lon="139.4436531">
<time>2026-01-01T01:18:58.000Z</time>
<extensions><trainlcd:accuracy>15</trainlcd:accuracy></extensions>
</wpt>
<wpt lat="35.7971405" lon="139.4434387">
<time>2026-01-01T01:18:59.000Z</time>
<extensions><trainlcd:accuracy>14</trainlcd:accuracy></extensions>
</wpt>
<wpt lat="35.7972747" lon="139.4432244">
<time>2026-01-01T01:19:00.000Z</time>
<extensions><trainlcd:accuracy>19</trainlcd:accuracy></extensions>
</wpt>
<wpt lat="35.7974088" lon="139.4430100">
<time>2026-01-01T01:19:01.000Z</time>
<extensions><trainlcd:accuracy>11</trainlcd:accuracy></extensions>
</wpt>
<wpt lat="35.7975430" lon="139.4427957">
<time>2026-01-01T01:19:02.000Z</time>
<extensions><trainlcd:accuracy>20</trainlcd:accuracy></extensions>
</wpt>
<wpt lat="35.7976772" lon="139.4425813">
<time>2026-01-01T01:19:03.000Z</time>
<extensions><trainlcd:accuracy>11</trainlcd:accuracy></extensions>
</wpt>
<wpt lat="35.7978114" lon="139.4423670">
<time>2026-01-01T01:19:04.000Z</time>
<extensions><trainlcd:accuracy>15</trainlcd:accuracy></extensions>
</wpt>
<wpt lat="35.7979456" lon="139.4421526">
<time>2026-01-01T01:19:05.000Z</time>
<extensions><trainlcd:accuracy>11</trainlcd:accuracy></extensions>
</wpt>
<wpt lat="35.7980797" lon="139.4419382">
<time>2026-01-01T01:19:06.000Z</time>
<extensions><trainlcd:accuracy>14</trainlcd:accuracy></extensions>
</wpt>
<wpt lat="35.7982139" lon="139.4417239">
<time>2026-01-01T01:19:07.000Z</time>
<extensions><trainlcd:accuracy>9</trainlcd:accuracy></extensions>
</wpt>
<wpt lat="35.7983481" lon="139.4415095">
<time>2026-01-01T01:19:08.000Z</time>
<extensions><trainlcd:accuracy>17</trainlcd:accuracy></extensions>
</wpt>
<wpt lat="35.7984823" lon="139.4412952">
<time>2026-01-01T01:19:09.000Z</time>
<extensions><trainlcd:accuracy>9</trainlcd:accuracy></extensions>
</wpt>
<wpt lat="35.7986165" lon="139.4410808">
<time>2026-01-01T01:19:10.000Z</time>
<extensions><trainlcd:accuracy>16</trainlcd:accuracy></extensions>
</wpt>
<wpt lat="35.7987507" lon="139.4408665">
<time>2026-01-01T01:19:11.000Z</time>
<extensions><trainlcd:accuracy>11</trainlcd:accuracy></extensions>
</wpt>
<wpt lat="35.7988800" lon="139.4406599">
<time>2026-01-01T01:19:12.000Z</time>
<extensions><trainlcd:accuracy>16</trainlcd:accuracy></extensions>
</wpt>
<wpt lat="35.7990044" lon="139.4404611">
<time>2026-01-01T01:19:13.000Z</time>
<extensions><trainlcd:accuracy>15</trainlcd:accuracy></extensions>
</wpt>
<wpt lat="35.7991240" lon="139.4402700">
<time>2026-01-01T01:19:14.000Z</time>
<extensions><trainlcd:accuracy>19</trainlcd:accuracy></extensions>
</wpt>
<wpt lat="35.7992387" lon="139.4400868">
<time>2026-01-01T01:19:15.000Z</time>
<extensions><trainlcd:accuracy>13</trainlcd:accuracy></extensions>
</wpt>
<wpt lat="35.7993486" lon="139.4399112">
<time>2026-01-01T01:19:16.000Z</time>
<extensions><trainlcd:accuracy>11</trainlcd:accuracy></extensions>
</wpt>
<wpt lat="35.7994536" lon="139.4397435">
<time>2026-01-01T01:19:17.000Z</time>
<extensions><trainlcd:accuracy>8</trainlcd:accuracy></extensions>
</wpt>
<wpt lat="35.7995537" lon="139.4395836">
<time>2026-01-01T01:19:18.000Z</time>
<extensions><trainlcd:accuracy>15</trainlcd:accuracy></extensions>
</wpt>
<wpt lat="35.7996490" lon="139.4394314">
<time>2026-01-01T01:19:19.000Z</time>
<extensions><trainlcd:accuracy>16</trainlcd:accuracy></extensions>
</wpt>
<wpt lat="35.7997394" lon="139.4392869">
<time>2026-01-01T01:19:20.000Z</time>
<extensions><trainlcd:accuracy>14</trainlcd:accuracy></extensions>
</wpt>
<wpt lat="35.7998250" lon="139.4391503">
<time>2026-01-01T01:19:21.000Z</time>
<extensions><trainlcd:accuracy>20</trainlcd:accuracy></extensions>
</wpt>
<wpt lat="35.7999056" lon="139.4390214">
<time>2026-01-01T01:19:22.000Z</time>
<extensions><trainlcd:accuracy>13</trainlcd:accuracy></extensions>
</wpt>
<wpt lat="35.7999815" lon="139.4389003">
<time>2026-01-01T01:19:23.000Z</time>
<extensions><trainlcd:accuracy>19</trainlcd:accuracy></extensions>
</wpt>
<wpt lat="35.8000524" lon="139.4387869">
<time>2026-01-01T01:19:24.000Z</time>
<extensions><trainlcd:accuracy>14</trainlcd:accuracy></extensions>
</wpt>
<wpt lat="35.8001185" lon="139.4386814">
<time>2026-01-01T01:19:25.000Z</time>
<extensions><trainlcd:accuracy>16</trainlcd:accuracy></extensions>
</wpt>
<wpt lat="35.8001797" lon="139.4385836">
<time>2026-01-01T01:19:26.000Z</time>
<extensions><trainlcd:accuracy>19</trainlcd:accuracy></extensions>
</wpt>
<wpt lat="35.8002361" lon="139.4384935">
<time>2026-01-01T01:19:27.000Z</time>
<extensions><trainlcd:accuracy>14</trainlcd:accuracy></extensions>
</wpt>
<wpt lat="35.8002876" lon="139.4384113">
<time>2026-01-01T01:19:28.000Z</time>
<extensions><trainlcd:accuracy>13</trainlcd:accuracy></extensions>
</wpt>
<wpt lat="35.8003342" lon="139.4383368">
<time>2026-01-01T01:19:29.000Z</time>
<extensions><trainlcd:accuracy>13</trainlcd:accuracy></extensions>
</wpt>
<wpt lat="35.8003760" lon="139.4382701">
<time>2026-01-01T01:19:30.000Z</time>
<extensions><trainlcd:accuracy>12</trainlcd:accuracy></extensions>
</wpt>
<wpt lat="35.8004129" lon="139.4382111">
<time>2026-01-01T01:19:31.000Z</time>
<extensions><trainlcd:accuracy>14</trainlcd:accuracy></extensions>
</wpt>
<wpt lat="35.8004449" lon="139.4381599">
<time>2026-01-01T01:19:32.000Z</time>
<extensions><trainlcd:accuracy>11</trainlcd:accuracy></extensions>
</wpt>
<wpt lat="35.8004721" lon="139.4381165">
<time>2026-01-01T01:19:33.000Z</time>
<extensions><trainlcd:accuracy>10</trainlcd:accuracy></extensions>
</wpt>
<wpt lat="35.8004944" lon="139.4380809">
<time>2026-01-01T01:19:34.000Z</time>
<extensions><trainlcd:accuracy>17</trainlcd:accuracy></extensions>
</wpt>
<wpt lat="35.8005118" lon="139.4380530">
<time>2026-01-01T01:19:35.000Z</time>
<extensions><trainlcd:accuracy>18</trainlcd:accuracy></extensions>
</wpt>
<wpt lat="35.8005244" lon="139.4380329">
<time>2026-01-01T01:19:36.000Z</time>
<extensions><trainlcd:accuracy>12</trainlcd:accuracy></extensions>
</wpt>
<wpt lat="35.8005321" lon="139.4380206">
<time>2026-01-01T01:19:37.000Z</time>
<extensions><trainlcd:accuracy>17</trainlcd:accuracy></extensions>
</wpt>
<wpt lat="35.8005350" lon="139.4380160">
<time>2026-01-01T01:19:38.000Z</time>
<extensions><trainlcd:accuracy>18</trainlcd:accuracy></extensions>
</wpt>
<wpt lat="35.8005350" lon="139.4380160">
<time>2026-01-01T01:19:39.000Z</time>
<extensions><trainlcd:accuracy>16</trainlcd:accuracy></extensions>
</wpt>
<wpt lat="35.8005350" lon="139.4380160">
<time>2026-01-01T01:19:40.000Z</time>
<extensions><trainlcd:accuracy>17</trainlcd:accuracy></extensions>
</wpt>
<wpt lat="35.8005350" lon="139.4380160">
<time>2026-01-01T01:19:41.000Z</time>
<extensions><trainlcd:accuracy>19</trainlcd:accuracy></extensions>
</wpt>
<wpt lat="35.8005350" lon="139.4380160">
<time>2026-01-01T01:19:42.000Z</time>
<extensions><trainlcd:accuracy>10</trainlcd:accuracy></extensions>
</wpt>
<wpt lat="35.8005350" lon="139.4380160">
<time>2026-01-01T01:19:43.000Z</time>
<extensions><trainlcd:accuracy>10</trainlcd:accuracy></extensions>
</wpt>
<wpt lat="35.8005350" lon="139.4380160">
<time>2026-01-01T01:19:44.000Z</time>
<extensions><trainlcd:accuracy>14</trainlcd:accuracy></extensions>
</wpt>
<wpt lat="35.8005350" lon="139.4380160">
<time>2026-01-01T01:19:45.000Z</time>
<extensions><trainlcd:accuracy>15</trainlcd:accuracy></extensions>
</wpt>
<wpt lat="35.8005350" lon="139.4380160">
<time>2026-01-01T01:19:46.000Z</time>
<extensions><trainlcd:accuracy>9</trainlcd:accuracy></extensions>
</wpt>
<wpt lat="35.8005350" lon="139.4380160">
<time>2026-01-01T01:19:47.000Z</time>
<extensions><trainlcd:accuracy>17</trainlcd:accuracy></extensions>
</wpt>
<wpt lat="35.8005350" lon="139.4380160">
<time>2026-01-01T01:19:48.000Z</time>
<extensions><trainlcd:accuracy>15</trainlcd:accuracy></extensions>
</wpt>
<wpt lat="35.8005350" lon="139.4380160">
<time>2026-01-01T01:19:49.000Z</time>
<extensions><trainlcd:accuracy>18</trainlcd:accuracy></extensions>
</wpt>
<wpt lat="35.8005350" lon="139.4380160">
<time>2026-01-01T01:19:50.000Z</time>
<extensions><trainlcd:accuracy>15</trainlcd:accuracy></extensions>
</wpt>
<wpt lat="35.8005350" lon="139.4380160">
<time>2026-01-01T01:19:51.000Z</time>
<extensions><trainlcd:accuracy>18</trainlcd:accuracy></extensions>
</wpt>
<wpt lat="35.8005350" lon="139.4380160">
<time>2026-01-01T01:19:52.000Z</time>
<extensions><trainlcd:accuracy>13</trainlcd:accuracy></extensions>
</wpt>
<wpt lat="35.8005350" lon="139.4380160">
<time>2026-01-01T01:19:53.000Z</time>
<extensions><trainlcd:accuracy>11</trainlcd:accuracy></extensions>
</wpt>
<wpt lat="35.8005350" lon="139.4380160">
<time>2026-01-01T01:19:54.000Z</time>
<extensions><trainlcd:accuracy>19</trainlcd:accuracy></extensions>
</wpt>
<wpt lat="35.8005350" lon="139.4380160">
<time>2026-01-01T01:19:55.000Z</time>
<extensions><trainlcd:accuracy>18</trainlcd:accuracy></extensions>
</wpt>
<wpt lat="35.8005350" lon="139.4380160">
<time>2026-01-01T01:19:56.000Z</time>
<extensions><trainlcd:accuracy>13</trainlcd:accuracy></extensions>
</wpt>
<wpt lat="35.8005350" lon="139.4380160">
<time>2026-01-01T01:19:57.000Z</time>
<extensions><trainlcd:accuracy>14</trainlcd:accuracy></extensions>
</wpt>
<wpt lat="35.8005350" lon="139.4380160">
<time>2026-01-01T01:19:58.000Z</time>
<extensions><trainlcd:accuracy>14</trainlcd:accuracy></extensions>
</wpt>
<wpt lat="35.8005350" lon="139.4380160">
<time>2026-01-01T01:19:59.000Z</time>
<extensions><trainlcd:accuracy>19</trainlcd:accuracy></extensions>
</wpt>
<wpt lat="35.8005350" lon="139.4380160">
<time>2026-01-01T01:20:00.000Z</time>
<extensions><trainlcd:accuracy>19</trainlcd:accuracy></extensions>
</wpt>
<wpt lat="35.8005350" lon="139.4380160">
<time>2026-01-01T01:20:01.000Z</time>
<extensions><trainlcd:accuracy>17</trainlcd:accuracy></extensions>
</wpt>
<wpt lat="35.8005350" lon="139.4380160">
<time>2026-01-01T01:20:02.000Z</time>
<extensions><trainlcd:accuracy>15</trainlcd:accuracy></extensions>
</wpt>
<wpt lat="35.8005350" lon="139.4380160">
<time>2026-01-01T01:20:03.000Z</time>
<extensions><trainlcd:accuracy>14</trainlcd:accuracy></extensions>
</wpt>
<wpt lat="35.8005350" lon="139.4380160">
<time>2026-01-01T01:20:04.000Z</time>
<extensions><trainlcd:accuracy>9</trainlcd:accuracy></extensions>
</wpt>
<wpt lat="35.8005350" lon="139.4380160">
<time>2026-01-01T01:20:05.000Z</time>
<extensions><trainlcd:accuracy>14</trainlcd:accuracy></extensions>
</wpt>
<wpt lat="35.8005350" lon="139.4380160">
<time>2026-01-01T01:20:06.000Z</time>
<extensions><trainlcd:accuracy>11</trainlcd:accuracy></extensions>
</wpt>
<wpt lat="35.8005350" lon="139.4380160">
<time>2026-01-01T01:20:07.000Z</time>
<extensions><trainlcd:accuracy>19</trainlcd:accuracy></extensions>
</wpt>
<wpt lat="35.8005350" lon="139.4380160">
<time>2026-01-01T01:20:08.000Z</time>
<extensions><trainlcd:accuracy>19</trainlcd:accuracy></extensions>
</wpt>
<wpt lat="35.8005350" lon="139.4380160">
<time>2026-01-01T01:20:09.000Z</time>
<extensions><trainlcd:accuracy>18</trainlcd:accuracy></extensions>
</wpt>
<wpt lat="35.8005350" lon="139.4380160">
<time>2026-01-01T01:20:10.000Z</time>
<extensions><trainlcd:accuracy>8</trainlcd:accuracy></extensions>
</wpt>
<wpt lat="35.8005350" lon="139.4380160">
<time>2026-01-01T01:20:11.000Z</time>
<extensions><trainlcd:accuracy>18</trainlcd:accuracy></extensions>
</wpt>
<wpt lat="35.8005350" lon="139.4380160">
<time>2026-01-01T01:20:12.000Z</time>
<extensions><trainlcd:accuracy>19</trainlcd:accuracy></extensions>
</wpt>
<wpt lat="35.8005350" lon="139.4380160">
<time>2026-01-01T01:20:13.000Z</time>
<extensions><trainlcd:accuracy>14</trainlcd:accuracy></extensions>
</wpt>
<wpt lat="35.8005350" lon="139.4380160">
<time>2026-01-01T01:20:14.000Z</time>
<extensions><trainlcd:accuracy>8</trainlcd:accuracy></extensions>
</wpt>
<wpt lat="35.8005350" lon="139.4380160">
<time>2026-01-01T01:20:15.000Z</time>
<extensions><trainlcd:accuracy>9</trainlcd:accuracy></extensions>
</wpt>
<wpt lat="35.8005381" lon="139.4380093">
<time>2026-01-01T01:20:16.000Z</time>
<extensions><trainlcd:accuracy>9</trainlcd:accuracy></extensions>
</wpt>
<wpt lat="35.8005444" lon="139.4379960">
<time>2026-01-01T01:20:17.000Z</time>
<extensions><trainlcd:accuracy>8</trainlcd:accuracy></extensions>
</wpt>
<wpt lat="35.8005539" lon="139.4379759">
<time>2026-01-01T01:20:18.000Z</time>
<extensions><trainlcd:accuracy>10</trainlcd:accuracy></extensions>
</wpt>
<wpt lat="35.8005664" lon="139.4379492">
<time>2026-01-01T01:20:19.000Z</time>
<extensions><trainlcd:accuracy>10</trainlcd:accuracy></extensions>
</wpt>
<wpt lat="35.8005822" lon="139.4379159">
<time>2026-01-01T01:20:20.000Z</time>
<extensions><trainlcd:accuracy>15</trainlcd:accuracy></extensions>
</wpt>
<wpt lat="35.8006010" lon="139.4378758">
<time>2026-01-01T01:20:21.000Z</time>
<extensions><trainlcd:accuracy>8</trainlcd:accuracy></extensions>
</wpt>
<wpt lat="35.8006230" lon="139.4378291">
<time>2026-01-01T01:20:22.000Z</time>
<extensions><trainlcd:accuracy>16</trainlcd:accuracy></extensions>
</wpt>
<wpt lat="35.8006482" lon="139.4377757">
<time>2026-01-01T01:20:23.000Z</time>
<extensions><trainlcd:accuracy>13</trainlcd:accuracy></extensions>
</wpt>
<wpt lat="35.8006765" lon="139.4377156">
<time>2026-01-01T01:20:24.000Z</time>
<extensions><trainlcd:accuracy>11</trainlcd:accuracy></extensions>
</wpt>
<wpt lat="35.8007079" lon="139.4376488">
<time>2026-01-01T01:20:25.000Z</time>
<extensions><trainlcd:accuracy>16</trainlcd:accuracy></extensions>
</wpt>
<wpt lat="35.8007425" lon="139.4375754">
<time>2026-01-01T01:20:26.000Z</time>
<extensions><trainlcd:accuracy>11</trainlcd:accuracy></extensions>
</wpt>
<wpt lat="35.8007802" lon="139.4374953">
<time>2026-01-01T01:20:27.000Z</time>
<extensions><trainlcd:accuracy>11</trainlcd:accuracy></extensions>
</wpt>
<wpt lat="35.8008211" lon="139.4374085">
<time>2026-01-01T01:20:28.000Z</time>
<extensions><trainlcd:accuracy>14</trainlcd:accuracy></extensions>
</wpt>
<wpt lat="35.8008651" lon="139.4373151">
<time>2026-01-01T01:20:29.000Z</time>
<extensions><trainlcd:accuracy>13</trainlcd:accuracy></extensions>
</wpt>
<wpt lat="35.8009123" lon="139.4372149">
<time>2026-01-01T01:20:30.000Z</time>
<extensions><trainlcd:accuracy>11</trainlcd:accuracy></extensions>
</wpt>
<wpt lat="35.8009626" lon="139.4371081">
<time>2026-01-01T01:20:31.000Z</time>
<extensions><trainlcd:accuracy>20</trainlcd:accuracy></extensions>
</wpt>
<wpt lat="35.8010161" lon="139.4369946">
<time>2026-01-01T01:20:32.000Z</time>
<extensions><trainlcd:accuracy>12</trainlcd:accuracy></extensions>
</wpt>
<wpt lat="35.8010726" lon="139.4368745">
<time>2026-01-01T01:20:33.000Z</time>
<extensions><trainlcd:accuracy>16</trainlcd:accuracy></extensions>
</wpt>
<wpt lat="35.8011324" lon="139.4367476">
<time>2026-01-01T01:20:34.000Z</time>
<extensions><trainlcd:accuracy>8</trainlcd:accuracy></extensions>
</wpt>
<wpt lat="35.8011953" lon="139.4366141">
<time>2026-01-01T01:20:35.000Z</time>
<extensions><trainlcd:accuracy>8</trainlcd:accuracy></extensions>
</wpt>
<wpt lat="35.8012613" lon="139.4364739">
<time>2026-01-01T01:20:36.000Z</time>
<extensions><trainlcd:accuracy>16</trainlcd:accuracy></extensions>
</wpt>
<wpt lat="35.8013305" lon="139.4363271">
<time>2026-01-01T01:20:37.000Z</time>
<extensions><trainlcd:accuracy>17</trainlcd:accuracy></extensions>
</wpt>
<wpt lat="35.8014028" lon="139.4361735">
<time>2026-01-01T01:20:38.000Z</time>
<extensions><trainlcd:accuracy>11</trainlcd:accuracy></extensions>
</wpt>
<wpt lat="35.8014782" lon="139.4360133">
<time>2026-01-01T01:20:39.000Z</time>
<extensions><trainlcd:accuracy>17</trainlcd:accuracy></extensions>
</wpt>
<wpt lat="35.8015568" lon="139.4358464">
<time>2026-01-01T01:20:40.000Z</time>
<extensions><trainlcd:accuracy>9</trainlcd:accuracy></extensions>
</wpt>
<wpt lat="35.8016386" lon="139.4356728">
<time>2026-01-01T01:20:41.000Z</time>
<extensions><trainlcd:accuracy>20</trainlcd:accuracy></extensions>
</wpt>
<wpt lat="35.8017235" lon="139.4354926">
<time>2026-01-01T01:20:42.000Z</time>
<extensions><trainlcd:accuracy>13</trainlcd:accuracy></extensions>
</wpt>
<wpt lat="35.8018115" lon="139.4353057">
<time>2026-01-01T01:20:43.000Z</time>
<extensions><trainlcd:accuracy>20</trainlcd:accuracy></extensions>
</wpt>
<wpt lat="35.8019027" lon="139.4351121">
<time>2026-01-01T01:20:44.000Z</time>
<extensions><trainlcd:accuracy>15</trainlcd:accuracy></extensions>
</wpt>
<wpt lat="35.8019942" lon="139.4349179">
<time>2026-01-01T01:20:45.000Z</time>
<extensions><trainlcd:accuracy>10</trainlcd:accuracy></extensions>
</wpt>
<wpt lat="35.8020856" lon="139.4347237">
<time>2026-01-01T01:20:46.000Z</time>
<extensions><trainlcd:accuracy>17</trainlcd:accuracy></extensions>
</wpt>
<wpt lat="35.8021771" lon="139.4345295">
<time>2026-01-01T01:20:47.000Z</time>
<extensions><trainlcd:accuracy>18</trainlcd:accuracy></extensions>
</wpt>
<wpt lat="35.8022686" lon="139.4343353">
<time>2026-01-01T01:20:48.000Z</time>
<extensions><trainlcd:accuracy>9</trainlcd:accuracy></extensions>
</wpt>
<wpt lat="35.8023600" lon="139.4341411">
<time>2026-01-01T01:20:49.000Z</time>
<extensions><trainlcd:accuracy>15</trainlcd:accuracy></extensions>
</wpt>
<wpt lat="35.8024515" lon="139.4339469">
<time>2026-01-01T01:20:50.000Z</time>
<extensions><trainlcd:accuracy>19</trainlcd:accuracy></extensions>
</wpt>
<wpt lat="35.8025430" lon="139.4337527">
<time>2026-01-01T01:20:51.000Z</time>
<extensions><trainlcd:accuracy>10</trainlcd:accuracy></extensions>
</wpt>
<wpt lat="35.8026344" lon="139.4335585">
<time>2026-01-01T01:20:52.000Z</time>
<extensions><trainlcd:accuracy>14</trainlcd:accuracy></extensions>
</wpt>
<wpt lat="35.8027259" lon="139.4333643">
<time>2026-01-01T01:20:53.000Z</time>
<extensions><trainlcd:accuracy>15</trainlcd:accuracy></extensions>
</wpt>
<wpt lat="35.8028174" lon="139.4331701">
<time>2026-01-01T01:20:54.000Z</time>
<extensions><trainlcd:accuracy>19</trainlcd:accuracy></extensions>
</wpt>
<wpt lat="35.8029088" lon="139.4329758">
<time>2026-01-01T01:20:55.000Z</time>
<extensions><trainlcd:accuracy>14</trainlcd:accuracy></extensions>
</wpt>
<wpt lat="35.8030003" lon="139.4327816">
<time>2026-01-01T01:20:56.000Z</time>
<extensions><trainlcd:accuracy>10</trainlcd:accuracy></extensions>
</wpt>
<wpt lat="35.8030918" lon="139.4325874">
<time>2026-01-01T01:20:57.000Z</time>
<extensions><trainlcd:accuracy>15</trainlcd:accuracy></extensions>
</wpt>
<wpt lat="35.8031832" lon="139.4323932">
<time>2026-01-01T01:20:58.000Z</time>
<extensions><trainlcd:accuracy>18</trainlcd:accuracy></extensions>
</wpt>
<wpt lat="35.8032747" lon="139.4321990">
<time>2026-01-01T01:20:59.000Z</time>
<extensions><trainlcd:accuracy>17</trainlcd:accuracy></extensions>
</wpt>
<wpt lat="35.8033662" lon="139.4320048">
<time>2026-01-01T01:21:00.000Z</time>
<extensions><trainlcd:accuracy>13</trainlcd:accuracy></extensions>
</wpt>
<wpt lat="35.8034576" lon="139.4318106">
<time>2026-01-01T01:21:01.000Z</time>
<extensions><trainlcd:accuracy>13</trainlcd:accuracy></extensions>
</wpt>
<wpt lat="35.8035491" lon="139.4316164">
<time>2026-01-01T01:21:02.000Z</time>
<extensions><trainlcd:accuracy>17</trainlcd:accuracy></extensions>
</wpt>
<wpt lat="35.8036406" lon="139.4314222">
<time>2026-01-01T01:21:03.000Z</time>
<extensions><trainlcd:accuracy>18</trainlcd:accuracy></extensions>
</wpt>
<wpt lat="35.8037320" lon="139.4312280">
<time>2026-01-01T01:21:04.000Z</time>
<extensions><trainlcd:accuracy>11</trainlcd:accuracy></extensions>
</wpt>
<wpt lat="35.8038235" lon="139.4310338">
<time>2026-01-01T01:21:05.000Z</time>
<extensions><trainlcd:accuracy>18</trainlcd:accuracy></extensions>
</wpt>
<wpt lat="35.8039150" lon="139.4308396">
<time>2026-01-01T01:21:06.000Z</time>
<extensions><trainlcd:accuracy>18</trainlcd:accuracy></extensions>
</wpt>
<wpt lat="35.8040064" lon="139.4306454">
<time>2026-01-01T01:21:07.000Z</time>
<extensions><trainlcd:accuracy>17</trainlcd:accuracy></extensions>
</wpt>
<wpt lat="35.8040979" lon="139.4304512">
<time>2026-01-01T01:21:08.000Z</time>
<extensions><trainlcd:accuracy>16</trainlcd:accuracy></extensions>
</wpt>
<wpt lat="35.8041894" lon="139.4302570">
<time>2026-01-01T01:21:09.000Z</time>
<extensions><trainlcd:accuracy>9</trainlcd:accuracy></extensions>
</wpt>
<wpt lat="35.8042808" lon="139.4300628">
<time>2026-01-01T01:21:10.000Z</time>
<extensions><trainlcd:accuracy>18</trainlcd:accuracy></extensions>
</wpt>
<wpt lat="35.8043723" lon="139.4298686">
<time>2026-01-01T01:21:11.000Z</time>
<extensions><trainlcd:accuracy>15</trainlcd:accuracy></extensions>
</wpt>
<wpt lat="35.8044638" lon="139.4296744">
<time>2026-01-01T01:21:12.000Z</time>
<extensions><trainlcd:accuracy>11</trainlcd:accuracy></extensions>
</wpt>
<wpt lat="35.8045552" lon="139.4294802">
<time>2026-01-01T01:21:13.000Z</time>
<extensions><trainlcd:accuracy>13</trainlcd:accuracy></extensions>
</wpt>
<wpt lat="35.8046467" lon="139.4292860">
<time>2026-01-01T01:21:14.000Z</time>
<extensions><trainlcd:accuracy>11</trainlcd:accuracy></extensions>
</wpt>
<wpt lat="35.8047382" lon="139.4290918">
<time>2026-01-01T01:21:15.000Z</time>
<extensions><trainlcd:accuracy>19</trainlcd:accuracy></extensions>
</wpt>
<wpt lat="35.8048296" lon="139.4288976">
<time>2026-01-01T01:21:16.000Z</time>
<extensions><trainlcd:accuracy>12</trainlcd:accuracy></extensions>
</wpt>
<wpt lat="35.8049211" lon="139.4287034">
<time>2026-01-01T01:21:17.000Z</time>
<extensions><trainlcd:accuracy>11</trainlcd:accuracy></extensions>
</wpt>
<wpt lat="35.8050126" lon="139.4285092">
<time>2026-01-01T01:21:18.000Z</time>
<extensions><trainlcd:accuracy>10</trainlcd:accuracy></extensions>
</wpt>
<wpt lat="35.8051040" lon="139.4283150">
<time>2026-01-01T01:21:19.000Z</time>
<extensions><trainlcd:accuracy>9</trainlcd:accuracy></extensions>
</wpt>
<wpt lat="35.8051955" lon="139.4281208">
<time>2026-01-01T01:21:20.000Z</time>
<extensions><trainlcd:accuracy>14</trainlcd:accuracy></extensions>
</wpt>
<wpt lat="35.8052870" lon="139.4279266">
<time>2026-01-01T01:21:21.000Z</time>
<extensions><trainlcd:accuracy>11</trainlcd:accuracy></extensions>
</wpt>
<wpt lat="35.8053784" lon="139.4277324">
<time>2026-01-01T01:21:22.000Z</time>
<extensions><trainlcd:accuracy>12</trainlcd:accuracy></extensions>
</wpt>
<wpt lat="35.8054699" lon="139.4275382">
<time>2026-01-01T01:21:23.000Z</time>
<extensions><trainlcd:accuracy>19</trainlcd:accuracy></extensions>
</wpt>
<wpt lat="35.8055614" lon="139.4273440">
<time>2026-01-01T01:21:24.000Z</time>
<extensions><trainlcd:accuracy>9</trainlcd:accuracy></extensions>
</wpt>
<wpt lat="35.8056528" lon="139.4271498">
<time>2026-01-01T01:21:25.000Z</time>
<extensions><trainlcd:accuracy>13</trainlcd:accuracy></extensions>
</wpt>
<wpt lat="35.8057443" lon="139.4269556">
<time>2026-01-01T01:21:26.000Z</time>
<extensions><trainlcd:accuracy>10</trainlcd:accuracy></extensions>
</wpt>
<wpt lat="35.8058358" lon="139.4267614">
<time>2026-01-01T01:21:27.000Z</time>
<extensions><trainlcd:accuracy>10</trainlcd:accuracy></extensions>
</wpt>
<wpt lat="35.8059272" lon="139.4265672">
<time>2026-01-01T01:21:28.000Z</time>
<extensions><trainlcd:accuracy>13</trainlcd:accuracy></extensions>
</wpt>
<wpt lat="35.8060187" lon="139.4263730">
<time>2026-01-01T01:21:29.000Z</time>
<extensions><trainlcd:accuracy>15</trainlcd:accuracy></extensions>
</wpt>
<wpt lat="35.8061102" lon="139.4261788">
<time>2026-01-01T01:21:30.000Z</time>
<extensions><trainlcd:accuracy>13</trainlcd:accuracy></extensions>
</wpt>
<wpt lat="35.8062016" lon="139.4259845">
<time>2026-01-01T01:21:31.000Z</time>
<extensions><trainlcd:accuracy>19</trainlcd:accuracy></extensions>
</wpt>
<wpt lat="35.8062931" lon="139.4257903">
<time>2026-01-01T01:21:32.000Z</time>
<extensions><trainlcd:accuracy>17</trainlcd:accuracy></extensions>
</wpt>
<wpt lat="35.8063846" lon="139.4255961">
<time>2026-01-01T01:21:33.000Z</time>
<extensions><trainlcd:accuracy>16</trainlcd:accuracy></extensions>
</wpt>
<wpt lat="35.8064760" lon="139.4254019">
<time>2026-01-01T01:21:34.000Z</time>
<extensions><trainlcd:accuracy>13</trainlcd:accuracy></extensions>
</wpt>
<wpt lat="35.8065675" lon="139.4252077">
<time>2026-01-01T01:21:35.000Z</time>
<extensions><trainlcd:accuracy>9</trainlcd:accuracy></extensions>
</wpt>
<wpt lat="35.8066590" lon="139.4250135">
<time>2026-01-01T01:21:36.000Z</time>
<extensions><trainlcd:accuracy>15</trainlcd:accuracy></extensions>
</wpt>
<wpt lat="35.8067504" lon="139.4248193">
<time>2026-01-01T01:21:37.000Z</time>
<extensions><trainlcd:accuracy>10</trainlcd:accuracy></extensions>
</wpt>
<wpt lat="35.8068419" lon="139.4246251">
<time>2026-01-01T01:21:38.000Z</time>
<extensions><trainlcd:accuracy>16</trainlcd:accuracy></extensions>
</wpt>
<wpt lat="35.8069334" lon="139.4244309">
<time>2026-01-01T01:21:39.000Z</time>
<extensions><trainlcd:accuracy>20</trainlcd:accuracy></extensions>
</wpt>
<wpt lat="35.8070248" lon="139.4242367">
<time>2026-01-01T01:21:40.000Z</time>
<extensions><trainlcd:accuracy>13</trainlcd:accuracy></extensions>
</wpt>
<wpt lat="35.8071163" lon="139.4240425">
<time>2026-01-01T01:21:41.000Z</time>
<extensions><trainlcd:accuracy>11</trainlcd:accuracy></extensions>
</wpt>
<wpt lat="35.8072078" lon="139.4238483">
<time>2026-01-01T01:21:42.000Z</time>
<extensions><trainlcd:accuracy>9</trainlcd:accuracy></extensions>
</wpt>
<wpt lat="35.8072992" lon="139.4236541">
<time>2026-01-01T01:21:43.000Z</time>
<extensions><trainlcd:accuracy>19</trainlcd:accuracy></extensions>
</wpt>
<wpt lat="35.8073907" lon="139.4234599">
<time>2026-01-01T01:21:44.000Z</time>
<extensions><trainlcd:accuracy>17</trainlcd:accuracy></extensions>
</wpt>
<wpt lat="35.8074822" lon="139.4232657">
<time>2026-01-01T01:21:45.000Z</time>
<extensions><trainlcd:accuracy>11</trainlcd:accuracy></extensions>
</wpt>
<wpt lat="35.8075736" lon="139.4230715">
<time>2026-01-01T01:21:46.000Z</time>
<extensions><trainlcd:accuracy>20</trainlcd:accuracy></extensions>
</wpt>
<wpt lat="35.8076651" lon="139.4228773">
<time>2026-01-01T01:21:47.000Z</time>
<extensions><trainlcd:accuracy>18</trainlcd:accuracy></extensions>
</wpt>
<wpt lat="35.8077566" lon="139.4226831">
<time>2026-01-01T01:21:48.000Z</time>
<extensions><trainlcd:accuracy>15</trainlcd:accuracy></extensions>
</wpt>
<wpt lat="35.8078480" lon="139.4224889">
<time>2026-01-01T01:21:49.000Z</time>
<extensions><trainlcd:accuracy>10</trainlcd:accuracy></extensions>
</wpt>
<wpt lat="35.8079395" lon="139.4222947">
<time>2026-01-01T01:21:50.000Z</time>
<extensions><trainlcd:accuracy>11</trainlcd:accuracy></extensions>
</wpt>
<wpt lat="35.8080310" lon="139.4221005">
<time>2026-01-01T01:21:51.000Z</time>
<extensions><trainlcd:accuracy>10</trainlcd:accuracy></extensions>
</wpt>
<wpt lat="35.8081224" lon="139.4219063">
<time>2026-01-01T01:21:52.000Z</time>
<extensions><trainlcd:accuracy>16</trainlcd:accuracy></extensions>
</wpt>
<wpt lat="35.8082139" lon="139.4217121">
<time>2026-01-01T01:21:53.000Z</time>
<extensions><trainlcd:accuracy>13</trainlcd:accuracy></extensions>
</wpt>
<wpt lat="35.8083054" lon="139.4215179">
<time>2026-01-01T01:21:54.000Z</time>
<extensions><trainlcd:accuracy>10</trainlcd:accuracy></extensions>
</wpt>
<wpt lat="35.8083968" lon="139.4213237">
<time>2026-01-01T01:21:55.000Z</time>
<extensions><trainlcd:accuracy>14</trainlcd:accuracy></extensions>
</wpt>
<wpt lat="35.8084883" lon="139.4211295">
<time>2026-01-01T01:21:56.000Z</time>
<extensions><trainlcd:accuracy>15</trainlcd:accuracy></extensions>
</wpt>
<wpt lat="35.8085798" lon="139.4209353">
<time>2026-01-01T01:21:57.000Z</time>
<extensions><trainlcd:accuracy>14</trainlcd:accuracy></extensions>
</wpt>
<wpt lat="35.8086712" lon="139.4207411">
<time>2026-01-01T01:21:58.000Z</time>
<extensions><trainlcd:accuracy>11</trainlcd:accuracy></extensions>
</wpt>
<wpt lat="35.8087627" lon="139.4205469">
<time>2026-01-01T01:21:59.000Z</time>
<extensions><trainlcd:accuracy>17</trainlcd:accuracy></extensions>
</wpt>
<wpt lat="35.8088542" lon="139.4203527">
<time>2026-01-01T01:22:00.000Z</time>
<extensions><trainlcd:accuracy>8</trainlcd:accuracy></extensions>
</wpt>
<wpt lat="35.8089456" lon="139.4201585">
<time>2026-01-01T01:22:01.000Z</time>
<extensions><trainlcd:accuracy>15</trainlcd:accuracy></extensions>
</wpt>
<wpt lat="35.8090371" lon="139.4199643">
<time>2026-01-01T01:22:02.000Z</time>
<extensions><trainlcd:accuracy>13</trainlcd:accuracy></extensions>
</wpt>
<wpt lat="35.8091286" lon="139.4197701">
<time>2026-01-01T01:22:03.000Z</time>
<extensions><trainlcd:accuracy>8</trainlcd:accuracy></extensions>
</wpt>
<wpt lat="35.8092200" lon="139.4195759">
<time>2026-01-01T01:22:04.000Z</time>
<extensions><trainlcd:accuracy>12</trainlcd:accuracy></extensions>
</wpt>
<wpt lat="35.8093115" lon="139.4193817">
<time>2026-01-01T01:22:05.000Z</time>
<extensions><trainlcd:accuracy>11</trainlcd:accuracy></extensions>
</wpt>
<wpt lat="35.8094030" lon="139.4191874">
<time>2026-01-01T01:22:06.000Z</time>
<extensions><trainlcd:accuracy>12</trainlcd:accuracy></extensions>
</wpt>
<wpt lat="35.8094944" lon="139.4189932">
<time>2026-01-01T01:22:07.000Z</time>
<extensions><trainlcd:accuracy>10</trainlcd:accuracy></extensions>
</wpt>
<wpt lat="35.8095859" lon="139.4187990">
<time>2026-01-01T01:22:08.000Z</time>
<extensions><trainlcd:accuracy>15</trainlcd:accuracy></extensions>
</wpt>
<wpt lat="35.8096774" lon="139.4186048">
<time>2026-01-01T01:22:09.000Z</time>
<extensions><trainlcd:accuracy>16</trainlcd:accuracy></extensions>
</wpt>
<wpt lat="35.8097688" lon="139.4184106">
<time>2026-01-01T01:22:10.000Z</time>
<extensions><trainlcd:accuracy>15</trainlcd:accuracy></extensions>
</wpt>
<wpt lat="35.8098603" lon="139.4182164">
<time>2026-01-01T01:22:11.000Z</time>
<extensions><trainlcd:accuracy>10</trainlcd:accuracy></extensions>
</wpt>
<wpt lat="35.8099518" lon="139.4180222">
<time>2026-01-01T01:22:12.000Z</time>
<extensions><trainlcd:accuracy>17</trainlcd:accuracy></extensions>
</wpt>
<wpt lat="35.8100432" lon="139.4178280">
<time>2026-01-01T01:22:13.000Z</time>
<extensions><trainlcd:accuracy>13</trainlcd:accuracy></extensions>
</wpt>
<wpt lat="35.8101347" lon="139.4176338">
<time>2026-01-01T01:22:14.000Z</time>
<extensions><trainlcd:accuracy>17</trainlcd:accuracy></extensions>
</wpt>
<wpt lat="35.8102262" lon="139.4174396">
<time>2026-01-01T01:22:15.000Z</time>
<extensions><trainlcd:accuracy>11</trainlcd:accuracy></extensions>
</wpt>
<wpt lat="35.8103176" lon="139.4172454">
<time>2026-01-01T01:22:16.000Z</time>
<extensions><trainlcd:accuracy>16</trainlcd:accuracy></extensions>
</wpt>
<wpt lat="35.8104091" lon="139.4170512">
<time>2026-01-01T01:22:17.000Z</time>
<extensions><trainlcd:accuracy>10</trainlcd:accuracy></extensions>
</wpt>
<wpt lat="35.8105469" lon="139.4169340">
<time>2026-01-01T01:22:18.000Z</time>
<extensions><trainlcd:accuracy>17</trainlcd:accuracy></extensions>
</wpt>
<wpt lat="35.8107145" lon="139.4168664">
<time>2026-01-01T01:22:19.000Z</time>
<extensions><trainlcd:accuracy>14</trainlcd:accuracy></extensions>
</wpt>
<wpt lat="35.8108822" lon="139.4167988">
<time>2026-01-01T01:22:20.000Z</time>
<extensions><trainlcd:accuracy>19</trainlcd:accuracy></extensions>
</wpt>
<wpt lat="35.8110498" lon="139.4167312">
<time>2026-01-01T01:22:21.000Z</time>
<extensions><trainlcd:accuracy>11</trainlcd:accuracy></extensions>
</wpt>
<wpt lat="35.8112175" lon="139.4166637">
<time>2026-01-01T01:22:22.000Z</time>
<extensions><trainlcd:accuracy>11</trainlcd:accuracy></extensions>
</wpt>
<wpt lat="35.8113851" lon="139.4165961">
<time>2026-01-01T01:22:23.000Z</time>
<extensions><trainlcd:accuracy>8</trainlcd:accuracy></extensions>
</wpt>
<wpt lat="35.8115528" lon="139.4165285">
<time>2026-01-01T01:22:24.000Z</time>
<extensions><trainlcd:accuracy>11</trainlcd:accuracy></extensions>
</wpt>
<wpt lat="35.8117204" lon="139.4164610">
<time>2026-01-01T01:22:25.000Z</time>
<extensions><trainlcd:accuracy>13</trainlcd:accuracy></extensions>
</wpt>
<wpt lat="35.8118881" lon="139.4163934">
<time>2026-01-01T01:22:26.000Z</time>
<extensions><trainlcd:accuracy>12</trainlcd:accuracy></extensions>
</wpt>
<wpt lat="35.8120557" lon="139.4163258">
<time>2026-01-01T01:22:27.000Z</time>
<extensions><trainlcd:accuracy>8</trainlcd:accuracy></extensions>
</wpt>
<wpt lat="35.8122234" lon="139.4162583">
<time>2026-01-01T01:22:28.000Z</time>
<extensions><trainlcd:accuracy>19</trainlcd:accuracy></extensions>
</wpt>
<wpt lat="35.8123910" lon="139.4161907">
<time>2026-01-01T01:22:29.000Z</time>
<extensions><trainlcd:accuracy>15</trainlcd:accuracy></extensions>
</wpt>
<wpt lat="35.8125587" lon="139.4161231">
<time>2026-01-01T01:22:30.000Z</time>
<extensions><trainlcd:accuracy>11</trainlcd:accuracy></extensions>
</wpt>
<wpt lat="35.8127263" lon="139.4160556">
<time>2026-01-01T01:22:31.000Z</time>
<extensions><trainlcd:accuracy>14</trainlcd:accuracy></extensions>
</wpt>
<wpt lat="35.8128940" lon="139.4159880">
<time>2026-01-01T01:22:32.000Z</time>
<extensions><trainlcd:accuracy>16</trainlcd:accuracy></extensions>
</wpt>
<wpt lat="35.8130616" lon="139.4159204">
<time>2026-01-01T01:22:33.000Z</time>
<extensions><trainlcd:accuracy>17</trainlcd:accuracy></extensions>
</wpt>
<wpt lat="35.8132293" lon="139.4158529">
<time>2026-01-01T01:22:34.000Z</time>
<extensions><trainlcd:accuracy>12</trainlcd:accuracy></extensions>
</wpt>
<wpt lat="35.8133970" lon="139.4157853">
<time>2026-01-01T01:22:35.000Z</time>
<extensions><trainlcd:accuracy>15</trainlcd:accuracy></extensions>
</wpt>
<wpt lat="35.8135646" lon="139.4157177">
<time>2026-01-01T01:22:36.000Z</time>
<extensions><trainlcd:accuracy>9</trainlcd:accuracy></extensions>
</wpt>
<wpt lat="35.8137323" lon="139.4156502">
<time>2026-01-01T01:22:37.000Z</time>
<extensions><trainlcd:accuracy>13</trainlcd:accuracy></extensions>
</wpt>
<wpt lat="35.8138999" lon="139.4155826">
<time>2026-01-01T01:22:38.000Z</time>
<extensions><trainlcd:accuracy>12</trainlcd:accuracy></extensions>
</wpt>
<wpt lat="35.8140676" lon="139.4155150">
<time>2026-01-01T01:22:39.000Z</time>
<extensions><trainlcd:accuracy>9</trainlcd:accuracy></extensions>
</wpt>
<wpt lat="35.8142352" lon="139.4154475">
<time>2026-01-01T01:22:40.000Z</time>
<extensions><trainlcd:accuracy>18</trainlcd:accuracy></extensions>
</wpt>
<wpt lat="35.8144029" lon="139.4153799">
<time>2026-01-01T01:22:41.000Z</time>
<extensions><trainlcd:accuracy>19</trainlcd:accuracy></extensions>
</wpt>
<wpt lat="35.8145705" lon="139.4153123">
<time>2026-01-01T01:22:42.000Z</time>
<extensions><trainlcd:accuracy>20</trainlcd:accuracy></extensions>
</wpt>
<wpt lat="35.8147382" lon="139.4152447">
<time>2026-01-01T01:22:43.000Z</time>
<extensions><trainlcd:accuracy>13</trainlcd:accuracy></extensions>
</wpt>
<wpt lat="35.8149058" lon="139.4151772">
<time>2026-01-01T01:22:44.000Z</time>
<extensions><trainlcd:accuracy>9</trainlcd:accuracy></extensions>
</wpt>
<wpt lat="35.8150735" lon="139.4151096">
<time>2026-01-01T01:22:45.000Z</time>
<extensions><trainlcd:accuracy>11</trainlcd:accuracy></extensions>
</wpt>
<wpt lat="35.8152411" lon="139.4150420">
<time>2026-01-01T01:22:46.000Z</time>
<extensions><trainlcd:accuracy>10</trainlcd:accuracy></extensions>
</wpt>
<wpt lat="35.8154088" lon="139.4149745">
<time>2026-01-01T01:22:47.000Z</time>
<extensions><trainlcd:accuracy>11</trainlcd:accuracy></extensions>
</wpt>
<wpt lat="35.8155764" lon="139.4149069">
<time>2026-01-01T01:22:48.000Z</time>
<extensions><trainlcd:accuracy>9</trainlcd:accuracy></extensions>
</wpt>
<wpt lat="35.8157441" lon="139.4148393">
<time>2026-01-01T01:22:49.000Z</time>
<extensions><trainlcd:accuracy>16</trainlcd:accuracy></extensions>
</wpt>
<wpt lat="35.8159117" lon="139.4147718">
<time>2026-01-01T01:22:50.000Z</time>
<extensions><trainlcd:accuracy>17</trainlcd:accuracy></extensions>
</wpt>
<wpt lat="35.8160794" lon="139.4147042">
<time>2026-01-01T01:22:51.000Z</time>
<extensions><trainlcd:accuracy>16</trainlcd:accuracy></extensions>
</wpt>
<wpt lat="35.8162471" lon="139.4146366">
<time>2026-01-01T01:22:52.000Z</time>
<extensions><trainlcd:accuracy>19</trainlcd:accuracy></extensions>
</wpt>
<wpt lat="35.8164147" lon="139.4145691">
<time>2026-01-01T01:22:53.000Z</time>
<extensions><trainlcd:accuracy>20</trainlcd:accuracy></extensions>
</wpt>
<wpt lat="35.8165824" lon="139.4145015">
<time>2026-01-01T01:22:54.000Z</time>
<extensions><trainlcd:accuracy>13</trainlcd:accuracy></extensions>
</wpt>
<wpt lat="35.8167500" lon="139.4144339">
<time>2026-01-01T01:22:55.000Z</time>
<extensions><trainlcd:accuracy>10</trainlcd:accuracy></extensions>
</wpt>
<wpt lat="35.8169177" lon="139.4143664">
<time>2026-01-01T01:22:56.000Z</time>
<extensions><trainlcd:accuracy>10</trainlcd:accuracy></extensions>
</wpt>
<wpt lat="35.8170853" lon="139.4142988">
<time>2026-01-01T01:22:57.000Z</time>
<extensions><trainlcd:accuracy>10</trainlcd:accuracy></extensions>
</wpt>
<wpt lat="35.8172530" lon="139.4142312">
<time>2026-01-01T01:22:58.000Z</time>
<extensions><trainlcd:accuracy>12</trainlcd:accuracy></extensions>
</wpt>
<wpt lat="35.8174206" lon="139.4141637">
<time>2026-01-01T01:22:59.000Z</time>
<extensions><trainlcd:accuracy>12</trainlcd:accuracy></extensions>
</wpt>
<wpt lat="35.8175883" lon="139.4140961">
<time>2026-01-01T01:23:00.000Z</time>
<extensions><trainlcd:accuracy>15</trainlcd:accuracy></extensions>
</wpt>
<wpt lat="35.8177559" lon="139.4140285">
<time>2026-01-01T01:23:01.000Z</time>
<extensions><trainlcd:accuracy>19</trainlcd:accuracy></extensions>
</wpt>
<wpt lat="35.8179236" lon="139.4139610">
<time>2026-01-01T01:23:02.000Z</time>
<extensions><trainlcd:accuracy>11</trainlcd:accuracy></extensions>
</wpt>
<wpt lat="35.8180912" lon="139.4138934">
<time>2026-01-01T01:23:03.000Z</time>
<extensions><trainlcd:accuracy>20</trainlcd:accuracy></extensions>
</wpt>
<wpt lat="35.8182589" lon="139.4138258">
<time>2026-01-01T01:23:04.000Z</time>
<extensions><trainlcd:accuracy>9</trainlcd:accuracy></extensions>
</wpt>
<wpt lat="35.8184265" lon="139.4137583">
<time>2026-01-01T01:23:05.000Z</time>
<extensions><trainlcd:accuracy>13</trainlcd:accuracy></extensions>
</wpt>
<wpt lat="35.8185942" lon="139.4136907">
<time>2026-01-01T01:23:06.000Z</time>
<extensions><trainlcd:accuracy>15</trainlcd:accuracy></extensions>
</wpt>
<wpt lat="35.8187619" lon="139.4136231">
<time>2026-01-01T01:23:07.000Z</time>
<extensions><trainlcd:accuracy>15</trainlcd:accuracy></extensions>
</wpt>
<wpt lat="35.8189295" lon="139.4135555">
<time>2026-01-01T01:23:08.000Z</time>
<extensions><trainlcd:accuracy>18</trainlcd:accuracy></extensions>
</wpt>
<wpt lat="35.8190972" lon="139.4134880">
<time>2026-01-01T01:23:09.000Z</time>
<extensions><trainlcd:accuracy>11</trainlcd:accuracy></extensions>
</wpt>
<wpt lat="35.8192648" lon="139.4134204">
<time>2026-01-01T01:23:10.000Z</time>
<extensions><trainlcd:accuracy>17</trainlcd:accuracy></extensions>
</wpt>
<wpt lat="35.8194325" lon="139.4133528">
<time>2026-01-01T01:23:11.000Z</time>
<extensions><trainlcd:accuracy>14</trainlcd:accuracy></extensions>
</wpt>
<wpt lat="35.8196001" lon="139.4132853">
<time>2026-01-01T01:23:12.000Z</time>
<extensions><trainlcd:accuracy>10</trainlcd:accuracy></extensions>
</wpt>
<wpt lat="35.8197678" lon="139.4132177">
<time>2026-01-01T01:23:13.000Z</time>
<extensions><trainlcd:accuracy>13</trainlcd:accuracy></extensions>
</wpt>
<wpt lat="35.8199354" lon="139.4131501">
<time>2026-01-01T01:23:14.000Z</time>
<extensions><trainlcd:accuracy>20</trainlcd:accuracy></extensions>
</wpt>
<wpt lat="35.8201031" lon="139.4130826">
<time>2026-01-01T01:23:15.000Z</time>
<extensions><trainlcd:accuracy>19</trainlcd:accuracy></extensions>
</wpt>
<wpt lat="35.8202707" lon="139.4130150">
<time>2026-01-01T01:23:16.000Z</time>
<extensions><trainlcd:accuracy>14</trainlcd:accuracy></extensions>
</wpt>
<wpt lat="35.8204384" lon="139.4129474">
<time>2026-01-01T01:23:17.000Z</time>
<extensions><trainlcd:accuracy>9</trainlcd:accuracy></extensions>
</wpt>
<wpt lat="35.8206060" lon="139.4128799">
<time>2026-01-01T01:23:18.000Z</time>
<extensions><trainlcd:accuracy>15</trainlcd:accuracy></extensions>
</wpt>
<wpt lat="35.8207737" lon="139.4128123">
<time>2026-01-01T01:23:19.000Z</time>
<extensions><trainlcd:accuracy>19</trainlcd:accuracy></extensions>
</wpt>
<wpt lat="35.8209413" lon="139.4127447">
<time>2026-01-01T01:23:20.000Z</time>
<extensions><trainlcd:accuracy>16</trainlcd:accuracy></extensions>
</wpt>
<wpt lat="35.8211001" lon="139.4126547">
<time>2026-01-01T01:23:21.000Z</time>
<extensions><trainlcd:accuracy>10</trainlcd:accuracy></extensions>
</wpt>
<wpt lat="35.8212575" lon="139.4125614">
<time>2026-01-01T01:23:22.000Z</time>
<extensions><trainlcd:accuracy>10</trainlcd:accuracy></extensions>
</wpt>
<wpt lat="35.8214149" lon="139.4124681">
<time>2026-01-01T01:23:23.000Z</time>
<extensions><trainlcd:accuracy>19</trainlcd:accuracy></extensions>
</wpt>
<wpt lat="35.8215723" lon="139.4123748">
<time>2026-01-01T01:23:24.000Z</time>
<extensions><trainlcd:accuracy>12</trainlcd:accuracy></extensions>
</wpt>
<wpt lat="35.8217297" lon="139.4122815">
<time>2026-01-01T01:23:25.000Z</time>
<extensions><trainlcd:accuracy>16</trainlcd:accuracy></extensions>
</wpt>
<wpt lat="35.8218871" lon="139.4121882">
<time>2026-01-01T01:23:26.000Z</time>
<extensions><trainlcd:accuracy>14</trainlcd:accuracy></extensions>
</wpt>
<wpt lat="35.8220446" lon="139.4120948">
<time>2026-01-01T01:23:27.000Z</time>
<extensions><trainlcd:accuracy>17</trainlcd:accuracy></extensions>
</wpt>
<wpt lat="35.8222020" lon="139.4120015">
<time>2026-01-01T01:23:28.000Z</time>
<extensions><trainlcd:accuracy>18</trainlcd:accuracy></extensions>
</wpt>
<wpt lat="35.8223594" lon="139.4119082">
<time>2026-01-01T01:23:29.000Z</time>
<extensions><trainlcd:accuracy>17</trainlcd:accuracy></extensions>
</wpt>
<wpt lat="35.8225168" lon="139.4118149">
<time>2026-01-01T01:23:30.000Z</time>
<extensions><trainlcd:accuracy>11</trainlcd:accuracy></extensions>
</wpt>
<wpt lat="35.8226742" lon="139.4117216">
<time>2026-01-01T01:23:31.000Z</time>
<extensions><trainlcd:accuracy>11</trainlcd:accuracy></extensions>
</wpt>
<wpt lat="35.8228316" lon="139.4116282">
<time>2026-01-01T01:23:32.000Z</time>
<extensions><trainlcd:accuracy>16</trainlcd:accuracy></extensions>
</wpt>
<wpt lat="35.8229890" lon="139.4115349">
<time>2026-01-01T01:23:33.000Z</time>
<extensions><trainlcd:accuracy>11</trainlcd:accuracy></extensions>
</wpt>
<wpt lat="35.8231464" lon="139.4114416">
<time>2026-01-01T01:23:34.000Z</time>
<extensions><trainlcd:accuracy>19</trainlcd:accuracy></extensions>
</wpt>
<wpt lat="35.8233039" lon="139.4113483">
<time>2026-01-01T01:23:35.000Z</time>
<extensions><trainlcd:accuracy>20</trainlcd:accuracy></extensions>
</wpt>
<wpt lat="35.8234613" lon="139.4112550">
<time>2026-01-01T01:23:36.000Z</time>
<extensions><trainlcd:accuracy>17</trainlcd:accuracy></extensions>
</wpt>
<wpt lat="35.8236187" lon="139.4111617">
<time>2026-01-01T01:23:37.000Z</time>
<extensions><trainlcd:accuracy>14</trainlcd:accuracy></extensions>
</wpt>
<wpt lat="35.8237761" lon="139.4110683">
<time>2026-01-01T01:23:38.000Z</time>
<extensions><trainlcd:accuracy>15</trainlcd:accuracy></extensions>
</wpt>
<wpt lat="35.8239335" lon="139.4109750">
<time>2026-01-01T01:23:39.000Z</time>
<extensions><trainlcd:accuracy>11</trainlcd:accuracy></extensions>
</wpt>
<wpt lat="35.8240909" lon="139.4108817">
<time>2026-01-01T01:23:40.000Z</time>
<extensions><trainlcd:accuracy>17</trainlcd:accuracy></extensions>
</wpt>
<wpt lat="35.8242483" lon="139.4107884">
<time>2026-01-01T01:23:41.000Z</time>
<extensions><trainlcd:accuracy>19</trainlcd:accuracy></extensions>
</wpt>
<wpt lat="35.8244058" lon="139.4106951">
<time>2026-01-01T01:23:42.000Z</time>
<extensions><trainlcd:accuracy>9</trainlcd:accuracy></extensions>
</wpt>
<wpt lat="35.8245632" lon="139.4106017">
<time>2026-01-01T01:23:43.000Z</time>
<extensions><trainlcd:accuracy>14</trainlcd:accuracy></extensions>
</wpt>
<wpt lat="35.8247206" lon="139.4105084">
<time>2026-01-01T01:23:44.000Z</time>
<extensions><trainlcd:accuracy>19</trainlcd:accuracy></extensions>
</wpt>
<wpt lat="35.8248780" lon="139.4104151">
<time>2026-01-01T01:23:45.000Z</time>
<extensions><trainlcd:accuracy>11</trainlcd:accuracy></extensions>
</wpt>
<wpt lat="35.8250354" lon="139.4103218">
<time>2026-01-01T01:23:46.000Z</time>
<extensions><trainlcd:accuracy>20</trainlcd:accuracy></extensions>
</wpt>
<wpt lat="35.8251928" lon="139.4102285">
<time>2026-01-01T01:23:47.000Z</time>
<extensions><trainlcd:accuracy>15</trainlcd:accuracy></extensions>
</wpt>
<wpt lat="35.8253502" lon="139.4101352">
<time>2026-01-01T01:23:48.000Z</time>
<extensions><trainlcd:accuracy>14</trainlcd:accuracy></extensions>
</wpt>
<wpt lat="35.8255077" lon="139.4100418">
<time>2026-01-01T01:23:49.000Z</time>
<extensions><trainlcd:accuracy>14</trainlcd:accuracy></extensions>
</wpt>
<wpt lat="35.8256651" lon="139.4099485">
<time>2026-01-01T01:23:50.000Z</time>
<extensions><trainlcd:accuracy>15</trainlcd:accuracy></extensions>
</wpt>
<wpt lat="35.8258225" lon="139.4098552">
<time>2026-01-01T01:23:51.000Z</time>
<extensions><trainlcd:accuracy>10</trainlcd:accuracy></extensions>
</wpt>
<wpt lat="35.8259799" lon="139.4097619">
<time>2026-01-01T01:23:52.000Z</time>
<extensions><trainlcd:accuracy>10</trainlcd:accuracy></extensions>
</wpt>
<wpt lat="35.8261373" lon="139.4096686">
<time>2026-01-01T01:23:53.000Z</time>
<extensions><trainlcd:accuracy>16</trainlcd:accuracy></extensions>
</wpt>
<wpt lat="35.8262947" lon="139.4095753">
<time>2026-01-01T01:23:54.000Z</time>
<extensions><trainlcd:accuracy>10</trainlcd:accuracy></extensions>
</wpt>
<wpt lat="35.8264521" lon="139.4094819">
<time>2026-01-01T01:23:55.000Z</time>
<extensions><trainlcd:accuracy>20</trainlcd:accuracy></extensions>
</wpt>
<wpt lat="35.8266095" lon="139.4093886">
<time>2026-01-01T01:23:56.000Z</time>
<extensions><trainlcd:accuracy>8</trainlcd:accuracy></extensions>
</wpt>
<wpt lat="35.8267670" lon="139.4092953">
<time>2026-01-01T01:23:57.000Z</time>
<extensions><trainlcd:accuracy>18</trainlcd:accuracy></extensions>
</wpt>
<wpt lat="35.8269244" lon="139.4092020">
<time>2026-01-01T01:23:58.000Z</time>
<extensions><trainlcd:accuracy>11</trainlcd:accuracy></extensions>
</wpt>
<wpt lat="35.8270818" lon="139.4091087">
<time>2026-01-01T01:23:59.000Z</time>
<extensions><trainlcd:accuracy>17</trainlcd:accuracy></extensions>
</wpt>
<wpt lat="35.8272392" lon="139.4090153">
<time>2026-01-01T01:24:00.000Z</time>
<extensions><trainlcd:accuracy>18</trainlcd:accuracy></extensions>
</wpt>
<wpt lat="35.8273966" lon="139.4089220">
<time>2026-01-01T01:24:01.000Z</time>
<extensions><trainlcd:accuracy>13</trainlcd:accuracy></extensions>
</wpt>
<wpt lat="35.8275540" lon="139.4088287">
<time>2026-01-01T01:24:02.000Z</time>
<extensions><trainlcd:accuracy>12</trainlcd:accuracy></extensions>
</wpt>
<wpt lat="35.8277114" lon="139.4087354">
<time>2026-01-01T01:24:03.000Z</time>
<extensions><trainlcd:accuracy>13</trainlcd:accuracy></extensions>
</wpt>
<wpt lat="35.8278689" lon="139.4086421">
<time>2026-01-01T01:24:04.000Z</time>
<extensions><trainlcd:accuracy>18</trainlcd:accuracy></extensions>
</wpt>
<wpt lat="35.8280263" lon="139.4085488">
<time>2026-01-01T01:24:05.000Z</time>
<extensions><trainlcd:accuracy>18</trainlcd:accuracy></extensions>
</wpt>
<wpt lat="35.8281837" lon="139.4084554">
<time>2026-01-01T01:24:06.000Z</time>
<extensions><trainlcd:accuracy>18</trainlcd:accuracy></extensions>
</wpt>
<wpt lat="35.8283411" lon="139.4083621">
<time>2026-01-01T01:24:07.000Z</time>
<extensions><trainlcd:accuracy>10</trainlcd:accuracy></extensions>
</wpt>
<wpt lat="35.8284985" lon="139.4082688">
<time>2026-01-01T01:24:08.000Z</time>
<extensions><trainlcd:accuracy>18</trainlcd:accuracy></extensions>
</wpt>
<wpt lat="35.8286559" lon="139.4081755">
<time>2026-01-01T01:24:09.000Z</time>
<extensions><trainlcd:accuracy>16</trainlcd:accuracy></extensions>
</wpt>
<wpt lat="35.8288133" lon="139.4080822">
<time>2026-01-01T01:24:10.000Z</time>
<extensions><trainlcd:accuracy>15</trainlcd:accuracy></extensions>
</wpt>
<wpt lat="35.8289707" lon="139.4079889">
<time>2026-01-01T01:24:11.000Z</time>
<extensions><trainlcd:accuracy>12</trainlcd:accuracy></extensions>
</wpt>
<wpt lat="35.8291282" lon="139.4078955">
<time>2026-01-01T01:24:12.000Z</time>
<extensions><trainlcd:accuracy>18</trainlcd:accuracy></extensions>
</wpt>
<wpt lat="35.8292856" lon="139.4078022">
<time>2026-01-01T01:24:13.000Z</time>
<extensions><trainlcd:accuracy>16</trainlcd:accuracy></extensions>
</wpt>
<wpt lat="35.8294430" lon="139.4077089">
<time>2026-01-01T01:24:14.000Z</time>
<extensions><trainlcd:accuracy>18</trainlcd:accuracy></extensions>
</wpt>
<wpt lat="35.8296004" lon="139.4076156">
<time>2026-01-01T01:24:15.000Z</time>
<extensions><trainlcd:accuracy>11</trainlcd:accuracy></extensions>
</wpt>
<wpt lat="35.8297578" lon="139.4075223">
<time>2026-01-01T01:24:16.000Z</time>
<extensions><trainlcd:accuracy>14</trainlcd:accuracy></extensions>
</wpt>
<wpt lat="35.8299152" lon="139.4074289">
<time>2026-01-01T01:24:17.000Z</time>
<extensions><trainlcd:accuracy>15</trainlcd:accuracy></extensions>
</wpt>
<wpt lat="35.8300726" lon="139.4073356">
<time>2026-01-01T01:24:18.000Z</time>
<extensions><trainlcd:accuracy>17</trainlcd:accuracy></extensions>
</wpt>
<wpt lat="35.8302301" lon="139.4072423">
<time>2026-01-01T01:24:19.000Z</time>
<extensions><trainlcd:accuracy>13</trainlcd:accuracy></extensions>
</wpt>
<wpt lat="35.8303875" lon="139.4071490">
<time>2026-01-01T01:24:20.000Z</time>
<extensions><trainlcd:accuracy>13</trainlcd:accuracy></extensions>
</wpt>
<wpt lat="35.8305449" lon="139.4070557">
<time>2026-01-01T01:24:21.000Z</time>
<extensions><trainlcd:accuracy>18</trainlcd:accuracy></extensions>
</wpt>
<wpt lat="35.8307023" lon="139.4069624">
<time>2026-01-01T01:24:22.000Z</time>
<extensions><trainlcd:accuracy>18</trainlcd:accuracy></extensions>
</wpt>
<wpt lat="35.8308597" lon="139.4068690">
<time>2026-01-01T01:24:23.000Z</time>
<extensions><trainlcd:accuracy>9</trainlcd:accuracy></extensions>
</wpt>
<wpt lat="35.8310171" lon="139.4067757">
<time>2026-01-01T01:24:24.000Z</time>
<extensions><trainlcd:accuracy>8</trainlcd:accuracy></extensions>
</wpt>
<wpt lat="35.8311745" lon="139.4066824">
<time>2026-01-01T01:24:25.000Z</time>
<extensions><trainlcd:accuracy>8</trainlcd:accuracy></extensions>
</wpt>
<wpt lat="35.8313319" lon="139.4065891">
<time>2026-01-01T01:24:26.000Z</time>
<extensions><trainlcd:accuracy>16</trainlcd:accuracy></extensions>
</wpt>
<wpt lat="35.8314894" lon="139.4064958">
<time>2026-01-01T01:24:27.000Z</time>
<extensions><trainlcd:accuracy>20</trainlcd:accuracy></extensions>
</wpt>
<wpt lat="35.8316468" lon="139.4064024">
<time>2026-01-01T01:24:28.000Z</time>
<extensions><trainlcd:accuracy>18</trainlcd:accuracy></extensions>
</wpt>
<wpt lat="35.8318042" lon="139.4063091">
<time>2026-01-01T01:24:29.000Z</time>
<extensions><trainlcd:accuracy>19</trainlcd:accuracy></extensions>
</wpt>
<wpt lat="35.8319616" lon="139.4062158">
<time>2026-01-01T01:24:30.000Z</time>
<extensions><trainlcd:accuracy>16</trainlcd:accuracy></extensions>
</wpt>
<wpt lat="35.8321190" lon="139.4061225">
<time>2026-01-01T01:24:31.000Z</time>
<extensions><trainlcd:accuracy>14</trainlcd:accuracy></extensions>
</wpt>
<wpt lat="35.8322764" lon="139.4060292">
<time>2026-01-01T01:24:32.000Z</time>
<extensions><trainlcd:accuracy>10</trainlcd:accuracy></extensions>
</wpt>
<wpt lat="35.8324338" lon="139.4059359">
<time>2026-01-01T01:24:33.000Z</time>
<extensions><trainlcd:accuracy>17</trainlcd:accuracy></extensions>
</wpt>
<wpt lat="35.8325913" lon="139.4058425">
<time>2026-01-01T01:24:34.000Z</time>
<extensions><trainlcd:accuracy>15</trainlcd:accuracy></extensions>
</wpt>
<wpt lat="35.8327487" lon="139.4057492">
<time>2026-01-01T01:24:35.000Z</time>
<extensions><trainlcd:accuracy>13</trainlcd:accuracy></extensions>
</wpt>
<wpt lat="35.8329061" lon="139.4056559">
<time>2026-01-01T01:24:36.000Z</time>
<extensions><trainlcd:accuracy>10</trainlcd:accuracy></extensions>
</wpt>
<wpt lat="35.8330635" lon="139.4055626">
<time>2026-01-01T01:24:37.000Z</time>
<extensions><trainlcd:accuracy>13</trainlcd:accuracy></extensions>
</wpt>
<wpt lat="35.8332209" lon="139.4054693">
<time>2026-01-01T01:24:38.000Z</time>
<extensions><trainlcd:accuracy>19</trainlcd:accuracy></extensions>
</wpt>
<wpt lat="35.8333783" lon="139.4053760">
<time>2026-01-01T01:24:39.000Z</time>
<extensions><trainlcd:accuracy>16</trainlcd:accuracy></extensions>
</wpt>
<wpt lat="35.8335357" lon="139.4052826">
<time>2026-01-01T01:24:40.000Z</time>
<extensions><trainlcd:accuracy>14</trainlcd:accuracy></extensions>
</wpt>
<wpt lat="35.8336931" lon="139.4051893">
<time>2026-01-01T01:24:41.000Z</time>
<extensions><trainlcd:accuracy>12</trainlcd:accuracy></extensions>
</wpt>
<wpt lat="35.8338506" lon="139.4050960">
<time>2026-01-01T01:24:42.000Z</time>
<extensions><trainlcd:accuracy>19</trainlcd:accuracy></extensions>
</wpt>
<wpt lat="35.8340080" lon="139.4050027">
<time>2026-01-01T01:24:43.000Z</time>
<extensions><trainlcd:accuracy>9</trainlcd:accuracy></extensions>
</wpt>
<wpt lat="35.8341654" lon="139.4049094">
<time>2026-01-01T01:24:44.000Z</time>
<extensions><trainlcd:accuracy>11</trainlcd:accuracy></extensions>
</wpt>
<wpt lat="35.8343228" lon="139.4048160">
<time>2026-01-01T01:24:45.000Z</time>
<extensions><trainlcd:accuracy>16</trainlcd:accuracy></extensions>
</wpt>
<wpt lat="35.8344802" lon="139.4047227">
<time>2026-01-01T01:24:46.000Z</time>
<extensions><trainlcd:accuracy>8</trainlcd:accuracy></extensions>
</wpt>
<wpt lat="35.8346376" lon="139.4046294">
<time>2026-01-01T01:24:47.000Z</time>
<extensions><trainlcd:accuracy>9</trainlcd:accuracy></extensions>
</wpt>
<wpt lat="35.8347950" lon="139.4045361">
<time>2026-01-01T01:24:48.000Z</time>
<extensions><trainlcd:accuracy>20</trainlcd:accuracy></extensions>
</wpt>
<wpt lat="35.8349525" lon="139.4044428">
<time>2026-01-01T01:24:49.000Z</time>
<extensions><trainlcd:accuracy>19</trainlcd:accuracy></extensions>
</wpt>
<wpt lat="35.8351099" lon="139.4043495">
<time>2026-01-01T01:24:50.000Z</time>
<extensions><trainlcd:accuracy>18</trainlcd:accuracy></extensions>
</wpt>
<wpt lat="35.8352673" lon="139.4042561">
<time>2026-01-01T01:24:51.000Z</time>
<extensions><trainlcd:accuracy>8</trainlcd:accuracy></extensions>
</wpt>
<wpt lat="35.8354247" lon="139.4041628">
<time>2026-01-01T01:24:52.000Z</time>
<extensions><trainlcd:accuracy>18</trainlcd:accuracy></extensions>
</wpt>
<wpt lat="35.8355821" lon="139.4040695">
<time>2026-01-01T01:24:53.000Z</time>
<extensions><trainlcd:accuracy>19</trainlcd:accuracy></extensions>
</wpt>
<wpt lat="35.8357395" lon="139.4039762">
<time>2026-01-01T01:24:54.000Z</time>
<extensions><trainlcd:accuracy>15</trainlcd:accuracy></extensions>
</wpt>
<wpt lat="35.8358969" lon="139.4038829">
<time>2026-01-01T01:24:55.000Z</time>
<extensions><trainlcd:accuracy>8</trainlcd:accuracy></extensions>
</wpt>
<wpt lat="35.8360544" lon="139.4037896">
<time>2026-01-01T01:24:56.000Z</time>
<extensions><trainlcd:accuracy>13</trainlcd:accuracy></extensions>
</wpt>
<wpt lat="35.8362118" lon="139.4036962">
<time>2026-01-01T01:24:57.000Z</time>
<extensions><trainlcd:accuracy>18</trainlcd:accuracy></extensions>
</wpt>
<wpt lat="35.8363692" lon="139.4036029">
<time>2026-01-01T01:24:58.000Z</time>
<extensions><trainlcd:accuracy>17</trainlcd:accuracy></extensions>
</wpt>
<wpt lat="35.8365266" lon="139.4035096">
<time>2026-01-01T01:24:59.000Z</time>
<extensions><trainlcd:accuracy>14</trainlcd:accuracy></extensions>
</wpt>
<wpt lat="35.8366840" lon="139.4034163">
<time>2026-01-01T01:25:00.000Z</time>
<extensions><trainlcd:accuracy>17</trainlcd:accuracy></extensions>
</wpt>
<wpt lat="35.8368414" lon="139.4033230">
<time>2026-01-01T01:25:01.000Z</time>
<extensions><trainlcd:accuracy>12</trainlcd:accuracy></extensions>
</wpt>
<wpt lat="35.8369988" lon="139.4032296">
<time>2026-01-01T01:25:02.000Z</time>
<extensions><trainlcd:accuracy>20</trainlcd:accuracy></extensions>
</wpt>
<wpt lat="35.8371562" lon="139.4031363">
<time>2026-01-01T01:25:03.000Z</time>
<extensions><trainlcd:accuracy>11</trainlcd:accuracy></extensions>
</wpt>
<wpt lat="35.8373137" lon="139.4030430">
<time>2026-01-01T01:25:04.000Z</time>
<extensions><trainlcd:accuracy>10</trainlcd:accuracy></extensions>
</wpt>
<wpt lat="35.8374711" lon="139.4029497">
<time>2026-01-01T01:25:05.000Z</time>
<extensions><trainlcd:accuracy>16</trainlcd:accuracy></extensions>
</wpt>
<wpt lat="35.8376285" lon="139.4028564">
<time>2026-01-01T01:25:06.000Z</time>
<extensions><trainlcd:accuracy>10</trainlcd:accuracy></extensions>
</wpt>
<wpt lat="35.8377859" lon="139.4027631">
<time>2026-01-01T01:25:07.000Z</time>
<extensions><trainlcd:accuracy>18</trainlcd:accuracy></extensions>
</wpt>
<wpt lat="35.8379433" lon="139.4026697">
<time>2026-01-01T01:25:08.000Z</time>
<extensions><trainlcd:accuracy>16</trainlcd:accuracy></extensions>
</wpt>
<wpt lat="35.8381007" lon="139.4025764">
<time>2026-01-01T01:25:09.000Z</time>
<extensions><trainlcd:accuracy>11</trainlcd:accuracy></extensions>
</wpt>
<wpt lat="35.8382581" lon="139.4024831">
<time>2026-01-01T01:25:10.000Z</time>
<extensions><trainlcd:accuracy>9</trainlcd:accuracy></extensions>
</wpt>
<wpt lat="35.8384156" lon="139.4023898">
<time>2026-01-01T01:25:11.000Z</time>
<extensions><trainlcd:accuracy>13</trainlcd:accuracy></extensions>
</wpt>
<wpt lat="35.8385730" lon="139.4022965">
<time>2026-01-01T01:25:12.000Z</time>
<extensions><trainlcd:accuracy>17</trainlcd:accuracy></extensions>
</wpt>
<wpt lat="35.8387304" lon="139.4022031">
<time>2026-01-01T01:25:13.000Z</time>
<extensions><trainlcd:accuracy>18</trainlcd:accuracy></extensions>
</wpt>
<wpt lat="35.8388878" lon="139.4021098">
<time>2026-01-01T01:25:14.000Z</time>
<extensions><trainlcd:accuracy>19</trainlcd:accuracy></extensions>
</wpt>
<wpt lat="35.8390452" lon="139.4020165">
<time>2026-01-01T01:25:15.000Z</time>
<extensions><trainlcd:accuracy>18</trainlcd:accuracy></extensions>
</wpt>
<wpt lat="35.8392026" lon="139.4019232">
<time>2026-01-01T01:25:16.000Z</time>
<extensions><trainlcd:accuracy>11</trainlcd:accuracy></extensions>
</wpt>
<wpt lat="35.8393600" lon="139.4018299">
<time>2026-01-01T01:25:17.000Z</time>
<extensions><trainlcd:accuracy>9</trainlcd:accuracy></extensions>
</wpt>
<wpt lat="35.8395174" lon="139.4017366">
<time>2026-01-01T01:25:18.000Z</time>
<extensions><trainlcd:accuracy>15</trainlcd:accuracy></extensions>
</wpt>
<wpt lat="35.8396749" lon="139.4016432">
<time>2026-01-01T01:25:19.000Z</time>
<extensions><trainlcd:accuracy>12</trainlcd:accuracy></extensions>
</wpt>
<wpt lat="35.8398323" lon="139.4015499">
<time>2026-01-01T01:25:20.000Z</time>
<extensions><trainlcd:accuracy>14</trainlcd:accuracy></extensions>
</wpt>
<wpt lat="35.8399897" lon="139.4014566">
<time>2026-01-01T01:25:21.000Z</time>
<extensions><trainlcd:accuracy>19</trainlcd:accuracy></extensions>
</wpt>
<wpt lat="35.8401471" lon="139.4013633">
<time>2026-01-01T01:25:22.000Z</time>
<extensions><trainlcd:accuracy>18</trainlcd:accuracy></extensions>
</wpt>
<wpt lat="35.8403045" lon="139.4012700">
<time>2026-01-01T01:25:23.000Z</time>
<extensions><trainlcd:accuracy>10</trainlcd:accuracy></extensions>
</wpt>
<wpt lat="35.8404619" lon="139.4011767">
<time>2026-01-01T01:25:24.000Z</time>
<extensions><trainlcd:accuracy>10</trainlcd:accuracy></extensions>
</wpt>
<wpt lat="35.8406193" lon="139.4010833">
<time>2026-01-01T01:25:25.000Z</time>
<extensions><trainlcd:accuracy>19</trainlcd:accuracy></extensions>
</wpt>
<wpt lat="35.8407768" lon="139.4009900">
<time>2026-01-01T01:25:26.000Z</time>
<extensions><trainlcd:accuracy>16</trainlcd:accuracy></extensions>
</wpt>
<wpt lat="35.8409342" lon="139.4008967">
<time>2026-01-01T01:25:27.000Z</time>
<extensions><trainlcd:accuracy>13</trainlcd:accuracy></extensions>
</wpt>
<wpt lat="35.8410916" lon="139.4008034">
<time>2026-01-01T01:25:28.000Z</time>
<extensions><trainlcd:accuracy>15</trainlcd:accuracy></extensions>
</wpt>
<wpt lat="35.8412490" lon="139.4007101">
<time>2026-01-01T01:25:29.000Z</time>
<extensions><trainlcd:accuracy>14</trainlcd:accuracy></extensions>
</wpt>
<wpt lat="35.8414064" lon="139.4006167">
<time>2026-01-01T01:25:30.000Z</time>
<extensions><trainlcd:accuracy>13</trainlcd:accuracy></extensions>
</wpt>
<wpt lat="35.8415638" lon="139.4005234">
<time>2026-01-01T01:25:31.000Z</time>
<extensions><trainlcd:accuracy>14</trainlcd:accuracy></extensions>
</wpt>
<wpt lat="35.8417212" lon="139.4004301">
<time>2026-01-01T01:25:32.000Z</time>
<extensions><trainlcd:accuracy>18</trainlcd:accuracy></extensions>
</wpt>
<wpt lat="35.8418786" lon="139.4003368">
<time>2026-01-01T01:25:33.000Z</time>
<extensions><trainlcd:accuracy>15</trainlcd:accuracy></extensions>
</wpt>
<wpt lat="35.8420361" lon="139.4002435">
<time>2026-01-01T01:25:34.000Z</time>
<extensions><trainlcd:accuracy>15</trainlcd:accuracy></extensions>
</wpt>
<wpt lat="35.8421935" lon="139.4001502">
<time>2026-01-01T01:25:35.000Z</time>
<extensions><trainlcd:accuracy>16</trainlcd:accuracy></extensions>
</wpt>
<wpt lat="35.8423509" lon="139.4000568">
<time>2026-01-01T01:25:36.000Z</time>
<extensions><trainlcd:accuracy>13</trainlcd:accuracy></extensions>
</wpt>
<wpt lat="35.8425083" lon="139.3999635">
<time>2026-01-01T01:25:37.000Z</time>
<extensions><trainlcd:accuracy>11</trainlcd:accuracy></extensions>
</wpt>
<wpt lat="35.8426657" lon="139.3998702">
<time>2026-01-01T01:25:38.000Z</time>
<extensions><trainlcd:accuracy>19</trainlcd:accuracy></extensions>
</wpt>
<wpt lat="35.8428231" lon="139.3997769">
<time>2026-01-01T01:25:39.000Z</time>
<extensions><trainlcd:accuracy>18</trainlcd:accuracy></extensions>
</wpt>
<wpt lat="35.8429805" lon="139.3996836">
<time>2026-01-01T01:25:40.000Z</time>
<extensions><trainlcd:accuracy>14</trainlcd:accuracy></extensions>
</wpt>
<wpt lat="35.8431380" lon="139.3995903">
<time>2026-01-01T01:25:41.000Z</time>
<extensions><trainlcd:accuracy>9</trainlcd:accuracy></extensions>
</wpt>
<wpt lat="35.8432954" lon="139.3994969">
<time>2026-01-01T01:25:42.000Z</time>
<extensions><trainlcd:accuracy>18</trainlcd:accuracy></extensions>
</wpt>
<wpt lat="35.8434528" lon="139.3994036">
<time>2026-01-01T01:25:43.000Z</time>
<extensions><trainlcd:accuracy>16</trainlcd:accuracy></extensions>
</wpt>
<wpt lat="35.8436102" lon="139.3993103">
<time>2026-01-01T01:25:44.000Z</time>
<extensions><trainlcd:accuracy>12</trainlcd:accuracy></extensions>
</wpt>
<wpt lat="35.8437676" lon="139.3992170">
<time>2026-01-01T01:25:45.000Z</time>
<extensions><trainlcd:accuracy>9</trainlcd:accuracy></extensions>
</wpt>
<wpt lat="35.8439250" lon="139.3991237">
<time>2026-01-01T01:25:46.000Z</time>
<extensions><trainlcd:accuracy>15</trainlcd:accuracy></extensions>
</wpt>
<wpt lat="35.8440824" lon="139.3990303">
<time>2026-01-01T01:25:47.000Z</time>
<extensions><trainlcd:accuracy>16</trainlcd:accuracy></extensions>
</wpt>
<wpt lat="35.8442399" lon="139.3989370">
<time>2026-01-01T01:25:48.000Z</time>
<extensions><trainlcd:accuracy>11</trainlcd:accuracy></extensions>
</wpt>
<wpt lat="35.8443973" lon="139.3988437">
<time>2026-01-01T01:25:49.000Z</time>
<extensions><trainlcd:accuracy>11</trainlcd:accuracy></extensions>
</wpt>
<wpt lat="35.8445547" lon="139.3987504">
<time>2026-01-01T01:25:50.000Z</time>
<extensions><trainlcd:accuracy>19</trainlcd:accuracy></extensions>
</wpt>
<wpt lat="35.8447121" lon="139.3986571">
<time>2026-01-01T01:25:51.000Z</time>
<extensions><trainlcd:accuracy>17</trainlcd:accuracy></extensions>
</wpt>
<wpt lat="35.8448695" lon="139.3985638">
<time>2026-01-01T01:25:52.000Z</time>
<extensions><trainlcd:accuracy>14</trainlcd:accuracy></extensions>
</wpt>
<wpt lat="35.8450269" lon="139.3984704">
<time>2026-01-01T01:25:53.000Z</time>
<extensions><trainlcd:accuracy>16</trainlcd:accuracy></extensions>
</wpt>
<wpt lat="35.8450868" lon="139.3983273">
<time>2026-01-01T01:25:54.000Z</time>
<extensions><trainlcd:accuracy>8</trainlcd:accuracy></extensions>
</wpt>
<wpt lat="35.8450320" lon="139.3981255">
<time>2026-01-01T01:25:55.000Z</time>
<extensions><trainlcd:accuracy>13</trainlcd:accuracy></extensions>
</wpt>
<wpt lat="35.8449772" lon="139.3979238">
<time>2026-01-01T01:25:56.000Z</time>
<extensions><trainlcd:accuracy>13</trainlcd:accuracy></extensions>
</wpt>
<wpt lat="35.8449224" lon="139.3977221">
<time>2026-01-01T01:25:57.000Z</time>
<extensions><trainlcd:accuracy>17</trainlcd:accuracy></extensions>
</wpt>
<wpt lat="35.8448675" lon="139.3975203">
<time>2026-01-01T01:25:58.000Z</time>
<extensions><trainlcd:accuracy>17</trainlcd:accuracy></extensions>
</wpt>
<wpt lat="35.8448127" lon="139.3973186">
<time>2026-01-01T01:25:59.000Z</time>
<extensions><trainlcd:accuracy>17</trainlcd:accuracy></extensions>
</wpt>
<wpt lat="35.8447579" lon="139.3971168">
<time>2026-01-01T01:26:00.000Z</time>
<extensions><trainlcd:accuracy>12</trainlcd:accuracy></extensions>
</wpt>
<wpt lat="35.8447031" lon="139.3969151">
<time>2026-01-01T01:26:01.000Z</time>
<extensions><trainlcd:accuracy>9</trainlcd:accuracy></extensions>
</wpt>
<wpt lat="35.8446483" lon="139.3967133">
<time>2026-01-01T01:26:02.000Z</time>
<extensions><trainlcd:accuracy>14</trainlcd:accuracy></extensions>
</wpt>
<wpt lat="35.8445934" lon="139.3965116">
<time>2026-01-01T01:26:03.000Z</time>
<extensions><trainlcd:accuracy>11</trainlcd:accuracy></extensions>
</wpt>
<wpt lat="35.8445386" lon="139.3963098">
<time>2026-01-01T01:26:04.000Z</time>
<extensions><trainlcd:accuracy>10</trainlcd:accuracy></extensions>
</wpt>
<wpt lat="35.8444838" lon="139.3961081">
<time>2026-01-01T01:26:05.000Z</time>
<extensions><trainlcd:accuracy>10</trainlcd:accuracy></extensions>
</wpt>
<wpt lat="35.8444290" lon="139.3959063">
<time>2026-01-01T01:26:06.000Z</time>
<extensions><trainlcd:accuracy>8</trainlcd:accuracy></extensions>
</wpt>
<wpt lat="35.8443742" lon="139.3957046">
<time>2026-01-01T01:26:07.000Z</time>
<extensions><trainlcd:accuracy>11</trainlcd:accuracy></extensions>
</wpt>
<wpt lat="35.8443193" lon="139.3955028">
<time>2026-01-01T01:26:08.000Z</time>
<extensions><trainlcd:accuracy>18</trainlcd:accuracy></extensions>
</wpt>
<wpt lat="35.8442645" lon="139.3953011">
<time>2026-01-01T01:26:09.000Z</time>
<extensions><trainlcd:accuracy>18</trainlcd:accuracy></extensions>
</wpt>
<wpt lat="35.8442097" lon="139.3950993">
<time>2026-01-01T01:26:10.000Z</time>
<extensions><trainlcd:accuracy>9</trainlcd:accuracy></extensions>
</wpt>
<wpt lat="35.8441549" lon="139.3948976">
<time>2026-01-01T01:26:11.000Z</time>
<extensions><trainlcd:accuracy>19</trainlcd:accuracy></extensions>
</wpt>
<wpt lat="35.8441001" lon="139.3946958">
<time>2026-01-01T01:26:12.000Z</time>
<extensions><trainlcd:accuracy>17</trainlcd:accuracy></extensions>
</wpt>
<wpt lat="35.8440452" lon="139.3944941">
<time>2026-01-01T01:26:13.000Z</time>
<extensions><trainlcd:accuracy>13</trainlcd:accuracy></extensions>
</wpt>
<wpt lat="35.8439904" lon="139.3942923">
<time>2026-01-01T01:26:14.000Z</time>
<extensions><trainlcd:accuracy>12</trainlcd:accuracy></extensions>
</wpt>
<wpt lat="35.8439356" lon="139.3940906">
<time>2026-01-01T01:26:15.000Z</time>
<extensions><trainlcd:accuracy>19</trainlcd:accuracy></extensions>
</wpt>
<wpt lat="35.8438808" lon="139.3938888">
<time>2026-01-01T01:26:16.000Z</time>
<extensions><trainlcd:accuracy>18</trainlcd:accuracy></extensions>
</wpt>
<wpt lat="35.8438260" lon="139.3936871">
<time>2026-01-01T01:26:17.000Z</time>
<extensions><trainlcd:accuracy>19</trainlcd:accuracy></extensions>
</wpt>
<wpt lat="35.8437712" lon="139.3934853">
<time>2026-01-01T01:26:18.000Z</time>
<extensions><trainlcd:accuracy>10</trainlcd:accuracy></extensions>
</wpt>
<wpt lat="35.8437163" lon="139.3932836">
<time>2026-01-01T01:26:19.000Z</time>
<extensions><trainlcd:accuracy>16</trainlcd:accuracy></extensions>
</wpt>
<wpt lat="35.8436615" lon="139.3930818">
<time>2026-01-01T01:26:20.000Z</time>
<extensions><trainlcd:accuracy>15</trainlcd:accuracy></extensions>
</wpt>
<wpt lat="35.8436067" lon="139.3928801">
<time>2026-01-01T01:26:21.000Z</time>
<extensions><trainlcd:accuracy>12</trainlcd:accuracy></extensions>
</wpt>
<wpt lat="35.8435519" lon="139.3926783">
<time>2026-01-01T01:26:22.000Z</time>
<extensions><trainlcd:accuracy>12</trainlcd:accuracy></extensions>
</wpt>
<wpt lat="35.8434971" lon="139.3924766">
<time>2026-01-01T01:26:23.000Z</time>
<extensions><trainlcd:accuracy>19</trainlcd:accuracy></extensions>
</wpt>
<wpt lat="35.8434447" lon="139.3922838">
<time>2026-01-01T01:26:24.000Z</time>
<extensions><trainlcd:accuracy>8</trainlcd:accuracy></extensions>
</wpt>
<wpt lat="35.8433947" lon="139.3920998">
<time>2026-01-01T01:26:25.000Z</time>
<extensions><trainlcd:accuracy>12</trainlcd:accuracy></extensions>
</wpt>
<wpt lat="35.8433471" lon="139.3919248">
<time>2026-01-01T01:26:26.000Z</time>
<extensions><trainlcd:accuracy>9</trainlcd:accuracy></extensions>
</wpt>
<wpt lat="35.8433020" lon="139.3917588">
<time>2026-01-01T01:26:27.000Z</time>
<extensions><trainlcd:accuracy>11</trainlcd:accuracy></extensions>
</wpt>
<wpt lat="35.8432593" lon="139.3916016">
<time>2026-01-01T01:26:28.000Z</time>
<extensions><trainlcd:accuracy>19</trainlcd:accuracy></extensions>
</wpt>
<wpt lat="35.8432190" lon="139.3914533">
<time>2026-01-01T01:26:29.000Z</time>
<extensions><trainlcd:accuracy>15</trainlcd:accuracy></extensions>
</wpt>
<wpt lat="35.8431812" lon="139.3913140">
<time>2026-01-01T01:26:30.000Z</time>
<extensions><trainlcd:accuracy>9</trainlcd:accuracy></extensions>
</wpt>
<wpt lat="35.8431457" lon="139.3911836">
<time>2026-01-01T01:26:31.000Z</time>
<extensions><trainlcd:accuracy>16</trainlcd:accuracy></extensions>
</wpt>
<wpt lat="35.8431127" lon="139.3910621">
<time>2026-01-01T01:26:32.000Z</time>
<extensions><trainlcd:accuracy>15</trainlcd:accuracy></extensions>
</wpt>
<wpt lat="35.8430821" lon="139.3909495">
<time>2026-01-01T01:26:33.000Z</time>
<extensions><trainlcd:accuracy>14</trainlcd:accuracy></extensions>
</wpt>
<wpt lat="35.8430539" lon="139.3908458">
<time>2026-01-01T01:26:34.000Z</time>
<extensions><trainlcd:accuracy>19</trainlcd:accuracy></extensions>
</wpt>
<wpt lat="35.8430282" lon="139.3907511">
<time>2026-01-01T01:26:35.000Z</time>
<extensions><trainlcd:accuracy>16</trainlcd:accuracy></extensions>
</wpt>
<wpt lat="35.8430049" lon="139.3906653">
<time>2026-01-01T01:26:36.000Z</time>
<extensions><trainlcd:accuracy>19</trainlcd:accuracy></extensions>
</wpt>
<wpt lat="35.8429840" lon="139.3905883">
<time>2026-01-01T01:26:37.000Z</time>
<extensions><trainlcd:accuracy>15</trainlcd:accuracy></extensions>
</wpt>
<wpt lat="35.8429655" lon="139.3905203">
<time>2026-01-01T01:26:38.000Z</time>
<extensions><trainlcd:accuracy>10</trainlcd:accuracy></extensions>
</wpt>
<wpt lat="35.8429494" lon="139.3904613">
<time>2026-01-01T01:26:39.000Z</time>
<extensions><trainlcd:accuracy>19</trainlcd:accuracy></extensions>
</wpt>
<wpt lat="35.8429358" lon="139.3904111">
<time>2026-01-01T01:26:40.000Z</time>
<extensions><trainlcd:accuracy>17</trainlcd:accuracy></extensions>
</wpt>
<wpt lat="35.8429246" lon="139.3903698">
<time>2026-01-01T01:26:41.000Z</time>
<extensions><trainlcd:accuracy>11</trainlcd:accuracy></extensions>
</wpt>
<wpt lat="35.8429158" lon="139.3903375">
<time>2026-01-01T01:26:42.000Z</time>
<extensions><trainlcd:accuracy>12</trainlcd:accuracy></extensions>
</wpt>
<wpt lat="35.8429095" lon="139.3903141">
<time>2026-01-01T01:26:43.000Z</time>
<extensions><trainlcd:accuracy>20</trainlcd:accuracy></extensions>
</wpt>
<wpt lat="35.8429055" lon="139.3902996">
<time>2026-01-01T01:26:44.000Z</time>
<extensions><trainlcd:accuracy>19</trainlcd:accuracy></extensions>
</wpt>
<wpt lat="35.8429040" lon="139.3902940">
<time>2026-01-01T01:26:45.000Z</time>
<extensions><trainlcd:accuracy>18</trainlcd:accuracy></extensions>
</wpt>
<wpt lat="35.8429040" lon="139.3902940">
<time>2026-01-01T01:26:46.000Z</time>
<extensions><trainlcd:accuracy>16</trainlcd:accuracy></extensions>
</wpt>
<wpt lat="35.8429040" lon="139.3902940">
<time>2026-01-01T01:26:47.000Z</time>
<extensions><trainlcd:accuracy>15</trainlcd:accuracy></extensions>
</wpt>
<wpt lat="35.8429040" lon="139.3902940">
<time>2026-01-01T01:26:48.000Z</time>
<extensions><trainlcd:accuracy>17</trainlcd:accuracy></extensions>
</wpt>
<wpt lat="35.8429040" lon="139.3902940">
<time>2026-01-01T01:26:49.000Z</time>
<extensions><trainlcd:accuracy>19</trainlcd:accuracy></extensions>
</wpt>
<wpt lat="35.8429040" lon="139.3902940">
<time>2026-01-01T01:26:50.000Z</time>
<extensions><trainlcd:accuracy>16</trainlcd:accuracy></extensions>
</wpt>
<wpt lat="35.8429040" lon="139.3902940">
<time>2026-01-01T01:26:51.000Z</time>
<extensions><trainlcd:accuracy>15</trainlcd:accuracy></extensions>
</wpt>
<wpt lat="35.8429040" lon="139.3902940">
<time>2026-01-01T01:26:52.000Z</time>
<extensions><trainlcd:accuracy>17</trainlcd:accuracy></extensions>
</wpt>
<wpt lat="35.8429040" lon="139.3902940">
<time>2026-01-01T01:26:53.000Z</time>
<extensions><trainlcd:accuracy>16</trainlcd:accuracy></extensions>
</wpt>
<wpt lat="35.8429040" lon="139.3902940">
<time>2026-01-01T01:26:54.000Z</time>
<extensions><trainlcd:accuracy>15</trainlcd:accuracy></extensions>
</wpt>
<wpt lat="35.8429040" lon="139.3902940">
<time>2026-01-01T01:26:55.000Z</time>
<extensions><trainlcd:accuracy>18</trainlcd:accuracy></extensions>
</wpt>
<wpt lat="35.8429040" lon="139.3902940">
<time>2026-01-01T01:26:56.000Z</time>
<extensions><trainlcd:accuracy>10</trainlcd:accuracy></extensions>
</wpt>
<wpt lat="35.8429040" lon="139.3902940">
<time>2026-01-01T01:26:57.000Z</time>
<extensions><trainlcd:accuracy>14</trainlcd:accuracy></extensions>
</wpt>
<wpt lat="35.8429040" lon="139.3902940">
<time>2026-01-01T01:26:58.000Z</time>
<extensions><trainlcd:accuracy>12</trainlcd:accuracy></extensions>
</wpt>
<wpt lat="35.8429040" lon="139.3902940">
<time>2026-01-01T01:26:59.000Z</time>
<extensions><trainlcd:accuracy>18</trainlcd:accuracy></extensions>
</wpt>
<wpt lat="35.8429040" lon="139.3902940">
<time>2026-01-01T01:27:00.000Z</time>
<extensions><trainlcd:accuracy>18</trainlcd:accuracy></extensions>
</wpt>
<wpt lat="35.8429040" lon="139.3902940">
<time>2026-01-01T01:27:01.000Z</time>
<extensions><trainlcd:accuracy>13</trainlcd:accuracy></extensions>
</wpt>
<wpt lat="35.8429040" lon="139.3902940">
<time>2026-01-01T01:27:02.000Z</time>
<extensions><trainlcd:accuracy>18</trainlcd:accuracy></extensions>
</wpt>
<wpt lat="35.8429040" lon="139.3902940">
<time>2026-01-01T01:27:03.000Z</time>
<extensions><trainlcd:accuracy>10</trainlcd:accuracy></extensions>
</wpt>
<wpt lat="35.8429040" lon="139.3902940">
<time>2026-01-01T01:27:04.000Z</time>
<extensions><trainlcd:accuracy>17</trainlcd:accuracy></extensions>
</wpt>
<wpt lat="35.8429040" lon="139.3902940">
<time>2026-01-01T01:27:05.000Z</time>
<extensions><trainlcd:accuracy>14</trainlcd:accuracy></extensions>
</wpt>
<wpt lat="35.8429040" lon="139.3902940">
<time>2026-01-01T01:27:06.000Z</time>
<extensions><trainlcd:accuracy>14</trainlcd:accuracy></extensions>
</wpt>
<wpt lat="35.8429040" lon="139.3902940">
<time>2026-01-01T01:27:07.000Z</time>
<extensions><trainlcd:accuracy>16</trainlcd:accuracy></extensions>
</wpt>
<wpt lat="35.8429040" lon="139.3902940">
<time>2026-01-01T01:27:08.000Z</time>
<extensions><trainlcd:accuracy>14</trainlcd:accuracy></extensions>
</wpt>
<wpt lat="35.8429040" lon="139.3902940">
<time>2026-01-01T01:27:09.000Z</time>
<extensions><trainlcd:accuracy>12</trainlcd:accuracy></extensions>
</wpt>
<wpt lat="35.8429040" lon="139.3902940">
<time>2026-01-01T01:27:10.000Z</time>
<extensions><trainlcd:accuracy>9</trainlcd:accuracy></extensions>
</wpt>
<wpt lat="35.8429040" lon="139.3902940">
<time>2026-01-01T01:27:11.000Z</time>
<extensions><trainlcd:accuracy>14</trainlcd:accuracy></extensions>
</wpt>
<wpt lat="35.8429040" lon="139.3902940">
<time>2026-01-01T01:27:12.000Z</time>
<extensions><trainlcd:accuracy>18</trainlcd:accuracy></extensions>
</wpt>
<wpt lat="35.8429040" lon="139.3902940">
<time>2026-01-01T01:27:13.000Z</time>
<extensions><trainlcd:accuracy>10</trainlcd:accuracy></extensions>
</wpt>
<wpt lat="35.8429040" lon="139.3902940">
<time>2026-01-01T01:27:14.000Z</time>
<extensions><trainlcd:accuracy>16</trainlcd:accuracy></extensions>
</wpt>
<wpt lat="35.8429040" lon="139.3902940">
<time>2026-01-01T01:27:15.000Z</time>
<extensions><trainlcd:accuracy>11</trainlcd:accuracy></extensions>
</wpt>
<wpt lat="35.8429040" lon="139.3902940">
<time>2026-01-01T01:27:16.000Z</time>
<extensions><trainlcd:accuracy>9</trainlcd:accuracy></extensions>
</wpt>
<wpt lat="35.8429040" lon="139.3902940">
<time>2026-01-01T01:27:17.000Z</time>
<extensions><trainlcd:accuracy>18</trainlcd:accuracy></extensions>
</wpt>
<wpt lat="35.8429040" lon="139.3902940">
<time>2026-01-01T01:27:18.000Z</time>
<extensions><trainlcd:accuracy>12</trainlcd:accuracy></extensions>
</wpt>
<wpt lat="35.8429040" lon="139.3902940">
<time>2026-01-01T01:27:19.000Z</time>
<extensions><trainlcd:accuracy>13</trainlcd:accuracy></extensions>
</wpt>
<wpt lat="35.8429040" lon="139.3902940">
<time>2026-01-01T01:27:20.000Z</time>
<extensions><trainlcd:accuracy>11</trainlcd:accuracy></extensions>
</wpt>
<wpt lat="35.8429040" lon="139.3902940">
<time>2026-01-01T01:27:21.000Z</time>
<extensions><trainlcd:accuracy>10</trainlcd:accuracy></extensions>
</wpt>
<wpt lat="35.8429040" lon="139.3902940">
<time>2026-01-01T01:27:22.000Z</time>
<extensions><trainlcd:accuracy>12</trainlcd:accuracy></extensions>
</wpt>
<wpt lat="35.8429028" lon="139.3902869">
<time>2026-01-01T01:27:23.000Z</time>
<extensions><trainlcd:accuracy>14</trainlcd:accuracy></extensions>
</wpt>
<wpt lat="35.8429003" lon="139.3902726">
<time>2026-01-01T01:27:24.000Z</time>
<extensions><trainlcd:accuracy>11</trainlcd:accuracy></extensions>
</wpt>
<wpt lat="35.8428966" lon="139.3902513">
<time>2026-01-01T01:27:25.000Z</time>
<extensions><trainlcd:accuracy>14</trainlcd:accuracy></extensions>
</wpt>
<wpt lat="35.8428917" lon="139.3902228">
<time>2026-01-01T01:27:26.000Z</time>
<extensions><trainlcd:accuracy>14</trainlcd:accuracy></extensions>
</wpt>
<wpt lat="35.8428855" lon="139.3901872">
<time>2026-01-01T01:27:27.000Z</time>
<extensions><trainlcd:accuracy>12</trainlcd:accuracy></extensions>
</wpt>
<wpt lat="35.8428782" lon="139.3901445">
<time>2026-01-01T01:27:28.000Z</time>
<extensions><trainlcd:accuracy>14</trainlcd:accuracy></extensions>
</wpt>
<wpt lat="35.8428696" lon="139.3900947">
<time>2026-01-01T01:27:29.000Z</time>
<extensions><trainlcd:accuracy>9</trainlcd:accuracy></extensions>
</wpt>
<wpt lat="35.8428597" lon="139.3900377">
<time>2026-01-01T01:27:30.000Z</time>
<extensions><trainlcd:accuracy>9</trainlcd:accuracy></extensions>
</wpt>
<wpt lat="35.8428486" lon="139.3899736">
<time>2026-01-01T01:27:31.000Z</time>
<extensions><trainlcd:accuracy>15</trainlcd:accuracy></extensions>
</wpt>
<wpt lat="35.8428363" lon="139.3899024">
<time>2026-01-01T01:27:32.000Z</time>
<extensions><trainlcd:accuracy>18</trainlcd:accuracy></extensions>
</wpt>
<wpt lat="35.8428228" lon="139.3898241">
<time>2026-01-01T01:27:33.000Z</time>
<extensions><trainlcd:accuracy>15</trainlcd:accuracy></extensions>
</wpt>
<wpt lat="35.8428081" lon="139.3897387">
<time>2026-01-01T01:27:34.000Z</time>
<extensions><trainlcd:accuracy>16</trainlcd:accuracy></extensions>
</wpt>
<wpt lat="35.8427921" lon="139.3896461">
<time>2026-01-01T01:27:35.000Z</time>
<extensions><trainlcd:accuracy>10</trainlcd:accuracy></extensions>
</wpt>
<wpt lat="35.8427748" lon="139.3895465">
<time>2026-01-01T01:27:36.000Z</time>
<extensions><trainlcd:accuracy>13</trainlcd:accuracy></extensions>
</wpt>
<wpt lat="35.8427564" lon="139.3894397">
<time>2026-01-01T01:27:37.000Z</time>
<extensions><trainlcd:accuracy>13</trainlcd:accuracy></extensions>
</wpt>
<wpt lat="35.8427367" lon="139.3893258">
<time>2026-01-01T01:27:38.000Z</time>
<extensions><trainlcd:accuracy>20</trainlcd:accuracy></extensions>
</wpt>
<wpt lat="35.8427158" lon="139.3892047">
<time>2026-01-01T01:27:39.000Z</time>
<extensions><trainlcd:accuracy>19</trainlcd:accuracy></extensions>
</wpt>
<wpt lat="35.8426937" lon="139.3890766">
<time>2026-01-01T01:27:40.000Z</time>
<extensions><trainlcd:accuracy>9</trainlcd:accuracy></extensions>
</wpt>
<wpt lat="35.8426703" lon="139.3889413">
<time>2026-01-01T01:27:41.000Z</time>
<extensions><trainlcd:accuracy>8</trainlcd:accuracy></extensions>
</wpt>
<wpt lat="35.8426457" lon="139.3887989">
<time>2026-01-01T01:27:42.000Z</time>
<extensions><trainlcd:accuracy>19</trainlcd:accuracy></extensions>
</wpt>
<wpt lat="35.8426199" lon="139.3886494">
<time>2026-01-01T01:27:43.000Z</time>
<extensions><trainlcd:accuracy>11</trainlcd:accuracy></extensions>
</wpt>
<wpt lat="35.8425928" lon="139.3884928">
<time>2026-01-01T01:27:44.000Z</time>
<extensions><trainlcd:accuracy>19</trainlcd:accuracy></extensions>
</wpt>
<wpt lat="35.8425645" lon="139.3883290">
<time>2026-01-01T01:27:45.000Z</time>
<extensions><trainlcd:accuracy>20</trainlcd:accuracy></extensions>
</wpt>
<wpt lat="35.8425350" lon="139.3881582">
<time>2026-01-01T01:27:46.000Z</time>
<extensions><trainlcd:accuracy>18</trainlcd:accuracy></extensions>
</wpt>
<wpt lat="35.8425042" lon="139.3879802">
<time>2026-01-01T01:27:47.000Z</time>
<extensions><trainlcd:accuracy>14</trainlcd:accuracy></extensions>
</wpt>
<wpt lat="35.8424723" lon="139.3877951">
<time>2026-01-01T01:27:48.000Z</time>
<extensions><trainlcd:accuracy>8</trainlcd:accuracy></extensions>
</wpt>
<wpt lat="35.8424391" lon="139.3876029">
<time>2026-01-01T01:27:49.000Z</time>
<extensions><trainlcd:accuracy>11</trainlcd:accuracy></extensions>
</wpt>
<wpt lat="35.8424046" lon="139.3874035">
<time>2026-01-01T01:27:50.000Z</time>
<extensions><trainlcd:accuracy>17</trainlcd:accuracy></extensions>
</wpt>
<wpt lat="35.8423689" lon="139.3871971">
<time>2026-01-01T01:27:51.000Z</time>
<extensions><trainlcd:accuracy>9</trainlcd:accuracy></extensions>
</wpt>
<wpt lat="35.8423322" lon="139.3869846">
<time>2026-01-01T01:27:52.000Z</time>
<extensions><trainlcd:accuracy>13</trainlcd:accuracy></extensions>
</wpt>
<wpt lat="35.8422955" lon="139.3867721">
<time>2026-01-01T01:27:53.000Z</time>
<extensions><trainlcd:accuracy>20</trainlcd:accuracy></extensions>
</wpt>
<wpt lat="35.8422588" lon="139.3865596">
<time>2026-01-01T01:27:54.000Z</time>
<extensions><trainlcd:accuracy>19</trainlcd:accuracy></extensions>
</wpt>
<wpt lat="35.8422221" lon="139.3863471">
<time>2026-01-01T01:27:55.000Z</time>
<extensions><trainlcd:accuracy>19</trainlcd:accuracy></extensions>
</wpt>
<wpt lat="35.8421854" lon="139.3861347">
<time>2026-01-01T01:27:56.000Z</time>
<extensions><trainlcd:accuracy>18</trainlcd:accuracy></extensions>
</wpt>
<wpt lat="35.8421487" lon="139.3859222">
<time>2026-01-01T01:27:57.000Z</time>
<extensions><trainlcd:accuracy>9</trainlcd:accuracy></extensions>
</wpt>
<wpt lat="35.8421120" lon="139.3857097">
<time>2026-01-01T01:27:58.000Z</time>
<extensions><trainlcd:accuracy>11</trainlcd:accuracy></extensions>
</wpt>
<wpt lat="35.8420753" lon="139.3854972">
<time>2026-01-01T01:27:59.000Z</time>
<extensions><trainlcd:accuracy>18</trainlcd:accuracy></extensions>
</wpt>
<wpt lat="35.8420386" lon="139.3852847">
<time>2026-01-01T01:28:00.000Z</time>
<extensions><trainlcd:accuracy>18</trainlcd:accuracy></extensions>
</wpt>
<wpt lat="35.8420018" lon="139.3850723">
<time>2026-01-01T01:28:01.000Z</time>
<extensions><trainlcd:accuracy>19</trainlcd:accuracy></extensions>
</wpt>
<wpt lat="35.8419651" lon="139.3848598">
<time>2026-01-01T01:28:02.000Z</time>
<extensions><trainlcd:accuracy>16</trainlcd:accuracy></extensions>
</wpt>
<wpt lat="35.8419284" lon="139.3846473">
<time>2026-01-01T01:28:03.000Z</time>
<extensions><trainlcd:accuracy>15</trainlcd:accuracy></extensions>
</wpt>
<wpt lat="35.8418917" lon="139.3844348">
<time>2026-01-01T01:28:04.000Z</time>
<extensions><trainlcd:accuracy>8</trainlcd:accuracy></extensions>
</wpt>
<wpt lat="35.8418550" lon="139.3842223">
<time>2026-01-01T01:28:05.000Z</time>
<extensions><trainlcd:accuracy>18</trainlcd:accuracy></extensions>
</wpt>
<wpt lat="35.8418183" lon="139.3840099">
<time>2026-01-01T01:28:06.000Z</time>
<extensions><trainlcd:accuracy>20</trainlcd:accuracy></extensions>
</wpt>
<wpt lat="35.8417816" lon="139.3837974">
<time>2026-01-01T01:28:07.000Z</time>
<extensions><trainlcd:accuracy>18</trainlcd:accuracy></extensions>
</wpt>
<wpt lat="35.8417449" lon="139.3835849">
<time>2026-01-01T01:28:08.000Z</time>
<extensions><trainlcd:accuracy>16</trainlcd:accuracy></extensions>
</wpt>
<wpt lat="35.8417082" lon="139.3833724">
<time>2026-01-01T01:28:09.000Z</time>
<extensions><trainlcd:accuracy>13</trainlcd:accuracy></extensions>
</wpt>
<wpt lat="35.8416715" lon="139.3831599">
<time>2026-01-01T01:28:10.000Z</time>
<extensions><trainlcd:accuracy>9</trainlcd:accuracy></extensions>
</wpt>
<wpt lat="35.8416347" lon="139.3829475">
<time>2026-01-01T01:28:11.000Z</time>
<extensions><trainlcd:accuracy>10</trainlcd:accuracy></extensions>
</wpt>
<wpt lat="35.8415980" lon="139.3827350">
<time>2026-01-01T01:28:12.000Z</time>
<extensions><trainlcd:accuracy>10</trainlcd:accuracy></extensions>
</wpt>
<wpt lat="35.8415613" lon="139.3825225">
<time>2026-01-01T01:28:13.000Z</time>
<extensions><trainlcd:accuracy>10</trainlcd:accuracy></extensions>
</wpt>
<wpt lat="35.8415246" lon="139.3823100">
<time>2026-01-01T01:28:14.000Z</time>
<extensions><trainlcd:accuracy>10</trainlcd:accuracy></extensions>
</wpt>
<wpt lat="35.8414879" lon="139.3820976">
<time>2026-01-01T01:28:15.000Z</time>
<extensions><trainlcd:accuracy>10</trainlcd:accuracy></extensions>
</wpt>
<wpt lat="35.8414512" lon="139.3818851">
<time>2026-01-01T01:28:16.000Z</time>
<extensions><trainlcd:accuracy>13</trainlcd:accuracy></extensions>
</wpt>
<wpt lat="35.8414145" lon="139.3816726">
<time>2026-01-01T01:28:17.000Z</time>
<extensions><trainlcd:accuracy>9</trainlcd:accuracy></extensions>
</wpt>
<wpt lat="35.8413778" lon="139.3814601">
<time>2026-01-01T01:28:18.000Z</time>
<extensions><trainlcd:accuracy>17</trainlcd:accuracy></extensions>
</wpt>
<wpt lat="35.8413411" lon="139.3812476">
<time>2026-01-01T01:28:19.000Z</time>
<extensions><trainlcd:accuracy>15</trainlcd:accuracy></extensions>
</wpt>
<wpt lat="35.8413044" lon="139.3810352">
<time>2026-01-01T01:28:20.000Z</time>
<extensions><trainlcd:accuracy>18</trainlcd:accuracy></extensions>
</wpt>
<wpt lat="35.8412676" lon="139.3808227">
<time>2026-01-01T01:28:21.000Z</time>
<extensions><trainlcd:accuracy>14</trainlcd:accuracy></extensions>
</wpt>
<wpt lat="35.8412309" lon="139.3806102">
<time>2026-01-01T01:28:22.000Z</time>
<extensions><trainlcd:accuracy>18</trainlcd:accuracy></extensions>
</wpt>
<wpt lat="35.8411942" lon="139.3803977">
<time>2026-01-01T01:28:23.000Z</time>
<extensions><trainlcd:accuracy>16</trainlcd:accuracy></extensions>
</wpt>
<wpt lat="35.8411575" lon="139.3801852">
<time>2026-01-01T01:28:24.000Z</time>
<extensions><trainlcd:accuracy>11</trainlcd:accuracy></extensions>
</wpt>
<wpt lat="35.8411208" lon="139.3799728">
<time>2026-01-01T01:28:25.000Z</time>
<extensions><trainlcd:accuracy>8</trainlcd:accuracy></extensions>
</wpt>
<wpt lat="35.8410841" lon="139.3797603">
<time>2026-01-01T01:28:26.000Z</time>
<extensions><trainlcd:accuracy>15</trainlcd:accuracy></extensions>
</wpt>
<wpt lat="35.8410474" lon="139.3795478">
<time>2026-01-01T01:28:27.000Z</time>
<extensions><trainlcd:accuracy>16</trainlcd:accuracy></extensions>
</wpt>
<wpt lat="35.8410107" lon="139.3793353">
<time>2026-01-01T01:28:28.000Z</time>
<extensions><trainlcd:accuracy>11</trainlcd:accuracy></extensions>
</wpt>
<wpt lat="35.8409740" lon="139.3791228">
<time>2026-01-01T01:28:29.000Z</time>
<extensions><trainlcd:accuracy>18</trainlcd:accuracy></extensions>
</wpt>
<wpt lat="35.8409373" lon="139.3789104">
<time>2026-01-01T01:28:30.000Z</time>
<extensions><trainlcd:accuracy>20</trainlcd:accuracy></extensions>
</wpt>
<wpt lat="35.8409005" lon="139.3786979">
<time>2026-01-01T01:28:31.000Z</time>
<extensions><trainlcd:accuracy>11</trainlcd:accuracy></extensions>
</wpt>
<wpt lat="35.8408638" lon="139.3784854">
<time>2026-01-01T01:28:32.000Z</time>
<extensions><trainlcd:accuracy>12</trainlcd:accuracy></extensions>
</wpt>
<wpt lat="35.8408271" lon="139.3782729">
<time>2026-01-01T01:28:33.000Z</time>
<extensions><trainlcd:accuracy>15</trainlcd:accuracy></extensions>
</wpt>
<wpt lat="35.8407904" lon="139.3780604">
<time>2026-01-01T01:28:34.000Z</time>
<extensions><trainlcd:accuracy>13</trainlcd:accuracy></extensions>
</wpt>
<wpt lat="35.8407537" lon="139.3778480">
<time>2026-01-01T01:28:35.000Z</time>
<extensions><trainlcd:accuracy>17</trainlcd:accuracy></extensions>
</wpt>
<wpt lat="35.8407170" lon="139.3776355">
<time>2026-01-01T01:28:36.000Z</time>
<extensions><trainlcd:accuracy>12</trainlcd:accuracy></extensions>
</wpt>
<wpt lat="35.8406803" lon="139.3774230">
<time>2026-01-01T01:28:37.000Z</time>
<extensions><trainlcd:accuracy>16</trainlcd:accuracy></extensions>
</wpt>
<wpt lat="35.8406436" lon="139.3772105">
<time>2026-01-01T01:28:38.000Z</time>
<extensions><trainlcd:accuracy>19</trainlcd:accuracy></extensions>
</wpt>
<wpt lat="35.8406069" lon="139.3769981">
<time>2026-01-01T01:28:39.000Z</time>
<extensions><trainlcd:accuracy>11</trainlcd:accuracy></extensions>
</wpt>
<wpt lat="35.8405702" lon="139.3767856">
<time>2026-01-01T01:28:40.000Z</time>
<extensions><trainlcd:accuracy>17</trainlcd:accuracy></extensions>
</wpt>
<wpt lat="35.8405335" lon="139.3765731">
<time>2026-01-01T01:28:41.000Z</time>
<extensions><trainlcd:accuracy>15</trainlcd:accuracy></extensions>
</wpt>
<wpt lat="35.8404967" lon="139.3763606">
<time>2026-01-01T01:28:42.000Z</time>
<extensions><trainlcd:accuracy>15</trainlcd:accuracy></extensions>
</wpt>
<wpt lat="35.8404600" lon="139.3761481">
<time>2026-01-01T01:28:43.000Z</time>
<extensions><trainlcd:accuracy>18</trainlcd:accuracy></extensions>
</wpt>
<wpt lat="35.8404233" lon="139.3759357">
<time>2026-01-01T01:28:44.000Z</time>
<extensions><trainlcd:accuracy>12</trainlcd:accuracy></extensions>
</wpt>
<wpt lat="35.8403866" lon="139.3757232">
<time>2026-01-01T01:28:45.000Z</time>
<extensions><trainlcd:accuracy>12</trainlcd:accuracy></extensions>
</wpt>
<wpt lat="35.8403499" lon="139.3755107">
<time>2026-01-01T01:28:46.000Z</time>
<extensions><trainlcd:accuracy>13</trainlcd:accuracy></extensions>
</wpt>
<wpt lat="35.8403132" lon="139.3752982">
<time>2026-01-01T01:28:47.000Z</time>
<extensions><trainlcd:accuracy>17</trainlcd:accuracy></extensions>
</wpt>
<wpt lat="35.8402765" lon="139.3750857">
<time>2026-01-01T01:28:48.000Z</time>
<extensions><trainlcd:accuracy>17</trainlcd:accuracy></extensions>
</wpt>
<wpt lat="35.8402398" lon="139.3748733">
<time>2026-01-01T01:28:49.000Z</time>
<extensions><trainlcd:accuracy>9</trainlcd:accuracy></extensions>
</wpt>
<wpt lat="35.8402031" lon="139.3746608">
<time>2026-01-01T01:28:50.000Z</time>
<extensions><trainlcd:accuracy>19</trainlcd:accuracy></extensions>
</wpt>
<wpt lat="35.8401664" lon="139.3744483">
<time>2026-01-01T01:28:51.000Z</time>
<extensions><trainlcd:accuracy>11</trainlcd:accuracy></extensions>
</wpt>
<wpt lat="35.8401296" lon="139.3742358">
<time>2026-01-01T01:28:52.000Z</time>
<extensions><trainlcd:accuracy>14</trainlcd:accuracy></extensions>
</wpt>
<wpt lat="35.8400929" lon="139.3740233">
<time>2026-01-01T01:28:53.000Z</time>
<extensions><trainlcd:accuracy>12</trainlcd:accuracy></extensions>
</wpt>
<wpt lat="35.8400562" lon="139.3738109">
<time>2026-01-01T01:28:54.000Z</time>
<extensions><trainlcd:accuracy>14</trainlcd:accuracy></extensions>
</wpt>
<wpt lat="35.8400195" lon="139.3735984">
<time>2026-01-01T01:28:55.000Z</time>
<extensions><trainlcd:accuracy>9</trainlcd:accuracy></extensions>
</wpt>
<wpt lat="35.8399828" lon="139.3733859">
<time>2026-01-01T01:28:56.000Z</time>
<extensions><trainlcd:accuracy>13</trainlcd:accuracy></extensions>
</wpt>
<wpt lat="35.8399461" lon="139.3731734">
<time>2026-01-01T01:28:57.000Z</time>
<extensions><trainlcd:accuracy>19</trainlcd:accuracy></extensions>
</wpt>
<wpt lat="35.8399094" lon="139.3729610">
<time>2026-01-01T01:28:58.000Z</time>
<extensions><trainlcd:accuracy>10</trainlcd:accuracy></extensions>
</wpt>
<wpt lat="35.8398727" lon="139.3727485">
<time>2026-01-01T01:28:59.000Z</time>
<extensions><trainlcd:accuracy>19</trainlcd:accuracy></extensions>
</wpt>
<wpt lat="35.8398360" lon="139.3725360">
<time>2026-01-01T01:29:00.000Z</time>
<extensions><trainlcd:accuracy>10</trainlcd:accuracy></extensions>
</wpt>
<wpt lat="35.8397993" lon="139.3723235">
<time>2026-01-01T01:29:01.000Z</time>
<extensions><trainlcd:accuracy>9</trainlcd:accuracy></extensions>
</wpt>
<wpt lat="35.8397625" lon="139.3721110">
<time>2026-01-01T01:29:02.000Z</time>
<extensions><trainlcd:accuracy>11</trainlcd:accuracy></extensions>
</wpt>
<wpt lat="35.8397258" lon="139.3718986">
<time>2026-01-01T01:29:03.000Z</time>
<extensions><trainlcd:accuracy>13</trainlcd:accuracy></extensions>
</wpt>
<wpt lat="35.8396891" lon="139.3716861">
<time>2026-01-01T01:29:04.000Z</time>
<extensions><trainlcd:accuracy>15</trainlcd:accuracy></extensions>
</wpt>
<wpt lat="35.8396524" lon="139.3714736">
<time>2026-01-01T01:29:05.000Z</time>
<extensions><trainlcd:accuracy>14</trainlcd:accuracy></extensions>
</wpt>
<wpt lat="35.8396157" lon="139.3712611">
<time>2026-01-01T01:29:06.000Z</time>
<extensions><trainlcd:accuracy>12</trainlcd:accuracy></extensions>
</wpt>
<wpt lat="35.8395790" lon="139.3710486">
<time>2026-01-01T01:29:07.000Z</time>
<extensions><trainlcd:accuracy>8</trainlcd:accuracy></extensions>
</wpt>
<wpt lat="35.8395423" lon="139.3708362">
<time>2026-01-01T01:29:08.000Z</time>
<extensions><trainlcd:accuracy>9</trainlcd:accuracy></extensions>
</wpt>
<wpt lat="35.8395056" lon="139.3706237">
<time>2026-01-01T01:29:09.000Z</time>
<extensions><trainlcd:accuracy>18</trainlcd:accuracy></extensions>
</wpt>
<wpt lat="35.8394689" lon="139.3704112">
<time>2026-01-01T01:29:10.000Z</time>
<extensions><trainlcd:accuracy>13</trainlcd:accuracy></extensions>
</wpt>
<wpt lat="35.8394322" lon="139.3701987">
<time>2026-01-01T01:29:11.000Z</time>
<extensions><trainlcd:accuracy>8</trainlcd:accuracy></extensions>
</wpt>
<wpt lat="35.8393954" lon="139.3699862">
<time>2026-01-01T01:29:12.000Z</time>
<extensions><trainlcd:accuracy>14</trainlcd:accuracy></extensions>
</wpt>
<wpt lat="35.8393587" lon="139.3697738">
<time>2026-01-01T01:29:13.000Z</time>
<extensions><trainlcd:accuracy>15</trainlcd:accuracy></extensions>
</wpt>
<wpt lat="35.8393220" lon="139.3695613">
<time>2026-01-01T01:29:14.000Z</time>
<extensions><trainlcd:accuracy>8</trainlcd:accuracy></extensions>
</wpt>
<wpt lat="35.8392853" lon="139.3693488">
<time>2026-01-01T01:29:15.000Z</time>
<extensions><trainlcd:accuracy>15</trainlcd:accuracy></extensions>
</wpt>
<wpt lat="35.8392486" lon="139.3691363">
<time>2026-01-01T01:29:16.000Z</time>
<extensions><trainlcd:accuracy>9</trainlcd:accuracy></extensions>
</wpt>
<wpt lat="35.8392119" lon="139.3689238">
<time>2026-01-01T01:29:17.000Z</time>
<extensions><trainlcd:accuracy>9</trainlcd:accuracy></extensions>
</wpt>
<wpt lat="35.8391752" lon="139.3687114">
<time>2026-01-01T01:29:18.000Z</time>
<extensions><trainlcd:accuracy>13</trainlcd:accuracy></extensions>
</wpt>
<wpt lat="35.8391385" lon="139.3684989">
<time>2026-01-01T01:29:19.000Z</time>
<extensions><trainlcd:accuracy>13</trainlcd:accuracy></extensions>
</wpt>
<wpt lat="35.8391018" lon="139.3682864">
<time>2026-01-01T01:29:20.000Z</time>
<extensions><trainlcd:accuracy>20</trainlcd:accuracy></extensions>
</wpt>
<wpt lat="35.8390651" lon="139.3680739">
<time>2026-01-01T01:29:21.000Z</time>
<extensions><trainlcd:accuracy>9</trainlcd:accuracy></extensions>
</wpt>
<wpt lat="35.8390283" lon="139.3678615">
<time>2026-01-01T01:29:22.000Z</time>
<extensions><trainlcd:accuracy>11</trainlcd:accuracy></extensions>
</wpt>
<wpt lat="35.8389916" lon="139.3676490">
<time>2026-01-01T01:29:23.000Z</time>
<extensions><trainlcd:accuracy>9</trainlcd:accuracy></extensions>
</wpt>
<wpt lat="35.8389549" lon="139.3674365">
<time>2026-01-01T01:29:24.000Z</time>
<extensions><trainlcd:accuracy>13</trainlcd:accuracy></extensions>
</wpt>
<wpt lat="35.8389182" lon="139.3672240">
<time>2026-01-01T01:29:25.000Z</time>
<extensions><trainlcd:accuracy>11</trainlcd:accuracy></extensions>
</wpt>
<wpt lat="35.8388815" lon="139.3670115">
<time>2026-01-01T01:29:26.000Z</time>
<extensions><trainlcd:accuracy>9</trainlcd:accuracy></extensions>
</wpt>
<wpt lat="35.8388448" lon="139.3667991">
<time>2026-01-01T01:29:27.000Z</time>
<extensions><trainlcd:accuracy>17</trainlcd:accuracy></extensions>
</wpt>
<wpt lat="35.8388081" lon="139.3665866">
<time>2026-01-01T01:29:28.000Z</time>
<extensions><trainlcd:accuracy>14</trainlcd:accuracy></extensions>
</wpt>
<wpt lat="35.8387714" lon="139.3663741">
<time>2026-01-01T01:29:29.000Z</time>
<extensions><trainlcd:accuracy>9</trainlcd:accuracy></extensions>
</wpt>
<wpt lat="35.8387347" lon="139.3661616">
<time>2026-01-01T01:29:30.000Z</time>
<extensions><trainlcd:accuracy>14</trainlcd:accuracy></extensions>
</wpt>
<wpt lat="35.8386980" lon="139.3659491">
<time>2026-01-01T01:29:31.000Z</time>
<extensions><trainlcd:accuracy>12</trainlcd:accuracy></extensions>
</wpt>
<wpt lat="35.8386612" lon="139.3657367">
<time>2026-01-01T01:29:32.000Z</time>
<extensions><trainlcd:accuracy>15</trainlcd:accuracy></extensions>
</wpt>
<wpt lat="35.8386245" lon="139.3655242">
<time>2026-01-01T01:29:33.000Z</time>
<extensions><trainlcd:accuracy>9</trainlcd:accuracy></extensions>
</wpt>
<wpt lat="35.8385878" lon="139.3653117">
<time>2026-01-01T01:29:34.000Z</time>
<extensions><trainlcd:accuracy>17</trainlcd:accuracy></extensions>
</wpt>
<wpt lat="35.8385511" lon="139.3650992">
<time>2026-01-01T01:29:35.000Z</time>
<extensions><trainlcd:accuracy>14</trainlcd:accuracy></extensions>
</wpt>
<wpt lat="35.8385144" lon="139.3648867">
<time>2026-01-01T01:29:36.000Z</time>
<extensions><trainlcd:accuracy>13</trainlcd:accuracy></extensions>
</wpt>
<wpt lat="35.8384777" lon="139.3646743">
<time>2026-01-01T01:29:37.000Z</time>
<extensions><trainlcd:accuracy>15</trainlcd:accuracy></extensions>
</wpt>
<wpt lat="35.8384410" lon="139.3644618">
<time>2026-01-01T01:29:38.000Z</time>
<extensions><trainlcd:accuracy>18</trainlcd:accuracy></extensions>
</wpt>
<wpt lat="35.8384043" lon="139.3642493">
<time>2026-01-01T01:29:39.000Z</time>
<extensions><trainlcd:accuracy>11</trainlcd:accuracy></extensions>
</wpt>
<wpt lat="35.8383676" lon="139.3640368">
<time>2026-01-01T01:29:40.000Z</time>
<extensions><trainlcd:accuracy>11</trainlcd:accuracy></extensions>
</wpt>
<wpt lat="35.8383309" lon="139.3638243">
<time>2026-01-01T01:29:41.000Z</time>
<extensions><trainlcd:accuracy>19</trainlcd:accuracy></extensions>
</wpt>
<wpt lat="35.8382942" lon="139.3636119">
<time>2026-01-01T01:29:42.000Z</time>
<extensions><trainlcd:accuracy>19</trainlcd:accuracy></extensions>
</wpt>
<wpt lat="35.8382574" lon="139.3633994">
<time>2026-01-01T01:29:43.000Z</time>
<extensions><trainlcd:accuracy>15</trainlcd:accuracy></extensions>
</wpt>
<wpt lat="35.8382207" lon="139.3631869">
<time>2026-01-01T01:29:44.000Z</time>
<extensions><trainlcd:accuracy>16</trainlcd:accuracy></extensions>
</wpt>
<wpt lat="35.8381840" lon="139.3629744">
<time>2026-01-01T01:29:45.000Z</time>
<extensions><trainlcd:accuracy>19</trainlcd:accuracy></extensions>
</wpt>
<wpt lat="35.8381473" lon="139.3627620">
<time>2026-01-01T01:29:46.000Z</time>
<extensions><trainlcd:accuracy>8</trainlcd:accuracy></extensions>
</wpt>
<wpt lat="35.8381106" lon="139.3625495">
<time>2026-01-01T01:29:47.000Z</time>
<extensions><trainlcd:accuracy>13</trainlcd:accuracy></extensions>
</wpt>
<wpt lat="35.8380739" lon="139.3623370">
<time>2026-01-01T01:29:48.000Z</time>
<extensions><trainlcd:accuracy>10</trainlcd:accuracy></extensions>
</wpt>
<wpt lat="35.8380372" lon="139.3621245">
<time>2026-01-01T01:29:49.000Z</time>
<extensions><trainlcd:accuracy>9</trainlcd:accuracy></extensions>
</wpt>
<wpt lat="35.8380005" lon="139.3619120">
<time>2026-01-01T01:29:50.000Z</time>
<extensions><trainlcd:accuracy>13</trainlcd:accuracy></extensions>
</wpt>
<wpt lat="35.8379638" lon="139.3616996">
<time>2026-01-01T01:29:51.000Z</time>
<extensions><trainlcd:accuracy>20</trainlcd:accuracy></extensions>
</wpt>
<wpt lat="35.8379271" lon="139.3614871">
<time>2026-01-01T01:29:52.000Z</time>
<extensions><trainlcd:accuracy>12</trainlcd:accuracy></extensions>
</wpt>
<wpt lat="35.8378903" lon="139.3612746">
<time>2026-01-01T01:29:53.000Z</time>
<extensions><trainlcd:accuracy>11</trainlcd:accuracy></extensions>
</wpt>
<wpt lat="35.8378536" lon="139.3610621">
<time>2026-01-01T01:29:54.000Z</time>
<extensions><trainlcd:accuracy>11</trainlcd:accuracy></extensions>
</wpt>
<wpt lat="35.8378169" lon="139.3608496">
<time>2026-01-01T01:29:55.000Z</time>
<extensions><trainlcd:accuracy>15</trainlcd:accuracy></extensions>
</wpt>
<wpt lat="35.8377802" lon="139.3606372">
<time>2026-01-01T01:29:56.000Z</time>
<extensions><trainlcd:accuracy>14</trainlcd:accuracy></extensions>
</wpt>
<wpt lat="35.8377435" lon="139.3604247">
<time>2026-01-01T01:29:57.000Z</time>
<extensions><trainlcd:accuracy>10</trainlcd:accuracy></extensions>
</wpt>
<wpt lat="35.8377068" lon="139.3602122">
<time>2026-01-01T01:29:58.000Z</time>
<extensions><trainlcd:accuracy>17</trainlcd:accuracy></extensions>
</wpt>
<wpt lat="35.8377134" lon="139.3599953">
<time>2026-01-01T01:29:59.000Z</time>
<extensions><trainlcd:accuracy>18</trainlcd:accuracy></extensions>
</wpt>
<wpt lat="35.8377565" lon="139.3597747">
<time>2026-01-01T01:30:00.000Z</time>
<extensions><trainlcd:accuracy>19</trainlcd:accuracy></extensions>
</wpt>
<wpt lat="35.8377995" lon="139.3595541">
<time>2026-01-01T01:30:01.000Z</time>
<extensions><trainlcd:accuracy>15</trainlcd:accuracy></extensions>
</wpt>
<wpt lat="35.8378426" lon="139.3593334">
<time>2026-01-01T01:30:02.000Z</time>
<extensions><trainlcd:accuracy>12</trainlcd:accuracy></extensions>
</wpt>
<wpt lat="35.8378857" lon="139.3591128">
<time>2026-01-01T01:30:03.000Z</time>
<extensions><trainlcd:accuracy>8</trainlcd:accuracy></extensions>
</wpt>
<wpt lat="35.8379288" lon="139.3588922">
<time>2026-01-01T01:30:04.000Z</time>
<extensions><trainlcd:accuracy>12</trainlcd:accuracy></extensions>
</wpt>
<wpt lat="35.8379719" lon="139.3586716">
<time>2026-01-01T01:30:05.000Z</time>
<extensions><trainlcd:accuracy>10</trainlcd:accuracy></extensions>
</wpt>
<wpt lat="35.8380150" lon="139.3584510">
<time>2026-01-01T01:30:06.000Z</time>
<extensions><trainlcd:accuracy>11</trainlcd:accuracy></extensions>
</wpt>
<wpt lat="35.8380580" lon="139.3582303">
<time>2026-01-01T01:30:07.000Z</time>
<extensions><trainlcd:accuracy>15</trainlcd:accuracy></extensions>
</wpt>
<wpt lat="35.8381011" lon="139.3580097">
<time>2026-01-01T01:30:08.000Z</time>
<extensions><trainlcd:accuracy>8</trainlcd:accuracy></extensions>
</wpt>
<wpt lat="35.8381442" lon="139.3577891">
<time>2026-01-01T01:30:09.000Z</time>
<extensions><trainlcd:accuracy>8</trainlcd:accuracy></extensions>
</wpt>
<wpt lat="35.8381873" lon="139.3575685">
<time>2026-01-01T01:30:10.000Z</time>
<extensions><trainlcd:accuracy>17</trainlcd:accuracy></extensions>
</wpt>
<wpt lat="35.8382304" lon="139.3573479">
<time>2026-01-01T01:30:11.000Z</time>
<extensions><trainlcd:accuracy>9</trainlcd:accuracy></extensions>
</wpt>
<wpt lat="35.8382735" lon="139.3571272">
<time>2026-01-01T01:30:12.000Z</time>
<extensions><trainlcd:accuracy>12</trainlcd:accuracy></extensions>
</wpt>
<wpt lat="35.8383165" lon="139.3569066">
<time>2026-01-01T01:30:13.000Z</time>
<extensions><trainlcd:accuracy>17</trainlcd:accuracy></extensions>
</wpt>
<wpt lat="35.8383596" lon="139.3566860">
<time>2026-01-01T01:30:14.000Z</time>
<extensions><trainlcd:accuracy>17</trainlcd:accuracy></extensions>
</wpt>
<wpt lat="35.8384027" lon="139.3564654">
<time>2026-01-01T01:30:15.000Z</time>
<extensions><trainlcd:accuracy>15</trainlcd:accuracy></extensions>
</wpt>
<wpt lat="35.8384458" lon="139.3562448">
<time>2026-01-01T01:30:16.000Z</time>
<extensions><trainlcd:accuracy>18</trainlcd:accuracy></extensions>
</wpt>
<wpt lat="35.8384889" lon="139.3560241">
<time>2026-01-01T01:30:17.000Z</time>
<extensions><trainlcd:accuracy>17</trainlcd:accuracy></extensions>
</wpt>
<wpt lat="35.8385320" lon="139.3558035">
<time>2026-01-01T01:30:18.000Z</time>
<extensions><trainlcd:accuracy>9</trainlcd:accuracy></extensions>
</wpt>
<wpt lat="35.8385750" lon="139.3555829">
<time>2026-01-01T01:30:19.000Z</time>
<extensions><trainlcd:accuracy>19</trainlcd:accuracy></extensions>
</wpt>
<wpt lat="35.8386181" lon="139.3553623">
<time>2026-01-01T01:30:20.000Z</time>
<extensions><trainlcd:accuracy>11</trainlcd:accuracy></extensions>
</wpt>
<wpt lat="35.8386612" lon="139.3551417">
<time>2026-01-01T01:30:21.000Z</time>
<extensions><trainlcd:accuracy>20</trainlcd:accuracy></extensions>
</wpt>
<wpt lat="35.8387043" lon="139.3549210">
<time>2026-01-01T01:30:22.000Z</time>
<extensions><trainlcd:accuracy>13</trainlcd:accuracy></extensions>
</wpt>
<wpt lat="35.8387474" lon="139.3547004">
<time>2026-01-01T01:30:23.000Z</time>
<extensions><trainlcd:accuracy>19</trainlcd:accuracy></extensions>
</wpt>
<wpt lat="35.8387905" lon="139.3544798">
<time>2026-01-01T01:30:24.000Z</time>
<extensions><trainlcd:accuracy>12</trainlcd:accuracy></extensions>
</wpt>
<wpt lat="35.8388335" lon="139.3542592">
<time>2026-01-01T01:30:25.000Z</time>
<extensions><trainlcd:accuracy>11</trainlcd:accuracy></extensions>
</wpt>
<wpt lat="35.8388766" lon="139.3540386">
<time>2026-01-01T01:30:26.000Z</time>
<extensions><trainlcd:accuracy>15</trainlcd:accuracy></extensions>
</wpt>
<wpt lat="35.8389197" lon="139.3538179">
<time>2026-01-01T01:30:27.000Z</time>
<extensions><trainlcd:accuracy>9</trainlcd:accuracy></extensions>
</wpt>
<wpt lat="35.8389628" lon="139.3535973">
<time>2026-01-01T01:30:28.000Z</time>
<extensions><trainlcd:accuracy>14</trainlcd:accuracy></extensions>
</wpt>
<wpt lat="35.8390059" lon="139.3533767">
<time>2026-01-01T01:30:29.000Z</time>
<extensions><trainlcd:accuracy>14</trainlcd:accuracy></extensions>
</wpt>
<wpt lat="35.8390490" lon="139.3531561">
<time>2026-01-01T01:30:30.000Z</time>
<extensions><trainlcd:accuracy>12</trainlcd:accuracy></extensions>
</wpt>
<wpt lat="35.8390920" lon="139.3529355">
<time>2026-01-01T01:30:31.000Z</time>
<extensions><trainlcd:accuracy>8</trainlcd:accuracy></extensions>
</wpt>
<wpt lat="35.8391351" lon="139.3527148">
<time>2026-01-01T01:30:32.000Z</time>
<extensions><trainlcd:accuracy>19</trainlcd:accuracy></extensions>
</wpt>
<wpt lat="35.8391782" lon="139.3524942">
<time>2026-01-01T01:30:33.000Z</time>
<extensions><trainlcd:accuracy>12</trainlcd:accuracy></extensions>
</wpt>
<wpt lat="35.8392213" lon="139.3522736">
<time>2026-01-01T01:30:34.000Z</time>
<extensions><trainlcd:accuracy>15</trainlcd:accuracy></extensions>
</wpt>
<wpt lat="35.8392644" lon="139.3520530">
<time>2026-01-01T01:30:35.000Z</time>
<extensions><trainlcd:accuracy>11</trainlcd:accuracy></extensions>
</wpt>
<wpt lat="35.8393075" lon="139.3518324">
<time>2026-01-01T01:30:36.000Z</time>
<extensions><trainlcd:accuracy>14</trainlcd:accuracy></extensions>
</wpt>
<wpt lat="35.8393505" lon="139.3516117">
<time>2026-01-01T01:30:37.000Z</time>
<extensions><trainlcd:accuracy>19</trainlcd:accuracy></extensions>
</wpt>
<wpt lat="35.8393936" lon="139.3513911">
<time>2026-01-01T01:30:38.000Z</time>
<extensions><trainlcd:accuracy>8</trainlcd:accuracy></extensions>
</wpt>
<wpt lat="35.8394367" lon="139.3511705">
<time>2026-01-01T01:30:39.000Z</time>
<extensions><trainlcd:accuracy>10</trainlcd:accuracy></extensions>
</wpt>
<wpt lat="35.8394798" lon="139.3509499">
<time>2026-01-01T01:30:40.000Z</time>
<extensions><trainlcd:accuracy>18</trainlcd:accuracy></extensions>
</wpt>
<wpt lat="35.8395229" lon="139.3507292">
<time>2026-01-01T01:30:41.000Z</time>
<extensions><trainlcd:accuracy>9</trainlcd:accuracy></extensions>
</wpt>
<wpt lat="35.8395660" lon="139.3505086">
<time>2026-01-01T01:30:42.000Z</time>
<extensions><trainlcd:accuracy>14</trainlcd:accuracy></extensions>
</wpt>
<wpt lat="35.8396090" lon="139.3502880">
<time>2026-01-01T01:30:43.000Z</time>
<extensions><trainlcd:accuracy>8</trainlcd:accuracy></extensions>
</wpt>
<wpt lat="35.8396521" lon="139.3500674">
<time>2026-01-01T01:30:44.000Z</time>
<extensions><trainlcd:accuracy>13</trainlcd:accuracy></extensions>
</wpt>
<wpt lat="35.8396952" lon="139.3498468">
<time>2026-01-01T01:30:45.000Z</time>
<extensions><trainlcd:accuracy>17</trainlcd:accuracy></extensions>
</wpt>
<wpt lat="35.8397383" lon="139.3496261">
<time>2026-01-01T01:30:46.000Z</time>
<extensions><trainlcd:accuracy>18</trainlcd:accuracy></extensions>
</wpt>
<wpt lat="35.8397814" lon="139.3494055">
<time>2026-01-01T01:30:47.000Z</time>
<extensions><trainlcd:accuracy>20</trainlcd:accuracy></extensions>
</wpt>
<wpt lat="35.8398245" lon="139.3491849">
<time>2026-01-01T01:30:48.000Z</time>
<extensions><trainlcd:accuracy>11</trainlcd:accuracy></extensions>
</wpt>
<wpt lat="35.8398675" lon="139.3489643">
<time>2026-01-01T01:30:49.000Z</time>
<extensions><trainlcd:accuracy>11</trainlcd:accuracy></extensions>
</wpt>
<wpt lat="35.8399106" lon="139.3487437">
<time>2026-01-01T01:30:50.000Z</time>
<extensions><trainlcd:accuracy>17</trainlcd:accuracy></extensions>
</wpt>
<wpt lat="35.8399537" lon="139.3485230">
<time>2026-01-01T01:30:51.000Z</time>
<extensions><trainlcd:accuracy>18</trainlcd:accuracy></extensions>
</wpt>
<wpt lat="35.8399968" lon="139.3483024">
<time>2026-01-01T01:30:52.000Z</time>
<extensions><trainlcd:accuracy>10</trainlcd:accuracy></extensions>
</wpt>
<wpt lat="35.8400399" lon="139.3480818">
<time>2026-01-01T01:30:53.000Z</time>
<extensions><trainlcd:accuracy>12</trainlcd:accuracy></extensions>
</wpt>
<wpt lat="35.8400830" lon="139.3478612">
<time>2026-01-01T01:30:54.000Z</time>
<extensions><trainlcd:accuracy>9</trainlcd:accuracy></extensions>
</wpt>
<wpt lat="35.8401261" lon="139.3476406">
<time>2026-01-01T01:30:55.000Z</time>
<extensions><trainlcd:accuracy>14</trainlcd:accuracy></extensions>
</wpt>
<wpt lat="35.8401691" lon="139.3474199">
<time>2026-01-01T01:30:56.000Z</time>
<extensions><trainlcd:accuracy>19</trainlcd:accuracy></extensions>
</wpt>
<wpt lat="35.8402122" lon="139.3471993">
<time>2026-01-01T01:30:57.000Z</time>
<extensions><trainlcd:accuracy>16</trainlcd:accuracy></extensions>
</wpt>
<wpt lat="35.8402553" lon="139.3469787">
<time>2026-01-01T01:30:58.000Z</time>
<extensions><trainlcd:accuracy>16</trainlcd:accuracy></extensions>
</wpt>
<wpt lat="35.8402984" lon="139.3467581">
<time>2026-01-01T01:30:59.000Z</time>
<extensions><trainlcd:accuracy>18</trainlcd:accuracy></extensions>
</wpt>
<wpt lat="35.8403415" lon="139.3465375">
<time>2026-01-01T01:31:00.000Z</time>
<extensions><trainlcd:accuracy>12</trainlcd:accuracy></extensions>
</wpt>
<wpt lat="35.8403846" lon="139.3463168">
<time>2026-01-01T01:31:01.000Z</time>
<extensions><trainlcd:accuracy>10</trainlcd:accuracy></extensions>
</wpt>
<wpt lat="35.8404276" lon="139.3460962">
<time>2026-01-01T01:31:02.000Z</time>
<extensions><trainlcd:accuracy>12</trainlcd:accuracy></extensions>
</wpt>
<wpt lat="35.8404707" lon="139.3458756">
<time>2026-01-01T01:31:03.000Z</time>
<extensions><trainlcd:accuracy>18</trainlcd:accuracy></extensions>
</wpt>
<wpt lat="35.8405138" lon="139.3456550">
<time>2026-01-01T01:31:04.000Z</time>
<extensions><trainlcd:accuracy>14</trainlcd:accuracy></extensions>
</wpt>
<wpt lat="35.8405569" lon="139.3454344">
<time>2026-01-01T01:31:05.000Z</time>
<extensions><trainlcd:accuracy>20</trainlcd:accuracy></extensions>
</wpt>
<wpt lat="35.8406171" lon="139.3452234">
<time>2026-01-01T01:31:06.000Z</time>
<extensions><trainlcd:accuracy>19</trainlcd:accuracy></extensions>
</wpt>
<wpt lat="35.8406971" lon="139.3450235">
<time>2026-01-01T01:31:07.000Z</time>
<extensions><trainlcd:accuracy>19</trainlcd:accuracy></extensions>
</wpt>
<wpt lat="35.8407771" lon="139.3448237">
<time>2026-01-01T01:31:08.000Z</time>
<extensions><trainlcd:accuracy>11</trainlcd:accuracy></extensions>
</wpt>
<wpt lat="35.8408572" lon="139.3446239">
<time>2026-01-01T01:31:09.000Z</time>
<extensions><trainlcd:accuracy>14</trainlcd:accuracy></extensions>
</wpt>
<wpt lat="35.8409372" lon="139.3444241">
<time>2026-01-01T01:31:10.000Z</time>
<extensions><trainlcd:accuracy>11</trainlcd:accuracy></extensions>
</wpt>
<wpt lat="35.8410172" lon="139.3442242">
<time>2026-01-01T01:31:11.000Z</time>
<extensions><trainlcd:accuracy>15</trainlcd:accuracy></extensions>
</wpt>
<wpt lat="35.8410972" lon="139.3440244">
<time>2026-01-01T01:31:12.000Z</time>
<extensions><trainlcd:accuracy>16</trainlcd:accuracy></extensions>
</wpt>
<wpt lat="35.8411773" lon="139.3438246">
<time>2026-01-01T01:31:13.000Z</time>
<extensions><trainlcd:accuracy>15</trainlcd:accuracy></extensions>
</wpt>
<wpt lat="35.8412573" lon="139.3436247">
<time>2026-01-01T01:31:14.000Z</time>
<extensions><trainlcd:accuracy>17</trainlcd:accuracy></extensions>
</wpt>
<wpt lat="35.8413373" lon="139.3434249">
<time>2026-01-01T01:31:15.000Z</time>
<extensions><trainlcd:accuracy>15</trainlcd:accuracy></extensions>
</wpt>
<wpt lat="35.8414173" lon="139.3432251">
<time>2026-01-01T01:31:16.000Z</time>
<extensions><trainlcd:accuracy>12</trainlcd:accuracy></extensions>
</wpt>
<wpt lat="35.8414974" lon="139.3430253">
<time>2026-01-01T01:31:17.000Z</time>
<extensions><trainlcd:accuracy>20</trainlcd:accuracy></extensions>
</wpt>
<wpt lat="35.8415774" lon="139.3428254">
<time>2026-01-01T01:31:18.000Z</time>
<extensions><trainlcd:accuracy>18</trainlcd:accuracy></extensions>
</wpt>
<wpt lat="35.8416574" lon="139.3426256">
<time>2026-01-01T01:31:19.000Z</time>
<extensions><trainlcd:accuracy>16</trainlcd:accuracy></extensions>
</wpt>
<wpt lat="35.8417374" lon="139.3424258">
<time>2026-01-01T01:31:20.000Z</time>
<extensions><trainlcd:accuracy>12</trainlcd:accuracy></extensions>
</wpt>
<wpt lat="35.8418174" lon="139.3422259">
<time>2026-01-01T01:31:21.000Z</time>
<extensions><trainlcd:accuracy>10</trainlcd:accuracy></extensions>
</wpt>
<wpt lat="35.8418975" lon="139.3420261">
<time>2026-01-01T01:31:22.000Z</time>
<extensions><trainlcd:accuracy>14</trainlcd:accuracy></extensions>
</wpt>
<wpt lat="35.8419775" lon="139.3418263">
<time>2026-01-01T01:31:23.000Z</time>
<extensions><trainlcd:accuracy>14</trainlcd:accuracy></extensions>
</wpt>
<wpt lat="35.8420575" lon="139.3416265">
<time>2026-01-01T01:31:24.000Z</time>
<extensions><trainlcd:accuracy>19</trainlcd:accuracy></extensions>
</wpt>
<wpt lat="35.8421375" lon="139.3414266">
<time>2026-01-01T01:31:25.000Z</time>
<extensions><trainlcd:accuracy>17</trainlcd:accuracy></extensions>
</wpt>
<wpt lat="35.8422176" lon="139.3412268">
<time>2026-01-01T01:31:26.000Z</time>
<extensions><trainlcd:accuracy>18</trainlcd:accuracy></extensions>
</wpt>
<wpt lat="35.8422976" lon="139.3410270">
<time>2026-01-01T01:31:27.000Z</time>
<extensions><trainlcd:accuracy>14</trainlcd:accuracy></extensions>
</wpt>
<wpt lat="35.8423776" lon="139.3408271">
<time>2026-01-01T01:31:28.000Z</time>
<extensions><trainlcd:accuracy>13</trainlcd:accuracy></extensions>
</wpt>
<wpt lat="35.8424576" lon="139.3406273">
<time>2026-01-01T01:31:29.000Z</time>
<extensions><trainlcd:accuracy>15</trainlcd:accuracy></extensions>
</wpt>
<wpt lat="35.8425377" lon="139.3404275">
<time>2026-01-01T01:31:30.000Z</time>
<extensions><trainlcd:accuracy>11</trainlcd:accuracy></extensions>
</wpt>
<wpt lat="35.8426177" lon="139.3402277">
<time>2026-01-01T01:31:31.000Z</time>
<extensions><trainlcd:accuracy>9</trainlcd:accuracy></extensions>
</wpt>
<wpt lat="35.8426977" lon="139.3400278">
<time>2026-01-01T01:31:32.000Z</time>
<extensions><trainlcd:accuracy>19</trainlcd:accuracy></extensions>
</wpt>
<wpt lat="35.8427777" lon="139.3398280">
<time>2026-01-01T01:31:33.000Z</time>
<extensions><trainlcd:accuracy>17</trainlcd:accuracy></extensions>
</wpt>
<wpt lat="35.8428578" lon="139.3396282">
<time>2026-01-01T01:31:34.000Z</time>
<extensions><trainlcd:accuracy>10</trainlcd:accuracy></extensions>
</wpt>
<wpt lat="35.8429378" lon="139.3394283">
<time>2026-01-01T01:31:35.000Z</time>
<extensions><trainlcd:accuracy>9</trainlcd:accuracy></extensions>
</wpt>
<wpt lat="35.8430178" lon="139.3392285">
<time>2026-01-01T01:31:36.000Z</time>
<extensions><trainlcd:accuracy>15</trainlcd:accuracy></extensions>
</wpt>
<wpt lat="35.8430978" lon="139.3390287">
<time>2026-01-01T01:31:37.000Z</time>
<extensions><trainlcd:accuracy>19</trainlcd:accuracy></extensions>
</wpt>
<wpt lat="35.8431778" lon="139.3388289">
<time>2026-01-01T01:31:38.000Z</time>
<extensions><trainlcd:accuracy>20</trainlcd:accuracy></extensions>
</wpt>
<wpt lat="35.8432579" lon="139.3386290">
<time>2026-01-01T01:31:39.000Z</time>
<extensions><trainlcd:accuracy>10</trainlcd:accuracy></extensions>
</wpt>
<wpt lat="35.8433379" lon="139.3384292">
<time>2026-01-01T01:31:40.000Z</time>
<extensions><trainlcd:accuracy>17</trainlcd:accuracy></extensions>
</wpt>
<wpt lat="35.8434179" lon="139.3382294">
<time>2026-01-01T01:31:41.000Z</time>
<extensions><trainlcd:accuracy>14</trainlcd:accuracy></extensions>
</wpt>
<wpt lat="35.8434979" lon="139.3380295">
<time>2026-01-01T01:31:42.000Z</time>
<extensions><trainlcd:accuracy>13</trainlcd:accuracy></extensions>
</wpt>
<wpt lat="35.8435780" lon="139.3378297">
<time>2026-01-01T01:31:43.000Z</time>
<extensions><trainlcd:accuracy>16</trainlcd:accuracy></extensions>
</wpt>
<wpt lat="35.8436580" lon="139.3376299">
<time>2026-01-01T01:31:44.000Z</time>
<extensions><trainlcd:accuracy>16</trainlcd:accuracy></extensions>
</wpt>
<wpt lat="35.8437380" lon="139.3374301">
<time>2026-01-01T01:31:45.000Z</time>
<extensions><trainlcd:accuracy>12</trainlcd:accuracy></extensions>
</wpt>
<wpt lat="35.8438180" lon="139.3372302">
<time>2026-01-01T01:31:46.000Z</time>
<extensions><trainlcd:accuracy>17</trainlcd:accuracy></extensions>
</wpt>
<wpt lat="35.8438981" lon="139.3370304">
<time>2026-01-01T01:31:47.000Z</time>
<extensions><trainlcd:accuracy>10</trainlcd:accuracy></extensions>
</wpt>
<wpt lat="35.8439781" lon="139.3368306">
<time>2026-01-01T01:31:48.000Z</time>
<extensions><trainlcd:accuracy>12</trainlcd:accuracy></extensions>
</wpt>
<wpt lat="35.8440581" lon="139.3366307">
<time>2026-01-01T01:31:49.000Z</time>
<extensions><trainlcd:accuracy>18</trainlcd:accuracy></extensions>
</wpt>
<wpt lat="35.8441381" lon="139.3364309">
<time>2026-01-01T01:31:50.000Z</time>
<extensions><trainlcd:accuracy>9</trainlcd:accuracy></extensions>
</wpt>
<wpt lat="35.8442182" lon="139.3362311">
<time>2026-01-01T01:31:51.000Z</time>
<extensions><trainlcd:accuracy>16</trainlcd:accuracy></extensions>
</wpt>
<wpt lat="35.8442982" lon="139.3360313">
<time>2026-01-01T01:31:52.000Z</time>
<extensions><trainlcd:accuracy>20</trainlcd:accuracy></extensions>
</wpt>
<wpt lat="35.8443782" lon="139.3358314">
<time>2026-01-01T01:31:53.000Z</time>
<extensions><trainlcd:accuracy>20</trainlcd:accuracy></extensions>
</wpt>
<wpt lat="35.8444582" lon="139.3356316">
<time>2026-01-01T01:31:54.000Z</time>
<extensions><trainlcd:accuracy>16</trainlcd:accuracy></extensions>
</wpt>
<wpt lat="35.8445382" lon="139.3354318">
<time>2026-01-01T01:31:55.000Z</time>
<extensions><trainlcd:accuracy>14</trainlcd:accuracy></extensions>
</wpt>
<wpt lat="35.8446183" lon="139.3352319">
<time>2026-01-01T01:31:56.000Z</time>
<extensions><trainlcd:accuracy>12</trainlcd:accuracy></extensions>
</wpt>
<wpt lat="35.8446983" lon="139.3350321">
<time>2026-01-01T01:31:57.000Z</time>
<extensions><trainlcd:accuracy>9</trainlcd:accuracy></extensions>
</wpt>
<wpt lat="35.8447783" lon="139.3348323">
<time>2026-01-01T01:31:58.000Z</time>
<extensions><trainlcd:accuracy>16</trainlcd:accuracy></extensions>
</wpt>
<wpt lat="35.8448583" lon="139.3346325">
<time>2026-01-01T01:31:59.000Z</time>
<extensions><trainlcd:accuracy>11</trainlcd:accuracy></extensions>
</wpt>
<wpt lat="35.8449384" lon="139.3344326">
<time>2026-01-01T01:32:00.000Z</time>
<extensions><trainlcd:accuracy>11</trainlcd:accuracy></extensions>
</wpt>
<wpt lat="35.8450184" lon="139.3342328">
<time>2026-01-01T01:32:01.000Z</time>
<extensions><trainlcd:accuracy>13</trainlcd:accuracy></extensions>
</wpt>
<wpt lat="35.8450984" lon="139.3340330">
<time>2026-01-01T01:32:02.000Z</time>
<extensions><trainlcd:accuracy>14</trainlcd:accuracy></extensions>
</wpt>
<wpt lat="35.8451784" lon="139.3338331">
<time>2026-01-01T01:32:03.000Z</time>
<extensions><trainlcd:accuracy>17</trainlcd:accuracy></extensions>
</wpt>
<wpt lat="35.8452585" lon="139.3336333">
<time>2026-01-01T01:32:04.000Z</time>
<extensions><trainlcd:accuracy>15</trainlcd:accuracy></extensions>
</wpt>
<wpt lat="35.8453385" lon="139.3334335">
<time>2026-01-01T01:32:05.000Z</time>
<extensions><trainlcd:accuracy>9</trainlcd:accuracy></extensions>
</wpt>
<wpt lat="35.8454185" lon="139.3332337">
<time>2026-01-01T01:32:06.000Z</time>
<extensions><trainlcd:accuracy>17</trainlcd:accuracy></extensions>
</wpt>
<wpt lat="35.8454985" lon="139.3330338">
<time>2026-01-01T01:32:07.000Z</time>
<extensions><trainlcd:accuracy>16</trainlcd:accuracy></extensions>
</wpt>
<wpt lat="35.8455786" lon="139.3328340">
<time>2026-01-01T01:32:08.000Z</time>
<extensions><trainlcd:accuracy>19</trainlcd:accuracy></extensions>
</wpt>
<wpt lat="35.8456586" lon="139.3326342">
<time>2026-01-01T01:32:09.000Z</time>
<extensions><trainlcd:accuracy>13</trainlcd:accuracy></extensions>
</wpt>
<wpt lat="35.8457386" lon="139.3324343">
<time>2026-01-01T01:32:10.000Z</time>
<extensions><trainlcd:accuracy>13</trainlcd:accuracy></extensions>
</wpt>
<wpt lat="35.8458186" lon="139.3322345">
<time>2026-01-01T01:32:11.000Z</time>
<extensions><trainlcd:accuracy>15</trainlcd:accuracy></extensions>
</wpt>
<wpt lat="35.8458986" lon="139.3320347">
<time>2026-01-01T01:32:12.000Z</time>
<extensions><trainlcd:accuracy>11</trainlcd:accuracy></extensions>
</wpt>
<wpt lat="35.8459787" lon="139.3318349">
<time>2026-01-01T01:32:13.000Z</time>
<extensions><trainlcd:accuracy>10</trainlcd:accuracy></extensions>
</wpt>
<wpt lat="35.8460587" lon="139.3316350">
<time>2026-01-01T01:32:14.000Z</time>
<extensions><trainlcd:accuracy>11</trainlcd:accuracy></extensions>
</wpt>
<wpt lat="35.8461387" lon="139.3314352">
<time>2026-01-01T01:32:15.000Z</time>
<extensions><trainlcd:accuracy>20</trainlcd:accuracy></extensions>
</wpt>
<wpt lat="35.8462187" lon="139.3312354">
<time>2026-01-01T01:32:16.000Z</time>
<extensions><trainlcd:accuracy>13</trainlcd:accuracy></extensions>
</wpt>
<wpt lat="35.8462988" lon="139.3310355">
<time>2026-01-01T01:32:17.000Z</time>
<extensions><trainlcd:accuracy>14</trainlcd:accuracy></extensions>
</wpt>
<wpt lat="35.8463788" lon="139.3308357">
<time>2026-01-01T01:32:18.000Z</time>
<extensions><trainlcd:accuracy>11</trainlcd:accuracy></extensions>
</wpt>
<wpt lat="35.8464588" lon="139.3306359">
<time>2026-01-01T01:32:19.000Z</time>
<extensions><trainlcd:accuracy>20</trainlcd:accuracy></extensions>
</wpt>
<wpt lat="35.8465388" lon="139.3304360">
<time>2026-01-01T01:32:20.000Z</time>
<extensions><trainlcd:accuracy>9</trainlcd:accuracy></extensions>
</wpt>
<wpt lat="35.8466189" lon="139.3302362">
<time>2026-01-01T01:32:21.000Z</time>
<extensions><trainlcd:accuracy>12</trainlcd:accuracy></extensions>
</wpt>
<wpt lat="35.8466989" lon="139.3300364">
<time>2026-01-01T01:32:22.000Z</time>
<extensions><trainlcd:accuracy>16</trainlcd:accuracy></extensions>
</wpt>
<wpt lat="35.8467789" lon="139.3298366">
<time>2026-01-01T01:32:23.000Z</time>
<extensions><trainlcd:accuracy>12</trainlcd:accuracy></extensions>
</wpt>
<wpt lat="35.8468589" lon="139.3296367">
<time>2026-01-01T01:32:24.000Z</time>
<extensions><trainlcd:accuracy>10</trainlcd:accuracy></extensions>
</wpt>
<wpt lat="35.8469390" lon="139.3294369">
<time>2026-01-01T01:32:25.000Z</time>
<extensions><trainlcd:accuracy>9</trainlcd:accuracy></extensions>
</wpt>
<wpt lat="35.8470190" lon="139.3292371">
<time>2026-01-01T01:32:26.000Z</time>
<extensions><trainlcd:accuracy>15</trainlcd:accuracy></extensions>
</wpt>
<wpt lat="35.8470990" lon="139.3290372">
<time>2026-01-01T01:32:27.000Z</time>
<extensions><trainlcd:accuracy>18</trainlcd:accuracy></extensions>
</wpt>
<wpt lat="35.8471790" lon="139.3288374">
<time>2026-01-01T01:32:28.000Z</time>
<extensions><trainlcd:accuracy>15</trainlcd:accuracy></extensions>
</wpt>
<wpt lat="35.8472590" lon="139.3286376">
<time>2026-01-01T01:32:29.000Z</time>
<extensions><trainlcd:accuracy>18</trainlcd:accuracy></extensions>
</wpt>
<wpt lat="35.8473391" lon="139.3284378">
<time>2026-01-01T01:32:30.000Z</time>
<extensions><trainlcd:accuracy>15</trainlcd:accuracy></extensions>
</wpt>
<wpt lat="35.8474191" lon="139.3282379">
<time>2026-01-01T01:32:31.000Z</time>
<extensions><trainlcd:accuracy>9</trainlcd:accuracy></extensions>
</wpt>
<wpt lat="35.8474991" lon="139.3280381">
<time>2026-01-01T01:32:32.000Z</time>
<extensions><trainlcd:accuracy>13</trainlcd:accuracy></extensions>
</wpt>
<wpt lat="35.8475791" lon="139.3278383">
<time>2026-01-01T01:32:33.000Z</time>
<extensions><trainlcd:accuracy>15</trainlcd:accuracy></extensions>
</wpt>
<wpt lat="35.8476592" lon="139.3276384">
<time>2026-01-01T01:32:34.000Z</time>
<extensions><trainlcd:accuracy>9</trainlcd:accuracy></extensions>
</wpt>
<wpt lat="35.8477392" lon="139.3274386">
<time>2026-01-01T01:32:35.000Z</time>
<extensions><trainlcd:accuracy>19</trainlcd:accuracy></extensions>
</wpt>
<wpt lat="35.8478192" lon="139.3272388">
<time>2026-01-01T01:32:36.000Z</time>
<extensions><trainlcd:accuracy>8</trainlcd:accuracy></extensions>
</wpt>
<wpt lat="35.8478992" lon="139.3270390">
<time>2026-01-01T01:32:37.000Z</time>
<extensions><trainlcd:accuracy>17</trainlcd:accuracy></extensions>
</wpt>
<wpt lat="35.8479793" lon="139.3268391">
<time>2026-01-01T01:32:38.000Z</time>
<extensions><trainlcd:accuracy>15</trainlcd:accuracy></extensions>
</wpt>
<wpt lat="35.8480593" lon="139.3266393">
<time>2026-01-01T01:32:39.000Z</time>
<extensions><trainlcd:accuracy>16</trainlcd:accuracy></extensions>
</wpt>
<wpt lat="35.8481393" lon="139.3264395">
<time>2026-01-01T01:32:40.000Z</time>
<extensions><trainlcd:accuracy>20</trainlcd:accuracy></extensions>
</wpt>
<wpt lat="35.8482193" lon="139.3262396">
<time>2026-01-01T01:32:41.000Z</time>
<extensions><trainlcd:accuracy>12</trainlcd:accuracy></extensions>
</wpt>
<wpt lat="35.8482994" lon="139.3260398">
<time>2026-01-01T01:32:42.000Z</time>
<extensions><trainlcd:accuracy>17</trainlcd:accuracy></extensions>
</wpt>
<wpt lat="35.8483794" lon="139.3258400">
<time>2026-01-01T01:32:43.000Z</time>
<extensions><trainlcd:accuracy>11</trainlcd:accuracy></extensions>
</wpt>
<wpt lat="35.8484594" lon="139.3256402">
<time>2026-01-01T01:32:44.000Z</time>
<extensions><trainlcd:accuracy>9</trainlcd:accuracy></extensions>
</wpt>
<wpt lat="35.8485394" lon="139.3254403">
<time>2026-01-01T01:32:45.000Z</time>
<extensions><trainlcd:accuracy>9</trainlcd:accuracy></extensions>
</wpt>
<wpt lat="35.8486194" lon="139.3252405">
<time>2026-01-01T01:32:46.000Z</time>
<extensions><trainlcd:accuracy>16</trainlcd:accuracy></extensions>
</wpt>
<wpt lat="35.8486995" lon="139.3250407">
<time>2026-01-01T01:32:47.000Z</time>
<extensions><trainlcd:accuracy>16</trainlcd:accuracy></extensions>
</wpt>
<wpt lat="35.8487795" lon="139.3248408">
<time>2026-01-01T01:32:48.000Z</time>
<extensions><trainlcd:accuracy>16</trainlcd:accuracy></extensions>
</wpt>
<wpt lat="35.8488595" lon="139.3246410">
<time>2026-01-01T01:32:49.000Z</time>
<extensions><trainlcd:accuracy>16</trainlcd:accuracy></extensions>
</wpt>
<wpt lat="35.8489395" lon="139.3244412">
<time>2026-01-01T01:32:50.000Z</time>
<extensions><trainlcd:accuracy>11</trainlcd:accuracy></extensions>
</wpt>
<wpt lat="35.8490196" lon="139.3242414">
<time>2026-01-01T01:32:51.000Z</time>
<extensions><trainlcd:accuracy>9</trainlcd:accuracy></extensions>
</wpt>
<wpt lat="35.8490996" lon="139.3240415">
<time>2026-01-01T01:32:52.000Z</time>
<extensions><trainlcd:accuracy>11</trainlcd:accuracy></extensions>
</wpt>
<wpt lat="35.8491796" lon="139.3238417">
<time>2026-01-01T01:32:53.000Z</time>
<extensions><trainlcd:accuracy>19</trainlcd:accuracy></extensions>
</wpt>
<wpt lat="35.8492596" lon="139.3236419">
<time>2026-01-01T01:32:54.000Z</time>
<extensions><trainlcd:accuracy>12</trainlcd:accuracy></extensions>
</wpt>
<wpt lat="35.8493397" lon="139.3234420">
<time>2026-01-01T01:32:55.000Z</time>
<extensions><trainlcd:accuracy>8</trainlcd:accuracy></extensions>
</wpt>
<wpt lat="35.8494197" lon="139.3232422">
<time>2026-01-01T01:32:56.000Z</time>
<extensions><trainlcd:accuracy>14</trainlcd:accuracy></extensions>
</wpt>
<wpt lat="35.8494997" lon="139.3230424">
<time>2026-01-01T01:32:57.000Z</time>
<extensions><trainlcd:accuracy>14</trainlcd:accuracy></extensions>
</wpt>
<wpt lat="35.8495797" lon="139.3228426">
<time>2026-01-01T01:32:58.000Z</time>
<extensions><trainlcd:accuracy>15</trainlcd:accuracy></extensions>
</wpt>
<wpt lat="35.8496598" lon="139.3226427">
<time>2026-01-01T01:32:59.000Z</time>
<extensions><trainlcd:accuracy>8</trainlcd:accuracy></extensions>
</wpt>
<wpt lat="35.8497398" lon="139.3224429">
<time>2026-01-01T01:33:00.000Z</time>
<extensions><trainlcd:accuracy>16</trainlcd:accuracy></extensions>
</wpt>
<wpt lat="35.8498198" lon="139.3222431">
<time>2026-01-01T01:33:01.000Z</time>
<extensions><trainlcd:accuracy>17</trainlcd:accuracy></extensions>
</wpt>
<wpt lat="35.8498998" lon="139.3220432">
<time>2026-01-01T01:33:02.000Z</time>
<extensions><trainlcd:accuracy>19</trainlcd:accuracy></extensions>
</wpt>
<wpt lat="35.8499798" lon="139.3218434">
<time>2026-01-01T01:33:03.000Z</time>
<extensions><trainlcd:accuracy>14</trainlcd:accuracy></extensions>
</wpt>
<wpt lat="35.8500599" lon="139.3216436">
<time>2026-01-01T01:33:04.000Z</time>
<extensions><trainlcd:accuracy>9</trainlcd:accuracy></extensions>
</wpt>
<wpt lat="35.8501399" lon="139.3214438">
<time>2026-01-01T01:33:05.000Z</time>
<extensions><trainlcd:accuracy>9</trainlcd:accuracy></extensions>
</wpt>
<wpt lat="35.8502199" lon="139.3212439">
<time>2026-01-01T01:33:06.000Z</time>
<extensions><trainlcd:accuracy>8</trainlcd:accuracy></extensions>
</wpt>
<wpt lat="35.8502999" lon="139.3210441">
<time>2026-01-01T01:33:07.000Z</time>
<extensions><trainlcd:accuracy>11</trainlcd:accuracy></extensions>
</wpt>
<wpt lat="35.8503765" lon="139.3208529">
<time>2026-01-01T01:33:08.000Z</time>
<extensions><trainlcd:accuracy>19</trainlcd:accuracy></extensions>
</wpt>
<wpt lat="35.8504496" lon="139.3206703">
<time>2026-01-01T01:33:09.000Z</time>
<extensions><trainlcd:accuracy>18</trainlcd:accuracy></extensions>
</wpt>
<wpt lat="35.8505193" lon="139.3204963">
<time>2026-01-01T01:33:10.000Z</time>
<extensions><trainlcd:accuracy>11</trainlcd:accuracy></extensions>
</wpt>
<wpt lat="35.8505856" lon="139.3203309">
<time>2026-01-01T01:33:11.000Z</time>
<extensions><trainlcd:accuracy>13</trainlcd:accuracy></extensions>
</wpt>
<wpt lat="35.8506483" lon="139.3201741">
<time>2026-01-01T01:33:12.000Z</time>
<extensions><trainlcd:accuracy>10</trainlcd:accuracy></extensions>
</wpt>
<wpt lat="35.8507077" lon="139.3200259">
<time>2026-01-01T01:33:13.000Z</time>
<extensions><trainlcd:accuracy>14</trainlcd:accuracy></extensions>
</wpt>
<wpt lat="35.8507636" lon="139.3198863">
<time>2026-01-01T01:33:14.000Z</time>
<extensions><trainlcd:accuracy>15</trainlcd:accuracy></extensions>
</wpt>
<wpt lat="35.8508160" lon="139.3197554">
<time>2026-01-01T01:33:15.000Z</time>
<extensions><trainlcd:accuracy>12</trainlcd:accuracy></extensions>
</wpt>
<wpt lat="35.8508650" lon="139.3196330">
<time>2026-01-01T01:33:16.000Z</time>
<extensions><trainlcd:accuracy>16</trainlcd:accuracy></extensions>
</wpt>
<wpt lat="35.8509106" lon="139.3195193">
<time>2026-01-01T01:33:17.000Z</time>
<extensions><trainlcd:accuracy>16</trainlcd:accuracy></extensions>
</wpt>
<wpt lat="35.8509527" lon="139.3194141">
<time>2026-01-01T01:33:18.000Z</time>
<extensions><trainlcd:accuracy>18</trainlcd:accuracy></extensions>
</wpt>
<wpt lat="35.8509913" lon="139.3193176">
<time>2026-01-01T01:33:19.000Z</time>
<extensions><trainlcd:accuracy>14</trainlcd:accuracy></extensions>
</wpt>
<wpt lat="35.8510265" lon="139.3192297">
<time>2026-01-01T01:33:20.000Z</time>
<extensions><trainlcd:accuracy>15</trainlcd:accuracy></extensions>
</wpt>
<wpt lat="35.8510583" lon="139.3191504">
<time>2026-01-01T01:33:21.000Z</time>
<extensions><trainlcd:accuracy>14</trainlcd:accuracy></extensions>
</wpt>
<wpt lat="35.8510866" lon="139.3190797">
<time>2026-01-01T01:33:22.000Z</time>
<extensions><trainlcd:accuracy>13</trainlcd:accuracy></extensions>
</wpt>
<wpt lat="35.8511115" lon="139.3190176">
<time>2026-01-01T01:33:23.000Z</time>
<extensions><trainlcd:accuracy>16</trainlcd:accuracy></extensions>
</wpt>
<wpt lat="35.8511329" lon="139.3189641">
<time>2026-01-01T01:33:24.000Z</time>
<extensions><trainlcd:accuracy>16</trainlcd:accuracy></extensions>
</wpt>
<wpt lat="35.8511509" lon="139.3189192">
<time>2026-01-01T01:33:25.000Z</time>
<extensions><trainlcd:accuracy>17</trainlcd:accuracy></extensions>
</wpt>
<wpt lat="35.8511654" lon="139.3188830">
<time>2026-01-01T01:33:26.000Z</time>
<extensions><trainlcd:accuracy>14</trainlcd:accuracy></extensions>
</wpt>
<wpt lat="35.8511765" lon="139.3188553">
<time>2026-01-01T01:33:27.000Z</time>
<extensions><trainlcd:accuracy>11</trainlcd:accuracy></extensions>
</wpt>
<wpt lat="35.8511841" lon="139.3188363">
<time>2026-01-01T01:33:28.000Z</time>
<extensions><trainlcd:accuracy>16</trainlcd:accuracy></extensions>
</wpt>
<wpt lat="35.8511883" lon="139.3188258">
<time>2026-01-01T01:33:29.000Z</time>
<extensions><trainlcd:accuracy>10</trainlcd:accuracy></extensions>
</wpt>
<wpt lat="35.8511890" lon="139.3188240">
<time>2026-01-01T01:33:30.000Z</time>
<extensions><trainlcd:accuracy>20</trainlcd:accuracy></extensions>
</wpt>
<wpt lat="35.8511890" lon="139.3188240">
<time>2026-01-01T01:33:31.000Z</time>
<extensions><trainlcd:accuracy>17</trainlcd:accuracy></extensions>
</wpt>
</gpx>
