<?xml version="1.0" encoding="UTF-8"?>
<gpx version="1.1" creator="TrainLCD scripts/generate-location-gpx.mjs" xmlns="http://www.topografix.com/GPX/1/1">
<wpt lat="35.6901630" lon="139.6991870">
<time>2026-01-01T00:00:00.000Z</time>
</wpt>
<wpt lat="35.6901598" lon="139.6991807">
<time>2026-01-01T00:00:01.000Z</time>
</wpt>
<wpt lat="35.6901534" lon="139.6991682">
<time>2026-01-01T00:00:02.000Z</time>
</wpt>
<wpt lat="35.6901437" lon="139.6991495">
<time>2026-01-01T00:00:03.000Z</time>
</wpt>
<wpt lat="35.6901309" lon="139.6991245">
<time>2026-01-01T00:00:04.000Z</time>
</wpt>
<wpt lat="35.6901148" lon="139.6990932">
<time>2026-01-01T00:00:05.000Z</time>
</wpt>
<wpt lat="35.6900955" lon="139.6990557">
<time>2026-01-01T00:00:06.000Z</time>
</wpt>
<wpt lat="35.6900730" lon="139.6990119">
<time>2026-01-01T00:00:07.000Z</time>
</wpt>
<wpt lat="35.6900473" lon="139.6989618">
<time>2026-01-01T00:00:08.000Z</time>
</wpt>
<wpt lat="35.6900184" lon="139.6989056">
<time>2026-01-01T00:00:09.000Z</time>
</wpt>
<wpt lat="35.6899863" lon="139.6988430">
<time>2026-01-01T00:00:10.000Z</time>
</wpt>
<wpt lat="35.6899510" lon="139.6987742">
<time>2026-01-01T00:00:11.000Z</time>
</wpt>
<wpt lat="35.6899124" lon="139.6986992">
<time>2026-01-01T00:00:12.000Z</time>
</wpt>
<wpt lat="35.6898706" lon="139.6986179">
<time>2026-01-01T00:00:13.000Z</time>
</wpt>
<wpt lat="35.6898257" lon="139.6985303">
<time>2026-01-01T00:00:14.000Z</time>
</wpt>
<wpt lat="35.6897775" lon="139.6984365">
<time>2026-01-01T00:00:15.000Z</time>
</wpt>
<wpt lat="35.6897261" lon="139.6983364">
<time>2026-01-01T00:00:16.000Z</time>
</wpt>
<wpt lat="35.6896714" lon="139.6982301">
<time>2026-01-01T00:00:17.000Z</time>
</wpt>
<wpt lat="35.6896136" lon="139.6981175">
<time>2026-01-01T00:00:18.000Z</time>
</wpt>
<wpt lat="35.6895526" lon="139.6979987">
<time>2026-01-01T00:00:19.000Z</time>
</wpt>
<wpt lat="35.6894883" lon="139.6978736">
<time>2026-01-01T00:00:20.000Z</time>
</wpt>
<wpt lat="35.6894208" lon="139.6977422">
<time>2026-01-01T00:00:21.000Z</time>
</wpt>
<wpt lat="35.6893502" lon="139.6976046">
<time>2026-01-01T00:00:22.000Z</time>
</wpt>
<wpt lat="35.6892763" lon="139.6974608">
<time>2026-01-01T00:00:23.000Z</time>
</wpt>
<wpt lat="35.6891992" lon="139.6973107">
<time>2026-01-01T00:00:24.000Z</time>
</wpt>
<wpt lat="35.6891188" lon="139.6971543">
<time>2026-01-01T00:00:25.000Z</time>
</wpt>
<wpt lat="35.6890353" lon="139.6969917">
<time>2026-01-01T00:00:26.000Z</time>
</wpt>
<wpt lat="35.6889486" lon="139.6968228">
<time>2026-01-01T00:00:27.000Z</time>
</wpt>
<wpt lat="35.6888586" lon="139.6966477">
<time>2026-01-01T00:00:28.000Z</time>
</wpt>
<wpt lat="35.6887654" lon="139.6964663">
<time>2026-01-01T00:00:29.000Z</time>
</wpt>
<wpt lat="35.6886691" lon="139.6962787">
<time>2026-01-01T00:00:30.000Z</time>
</wpt>
<wpt lat="35.6885695" lon="139.6960848">
<time>2026-01-01T00:00:31.000Z</time>
</wpt>
<wpt lat="35.6884672" lon="139.6958858">
<time>2026-01-01T00:00:32.000Z</time>
</wpt>
<wpt lat="35.6883650" lon="139.6956868">
<time>2026-01-01T00:00:33.000Z</time>
</wpt>
<wpt lat="35.6882628" lon="139.6954878">
<time>2026-01-01T00:00:34.000Z</time>
</wpt>
<wpt lat="35.6881605" lon="139.6952887">
<time>2026-01-01T00:00:35.000Z</time>
</wpt>
<wpt lat="35.6880583" lon="139.6950897">
<time>2026-01-01T00:00:36.000Z</time>
</wpt>
<wpt lat="35.6879561" lon="139.6948907">
<time>2026-01-01T00:00:37.000Z</time>
</wpt>
<wpt lat="35.6878538" lon="139.6946917">
<time>2026-01-01T00:00:38.000Z</time>
</wpt>
<wpt lat="35.6877516" lon="139.6944927">
<time>2026-01-01T00:00:39.000Z</time>
</wpt>
<wpt lat="35.6876494" lon="139.6942936">
<time>2026-01-01T00:00:40.000Z</time>
</wpt>
<wpt lat="35.6875471" lon="139.6940946">
<time>2026-01-01T00:00:41.000Z</time>
</wpt>
<wpt lat="35.6874449" lon="139.6938956">
<time>2026-01-01T00:00:42.000Z</time>
</wpt>
<wpt lat="35.6873427" lon="139.6936966">
<time>2026-01-01T00:00:43.000Z</time>
</wpt>
<wpt lat="35.6872404" lon="139.6934976">
<time>2026-01-01T00:00:44.000Z</time>
</wpt>
<wpt lat="35.6871382" lon="139.6932985">
<time>2026-01-01T00:00:45.000Z</time>
</wpt>
<wpt lat="35.6870360" lon="139.6930995">
<time>2026-01-01T00:00:46.000Z</time>
</wpt>
<wpt lat="35.6869337" lon="139.6929005">
<time>2026-01-01T00:00:47.000Z</time>
</wpt>
<wpt lat="35.6868315" lon="139.6927015">
<time>2026-01-01T00:00:48.000Z</time>
</wpt>
<wpt lat="35.6867293" lon="139.6925025">
<time>2026-01-01T00:00:49.000Z</time>
</wpt>
<wpt lat="35.6866270" lon="139.6923034">
<time>2026-01-01T00:00:50.000Z</time>
</wpt>
<wpt lat="35.6865248" lon="139.6921044">
<time>2026-01-01T00:00:51.000Z</time>
</wpt>
<wpt lat="35.6864226" lon="139.6919054">
<time>2026-01-01T00:00:52.000Z</time>
</wpt>
<wpt lat="35.6863203" lon="139.6917064">
<time>2026-01-01T00:00:53.000Z</time>
</wpt>
<wpt lat="35.6862181" lon="139.6915074">
<time>2026-01-01T00:00:54.000Z</time>
</wpt>
<wpt lat="35.6861159" lon="139.6913083">
<time>2026-01-01T00:00:55.000Z</time>
</wpt>
<wpt lat="35.6860136" lon="139.6911093">
<time>2026-01-01T00:00:56.000Z</time>
</wpt>
<wpt lat="35.6859114" lon="139.6909103">
<time>2026-01-01T00:00:57.000Z</time>
</wpt>
<wpt lat="35.6858092" lon="139.6907113">
<time>2026-01-01T00:00:58.000Z</time>
</wpt>
<wpt lat="35.6857069" lon="139.6905123">
<time>2026-01-01T00:00:59.000Z</time>
</wpt>
<wpt lat="35.6856047" lon="139.6903132">
<time>2026-01-01T00:01:00.000Z</time>
</wpt>
<wpt lat="35.6855025" lon="139.6901142">
<time>2026-01-01T00:01:01.000Z</time>
</wpt>
<wpt lat="35.6854002" lon="139.6899152">
<time>2026-01-01T00:01:02.000Z</time>
</wpt>
<wpt lat="35.6852980" lon="139.6897162">
<time>2026-01-01T00:01:03.000Z</time>
</wpt>
<wpt lat="35.6851958" lon="139.6895171">
<time>2026-01-01T00:01:04.000Z</time>
</wpt>
<wpt lat="35.6850935" lon="139.6893181">
<time>2026-01-01T00:01:05.000Z</time>
</wpt>
<wpt lat="35.6849913" lon="139.6891191">
<time>2026-01-01T00:01:06.000Z</time>
</wpt>
<wpt lat="35.6848891" lon="139.6889201">
<time>2026-01-01T00:01:07.000Z</time>
</wpt>
<wpt lat="35.6847868" lon="139.6887211">
<time>2026-01-01T00:01:08.000Z</time>
</wpt>
<wpt lat="35.6846846" lon="139.6885220">
<time>2026-01-01T00:01:09.000Z</time>
</wpt>
<wpt lat="35.6845824" lon="139.6883230">
<time>2026-01-01T00:01:10.000Z</time>
</wpt>
<wpt lat="35.6844801" lon="139.6881240">
<time>2026-01-01T00:01:11.000Z</time>
</wpt>
<wpt lat="35.6843779" lon="139.6879250">
<time>2026-01-01T00:01:12.000Z</time>
</wpt>
<wpt lat="35.6842757" lon="139.6877260">
<time>2026-01-01T00:01:13.000Z</time>
</wpt>
<wpt lat="35.6841734" lon="139.6875269">
<time>2026-01-01T00:01:14.000Z</time>
</wpt>
<wpt lat="35.6840712" lon="139.6873279">
<time>2026-01-01T00:01:15.000Z</time>
</wpt>
<wpt lat="35.6839690" lon="139.6871289">
<time>2026-01-01T00:01:16.000Z</time>
</wpt>
<wpt lat="35.6838667" lon="139.6869299">
<time>2026-01-01T00:01:17.000Z</time>
</wpt>
<wpt lat="35.6837645" lon="139.6867309">
<time>2026-01-01T00:01:18.000Z</time>
</wpt>
<wpt lat="35.6836623" lon="139.6865318">
<time>2026-01-01T00:01:19.000Z</time>
</wpt>
<wpt lat="35.6835600" lon="139.6863328">
<time>2026-01-01T00:01:20.000Z</time>
</wpt>
<wpt lat="35.6834578" lon="139.6861338">
<time>2026-01-01T00:01:21.000Z</time>
</wpt>
<wpt lat="35.6833556" lon="139.6859348">
<time>2026-01-01T00:01:22.000Z</time>
</wpt>
<wpt lat="35.6832533" lon="139.6857358">
<time>2026-01-01T00:01:23.000Z</time>
</wpt>
<wpt lat="35.6831511" lon="139.6855367">
<time>2026-01-01T00:01:24.000Z</time>
</wpt>
<wpt lat="35.6830488" lon="139.6853377">
<time>2026-01-01T00:01:25.000Z</time>
</wpt>
<wpt lat="35.6829466" lon="139.6851387">
<time>2026-01-01T00:01:26.000Z</time>
</wpt>
<wpt lat="35.6828444" lon="139.6849397">
<time>2026-01-01T00:01:27.000Z</time>
</wpt>
<wpt lat="35.6827421" lon="139.6847407">
<time>2026-01-01T00:01:28.000Z</time>
</wpt>
<wpt lat="35.6826399" lon="139.6845416">
<time>2026-01-01T00:01:29.000Z</time>
</wpt>
<wpt lat="35.6825377" lon="139.6843426">
<time>2026-01-01T00:01:30.000Z</time>
</wpt>
<wpt lat="35.6824354" lon="139.6841436">
<time>2026-01-01T00:01:31.000Z</time>
</wpt>
<wpt lat="35.6823332" lon="139.6839446">
<time>2026-01-01T00:01:32.000Z</time>
</wpt>
<wpt lat="35.6822310" lon="139.6837456">
<time>2026-01-01T00:01:33.000Z</time>
</wpt>
<wpt lat="35.6821287" lon="139.6835465">
<time>2026-01-01T00:01:34.000Z</time>
</wpt>
<wpt lat="35.6820265" lon="139.6833475">
<time>2026-01-01T00:01:35.000Z</time>
</wpt>
<wpt lat="35.6819243" lon="139.6831485">
<time>2026-01-01T00:01:36.000Z</time>
</wpt>
<wpt lat="35.6818220" lon="139.6829495">
<time>2026-01-01T00:01:37.000Z</time>
</wpt>
<wpt lat="35.6817198" lon="139.6827504">
<time>2026-01-01T00:01:38.000Z</time>
</wpt>
<wpt lat="35.6816176" lon="139.6825514">
<time>2026-01-01T00:01:39.000Z</time>
</wpt>
<wpt lat="35.6815153" lon="139.6823524">
<time>2026-01-01T00:01:40.000Z</time>
</wpt>
<wpt lat="35.6814131" lon="139.6821534">
<time>2026-01-01T00:01:41.000Z</time>
</wpt>
<wpt lat="35.6813109" lon="139.6819544">
<time>2026-01-01T00:01:42.000Z</time>
</wpt>
<wpt lat="35.6812086" lon="139.6817553">
<time>2026-01-01T00:01:43.000Z</time>
</wpt>
<wpt lat="35.6811064" lon="139.6815563">
<time>2026-01-01T00:01:44.000Z</time>
</wpt>
<wpt lat="35.6810042" lon="139.6813573">
<time>2026-01-01T00:01:45.000Z</time>
</wpt>
<wpt lat="35.6809019" lon="139.6811583">
<time>2026-01-01T00:01:46.000Z</time>
</wpt>
<wpt lat="35.6807997" lon="139.6809593">
<time>2026-01-01T00:01:47.000Z</time>
</wpt>
<wpt lat="35.6806975" lon="139.6807602">
<time>2026-01-01T00:01:48.000Z</time>
</wpt>
<wpt lat="35.6805952" lon="139.6805612">
<time>2026-01-01T00:01:49.000Z</time>
</wpt>
<wpt lat="35.6804930" lon="139.6803622">
<time>2026-01-01T00:01:50.000Z</time>
</wpt>
<wpt lat="35.6803908" lon="139.6801632">
<time>2026-01-01T00:01:51.000Z</time>
</wpt>
<wpt lat="35.6802885" lon="139.6799642">
<time>2026-01-01T00:01:52.000Z</time>
</wpt>
<wpt lat="35.6801863" lon="139.6797651">
<time>2026-01-01T00:01:53.000Z</time>
</wpt>
<wpt lat="35.6800841" lon="139.6795661">
<time>2026-01-01T00:01:54.000Z</time>
</wpt>
<wpt lat="35.6799818" lon="139.6793671">
<time>2026-01-01T00:01:55.000Z</time>
</wpt>
<wpt lat="35.6798796" lon="139.6791681">
<time>2026-01-01T00:01:56.000Z</time>
</wpt>
<wpt lat="35.6797774" lon="139.6789691">
<time>2026-01-01T00:01:57.000Z</time>
</wpt>
<wpt lat="35.6796751" lon="139.6787700">
<time>2026-01-01T00:01:58.000Z</time>
</wpt>
<wpt lat="35.6795729" lon="139.6785710">
<time>2026-01-01T00:01:59.000Z</time>
</wpt>
<wpt lat="35.6794707" lon="139.6783720">
<time>2026-01-01T00:02:00.000Z</time>
</wpt>
<wpt lat="35.6793684" lon="139.6781730">
<time>2026-01-01T00:02:01.000Z</time>
</wpt>
<wpt lat="35.6792662" lon="139.6779740">
<time>2026-01-01T00:02:02.000Z</time>
</wpt>
<wpt lat="35.6791640" lon="139.6777749">
<time>2026-01-01T00:02:03.000Z</time>
</wpt>
<wpt lat="35.6790617" lon="139.6775759">
<time>2026-01-01T00:02:04.000Z</time>
</wpt>
<wpt lat="35.6789595" lon="139.6773769">
<time>2026-01-01T00:02:05.000Z</time>
</wpt>
<wpt lat="35.6788573" lon="139.6771779">
<time>2026-01-01T00:02:06.000Z</time>
</wpt>
<wpt lat="35.6787550" lon="139.6769789">
<time>2026-01-01T00:02:07.000Z</time>
</wpt>
<wpt lat="35.6786528" lon="139.6767798">
<time>2026-01-01T00:02:08.000Z</time>
</wpt>
<wpt lat="35.6785506" lon="139.6765808">
<time>2026-01-01T00:02:09.000Z</time>
</wpt>
<wpt lat="35.6784483" lon="139.6763818">
<time>2026-01-01T00:02:10.000Z</time>
</wpt>
<wpt lat="35.6783461" lon="139.6761828">
<time>2026-01-01T00:02:11.000Z</time>
</wpt>
<wpt lat="35.6782439" lon="139.6759837">
<time>2026-01-01T00:02:12.000Z</time>
</wpt>
<wpt lat="35.6781416" lon="139.6757847">
<time>2026-01-01T00:02:13.000Z</time>
</wpt>
<wpt lat="35.6780394" lon="139.6755857">
<time>2026-01-01T00:02:14.000Z</time>
</wpt>
<wpt lat="35.6779372" lon="139.6753867">
<time>2026-01-01T00:02:15.000Z</time>
</wpt>
<wpt lat="35.6778349" lon="139.6751877">
<time>2026-01-01T00:02:16.000Z</time>
</wpt>
<wpt lat="35.6777327" lon="139.6749886">
<time>2026-01-01T00:02:17.000Z</time>
</wpt>
<wpt lat="35.6776305" lon="139.6747896">
<time>2026-01-01T00:02:18.000Z</time>
</wpt>
<wpt lat="35.6775282" lon="139.6745906">
<time>2026-01-01T00:02:19.000Z</time>
</wpt>
<wpt lat="35.6774260" lon="139.6743916">
<time>2026-01-01T00:02:20.000Z</time>
</wpt>
<wpt lat="35.6773238" lon="139.6741926">
<time>2026-01-01T00:02:21.000Z</time>
</wpt>
<wpt lat="35.6772215" lon="139.6739935">
<time>2026-01-01T00:02:22.000Z</time>
</wpt>
<wpt lat="35.6771193" lon="139.6737945">
<time>2026-01-01T00:02:23.000Z</time>
</wpt>
<wpt lat="35.6770171" lon="139.6735955">
<time>2026-01-01T00:02:24.000Z</time>
</wpt>
<wpt lat="35.6769148" lon="139.6733965">
<time>2026-01-01T00:02:25.000Z</time>
</wpt>
<wpt lat="35.6768126" lon="139.6731975">
<time>2026-01-01T00:02:26.000Z</time>
</wpt>
<wpt lat="35.6767104" lon="139.6729984">
<time>2026-01-01T00:02:27.000Z</time>
</wpt>
<wpt lat="35.6766081" lon="139.6727994">
<time>2026-01-01T00:02:28.000Z</time>
</wpt>
<wpt lat="35.6765059" lon="139.6726004">
<time>2026-01-01T00:02:29.000Z</time>
</wpt>
<wpt lat="35.6764037" lon="139.6724014">
<time>2026-01-01T00:02:30.000Z</time>
</wpt>
<wpt lat="35.6763014" lon="139.6722024">
<time>2026-01-01T00:02:31.000Z</time>
</wpt>
<wpt lat="35.6761992" lon="139.6720033">
<time>2026-01-01T00:02:32.000Z</time>
</wpt>
<wpt lat="35.6760970" lon="139.6718043">
<time>2026-01-01T00:02:33.000Z</time>
</wpt>
<wpt lat="35.6759947" lon="139.6716053">
<time>2026-01-01T00:02:34.000Z</time>
</wpt>
<wpt lat="35.6758925" lon="139.6714063">
<time>2026-01-01T00:02:35.000Z</time>
</wpt>
<wpt lat="35.6757903" lon="139.6712073">
<time>2026-01-01T00:02:36.000Z</time>
</wpt>
<wpt lat="35.6756880" lon="139.6710082">
<time>2026-01-01T00:02:37.000Z</time>
</wpt>
<wpt lat="35.6755858" lon="139.6708092">
<time>2026-01-01T00:02:38.000Z</time>
</wpt>
<wpt lat="35.6754836" lon="139.6706102">
<time>2026-01-01T00:02:39.000Z</time>
</wpt>
<wpt lat="35.6753813" lon="139.6704112">
<time>2026-01-01T00:02:40.000Z</time>
</wpt>
<wpt lat="35.6752791" lon="139.6702122">
<time>2026-01-01T00:02:41.000Z</time>
</wpt>
<wpt lat="35.6751769" lon="139.6700131">
<time>2026-01-01T00:02:42.000Z</time>
</wpt>
<wpt lat="35.6750746" lon="139.6698141">
<time>2026-01-01T00:02:43.000Z</time>
</wpt>
<wpt lat="35.6749724" lon="139.6696151">
<time>2026-01-01T00:02:44.000Z</time>
</wpt>
<wpt lat="35.6748743" lon="139.6694241">
<time>2026-01-01T00:02:45.000Z</time>
</wpt>
<wpt lat="35.6747803" lon="139.6692412">
<time>2026-01-01T00:02:46.000Z</time>
</wpt>
<wpt lat="35.6746905" lon="139.6690663">
<time>2026-01-01T00:02:47.000Z</time>
</wpt>
<wpt lat="35.6746048" lon="139.6688994">
<time>2026-01-01T00:02:48.000Z</time>
</wpt>
<wpt lat="35.6745232" lon="139.6687406">
<time>2026-01-01T00:02:49.000Z</time>
</wpt>
<wpt lat="35.6744457" lon="139.6685898">
<time>2026-01-01T00:02:50.000Z</time>
</wpt>
<wpt lat="35.6743724" lon="139.6684471">
<time>2026-01-01T00:02:51.000Z</time>
</wpt>
<wpt lat="35.6743032" lon="139.6683124">
<time>2026-01-01T00:02:52.000Z</time>
</wpt>
<wpt lat="35.6742382" lon="139.6681858">
<time>2026-01-01T00:02:53.000Z</time>
</wpt>
<wpt lat="35.6741772" lon="139.6680672">
<time>2026-01-01T00:02:54.000Z</time>
</wpt>
<wpt lat="35.6741205" lon="139.6679566">
<time>2026-01-01T00:02:55.000Z</time>
</wpt>
<wpt lat="35.6740678" lon="139.6678541">
<time>2026-01-01T00:02:56.000Z</time>
</wpt>
<wpt lat="35.6740193" lon="139.6677596">
<time>2026-01-01T00:02:57.000Z</time>
</wpt>
<wpt lat="35.6739748" lon="139.6676731">
<time>2026-01-01T00:02:58.000Z</time>
</wpt>
<wpt lat="35.6739346" lon="139.6675947">
<time>2026-01-01T00:02:59.000Z</time>
</wpt>
<wpt lat="35.6738984" lon="139.6675244">
<time>2026-01-01T00:03:00.000Z</time>
</wpt>
<wpt lat="35.6738664" lon="139.6674621">
<time>2026-01-01T00:03:01.000Z</time>
</wpt>
<wpt lat="35.6738385" lon="139.6674078">
<time>2026-01-01T00:03:02.000Z</time>
</wpt>
<wpt lat="35.6738148" lon="139.6673616">
<time>2026-01-01T00:03:03.000Z</time>
</wpt>
<wpt lat="35.6737952" lon="139.6673234">
<time>2026-01-01T00:03:04.000Z</time>
</wpt>
<wpt lat="35.6737797" lon="139.6672932">
<time>2026-01-01T00:03:05.000Z</time>
</wpt>
<wpt lat="35.6737683" lon="139.6672711">
<time>2026-01-01T00:03:06.000Z</time>
</wpt>
<wpt lat="35.6737611" lon="139.6672570">
<time>2026-01-01T00:03:07.000Z</time>
</wpt>
<wpt lat="35.6737580" lon="139.6672510">
<time>2026-01-01T00:03:08.000Z</time>
</wpt>
<wpt lat="35.6737580" lon="139.6672510">
<time>2026-01-01T00:03:09.000Z</time>
</wpt>
<wpt lat="35.6737580" lon="139.6672510">
<time>2026-01-01T00:03:10.000Z</time>
</wpt>
<wpt lat="35.6737580" lon="139.6672510">
<time>2026-01-01T00:03:11.000Z</time>
</wpt>
<wpt lat="35.6737580" lon="139.6672510">
<time>2026-01-01T00:03:12.000Z</time>
</wpt>
<wpt lat="35.6737580" lon="139.6672510">
<time>2026-01-01T00:03:13.000Z</time>
</wpt>
<wpt lat="35.6737580" lon="139.6672510">
<time>2026-01-01T00:03:14.000Z</time>
</wpt>
<wpt lat="35.6737580" lon="139.6672510">
<time>2026-01-01T00:03:15.000Z</time>
</wpt>
<wpt lat="35.6737580" lon="139.6672510">
<time>2026-01-01T00:03:16.000Z</time>
</wpt>
<wpt lat="35.6737580" lon="139.6672510">
<time>2026-01-01T00:03:17.000Z</time>
</wpt>
<wpt lat="35.6737580" lon="139.6672510">
<time>2026-01-01T00:03:18.000Z</time>
</wpt>
<wpt lat="35.6737580" lon="139.6672510">
<time>2026-01-01T00:03:19.000Z</time>
</wpt>
<wpt lat="35.6737580" lon="139.6672510">
<time>2026-01-01T00:03:20.000Z</time>
</wpt>
<wpt lat="35.6737580" lon="139.6672510">
<time>2026-01-01T00:03:21.000Z</time>
</wpt>
<wpt lat="35.6737580" lon="139.6672510">
<time>2026-01-01T00:03:22.000Z</time>
</wpt>
<wpt lat="35.6737580" lon="139.6672510">
<time>2026-01-01T00:03:23.000Z</time>
</wpt>
<wpt lat="35.6737580" lon="139.6672510">
<time>2026-01-01T00:03:24.000Z</time>
</wpt>
<wpt lat="35.6737580" lon="139.6672510">
<time>2026-01-01T00:03:25.000Z</time>
</wpt>
<wpt lat="35.6737580" lon="139.6672510">
<time>2026-01-01T00:03:26.000Z</time>
</wpt>
<wpt lat="35.6737580" lon="139.6672510">
<time>2026-01-01T00:03:27.000Z</time>
</wpt>
<wpt lat="35.6737580" lon="139.6672510">
<time>2026-01-01T00:03:28.000Z</time>
</wpt>
<wpt lat="35.6737580" lon="139.6672510">
<time>2026-01-01T00:03:29.000Z</time>
</wpt>
<wpt lat="35.6737580" lon="139.6672510">
<time>2026-01-01T00:03:30.000Z</time>
</wpt>
<wpt lat="35.6737580" lon="139.6672510">
<time>2026-01-01T00:03:31.000Z</time>
</wpt>
<wpt lat="35.6737580" lon="139.6672510">
<time>2026-01-01T00:03:32.000Z</time>
</wpt>
<wpt lat="35.6737580" lon="139.6672510">
<time>2026-01-01T00:03:33.000Z</time>
</wpt>
<wpt lat="35.6737580" lon="139.6672510">
<time>2026-01-01T00:03:34.000Z</time>
</wpt>
<wpt lat="35.6737580" lon="139.6672510">
<time>2026-01-01T00:03:35.000Z</time>
</wpt>
<wpt lat="35.6737580" lon="139.6672510">
<time>2026-01-01T00:03:36.000Z</time>
</wpt>
<wpt lat="35.6737580" lon="139.6672510">
<time>2026-01-01T00:03:37.000Z</time>
</wpt>
<wpt lat="35.6737580" lon="139.6672510">
<time>2026-01-01T00:03:38.000Z</time>
</wpt>
<wpt lat="35.6737580" lon="139.6672510">
<time>2026-01-01T00:03:39.000Z</time>
</wpt>
<wpt lat="35.6737580" lon="139.6672510">
<time>2026-01-01T00:03:40.000Z</time>
</wpt>
<wpt lat="35.6737580" lon="139.6672510">
<time>2026-01-01T00:03:41.000Z</time>
</wpt>
<wpt lat="35.6737580" lon="139.6672510">
<time>2026-01-01T00:03:42.000Z</time>
</wpt>
<wpt lat="35.6737580" lon="139.6672510">
<time>2026-01-01T00:03:43.000Z</time>
</wpt>
<wpt lat="35.6737580" lon="139.6672510">
<time>2026-01-01T00:03:44.000Z</time>
</wpt>
<wpt lat="35.6737580" lon="139.6672510">
<time>2026-01-01T00:03:45.000Z</time>
</wpt>
<wpt lat="35.6737556" lon="139.6672440">
<time>2026-01-01T00:03:46.000Z</time>
</wpt>
<wpt lat="35.6737508" lon="139.6672299">
<time>2026-01-01T00:03:47.000Z</time>
</wpt>
<wpt lat="35.6737436" lon="139.6672087">
<time>2026-01-01T00:03:48.000Z</time>
</wpt>
<wpt lat="35.6737340" lon="139.6671805">
<time>2026-01-01T00:03:49.000Z</time>
</wpt>
<wpt lat="35.6737220" lon="139.6671453">
<time>2026-01-01T00:03:50.000Z</time>
</wpt>
<wpt lat="35.6737077" lon="139.6671030">
<time>2026-01-01T00:03:51.000Z</time>
</wpt>
<wpt lat="35.6736909" lon="139.6670536">
<time>2026-01-01T00:03:52.000Z</time>
</wpt>
<wpt lat="35.6736717" lon="139.6669972">
<time>2026-01-01T00:03:53.000Z</time>
</wpt>
<wpt lat="35.6736501" lon="139.6669338">
<time>2026-01-01T00:03:54.000Z</time>
</wpt>
<wpt lat="35.6736261" lon="139.6668633">
<time>2026-01-01T00:03:55.000Z</time>
</wpt>
<wpt lat="35.6735998" lon="139.6667858">
<time>2026-01-01T00:03:56.000Z</time>
</wpt>
<wpt lat="35.6735710" lon="139.6667012">
<time>2026-01-01T00:03:57.000Z</time>
</wpt>
<wpt lat="35.6735398" lon="139.6666096">
<time>2026-01-01T00:03:58.000Z</time>
</wpt>
<wpt lat="35.6735063" lon="139.6665109">
<time>2026-01-01T00:03:59.000Z</time>
</wpt>
<wpt lat="35.6734703" lon="139.6664051">
<time>2026-01-01T00:04:00.000Z</time>
</wpt>
<wpt lat="35.6734319" lon="139.6662924">
<time>2026-01-01T00:04:01.000Z</time>
</wpt>
<wpt lat="35.6733912" lon="139.6661725">
<time>2026-01-01T00:04:02.000Z</time>
</wpt>
<wpt lat="35.6733480" lon="139.6660456">
<time>2026-01-01T00:04:03.000Z</time>
</wpt>
<wpt lat="35.6733025" lon="139.6659117">
<time>2026-01-01T00:04:04.000Z</time>
</wpt>
<wpt lat="35.6732545" lon="139.6657707">
<time>2026-01-01T00:04:05.000Z</time>
</wpt>
<wpt lat="35.6732042" lon="139.6656227">
<time>2026-01-01T00:04:06.000Z</time>
</wpt>
<wpt lat="35.6731514" lon="139.6654676">
<time>2026-01-01T00:04:07.000Z</time>
</wpt>
<wpt lat="35.6730963" lon="139.6653055">
<time>2026-01-01T00:04:08.000Z</time>
</wpt>
<wpt lat="35.6730387" lon="139.6651364">
<time>2026-01-01T00:04:09.000Z</time>
</wpt>
<wpt lat="35.6729788" lon="139.6649601">
<time>2026-01-01T00:04:10.000Z</time>
</wpt>
<wpt lat="35.6729175" lon="139.6647800">
<time>2026-01-01T00:04:11.000Z</time>
</wpt>
<wpt lat="35.6728562" lon="139.6645998">
<time>2026-01-01T00:04:12.000Z</time>
</wpt>
<wpt lat="35.6727949" lon="139.6644196">
<time>2026-01-01T00:04:13.000Z</time>
</wpt>
<wpt lat="35.6727336" lon="139.6642394">
<time>2026-01-01T00:04:14.000Z</time>
</wpt>
<wpt lat="35.6726724" lon="139.6640592">
<time>2026-01-01T00:04:15.000Z</time>
</wpt>
<wpt lat="35.6726111" lon="139.6638791">
<time>2026-01-01T00:04:16.000Z</time>
</wpt>
<wpt lat="35.6725498" lon="139.6636989">
<time>2026-01-01T00:04:17.000Z</time>
</wpt>
<wpt lat="35.6724885" lon="139.6635187">
<time>2026-01-01T00:04:18.000Z</time>
</wpt>
<wpt lat="35.6724272" lon="139.6633385">
<time>2026-01-01T00:04:19.000Z</time>
</wpt>
<wpt lat="35.6723659" lon="139.6631584">
<time>2026-01-01T00:04:20.000Z</time>
</wpt>
<wpt lat="35.6723047" lon="139.6629782">
<time>2026-01-01T00:04:21.000Z</time>
</wpt>
<wpt lat="35.6722434" lon="139.6627980">
<time>2026-01-01T00:04:22.000Z</time>
</wpt>
<wpt lat="35.6721821" lon="139.6626178">
<time>2026-01-01T00:04:23.000Z</time>
</wpt>
<wpt lat="35.6721208" lon="139.6624376">
<time>2026-01-01T00:04:24.000Z</time>
</wpt>
<wpt lat="35.6720595" lon="139.6622575">
<time>2026-01-01T00:04:25.000Z</time>
</wpt>
<wpt lat="35.6719982" lon="139.6620773">
<time>2026-01-01T00:04:26.000Z</time>
</wpt>
<wpt lat="35.6719369" lon="139.6618971">
<time>2026-01-01T00:04:27.000Z</time>
</wpt>
<wpt lat="35.6718757" lon="139.6617169">
<time>2026-01-01T00:04:28.000Z</time>
</wpt>
<wpt lat="35.6718144" lon="139.6615368">
<time>2026-01-01T00:04:29.000Z</time>
</wpt>
<wpt lat="35.6717531" lon="139.6613566">
<time>2026-01-01T00:04:30.000Z</time>
</wpt>
<wpt lat="35.6716918" lon="139.6611764">
<time>2026-01-01T00:04:31.000Z</time>
</wpt>
<wpt lat="35.6716305" lon="139.6609962">
<time>2026-01-01T00:04:32.000Z</time>
</wpt>
<wpt lat="35.6715692" lon="139.6608161">
<time>2026-01-01T00:04:33.000Z</time>
</wpt>
<wpt lat="35.6715079" lon="139.6606359">
<time>2026-01-01T00:04:34.000Z</time>
</wpt>
<wpt lat="35.6714467" lon="139.6604557">
<time>2026-01-01T00:04:35.000Z</time>
</wpt>
<wpt lat="35.6713854" lon="139.6602755">
<time>2026-01-01T00:04:36.000Z</time>
</wpt>
<wpt lat="35.6713241" lon="139.6600953">
<time>2026-01-01T00:04:37.000Z</time>
</wpt>
<wpt lat="35.6712628" lon="139.6599152">
<time>2026-01-01T00:04:38.000Z</time>
</wpt>
<wpt lat="35.6712015" lon="139.6597350">
<time>2026-01-01T00:04:39.000Z</time>
</wpt>
<wpt lat="35.6711402" lon="139.6595548">
<time>2026-01-01T00:04:40.000Z</time>
</wpt>
<wpt lat="35.6710818" lon="139.6593733">
<time>2026-01-01T00:04:41.000Z</time>
</wpt>
<wpt lat="35.6710338" lon="139.6591871">
<time>2026-01-01T00:04:42.000Z</time>
</wpt>
<wpt lat="35.6709858" lon="139.6590009">
<time>2026-01-01T00:04:43.000Z</time>
</wpt>
<wpt lat="35.6709379" lon="139.6588147">
<time>2026-01-01T00:04:44.000Z</time>
</wpt>
<wpt lat="35.6708899" lon="139.6586284">
<time>2026-01-01T00:04:45.000Z</time>
</wpt>
<wpt lat="35.6708419" lon="139.6584422">
<time>2026-01-01T00:04:46.000Z</time>
</wpt>
<wpt lat="35.6707940" lon="139.6582560">
<time>2026-01-01T00:04:47.000Z</time>
</wpt>
<wpt lat="35.6707460" lon="139.6580698">
<time>2026-01-01T00:04:48.000Z</time>
</wpt>
<wpt lat="35.6706980" lon="139.6578835">
<time>2026-01-01T00:04:49.000Z</time>
</wpt>
<wpt lat="35.6706501" lon="139.6576973">
<time>2026-01-01T00:04:50.000Z</time>
</wpt>
<wpt lat="35.6706021" lon="139.6575111">
<time>2026-01-01T00:04:51.000Z</time>
</wpt>
<wpt lat="35.6705541" lon="139.6573249">
<time>2026-01-01T00:04:52.000Z</time>
</wpt>
<wpt lat="35.6705062" lon="139.6571386">
<time>2026-01-01T00:04:53.000Z</time>
</wpt>
<wpt lat="35.6704582" lon="139.6569524">
<time>2026-01-01T00:04:54.000Z</time>
</wpt>
<wpt lat="35.6704102" lon="139.6567662">
<time>2026-01-01T00:04:55.000Z</time>
</wpt>
<wpt lat="35.6703622" lon="139.6565800">
<time>2026-01-01T00:04:56.000Z</time>
</wpt>
<wpt lat="35.6703143" lon="139.6563937">
<time>2026-01-01T00:04:57.000Z</time>
</wpt>
<wpt lat="35.6702663" lon="139.6562075">
<time>2026-01-01T00:04:58.000Z</time>
</wpt>
<wpt lat="35.6702183" lon="139.6560213">
<time>2026-01-01T00:04:59.000Z</time>
</wpt>
<wpt lat="35.6701704" lon="139.6558351">
<time>2026-01-01T00:05:00.000Z</time>
</wpt>
<wpt lat="35.6701224" lon="139.6556488">
<time>2026-01-01T00:05:01.000Z</time>
</wpt>
<wpt lat="35.6700744" lon="139.6554626">
<time>2026-01-01T00:05:02.000Z</time>
</wpt>
<wpt lat="35.6700265" lon="139.6552764">
<time>2026-01-01T00:05:03.000Z</time>
</wpt>
<wpt lat="35.6699785" lon="139.6550902">
<time>2026-01-01T00:05:04.000Z</time>
</wpt>
<wpt lat="35.6699305" lon="139.6549039">
<time>2026-01-01T00:05:05.000Z</time>
</wpt>
<wpt lat="35.6698826" lon="139.6547177">
<time>2026-01-01T00:05:06.000Z</time>
</wpt>
<wpt lat="35.6698346" lon="139.6545315">
<time>2026-01-01T00:05:07.000Z</time>
</wpt>
<wpt lat="35.6697866" lon="139.6543453">
<time>2026-01-01T00:05:08.000Z</time>
</wpt>
<wpt lat="35.6697386" lon="139.6541590">
<time>2026-01-01T00:05:09.000Z</time>
</wpt>
<wpt lat="35.6696907" lon="139.6539728">
<time>2026-01-01T00:05:10.000Z</time>
</wpt>
<wpt lat="35.6696427" lon="139.6537866">
<time>2026-01-01T00:05:11.000Z</time>
</wpt>
<wpt lat="35.6695947" lon="139.6536004">
<time>2026-01-01T00:05:12.000Z</time>
</wpt>
<wpt lat="35.6695468" lon="139.6534141">
<time>2026-01-01T00:05:13.000Z</time>
</wpt>
<wpt lat="35.6694988" lon="139.6532279">
<time>2026-01-01T00:05:14.000Z</time>
</wpt>
<wpt lat="35.6694508" lon="139.6530417">
<time>2026-01-01T00:05:15.000Z</time>
</wpt>
<wpt lat="35.6694029" lon="139.6528555">
<time>2026-01-01T00:05:16.000Z</time>
</wpt>
<wpt lat="35.6693549" lon="139.6526692">
<time>2026-01-01T00:05:17.000Z</time>
</wpt>
<wpt lat="35.6693069" lon="139.6524830">
<time>2026-01-01T00:05:18.000Z</time>
</wpt>
<wpt lat="35.6692590" lon="139.6522968">
<time>2026-01-01T00:05:19.000Z</time>
</wpt>
<wpt lat="35.6692110" lon="139.6521106">
<time>2026-01-01T00:05:20.000Z</time>
</wpt>
<wpt lat="35.6691654" lon="139.6519337">
<time>2026-01-01T00:05:21.000Z</time>
</wpt>
<wpt lat="35.6691223" lon="139.6517662">
<time>2026-01-01T00:05:22.000Z</time>
</wpt>
<wpt lat="35.6690816" lon="139.6516081">
<time>2026-01-01T00:05:23.000Z</time>
</wpt>
<wpt lat="35.6690432" lon="139.6514593">
<time>2026-01-01T00:05:24.000Z</time>
</wpt>
<wpt lat="35.6690073" lon="139.6513199">
<time>2026-01-01T00:05:25.000Z</time>
</wpt>
<wpt lat="35.6689738" lon="139.6511899">
<time>2026-01-01T00:05:26.000Z</time>
</wpt>
<wpt lat="35.6689428" lon="139.6510693">
<time>2026-01-01T00:05:27.000Z</time>
</wpt>
<wpt lat="35.6689141" lon="139.6509580">
<time>2026-01-01T00:05:28.000Z</time>
</wpt>
<wpt lat="35.6688878" lon="139.6508560">
<time>2026-01-01T00:05:29.000Z</time>
</wpt>
<wpt lat="35.6688640" lon="139.6507635">
<time>2026-01-01T00:05:30.000Z</time>
</wpt>
<wpt lat="35.6688426" lon="139.6506803">
<time>2026-01-01T00:05:31.000Z</time>
</wpt>
<wpt lat="35.6688235" lon="139.6506065">
<time>2026-01-01T00:05:32.000Z</time>
</wpt>
<wpt lat="35.6688069" lon="139.6505420">
<time>2026-01-01T00:05:33.000Z</time>
</wpt>
<wpt lat="35.6687928" lon="139.6504869">
<time>2026-01-01T00:05:34.000Z</time>
</wpt>
<wpt lat="35.6687810" lon="139.6504412">
<time>2026-01-01T00:05:35.000Z</time>
</wpt>
<wpt lat="35.6687716" lon="139.6504049">
<time>2026-01-01T00:05:36.000Z</time>
</wpt>
<wpt lat="35.6687647" lon="139.6503779">
<time>2026-01-01T00:05:37.000Z</time>
</wpt>
<wpt lat="35.6687601" lon="139.6503603">
<time>2026-01-01T00:05:38.000Z</time>
</wpt>
<wpt lat="35.6687580" lon="139.6503520">
<time>2026-01-01T00:05:39.000Z</time>
</wpt>
<wpt lat="35.6687580" lon="139.6503520">
<time>2026-01-01T00:05:40.000Z</time>
</wpt>
<wpt lat="35.6687580" lon="139.6503520">
<time>2026-01-01T00:05:41.000Z</time>
</wpt>
<wpt lat="35.6687580" lon="139.6503520">
<time>2026-01-01T00:05:42.000Z</time>
</wpt>
<wpt lat="35.6687580" lon="139.6503520">
<time>2026-01-01T00:05:43.000Z</time>
</wpt>
<wpt lat="35.6687580" lon="139.6503520">
<time>2026-01-01T00:05:44.000Z</time>
</wpt>
<wpt lat="35.6687580" lon="139.6503520">
<time>2026-01-01T00:05:45.000Z</time>
</wpt>
<wpt lat="35.6687580" lon="139.6503520">
<time>2026-01-01T00:05:46.000Z</time>
</wpt>
<wpt lat="35.6687580" lon="139.6503520">
<time>2026-01-01T00:05:47.000Z</time>
</wpt>
<wpt lat="35.6687580" lon="139.6503520">
<time>2026-01-01T00:05:48.000Z</time>
</wpt>
<wpt lat="35.6687580" lon="139.6503520">
<time>2026-01-01T00:05:49.000Z</time>
</wpt>
<wpt lat="35.6687580" lon="139.6503520">
<time>2026-01-01T00:05:50.000Z</time>
</wpt>
<wpt lat="35.6687580" lon="139.6503520">
<time>2026-01-01T00:05:51.000Z</time>
</wpt>
<wpt lat="35.6687580" lon="139.6503520">
<time>2026-01-01T00:05:52.000Z</time>
</wpt>
<wpt lat="35.6687580" lon="139.6503520">
<time>2026-01-01T00:05:53.000Z</time>
</wpt>
<wpt lat="35.6687580" lon="139.6503520">
<time>2026-01-01T00:05:54.000Z</time>
</wpt>
<wpt lat="35.6687580" lon="139.6503520">
<time>2026-01-01T00:05:55.000Z</time>
</wpt>
<wpt lat="35.6687580" lon="139.6503520">
<time>2026-01-01T00:05:56.000Z</time>
</wpt>
<wpt lat="35.6687580" lon="139.6503520">
<time>2026-01-01T00:05:57.000Z</time>
</wpt>
<wpt lat="35.6687580" lon="139.6503520">
<time>2026-01-01T00:05:58.000Z</time>
</wpt>
<wpt lat="35.6687580" lon="139.6503520">
<time>2026-01-01T00:05:59.000Z</time>
</wpt>
<wpt lat="35.6687580" lon="139.6503520">
<time>2026-01-01T00:06:00.000Z</time>
</wpt>
<wpt lat="35.6687580" lon="139.6503520">
<time>2026-01-01T00:06:01.000Z</time>
</wpt>
<wpt lat="35.6687580" lon="139.6503520">
<time>2026-01-01T00:06:02.000Z</time>
</wpt>
<wpt lat="35.6687580" lon="139.6503520">
<time>2026-01-01T00:06:03.000Z</time>
</wpt>
<wpt lat="35.6687580" lon="139.6503520">
<time>2026-01-01T00:06:04.000Z</time>
</wpt>
<wpt lat="35.6687580" lon="139.6503520">
<time>2026-01-01T00:06:05.000Z</time>
</wpt>
<wpt lat="35.6687580" lon="139.6503520">
<time>2026-01-01T00:06:06.000Z</time>
</wpt>
<wpt lat="35.6687580" lon="139.6503520">
<time>2026-01-01T00:06:07.000Z</time>
</wpt>
<wpt lat="35.6687580" lon="139.6503520">
<time>2026-01-01T00:06:08.000Z</time>
</wpt>
<wpt lat="35.6687580" lon="139.6503520">
<time>2026-01-01T00:06:09.000Z</time>
</wpt>
<wpt lat="35.6687580" lon="139.6503520">
<time>2026-01-01T00:06:10.000Z</time>
</wpt>
<wpt lat="35.6687580" lon="139.6503520">
<time>2026-01-01T00:06:11.000Z</time>
</wpt>
<wpt lat="35.6687580" lon="139.6503520">
<time>2026-01-01T00:06:12.000Z</time>
</wpt>
<wpt lat="35.6687580" lon="139.6503520">
<time>2026-01-01T00:06:13.000Z</time>
</wpt>
<wpt lat="35.6687580" lon="139.6503520">
<time>2026-01-01T00:06:14.000Z</time>
</wpt>
<wpt lat="35.6687580" lon="139.6503520">
<time>2026-01-01T00:06:15.000Z</time>
</wpt>
<wpt lat="35.6687580" lon="139.6503520">
<time>2026-01-01T00:06:16.000Z</time>
</wpt>
<wpt lat="35.6687559" lon="139.6503447">
<time>2026-01-01T00:06:17.000Z</time>
</wpt>
<wpt lat="35.6687517" lon="139.6503302">
<time>2026-01-01T00:06:18.000Z</time>
</wpt>
<wpt lat="35.6687453" lon="139.6503083">
<time>2026-01-01T00:06:19.000Z</time>
</wpt>
<wpt lat="35.6687369" lon="139.6502792">
<time>2026-01-01T00:06:20.000Z</time>
</wpt>
<wpt lat="35.6687263" lon="139.6502428">
<time>2026-01-01T00:06:21.000Z</time>
</wpt>
<wpt lat="35.6687136" lon="139.6501991">
<time>2026-01-01T00:06:22.000Z</time>
</wpt>
<wpt lat="35.6686988" lon="139.6501482">
<time>2026-01-01T00:06:23.000Z</time>
</wpt>
<wpt lat="35.6686819" lon="139.6500899">
<time>2026-01-01T00:06:24.000Z</time>
</wpt>
<wpt lat="35.6686629" lon="139.6500244">
<time>2026-01-01T00:06:25.000Z</time>
</wpt>
<wpt lat="35.6686417" lon="139.6499516">
<time>2026-01-01T00:06:26.000Z</time>
</wpt>
<wpt lat="35.6686185" lon="139.6498715">
<time>2026-01-01T00:06:27.000Z</time>
</wpt>
<wpt lat="35.6685931" lon="139.6497842">
<time>2026-01-01T00:06:28.000Z</time>
</wpt>
<wpt lat="35.6685656" lon="139.6496896">
<time>2026-01-01T00:06:29.000Z</time>
</wpt>
<wpt lat="35.6685360" lon="139.6495876">
<time>2026-01-01T00:06:30.000Z</time>
</wpt>
<wpt lat="35.6685043" lon="139.6494785">
<time>2026-01-01T00:06:31.000Z</time>
</wpt>
<wpt lat="35.6684705" lon="139.6493620">
<time>2026-01-01T00:06:32.000Z</time>
</wpt>
<wpt lat="35.6684345" lon="139.6492382">
<time>2026-01-01T00:06:33.000Z</time>
</wpt>
<wpt lat="35.6683965" lon="139.6491072">
<time>2026-01-01T00:06:34.000Z</time>
</wpt>
<wpt lat="35.6683563" lon="139.6489689">
<time>2026-01-01T00:06:35.000Z</time>
</wpt>
<wpt lat="35.6683140" lon="139.6488233">
<time>2026-01-01T00:06:36.000Z</time>
</wpt>
<wpt lat="35.6682696" lon="139.6486704">
<time>2026-01-01T00:06:37.000Z</time>
</wpt>
<wpt lat="35.6682231" lon="139.6485103">
<time>2026-01-01T00:06:38.000Z</time>
</wpt>
<wpt lat="35.6681745" lon="139.6483428">
<time>2026-01-01T00:06:39.000Z</time>
</wpt>
<wpt lat="35.6681238" lon="139.6481681">
<time>2026-01-01T00:06:40.000Z</time>
</wpt>
<wpt lat="35.6680709" lon="139.6479861">
<time>2026-01-01T00:06:41.000Z</time>
</wpt>
<wpt lat="35.6680159" lon="139.6477969">
<time>2026-01-01T00:06:42.000Z</time>
</wpt>
<wpt lat="35.6679589" lon="139.6476003">
<time>2026-01-01T00:06:43.000Z</time>
</wpt>
<wpt lat="35.6678997" lon="139.6473965">
<time>2026-01-01T00:06:44.000Z</time>
</wpt>
<wpt lat="35.6678398" lon="139.6471903">
<time>2026-01-01T00:06:45.000Z</time>
</wpt>
<wpt lat="35.6677799" lon="139.6469840">
<time>2026-01-01T00:06:46.000Z</time>
</wpt>
<wpt lat="35.6677200" lon="139.6467778">
<time>2026-01-01T00:06:47.000Z</time>
</wpt>
<wpt lat="35.6676601" lon="139.6465715">
<time>2026-01-01T00:06:48.000Z</time>
</wpt>
<wpt lat="35.6676002" lon="139.6463653">
<time>2026-01-01T00:06:49.000Z</time>
</wpt>
<wpt lat="35.6675403" lon="139.6461591">
<time>2026-01-01T00:06:50.000Z</time>
</wpt>
<wpt lat="35.6674804" lon="139.6459528">
<time>2026-01-01T00:06:51.000Z</time>
</wpt>
<wpt lat="35.6674205" lon="139.6457466">
<time>2026-01-01T00:06:52.000Z</time>
</wpt>
<wpt lat="35.6673606" lon="139.6455403">
<time>2026-01-01T00:06:53.000Z</time>
</wpt>
<wpt lat="35.6673007" lon="139.6453341">
<time>2026-01-01T00:06:54.000Z</time>
</wpt>
<wpt lat="35.6672408" lon="139.6451278">
<time>2026-01-01T00:06:55.000Z</time>
</wpt>
<wpt lat="35.6671809" lon="139.6449216">
<time>2026-01-01T00:06:56.000Z</time>
</wpt>
<wpt lat="35.6671210" lon="139.6447154">
<time>2026-01-01T00:06:57.000Z</time>
</wpt>
<wpt lat="35.6670611" lon="139.6445091">
<time>2026-01-01T00:06:58.000Z</time>
</wpt>
<wpt lat="35.6670012" lon="139.6443029">
<time>2026-01-01T00:06:59.000Z</time>
</wpt>
<wpt lat="35.6669413" lon="139.6440966">
<time>2026-01-01T00:07:00.000Z</time>
</wpt>
<wpt lat="35.6668814" lon="139.6438904">
<time>2026-01-01T00:07:01.000Z</time>
</wpt>
<wpt lat="35.6668215" lon="139.6436841">
<time>2026-01-01T00:07:02.000Z</time>
</wpt>
<wpt lat="35.6667616" lon="139.6434779">
<time>2026-01-01T00:07:03.000Z</time>
</wpt>
<wpt lat="35.6667017" lon="139.6432717">
<time>2026-01-01T00:07:04.000Z</time>
</wpt>
<wpt lat="35.6666418" lon="139.6430654">
<time>2026-01-01T00:07:05.000Z</time>
</wpt>
<wpt lat="35.6665819" lon="139.6428592">
<time>2026-01-01T00:07:06.000Z</time>
</wpt>
<wpt lat="35.6665220" lon="139.6426529">
<time>2026-01-01T00:07:07.000Z</time>
</wpt>
<wpt lat="35.6664621" lon="139.6424467">
<time>2026-01-01T00:07:08.000Z</time>
</wpt>
<wpt lat="35.6664022" lon="139.6422405">
<time>2026-01-01T00:07:09.000Z</time>
</wpt>
<wpt lat="35.6663423" lon="139.6420342">
<time>2026-01-01T00:07:10.000Z</time>
</wpt>
<wpt lat="35.6662824" lon="139.6418280">
<time>2026-01-01T00:07:11.000Z</time>
</wpt>
<wpt lat="35.6662225" lon="139.6416217">
<time>2026-01-01T00:07:12.000Z</time>
</wpt>
<wpt lat="35.6661626" lon="139.6414155">
<time>2026-01-01T00:07:13.000Z</time>
</wpt>
<wpt lat="35.6661758" lon="139.6412023">
<time>2026-01-01T00:07:14.000Z</time>
</wpt>
<wpt lat="35.6662084" lon="139.6409872">
<time>2026-01-01T00:07:15.000Z</time>
</wpt>
<wpt lat="35.6662410" lon="139.6407722">
<time>2026-01-01T00:07:16.000Z</time>
</wpt>
<wpt lat="35.6662737" lon="139.6405571">
<time>2026-01-01T00:07:17.000Z</time>
</wpt>
<wpt lat="35.6663063" lon="139.6403420">
<time>2026-01-01T00:07:18.000Z</time>
</wpt>
<wpt lat="35.6663389" lon="139.6401270">
<time>2026-01-01T00:07:19.000Z</time>
</wpt>
<wpt lat="35.6663716" lon="139.6399119">
<time>2026-01-01T00:07:20.000Z</time>
</wpt>
<wpt lat="35.6664042" lon="139.6396968">
<time>2026-01-01T00:07:21.000Z</time>
</wpt>
<wpt lat="35.6664369" lon="139.6394818">
<time>2026-01-01T00:07:22.000Z</time>
</wpt>
<wpt lat="35.6664695" lon="139.6392667">
<time>2026-01-01T00:07:23.000Z</time>
</wpt>
<wpt lat="35.6665021" lon="139.6390516">
<time>2026-01-01T00:07:24.000Z</time>
</wpt>
<wpt lat="35.6665348" lon="139.6388366">
<time>2026-01-01T00:07:25.000Z</time>
</wpt>
<wpt lat="35.6665674" lon="139.6386215">
<time>2026-01-01T00:07:26.000Z</time>
</wpt>
<wpt lat="35.6666000" lon="139.6384064">
<time>2026-01-01T00:07:27.000Z</time>
</wpt>
<wpt lat="35.6666327" lon="139.6381914">
<time>2026-01-01T00:07:28.000Z</time>
</wpt>
<wpt lat="35.6666653" lon="139.6379763">
<time>2026-01-01T00:07:29.000Z</time>
</wpt>
<wpt lat="35.6666980" lon="139.6377612">
<time>2026-01-01T00:07:30.000Z</time>
</wpt>
<wpt lat="35.6667306" lon="139.6375462">
<time>2026-01-01T00:07:31.000Z</time>
</wpt>
<wpt lat="35.6667632" lon="139.6373311">
<time>2026-01-01T00:07:32.000Z</time>
</wpt>
<wpt lat="35.6667959" lon="139.6371160">
<time>2026-01-01T00:07:33.000Z</time>
</wpt>
<wpt lat="35.6668285" lon="139.6369010">
<time>2026-01-01T00:07:34.000Z</time>
</wpt>
<wpt lat="35.6668611" lon="139.6366859">
<time>2026-01-01T00:07:35.000Z</time>
</wpt>
<wpt lat="35.6668938" lon="139.6364708">
<time>2026-01-01T00:07:36.000Z</time>
</wpt>
<wpt lat="35.6669264" lon="139.6362558">
<time>2026-01-01T00:07:37.000Z</time>
</wpt>
<wpt lat="35.6669591" lon="139.6360407">
<time>2026-01-01T00:07:38.000Z</time>
</wpt>
<wpt lat="35.6669917" lon="139.6358256">
<time>2026-01-01T00:07:39.000Z</time>
</wpt>
<wpt lat="35.6670243" lon="139.6356106">
<time>2026-01-01T00:07:40.000Z</time>
</wpt>
<wpt lat="35.6670570" lon="139.6353955">
<time>2026-01-01T00:07:41.000Z</time>
</wpt>
<wpt lat="35.6670896" lon="139.6351805">
<time>2026-01-01T00:07:42.000Z</time>
</wpt>
<wpt lat="35.6671222" lon="139.6349654">
<time>2026-01-01T00:07:43.000Z</time>
</wpt>
<wpt lat="35.6671549" lon="139.6347503">
<time>2026-01-01T00:07:44.000Z</time>
</wpt>
<wpt lat="35.6671875" lon="139.6345353">
<time>2026-01-01T00:07:45.000Z</time>
</wpt>
<wpt lat="35.6672202" lon="139.6343202">
<time>2026-01-01T00:07:46.000Z</time>
</wpt>
<wpt lat="35.6672528" lon="139.6341051">
<time>2026-01-01T00:07:47.000Z</time>
</wpt>
<wpt lat="35.6672854" lon="139.6338901">
<time>2026-01-01T00:07:48.000Z</time>
</wpt>
<wpt lat="35.6673181" lon="139.6336750">
<time>2026-01-01T00:07:49.000Z</time>
</wpt>
<wpt lat="35.6673507" lon="139.6334599">
<time>2026-01-01T00:07:50.000Z</time>
</wpt>
<wpt lat="35.6673833" lon="139.6332449">
<time>2026-01-01T00:07:51.000Z</time>
</wpt>
<wpt lat="35.6674160" lon="139.6330298">
<time>2026-01-01T00:07:52.000Z</time>
</wpt>
<wpt lat="35.6674486" lon="139.6328147">
<time>2026-01-01T00:07:53.000Z</time>
</wpt>
<wpt lat="35.6674813" lon="139.6325997">
<time>2026-01-01T00:07:54.000Z</time>
</wpt>
<wpt lat="35.6675139" lon="139.6323846">
<time>2026-01-01T00:07:55.000Z</time>
</wpt>
<wpt lat="35.6675465" lon="139.6321695">
<time>2026-01-01T00:07:56.000Z</time>
</wpt>
<wpt lat="35.6675792" lon="139.6319545">
<time>2026-01-01T00:07:57.000Z</time>
</wpt>
<wpt lat="35.6676118" lon="139.6317394">
<time>2026-01-01T00:07:58.000Z</time>
</wpt>
<wpt lat="35.6676444" lon="139.6315243">
<time>2026-01-01T00:07:59.000Z</time>
</wpt>
<wpt lat="35.6676771" lon="139.6313093">
<time>2026-01-01T00:08:00.000Z</time>
</wpt>
<wpt lat="35.6677089" lon="139.6310938">
<time>2026-01-01T00:08:01.000Z</time>
</wpt>
<wpt lat="35.6677406" lon="139.6308783">
<time>2026-01-01T00:08:02.000Z</time>
</wpt>
<wpt lat="35.6677723" lon="139.6306627">
<time>2026-01-01T00:08:03.000Z</time>
</wpt>
<wpt lat="35.6678040" lon="139.6304472">
<time>2026-01-01T00:08:04.000Z</time>
</wpt>
<wpt lat="35.6678357" lon="139.6302317">
<time>2026-01-01T00:08:05.000Z</time>
</wpt>
<wpt lat="35.6678674" lon="139.6300162">
<time>2026-01-01T00:08:06.000Z</time>
</wpt>
<wpt lat="35.6678991" lon="139.6298006">
<time>2026-01-01T00:08:07.000Z</time>
</wpt>
<wpt lat="35.6679308" lon="139.6295851">
<time>2026-01-01T00:08:08.000Z</time>
</wpt>
<wpt lat="35.6679625" lon="139.6293696">
<time>2026-01-01T00:08:09.000Z</time>
</wpt>
<wpt lat="35.6679942" lon="139.6291541">
<time>2026-01-01T00:08:10.000Z</time>
</wpt>
<wpt lat="35.6680260" lon="139.6289385">
<time>2026-01-01T00:08:11.000Z</time>
</wpt>
<wpt lat="35.6680577" lon="139.6287230">
<time>2026-01-01T00:08:12.000Z</time>
</wpt>
<wpt lat="35.6680894" lon="139.6285075">
<time>2026-01-01T00:08:13.000Z</time>
</wpt>
<wpt lat="35.6681211" lon="139.6282920">
<time>2026-01-01T00:08:14.000Z</time>
</wpt>
<wpt lat="35.6681528" lon="139.6280764">
<time>2026-01-01T00:08:15.000Z</time>
</wpt>
<wpt lat="35.6681845" lon="139.6278609">
<time>2026-01-01T00:08:16.000Z</time>
</wpt>
<wpt lat="35.6682162" lon="139.6276454">
<time>2026-01-01T00:08:17.000Z</time>
</wpt>
<wpt lat="35.6682479" lon="139.6274299">
<time>2026-01-01T00:08:18.000Z</time>
</wpt>
<wpt lat="35.6682796" lon="139.6272143">
<time>2026-01-01T00:08:19.000Z</time>
</wpt>
<wpt lat="35.6683113" lon="139.6269988">
<time>2026-01-01T00:08:20.000Z</time>
</wpt>
<wpt lat="35.6683430" lon="139.6267833">
<time>2026-01-01T00:08:21.000Z</time>
</wpt>
<wpt lat="35.6683748" lon="139.6265678">
<time>2026-01-01T00:08:22.000Z</time>
</wpt>
<wpt lat="35.6684065" lon="139.6263522">
<time>2026-01-01T00:08:23.000Z</time>
</wpt>
<wpt lat="35.6684382" lon="139.6261367">
<time>2026-01-01T00:08:24.000Z</time>
</wpt>
<wpt lat="35.6684699" lon="139.6259212">
<time>2026-01-01T00:08:25.000Z</time>
</wpt>
<wpt lat="35.6685016" lon="139.6257057">
<time>2026-01-01T00:08:26.000Z</time>
</wpt>
<wpt lat="35.6685333" lon="139.6254901">
<time>2026-01-01T00:08:27.000Z</time>
</wpt>
<wpt lat="35.6685650" lon="139.6252746">
<time>2026-01-01T00:08:28.000Z</time>
</wpt>
<wpt lat="35.6685967" lon="139.6250591">
<time>2026-01-01T00:08:29.000Z</time>
</wpt>
<wpt lat="35.6686284" lon="139.6248436">
<time>2026-01-01T00:08:30.000Z</time>
</wpt>
<wpt lat="35.6686601" lon="139.6246280">
<time>2026-01-01T00:08:31.000Z</time>
</wpt>
<wpt lat="35.6686919" lon="139.6244125">
<time>2026-01-01T00:08:32.000Z</time>
</wpt>
<wpt lat="35.6687236" lon="139.6241970">
<time>2026-01-01T00:08:33.000Z</time>
</wpt>
<wpt lat="35.6687553" lon="139.6239815">
<time>2026-01-01T00:08:34.000Z</time>
</wpt>
<wpt lat="35.6687870" lon="139.6237659">
<time>2026-01-01T00:08:35.000Z</time>
</wpt>
<wpt lat="35.6688187" lon="139.6235504">
<time>2026-01-01T00:08:36.000Z</time>
</wpt>
<wpt lat="35.6688504" lon="139.6233349">
<time>2026-01-01T00:08:37.000Z</time>
</wpt>
<wpt lat="35.6688800" lon="139.6231191">
<time>2026-01-01T00:08:38.000Z</time>
</wpt>
<wpt lat="35.6689090" lon="139.6229032">
<time>2026-01-01T00:08:39.000Z</time>
</wpt>
<wpt lat="35.6689381" lon="139.6226873">
<time>2026-01-01T00:08:40.000Z</time>
</wpt>
<wpt lat="35.6689671" lon="139.6224714">
<time>2026-01-01T00:08:41.000Z</time>
</wpt>
<wpt lat="35.6689962" lon="139.6222555">
<time>2026-01-01T00:08:42.000Z</time>
</wpt>
<wpt lat="35.6690252" lon="139.6220396">
<time>2026-01-01T00:08:43.000Z</time>
</wpt>
<wpt lat="35.6690542" lon="139.6218237">
<time>2026-01-01T00:08:44.000Z</time>
</wpt>
<wpt lat="35.6690833" lon="139.6216078">
<time>2026-01-01T00:08:45.000Z</time>
</wpt>
<wpt lat="35.6691123" lon="139.6213919">
<time>2026-01-01T00:08:46.000Z</time>
</wpt>
<wpt lat="35.6691414" lon="139.6211760">
<time>2026-01-01T00:08:47.000Z</time>
</wpt>
<wpt lat="35.6691704" lon="139.6209602">
<time>2026-01-01T00:08:48.000Z</time>
</wpt>
<wpt lat="35.6691995" lon="139.6207443">
<time>2026-01-01T00:08:49.000Z</time>
</wpt>
<wpt lat="35.6692285" lon="139.6205284">
<time>2026-01-01T00:08:50.000Z</time>
</wpt>
<wpt lat="35.6692575" lon="139.6203125">
<time>2026-01-01T00:08:51.000Z</time>
</wpt>
<wpt lat="35.6692866" lon="139.6200966">
<time>2026-01-01T00:08:52.000Z</time>
</wpt>
<wpt lat="35.6693156" lon="139.6198807">
<time>2026-01-01T00:08:53.000Z</time>
</wpt>
<wpt lat="35.6693447" lon="139.6196648">
<time>2026-01-01T00:08:54.000Z</time>
</wpt>
<wpt lat="35.6693737" lon="139.6194489">
<time>2026-01-01T00:08:55.000Z</time>
</wpt>
<wpt lat="35.6694028" lon="139.6192330">
<time>2026-01-01T00:08:56.000Z</time>
</wpt>
<wpt lat="35.6694318" lon="139.6190171">
<time>2026-01-01T00:08:57.000Z</time>
</wpt>
<wpt lat="35.6694608" lon="139.6188012">
<time>2026-01-01T00:08:58.000Z</time>
</wpt>
<wpt lat="35.6694899" lon="139.6185853">
<time>2026-01-01T00:08:59.000Z</time>
</wpt>
<wpt lat="35.6695189" lon="139.6183694">
<time>2026-01-01T00:09:00.000Z</time>
</wpt>
<wpt lat="35.6695480" lon="139.6181536">
<time>2026-01-01T00:09:01.000Z</time>
</wpt>
<wpt lat="35.6695770" lon="139.6179377">
<time>2026-01-01T00:09:02.000Z</time>
</wpt>
<wpt lat="35.6696060" lon="139.6177218">
<time>2026-01-01T00:09:03.000Z</time>
</wpt>
<wpt lat="35.6696351" lon="139.6175059">
<time>2026-01-01T00:09:04.000Z</time>
</wpt>
<wpt lat="35.6696641" lon="139.6172900">
<time>2026-01-01T00:09:05.000Z</time>
</wpt>
<wpt lat="35.6696932" lon="139.6170741">
<time>2026-01-01T00:09:06.000Z</time>
</wpt>
<wpt lat="35.6697222" lon="139.6168582">
<time>2026-01-01T00:09:07.000Z</time>
</wpt>
<wpt lat="35.6697513" lon="139.6166423">
<time>2026-01-01T00:09:08.000Z</time>
</wpt>
<wpt lat="35.6697803" lon="139.6164264">
<time>2026-01-01T00:09:09.000Z</time>
</wpt>
<wpt lat="35.6698093" lon="139.6162105">
<time>2026-01-01T00:09:10.000Z</time>
</wpt>
<wpt lat="35.6698384" lon="139.6159946">
<time>2026-01-01T00:09:11.000Z</time>
</wpt>
<wpt lat="35.6698674" lon="139.6157787">
<time>2026-01-01T00:09:12.000Z</time>
</wpt>
<wpt lat="35.6698965" lon="139.6155628">
<time>2026-01-01T00:09:13.000Z</time>
</wpt>
<wpt lat="35.6699255" lon="139.6153470">
<time>2026-01-01T00:09:14.000Z</time>
</wpt>
<wpt lat="35.6699545" lon="139.6151311">
<time>2026-01-01T00:09:15.000Z</time>
</wpt>
<wpt lat="35.6699829" lon="139.6149152">
<time>2026-01-01T00:09:16.000Z</time>
</wpt>
<wpt lat="35.6699989" lon="139.6147001">
<time>2026-01-01T00:09:17.000Z</time>
</wpt>
<wpt lat="35.6700149" lon="139.6144849">
<time>2026-01-01T00:09:18.000Z</time>
</wpt>
<wpt lat="35.6700309" lon="139.6142698">
<time>2026-01-01T00:09:19.000Z</time>
</wpt>
<wpt lat="35.6700469" lon="139.6140547">
<time>2026-01-01T00:09:20.000Z</time>
</wpt>
<wpt lat="35.6700629" lon="139.6138395">
<time>2026-01-01T00:09:21.000Z</time>
</wpt>
<wpt lat="35.6700789" lon="139.6136244">
<time>2026-01-01T00:09:22.000Z</time>
</wpt>
<wpt lat="35.6700949" lon="139.6134093">
<time>2026-01-01T00:09:23.000Z</time>
</wpt>
<wpt lat="35.6701109" lon="139.6131941">
<time>2026-01-01T00:09:24.000Z</time>
</wpt>
<wpt lat="35.6701269" lon="139.6129790">
<time>2026-01-01T00:09:25.000Z</time>
</wpt>
<wpt lat="35.6701429" lon="139.6127639">
<time>2026-01-01T00:09:26.000Z</time>
</wpt>
<wpt lat="35.6701589" lon="139.6125487">
<time>2026-01-01T00:09:27.000Z</time>
</wpt>
<wpt lat="35.6701750" lon="139.6123336">
<time>2026-01-01T00:09:28.000Z</time>
</wpt>
<wpt lat="35.6701910" lon="139.6121185">
<time>2026-01-01T00:09:29.000Z</time>
</wpt>
<wpt lat="35.6702070" lon="139.6119033">
<time>2026-01-01T00:09:30.000Z</time>
</wpt>
<wpt lat="35.6702230" lon="139.6116882">
<time>2026-01-01T00:09:31.000Z</time>
</wpt>
<wpt lat="35.6702390" lon="139.6114730">
<time>2026-01-01T00:09:32.000Z</time>
</wpt>
<wpt lat="35.6702550" lon="139.6112579">
<time>2026-01-01T00:09:33.000Z</time>
</wpt>
<wpt lat="35.6702710" lon="139.6110428">
<time>2026-01-01T00:09:34.000Z</time>
</wpt>
<wpt lat="35.6702870" lon="139.6108276">
<time>2026-01-01T00:09:35.000Z</time>
</wpt>
<wpt lat="35.6703030" lon="139.6106125">
<time>2026-01-01T00:09:36.000Z</time>
</wpt>
<wpt lat="35.6703190" lon="139.6103974">
<time>2026-01-01T00:09:37.000Z</time>
</wpt>
<wpt lat="35.6703350" lon="139.6101822">
<time>2026-01-01T00:09:38.000Z</time>
</wpt>
<wpt lat="35.6703510" lon="139.6099671">
<time>2026-01-01T00:09:39.000Z</time>
</wpt>
<wpt lat="35.6703670" lon="139.6097520">
<time>2026-01-01T00:09:40.000Z</time>
</wpt>
<wpt lat="35.6703830" lon="139.6095368">
<time>2026-01-01T00:09:41.000Z</time>
</wpt>
<wpt lat="35.6703990" lon="139.6093217">
<time>2026-01-01T00:09:42.000Z</time>
</wpt>
<wpt lat="35.6704150" lon="139.6091066">
<time>2026-01-01T00:09:43.000Z</time>
</wpt>
<wpt lat="35.6704311" lon="139.6088914">
<time>2026-01-01T00:09:44.000Z</time>
</wpt>
<wpt lat="35.6704471" lon="139.6086763">
<time>2026-01-01T00:09:45.000Z</time>
</wpt>
<wpt lat="35.6704631" lon="139.6084612">
<time>2026-01-01T00:09:46.000Z</time>
</wpt>
<wpt lat="35.6704787" lon="139.6082461">
<time>2026-01-01T00:09:47.000Z</time>
</wpt>
<wpt lat="35.6704105" lon="139.6080441">
<time>2026-01-01T00:09:48.000Z</time>
</wpt>
<wpt lat="35.6703423" lon="139.6078422">
<time>2026-01-01T00:09:49.000Z</time>
</wpt>
<wpt lat="35.6702742" lon="139.6076403">
<time>2026-01-01T00:09:50.000Z</time>
</wpt>
<wpt lat="35.6702060" lon="139.6074384">
<time>2026-01-01T00:09:51.000Z</time>
</wpt>
<wpt lat="35.6701378" lon="139.6072364">
<time>2026-01-01T00:09:52.000Z</time>
</wpt>
<wpt lat="35.6700697" lon="139.6070345">
<time>2026-01-01T00:09:53.000Z</time>
</wpt>
<wpt lat="35.6700015" lon="139.6068326">
<time>2026-01-01T00:09:54.000Z</time>
</wpt>
<wpt lat="35.6699333" lon="139.6066307">
<time>2026-01-01T00:09:55.000Z</time>
</wpt>
<wpt lat="35.6698651" lon="139.6064287">
<time>2026-01-01T00:09:56.000Z</time>
</wpt>
<wpt lat="35.6697970" lon="139.6062268">
<time>2026-01-01T00:09:57.000Z</time>
</wpt>
<wpt lat="35.6697288" lon="139.6060249">
<time>2026-01-01T00:09:58.000Z</time>
</wpt>
<wpt lat="35.6696606" lon="139.6058229">
<time>2026-01-01T00:09:59.000Z</time>
</wpt>
<wpt lat="35.6695925" lon="139.6056210">
<time>2026-01-01T00:10:00.000Z</time>
</wpt>
<wpt lat="35.6695243" lon="139.6054191">
<time>2026-01-01T00:10:01.000Z</time>
</wpt>
<wpt lat="35.6694561" lon="139.6052172">
<time>2026-01-01T00:10:02.000Z</time>
</wpt>
<wpt lat="35.6693880" lon="139.6050152">
<time>2026-01-01T00:10:03.000Z</time>
</wpt>
<wpt lat="35.6693198" lon="139.6048133">
<time>2026-01-01T00:10:04.000Z</time>
</wpt>
<wpt lat="35.6692516" lon="139.6046114">
<time>2026-01-01T00:10:05.000Z</time>
</wpt>
<wpt lat="35.6691834" lon="139.6044094">
<time>2026-01-01T00:10:06.000Z</time>
</wpt>
<wpt lat="35.6691153" lon="139.6042075">
<time>2026-01-01T00:10:07.000Z</time>
</wpt>
<wpt lat="35.6690471" lon="139.6040056">
<time>2026-01-01T00:10:08.000Z</time>
</wpt>
<wpt lat="35.6689789" lon="139.6038037">
<time>2026-01-01T00:10:09.000Z</time>
</wpt>
<wpt lat="35.6689108" lon="139.6036017">
<time>2026-01-01T00:10:10.000Z</time>
</wpt>
<wpt lat="35.6688426" lon="139.6033998">
<time>2026-01-01T00:10:11.000Z</time>
</wpt>
<wpt lat="35.6687744" lon="139.6031979">
<time>2026-01-01T00:10:12.000Z</time>
</wpt>
<wpt lat="35.6687062" lon="139.6029959">
<time>2026-01-01T00:10:13.000Z</time>
</wpt>
<wpt lat="35.6686381" lon="139.6027940">
<time>2026-01-01T00:10:14.000Z</time>
</wpt>
<wpt lat="35.6685730" lon="139.6026012">
<time>2026-01-01T00:10:15.000Z</time>
</wpt>
<wpt lat="35.6685110" lon="139.6024176">
<time>2026-01-01T00:10:16.000Z</time>
</wpt>
<wpt lat="35.6684521" lon="139.6022432">
<time>2026-01-01T00:10:17.000Z</time>
</wpt>
<wpt lat="35.6683963" lon="139.6020779">
<time>2026-01-01T00:10:18.000Z</time>
</wpt>
<wpt lat="35.6683436" lon="139.6019218">
<time>2026-01-01T00:10:19.000Z</time>
</wpt>
<wpt lat="35.6682940" lon="139.6017749">
<time>2026-01-01T00:10:20.000Z</time>
</wpt>
<wpt lat="35.6682475" lon="139.6016371">
<time>2026-01-01T00:10:21.000Z</time>
</wpt>
<wpt lat="35.6682041" lon="139.6015085">
<time>2026-01-01T00:10:22.000Z</time>
</wpt>
<wpt lat="35.6681637" lon="139.6013890">
<time>2026-01-01T00:10:23.000Z</time>
</wpt>
<wpt lat="35.6681265" lon="139.6012787">
<time>2026-01-01T00:10:24.000Z</time>
</wpt>
<wpt lat="35.6680924" lon="139.6011776">
<time>2026-01-01T00:10:25.000Z</time>
</wpt>
<wpt lat="35.6680613" lon="139.6010856">
<time>2026-01-01T00:10:26.000Z</time>
</wpt>
<wpt lat="35.6680334" lon="139.6010028">
<time>2026-01-01T00:10:27.000Z</time>
</wpt>
<wpt lat="35.6680085" lon="139.6009292">
<time>2026-01-01T00:10:28.000Z</time>
</wpt>
<wpt lat="35.6679867" lon="139.6008647">
<time>2026-01-01T00:10:29.000Z</time>
</wpt>
<wpt lat="35.6679681" lon="139.6008094">
<time>2026-01-01T00:10:30.000Z</time>
</wpt>
<wpt lat="35.6679525" lon="139.6007633">
<time>2026-01-01T00:10:31.000Z</time>
</wpt>
<wpt lat="35.6679400" lon="139.6007263">
<time>2026-01-01T00:10:32.000Z</time>
</wpt>
<wpt lat="35.6679306" lon="139.6006985">
<time>2026-01-01T00:10:33.000Z</time>
</wpt>
<wpt lat="35.6679243" lon="139.6006798">
<time>2026-01-01T00:10:34.000Z</time>
</wpt>
<wpt lat="35.6679211" lon="139.6006703">
<time>2026-01-01T00:10:35.000Z</time>
</wpt>
<wpt lat="35.6679210" lon="139.6006700">
<time>2026-01-01T00:10:36.000Z</time>
</wpt>
<wpt lat="35.6679210" lon="139.6006700">
<time>2026-01-01T00:10:37.000Z</time>
</wpt>
<wpt lat="35.6679210" lon="139.6006700">
<time>2026-01-01T00:10:38.000Z</time>
</wpt>
<wpt lat="35.6679210" lon="139.6006700">
<time>2026-01-01T00:10:39.000Z</time>
</wpt>
<wpt lat="35.6679210" lon="139.6006700">
<time>2026-01-01T00:10:40.000Z</time>
</wpt>
<wpt lat="35.6679210" lon="139.6006700">
<time>2026-01-01T00:10:41.000Z</time>
</wpt>
<wpt lat="35.6679210" lon="139.6006700">
<time>2026-01-01T00:10:42.000Z</time>
</wpt>
<wpt lat="35.6679210" lon="139.6006700">
<time>2026-01-01T00:10:43.000Z</time>
</wpt>
<wpt lat="35.6679210" lon="139.6006700">
<time>2026-01-01T00:10:44.000Z</time>
</wpt>
<wpt lat="35.6679210" lon="139.6006700">
<time>2026-01-01T00:10:45.000Z</time>
</wpt>
<wpt lat="35.6679210" lon="139.6006700">
<time>2026-01-01T00:10:46.000Z</time>
</wpt>
<wpt lat="35.6679210" lon="139.6006700">
<time>2026-01-01T00:10:47.000Z</time>
</wpt>
<wpt lat="35.6679210" lon="139.6006700">
<time>2026-01-01T00:10:48.000Z</time>
</wpt>
<wpt lat="35.6679210" lon="139.6006700">
<time>2026-01-01T00:10:49.000Z</time>
</wpt>
<wpt lat="35.6679210" lon="139.6006700">
<time>2026-01-01T00:10:50.000Z</time>
</wpt>
<wpt lat="35.6679210" lon="139.6006700">
<time>2026-01-01T00:10:51.000Z</time>
</wpt>
<wpt lat="35.6679210" lon="139.6006700">
<time>2026-01-01T00:10:52.000Z</time>
</wpt>
<wpt lat="35.6679210" lon="139.6006700">
<time>2026-01-01T00:10:53.000Z</time>
</wpt>
<wpt lat="35.6679210" lon="139.6006700">
<time>2026-01-01T00:10:54.000Z</time>
</wpt>
<wpt lat="35.6679210" lon="139.6006700">
<time>2026-01-01T00:10:55.000Z</time>
</wpt>
<wpt lat="35.6679210" lon="139.6006700">
<time>2026-01-01T00:10:56.000Z</time>
</wpt>
<wpt lat="35.6679210" lon="139.6006700">
<time>2026-01-01T00:10:57.000Z</time>
</wpt>
<wpt lat="35.6679210" lon="139.6006700">
<time>2026-01-01T00:10:58.000Z</time>
</wpt>
<wpt lat="35.6679210" lon="139.6006700">
<time>2026-01-01T00:10:59.000Z</time>
</wpt>
<wpt lat="35.6679210" lon="139.6006700">
<time>2026-01-01T00:11:00.000Z</time>
</wpt>
<wpt lat="35.6679210" lon="139.6006700">
<time>2026-01-01T00:11:01.000Z</time>
</wpt>
<wpt lat="35.6679210" lon="139.6006700">
<time>2026-01-01T00:11:02.000Z</time>
</wpt>
<wpt lat="35.6679210" lon="139.6006700">
<time>2026-01-01T00:11:03.000Z</time>
</wpt>
<wpt lat="35.6679210" lon="139.6006700">
<time>2026-01-01T00:11:04.000Z</time>
</wpt>
<wpt lat="35.6679210" lon="139.6006700">
<time>2026-01-01T00:11:05.000Z</time>
</wpt>
<wpt lat="35.6679210" lon="139.6006700">
<time>2026-01-01T00:11:06.000Z</time>
</wpt>
<wpt lat="35.6679210" lon="139.6006700">
<time>2026-01-01T00:11:07.000Z</time>
</wpt>
<wpt lat="35.6679210" lon="139.6006700">
<time>2026-01-01T00:11:08.000Z</time>
</wpt>
<wpt lat="35.6679210" lon="139.6006700">
<time>2026-01-01T00:11:09.000Z</time>
</wpt>
<wpt lat="35.6679210" lon="139.6006700">
<time>2026-01-01T00:11:10.000Z</time>
</wpt>
<wpt lat="35.6679210" lon="139.6006700">
<time>2026-01-01T00:11:11.000Z</time>
</wpt>
<wpt lat="35.6679210" lon="139.6006700">
<time>2026-01-01T00:11:12.000Z</time>
</wpt>
<wpt lat="35.6679210" lon="139.6006700">
<time>2026-01-01T00:11:13.000Z</time>
</wpt>
<wpt lat="35.6679185" lon="139.6006630">
<time>2026-01-01T00:11:14.000Z</time>
</wpt>
<wpt lat="35.6679134" lon="139.6006489">
<time>2026-01-01T00:11:15.000Z</time>
</wpt>
<wpt lat="35.6679058" lon="139.6006278">
<time>2026-01-01T00:11:16.000Z</time>
</wpt>
<wpt lat="35.6678957" lon="139.6005996">
<time>2026-01-01T00:11:17.000Z</time>
</wpt>
<wpt lat="35.6678830" lon="139.6005644">
<time>2026-01-01T00:11:18.000Z</time>
</wpt>
<wpt lat="35.6678679" lon="139.6005221">
<time>2026-01-01T00:11:19.000Z</time>
</wpt>
<wpt lat="35.6678502" lon="139.6004728">
<time>2026-01-01T00:11:20.000Z</time>
</wpt>
<wpt lat="35.6678299" lon="139.6004165">
<time>2026-01-01T00:11:21.000Z</time>
</wpt>
<wpt lat="35.6678071" lon="139.6003531">
<time>2026-01-01T00:11:22.000Z</time>
</wpt>
<wpt lat="35.6677818" lon="139.6002827">
<time>2026-01-01T00:11:23.000Z</time>
</wpt>
<wpt lat="35.6677540" lon="139.6002053">
<time>2026-01-01T00:11:24.000Z</time>
</wpt>
<wpt lat="35.6677236" lon="139.6001208">
<time>2026-01-01T00:11:25.000Z</time>
</wpt>
<wpt lat="35.6676908" lon="139.6000293">
<time>2026-01-01T00:11:26.000Z</time>
</wpt>
<wpt lat="35.6676553" lon="139.5999307">
<time>2026-01-01T00:11:27.000Z</time>
</wpt>
<wpt lat="35.6676174" lon="139.5998251">
<time>2026-01-01T00:11:28.000Z</time>
</wpt>
<wpt lat="35.6675769" lon="139.5997124">
<time>2026-01-01T00:11:29.000Z</time>
</wpt>
<wpt lat="35.6675339" lon="139.5995927">
<time>2026-01-01T00:11:30.000Z</time>
</wpt>
<wpt lat="35.6674883" lon="139.5994660">
<time>2026-01-01T00:11:31.000Z</time>
</wpt>
<wpt lat="35.6674403" lon="139.5993322">
<time>2026-01-01T00:11:32.000Z</time>
</wpt>
<wpt lat="35.6673897" lon="139.5991914">
<time>2026-01-01T00:11:33.000Z</time>
</wpt>
<wpt lat="35.6673365" lon="139.5990435">
<time>2026-01-01T00:11:34.000Z</time>
</wpt>
<wpt lat="35.6672809" lon="139.5988886">
<time>2026-01-01T00:11:35.000Z</time>
</wpt>
<wpt lat="35.6672227" lon="139.5987266">
<time>2026-01-01T00:11:36.000Z</time>
</wpt>
<wpt lat="35.6671619" lon="139.5985577">
<time>2026-01-01T00:11:37.000Z</time>
</wpt>
<wpt lat="35.6670987" lon="139.5983816">
<time>2026-01-01T00:11:38.000Z</time>
</wpt>
<wpt lat="35.6670329" lon="139.5981986">
<time>2026-01-01T00:11:39.000Z</time>
</wpt>
<wpt lat="35.6669646" lon="139.5980084">
<time>2026-01-01T00:11:40.000Z</time>
</wpt>
<wpt lat="35.6668937" lon="139.5978113">
<time>2026-01-01T00:11:41.000Z</time>
</wpt>
<wpt lat="35.6668204" lon="139.5976071">
<time>2026-01-01T00:11:42.000Z</time>
</wpt>
<wpt lat="35.6667466" lon="139.5974019">
<time>2026-01-01T00:11:43.000Z</time>
</wpt>
<wpt lat="35.6666729" lon="139.5971968">
<time>2026-01-01T00:11:44.000Z</time>
</wpt>
<wpt lat="35.6665992" lon="139.5969916">
<time>2026-01-01T00:11:45.000Z</time>
</wpt>
<wpt lat="35.6665255" lon="139.5967864">
<time>2026-01-01T00:11:46.000Z</time>
</wpt>
<wpt lat="35.6664517" lon="139.5965813">
<time>2026-01-01T00:11:47.000Z</time>
</wpt>
<wpt lat="35.6663780" lon="139.5963761">
<time>2026-01-01T00:11:48.000Z</time>
</wpt>
<wpt lat="35.6663043" lon="139.5961709">
<time>2026-01-01T00:11:49.000Z</time>
</wpt>
<wpt lat="35.6662305" lon="139.5959657">
<time>2026-01-01T00:11:50.000Z</time>
</wpt>
<wpt lat="35.6661568" lon="139.5957606">
<time>2026-01-01T00:11:51.000Z</time>
</wpt>
<wpt lat="35.6660831" lon="139.5955554">
<time>2026-01-01T00:11:52.000Z</time>
</wpt>
<wpt lat="35.6660094" lon="139.5953502">
<time>2026-01-01T00:11:53.000Z</time>
</wpt>
<wpt lat="35.6659356" lon="139.5951451">
<time>2026-01-01T00:11:54.000Z</time>
</wpt>
<wpt lat="35.6658619" lon="139.5949399">
<time>2026-01-01T00:11:55.000Z</time>
</wpt>
<wpt lat="35.6657882" lon="139.5947347">
<time>2026-01-01T00:11:56.000Z</time>
</wpt>
<wpt lat="35.6657145" lon="139.5945296">
<time>2026-01-01T00:11:57.000Z</time>
</wpt>
<wpt lat="35.6656407" lon="139.5943244">
<time>2026-01-01T00:11:58.000Z</time>
</wpt>
<wpt lat="35.6655670" lon="139.5941192">
<time>2026-01-01T00:11:59.000Z</time>
</wpt>
<wpt lat="35.6654933" lon="139.5939141">
<time>2026-01-01T00:12:00.000Z</time>
</wpt>
<wpt lat="35.6654196" lon="139.5937089">
<time>2026-01-01T00:12:01.000Z</time>
</wpt>
<wpt lat="35.6653458" lon="139.5935037">
<time>2026-01-01T00:12:02.000Z</time>
</wpt>
<wpt lat="35.6652721" lon="139.5932985">
<time>2026-01-01T00:12:03.000Z</time>
</wpt>
<wpt lat="35.6651984" lon="139.5930934">
<time>2026-01-01T00:12:04.000Z</time>
</wpt>
<wpt lat="35.6651247" lon="139.5928882">
<time>2026-01-01T00:12:05.000Z</time>
</wpt>
<wpt lat="35.6650509" lon="139.5926830">
<time>2026-01-01T00:12:06.000Z</time>
</wpt>
<wpt lat="35.6649772" lon="139.5924779">
<time>2026-01-01T00:12:07.000Z</time>
</wpt>
<wpt lat="35.6649035" lon="139.5922727">
<time>2026-01-01T00:12:08.000Z</time>
</wpt>
<wpt lat="35.6648297" lon="139.5920675">
<time>2026-01-01T00:12:09.000Z</time>
</wpt>
<wpt lat="35.6647560" lon="139.5918624">
<time>2026-01-01T00:12:10.000Z</time>
</wpt>
<wpt lat="35.6646823" lon="139.5916572">
<time>2026-01-01T00:12:11.000Z</time>
</wpt>
<wpt lat="35.6646086" lon="139.5914520">
<time>2026-01-01T00:12:12.000Z</time>
</wpt>
<wpt lat="35.6645348" lon="139.5912469">
<time>2026-01-01T00:12:13.000Z</time>
</wpt>
<wpt lat="35.6644611" lon="139.5910417">
<time>2026-01-01T00:12:14.000Z</time>
</wpt>
<wpt lat="35.6643874" lon="139.5908365">
<time>2026-01-01T00:12:15.000Z</time>
</wpt>
<wpt lat="35.6643137" lon="139.5906314">
<time>2026-01-01T00:12:16.000Z</time>
</wpt>
<wpt lat="35.6642399" lon="139.5904262">
<time>2026-01-01T00:12:17.000Z</time>
</wpt>
<wpt lat="35.6641662" lon="139.5902210">
<time>2026-01-01T00:12:18.000Z</time>
</wpt>
<wpt lat="35.6640925" lon="139.5900158">
<time>2026-01-01T00:12:19.000Z</time>
</wpt>
<wpt lat="35.6640188" lon="139.5898107">
<time>2026-01-01T00:12:20.000Z</time>
</wpt>
<wpt lat="35.6639450" lon="139.5896055">
<time>2026-01-01T00:12:21.000Z</time>
</wpt>
<wpt lat="35.6638713" lon="139.5894003">
<time>2026-01-01T00:12:22.000Z</time>
</wpt>
<wpt lat="35.6637976" lon="139.5891952">
<time>2026-01-01T00:12:23.000Z</time>
</wpt>
<wpt lat="35.6637238" lon="139.5889900">
<time>2026-01-01T00:12:24.000Z</time>
</wpt>
<wpt lat="35.6636501" lon="139.5887848">
<time>2026-01-01T00:12:25.000Z</time>
</wpt>
<wpt lat="35.6635764" lon="139.5885797">
<time>2026-01-01T00:12:26.000Z</time>
</wpt>
<wpt lat="35.6635027" lon="139.5883745">
<time>2026-01-01T00:12:27.000Z</time>
</wpt>
<wpt lat="35.6634289" lon="139.5881693">
<time>2026-01-01T00:12:28.000Z</time>
</wpt>
<wpt lat="35.6633552" lon="139.5879642">
<time>2026-01-01T00:12:29.000Z</time>
</wpt>
<wpt lat="35.6632815" lon="139.5877590">
<time>2026-01-01T00:12:30.000Z</time>
</wpt>
<wpt lat="35.6632078" lon="139.5875538">
<time>2026-01-01T00:12:31.000Z</time>
</wpt>
<wpt lat="35.6631340" lon="139.5873486">
<time>2026-01-01T00:12:32.000Z</time>
</wpt>
<wpt lat="35.6630603" lon="139.5871435">
<time>2026-01-01T00:12:33.000Z</time>
</wpt>
<wpt lat="35.6629866" lon="139.5869383">
<time>2026-01-01T00:12:34.000Z</time>
</wpt>
<wpt lat="35.6629129" lon="139.5867331">
<time>2026-01-01T00:12:35.000Z</time>
</wpt>
<wpt lat="35.6628391" lon="139.5865280">
<time>2026-01-01T00:12:36.000Z</time>
</wpt>
<wpt lat="35.6627654" lon="139.5863228">
<time>2026-01-01T00:12:37.000Z</time>
</wpt>
<wpt lat="35.6626917" lon="139.5861176">
<time>2026-01-01T00:12:38.000Z</time>
</wpt>
<wpt lat="35.6626179" lon="139.5859125">
<time>2026-01-01T00:12:39.000Z</time>
</wpt>
<wpt lat="35.6625442" lon="139.5857073">
<time>2026-01-01T00:12:40.000Z</time>
</wpt>
<wpt lat="35.6624705" lon="139.5855021">
<time>2026-01-01T00:12:41.000Z</time>
</wpt>
<wpt lat="35.6623968" lon="139.5852970">
<time>2026-01-01T00:12:42.000Z</time>
</wpt>
<wpt lat="35.6623230" lon="139.5850918">
<time>2026-01-01T00:12:43.000Z</time>
</wpt>
<wpt lat="35.6622480" lon="139.5848875">
<time>2026-01-01T00:12:44.000Z</time>
</wpt>
<wpt lat="35.6621612" lon="139.5846905">
<time>2026-01-01T00:12:45.000Z</time>
</wpt>
<wpt lat="35.6620744" lon="139.5844936">
<time>2026-01-01T00:12:46.000Z</time>
</wpt>
<wpt lat="35.6619876" lon="139.5842966">
<time>2026-01-01T00:12:47.000Z</time>
</wpt>
<wpt lat="35.6619008" lon="139.5840997">
<time>2026-01-01T00:12:48.000Z</time>
</wpt>
<wpt lat="35.6618140" lon="139.5839027">
<time>2026-01-01T00:12:49.000Z</time>
</wpt>
<wpt lat="35.6617272" lon="139.5837058">
<time>2026-01-01T00:12:50.000Z</time>
</wpt>
<wpt lat="35.6616404" lon="139.5835089">
<time>2026-01-01T00:12:51.000Z</time>
</wpt>
<wpt lat="35.6615536" lon="139.5833119">
<time>2026-01-01T00:12:52.000Z</time>
</wpt>
<wpt lat="35.6614668" lon="139.5831150">
<time>2026-01-01T00:12:53.000Z</time>
</wpt>
<wpt lat="35.6613800" lon="139.5829180">
<time>2026-01-01T00:12:54.000Z</time>
</wpt>
<wpt lat="35.6612932" lon="139.5827211">
<time>2026-01-01T00:12:55.000Z</time>
</wpt>
<wpt lat="35.6612064" lon="139.5825241">
<time>2026-01-01T00:12:56.000Z</time>
</wpt>
<wpt lat="35.6611197" lon="139.5823272">
<time>2026-01-01T00:12:57.000Z</time>
</wpt>
<wpt lat="35.6610329" lon="139.5821302">
<time>2026-01-01T00:12:58.000Z</time>
</wpt>
<wpt lat="35.6609461" lon="139.5819333">
<time>2026-01-01T00:12:59.000Z</time>
</wpt>
<wpt lat="35.6608593" lon="139.5817363">
<time>2026-01-01T00:13:00.000Z</time>
</wpt>
<wpt lat="35.6607725" lon="139.5815394">
<time>2026-01-01T00:13:01.000Z</time>
</wpt>
<wpt lat="35.6606857" lon="139.5813425">
<time>2026-01-01T00:13:02.000Z</time>
</wpt>
<wpt lat="35.6605989" lon="139.5811455">
<time>2026-01-01T00:13:03.000Z</time>
</wpt>
<wpt lat="35.6605121" lon="139.5809486">
<time>2026-01-01T00:13:04.000Z</time>
</wpt>
<wpt lat="35.6604253" lon="139.5807516">
<time>2026-01-01T00:13:05.000Z</time>
</wpt>
<wpt lat="35.6603385" lon="139.5805547">
<time>2026-01-01T00:13:06.000Z</time>
</wpt>
<wpt lat="35.6602517" lon="139.5803577">
<time>2026-01-01T00:13:07.000Z</time>
</wpt>
<wpt lat="35.6601649" lon="139.5801608">
<time>2026-01-01T00:13:08.000Z</time>
</wpt>
<wpt lat="35.6600781" lon="139.5799638">
<time>2026-01-01T00:13:09.000Z</time>
</wpt>
<wpt lat="35.6599913" lon="139.5797669">
<time>2026-01-01T00:13:10.000Z</time>
</wpt>
<wpt lat="35.6599046" lon="139.5795699">
<time>2026-01-01T00:13:11.000Z</time>
</wpt>
<wpt lat="35.6598178" lon="139.5793730">
<time>2026-01-01T00:13:12.000Z</time>
</wpt>
<wpt lat="35.6597310" lon="139.5791761">
<time>2026-01-01T00:13:13.000Z</time>
</wpt>
<wpt lat="35.6596442" lon="139.5789791">
<time>2026-01-01T00:13:14.000Z</time>
</wpt>
<wpt lat="35.6595574" lon="139.5787822">
<time>2026-01-01T00:13:15.000Z</time>
</wpt>
<wpt lat="35.6594706" lon="139.5785852">
<time>2026-01-01T00:13:16.000Z</time>
</wpt>
<wpt lat="35.6593838" lon="139.5783883">
<time>2026-01-01T00:13:17.000Z</time>
</wpt>
<wpt lat="35.6592970" lon="139.5781913">
<time>2026-01-01T00:13:18.000Z</time>
</wpt>
<wpt lat="35.6592102" lon="139.5779944">
<time>2026-01-01T00:13:19.000Z</time>
</wpt>
<wpt lat="35.6591234" lon="139.5777974">
<time>2026-01-01T00:13:20.000Z</time>
</wpt>
<wpt lat="35.6590366" lon="139.5776005">
<time>2026-01-01T00:13:21.000Z</time>
</wpt>
<wpt lat="35.6589498" lon="139.5774036">
<time>2026-01-01T00:13:22.000Z</time>
</wpt>
<wpt lat="35.6588630" lon="139.5772066">
<time>2026-01-01T00:13:23.000Z</time>
</wpt>
<wpt lat="35.6587763" lon="139.5770097">
<time>2026-01-01T00:13:24.000Z</time>
</wpt>
<wpt lat="35.6586895" lon="139.5768127">
<time>2026-01-01T00:13:25.000Z</time>
</wpt>
<wpt lat="35.6586027" lon="139.5766158">
<time>2026-01-01T00:13:26.000Z</time>
</wpt>
<wpt lat="35.6585159" lon="139.5764188">
<time>2026-01-01T00:13:27.000Z</time>
</wpt>
<wpt lat="35.6584291" lon="139.5762219">
<time>2026-01-01T00:13:28.000Z</time>
</wpt>
<wpt lat="35.6583423" lon="139.5760249">
<time>2026-01-01T00:13:29.000Z</time>
</wpt>
<wpt lat="35.6582555" lon="139.5758280">
<time>2026-01-01T00:13:30.000Z</time>
</wpt>
<wpt lat="35.6581687" lon="139.5756310">
<time>2026-01-01T00:13:31.000Z</time>
</wpt>
<wpt lat="35.6580819" lon="139.5754341">
<time>2026-01-01T00:13:32.000Z</time>
</wpt>
<wpt lat="35.6579951" lon="139.5752372">
<time>2026-01-01T00:13:33.000Z</time>
</wpt>
<wpt lat="35.6579073" lon="139.5750408">
<time>2026-01-01T00:13:34.000Z</time>
</wpt>
<wpt lat="35.6578172" lon="139.5748459">
<time>2026-01-01T00:13:35.000Z</time>
</wpt>
<wpt lat="35.6577271" lon="139.5746509">
<time>2026-01-01T00:13:36.000Z</time>
</wpt>
<wpt lat="35.6576370" lon="139.5744560">
<time>2026-01-01T00:13:37.000Z</time>
</wpt>
<wpt lat="35.6575469" lon="139.5742610">
<time>2026-01-01T00:13:38.000Z</time>
</wpt>
<wpt lat="35.6574568" lon="139.5740660">
<time>2026-01-01T00:13:39.000Z</time>
</wpt>
<wpt lat="35.6573667" lon="139.5738711">
<time>2026-01-01T00:13:40.000Z</time>
</wpt>
<wpt lat="35.6572765" lon="139.5736761">
<time>2026-01-01T00:13:41.000Z</time>
</wpt>
<wpt lat="35.6571864" lon="139.5734811">
<time>2026-01-01T00:13:42.000Z</time>
</wpt>
<wpt lat="35.6570963" lon="139.5732862">
<time>2026-01-01T00:13:43.000Z</time>
</wpt>
<wpt lat="35.6570062" lon="139.5730912">
<time>2026-01-01T00:13:44.000Z</time>
</wpt>
<wpt lat="35.6569161" lon="139.5728963">
<time>2026-01-01T00:13:45.000Z</time>
</wpt>
<wpt lat="35.6568260" lon="139.5727013">
<time>2026-01-01T00:13:46.000Z</time>
</wpt>
<wpt lat="35.6567359" lon="139.5725063">
<time>2026-01-01T00:13:47.000Z</time>
</wpt>
<wpt lat="35.6566458" lon="139.5723114">
<time>2026-01-01T00:13:48.000Z</time>
</wpt>
<wpt lat="35.6565557" lon="139.5721164">
<time>2026-01-01T00:13:49.000Z</time>
</wpt>
<wpt lat="35.6564656" lon="139.5719215">
<time>2026-01-01T00:13:50.000Z</time>
</wpt>
<wpt lat="35.6563755" lon="139.5717265">
<time>2026-01-01T00:13:51.000Z</time>
</wpt>
<wpt lat="35.6562854" lon="139.5715315">
<time>2026-01-01T00:13:52.000Z</time>
</wpt>
<wpt lat="35.6561953" lon="139.5713366">
<time>2026-01-01T00:13:53.000Z</time>
</wpt>
<wpt lat="35.6561052" lon="139.5711416">
<time>2026-01-01T00:13:54.000Z</time>
</wpt>
<wpt lat="35.6560151" lon="139.5709467">
<time>2026-01-01T00:13:55.000Z</time>
</wpt>
<wpt lat="35.6559250" lon="139.5707517">
<time>2026-01-01T00:13:56.000Z</time>
</wpt>
<wpt lat="35.6558349" lon="139.5705567">
<time>2026-01-01T00:13:57.000Z</time>
</wpt>
<wpt lat="35.6557448" lon="139.5703618">
<time>2026-01-01T00:13:58.000Z</time>
</wpt>
<wpt lat="35.6556547" lon="139.5701668">
<time>2026-01-01T00:13:59.000Z</time>
</wpt>
<wpt lat="35.6555646" lon="139.5699718">
<time>2026-01-01T00:14:00.000Z</time>
</wpt>
<wpt lat="35.6554745" lon="139.5697769">
<time>2026-01-01T00:14:01.000Z</time>
</wpt>
<wpt lat="35.6553844" lon="139.5695819">
<time>2026-01-01T00:14:02.000Z</time>
</wpt>
<wpt lat="35.6552943" lon="139.5693870">
<time>2026-01-01T00:14:03.000Z</time>
</wpt>
<wpt lat="35.6552042" lon="139.5691920">
<time>2026-01-01T00:14:04.000Z</time>
</wpt>
<wpt lat="35.6551141" lon="139.5689970">
<time>2026-01-01T00:14:05.000Z</time>
</wpt>
<wpt lat="35.6550240" lon="139.5688021">
<time>2026-01-01T00:14:06.000Z</time>
</wpt>
<wpt lat="35.6549339" lon="139.5686071">
<time>2026-01-01T00:14:07.000Z</time>
</wpt>
<wpt lat="35.6548438" lon="139.5684122">
<time>2026-01-01T00:14:08.000Z</time>
</wpt>
<wpt lat="35.6547536" lon="139.5682172">
<time>2026-01-01T00:14:09.000Z</time>
</wpt>
<wpt lat="35.6546635" lon="139.5680222">
<time>2026-01-01T00:14:10.000Z</time>
</wpt>
<wpt lat="35.6545734" lon="139.5678273">
<time>2026-01-01T00:14:11.000Z</time>
</wpt>
<wpt lat="35.6544833" lon="139.5676323">
<time>2026-01-01T00:14:12.000Z</time>
</wpt>
<wpt lat="35.6543932" lon="139.5674374">
<time>2026-01-01T00:14:13.000Z</time>
</wpt>
<wpt lat="35.6543031" lon="139.5672424">
<time>2026-01-01T00:14:14.000Z</time>
</wpt>
<wpt lat="35.6542130" lon="139.5670474">
<time>2026-01-01T00:14:15.000Z</time>
</wpt>
<wpt lat="35.6541229" lon="139.5668525">
<time>2026-01-01T00:14:16.000Z</time>
</wpt>
<wpt lat="35.6540328" lon="139.5666575">
<time>2026-01-01T00:14:17.000Z</time>
</wpt>
<wpt lat="35.6539431" lon="139.5664623">
<time>2026-01-01T00:14:18.000Z</time>
</wpt>
<wpt lat="35.6538537" lon="139.5662668">
<time>2026-01-01T00:14:19.000Z</time>
</wpt>
<wpt lat="35.6537642" lon="139.5660714">
<time>2026-01-01T00:14:20.000Z</time>
</wpt>
<wpt lat="35.6536748" lon="139.5658759">
<time>2026-01-01T00:14:21.000Z</time>
</wpt>
<wpt lat="35.6535854" lon="139.5656805">
<time>2026-01-01T00:14:22.000Z</time>
</wpt>
<wpt lat="35.6534959" lon="139.5654851">
<time>2026-01-01T00:14:23.000Z</time>
</wpt>
<wpt lat="35.6534065" lon="139.5652896">
<time>2026-01-01T00:14:24.000Z</time>
</wpt>
<wpt lat="35.6533170" lon="139.5650942">
<time>2026-01-01T00:14:25.000Z</time>
</wpt>
<wpt lat="35.6532276" lon="139.5648987">
<time>2026-01-01T00:14:26.000Z</time>
</wpt>
<wpt lat="35.6531382" lon="139.5647033">
<time>2026-01-01T00:14:27.000Z</time>
</wpt>
<wpt lat="35.6530487" lon="139.5645078">
<time>2026-01-01T00:14:28.000Z</time>
</wpt>
<wpt lat="35.6529593" lon="139.5643124">
<time>2026-01-01T00:14:29.000Z</time>
</wpt>
<wpt lat="35.6528698" lon="139.5641170">
<time>2026-01-01T00:14:30.000Z</time>
</wpt>
<wpt lat="35.6527804" lon="139.5639215">
<time>2026-01-01T00:14:31.000Z</time>
</wpt>
<wpt lat="35.6526910" lon="139.5637261">
<time>2026-01-01T00:14:32.000Z</time>
</wpt>
<wpt lat="35.6526015" lon="139.5635306">
<time>2026-01-01T00:14:33.000Z</time>
</wpt>
<wpt lat="35.6525121" lon="139.5633352">
<time>2026-01-01T00:14:34.000Z</time>
</wpt>
<wpt lat="35.6524226" lon="139.5631398">
<time>2026-01-01T00:14:35.000Z</time>
</wpt>
<wpt lat="35.6523332" lon="139.5629443">
<time>2026-01-01T00:14:36.000Z</time>
</wpt>
<wpt lat="35.6522438" lon="139.5627489">
<time>2026-01-01T00:14:37.000Z</time>
</wpt>
<wpt lat="35.6521543" lon="139.5625534">
<time>2026-01-01T00:14:38.000Z</time>
</wpt>
<wpt lat="35.6520649" lon="139.5623580">
<time>2026-01-01T00:14:39.000Z</time>
</wpt>
<wpt lat="35.6519754" lon="139.5621625">
<time>2026-01-01T00:14:40.000Z</time>
</wpt>
<wpt lat="35.6518860" lon="139.5619671">
<time>2026-01-01T00:14:41.000Z</time>
</wpt>
<wpt lat="35.6517966" lon="139.5617717">
<time>2026-01-01T00:14:42.000Z</time>
</wpt>
<wpt lat="35.6517071" lon="139.5615762">
<time>2026-01-01T00:14:43.000Z</time>
</wpt>
<wpt lat="35.6516177" lon="139.5613808">
<time>2026-01-01T00:14:44.000Z</time>
</wpt>
<wpt lat="35.6515282" lon="139.5611853">
<time>2026-01-01T00:14:45.000Z</time>
</wpt>
<wpt lat="35.6514388" lon="139.5609899">
<time>2026-01-01T00:14:46.000Z</time>
</wpt>
<wpt lat="35.6513494" lon="139.5607945">
<time>2026-01-01T00:14:47.000Z</time>
</wpt>
<wpt lat="35.6512599" lon="139.5605990">
<time>2026-01-01T00:14:48.000Z</time>
</wpt>
<wpt lat="35.6511705" lon="139.5604036">
<time>2026-01-01T00:14:49.000Z</time>
</wpt>
<wpt lat="35.6510810" lon="139.5602081">
<time>2026-01-01T00:14:50.000Z</time>
</wpt>
<wpt lat="35.6509916" lon="139.5600127">
<time>2026-01-01T00:14:51.000Z</time>
</wpt>
<wpt lat="35.6509022" lon="139.5598172">
<time>2026-01-01T00:14:52.000Z</time>
</wpt>
<wpt lat="35.6508127" lon="139.5596218">
<time>2026-01-01T00:14:53.000Z</time>
</wpt>
<wpt lat="35.6507233" lon="139.5594264">
<time>2026-01-01T00:14:54.000Z</time>
</wpt>
<wpt lat="35.6506338" lon="139.5592309">
<time>2026-01-01T00:14:55.000Z</time>
</wpt>
<wpt lat="35.6505444" lon="139.5590355">
<time>2026-01-01T00:14:56.000Z</time>
</wpt>
<wpt lat="35.6504550" lon="139.5588400">
<time>2026-01-01T00:14:57.000Z</time>
</wpt>
<wpt lat="35.6503655" lon="139.5586446">
<time>2026-01-01T00:14:58.000Z</time>
</wpt>
<wpt lat="35.6502761" lon="139.5584492">
<time>2026-01-01T00:14:59.000Z</time>
</wpt>
<wpt lat="35.6501866" lon="139.5582537">
<time>2026-01-01T00:15:00.000Z</time>
</wpt>
<wpt lat="35.6500972" lon="139.5580583">
<time>2026-01-01T00:15:01.000Z</time>
</wpt>
<wpt lat="35.6500815" lon="139.5578424">
<time>2026-01-01T00:15:02.000Z</time>
</wpt>
<wpt lat="35.6500754" lon="139.5576239">
<time>2026-01-01T00:15:03.000Z</time>
</wpt>
<wpt lat="35.6500692" lon="139.5574054">
<time>2026-01-01T00:15:04.000Z</time>
</wpt>
<wpt lat="35.6500630" lon="139.5571870">
<time>2026-01-01T00:15:05.000Z</time>
</wpt>
<wpt lat="35.6500568" lon="139.5569685">
<time>2026-01-01T00:15:06.000Z</time>
</wpt>
<wpt lat="35.6500507" lon="139.5567500">
<time>2026-01-01T00:15:07.000Z</time>
</wpt>
<wpt lat="35.6500445" lon="139.5565315">
<time>2026-01-01T00:15:08.000Z</time>
</wpt>
<wpt lat="35.6500383" lon="139.5563130">
<time>2026-01-01T00:15:09.000Z</time>
</wpt>
<wpt lat="35.6500322" lon="139.5560945">
<time>2026-01-01T00:15:10.000Z</time>
</wpt>
<wpt lat="35.6500260" lon="139.5558760">
<time>2026-01-01T00:15:11.000Z</time>
</wpt>
<wpt lat="35.6500198" lon="139.5556576">
<time>2026-01-01T00:15:12.000Z</time>
</wpt>
<wpt lat="35.6500136" lon="139.5554391">
<time>2026-01-01T00:15:13.000Z</time>
</wpt>
<wpt lat="35.6500075" lon="139.5552206">
<time>2026-01-01T00:15:14.000Z</time>
</wpt>
<wpt lat="35.6500013" lon="139.5550021">
<time>2026-01-01T00:15:15.000Z</time>
</wpt>
<wpt lat="35.6499951" lon="139.5547836">
<time>2026-01-01T00:15:16.000Z</time>
</wpt>
<wpt lat="35.6499890" lon="139.5545651">
<time>2026-01-01T00:15:17.000Z</time>
</wpt>
<wpt lat="35.6499828" lon="139.5543466">
<time>2026-01-01T00:15:18.000Z</time>
</wpt>
<wpt lat="35.6499766" lon="139.5541282">
<time>2026-01-01T00:15:19.000Z</time>
</wpt>
<wpt lat="35.6499705" lon="139.5539097">
<time>2026-01-01T00:15:20.000Z</time>
</wpt>
<wpt lat="35.6499643" lon="139.5536912">
<time>2026-01-01T00:15:21.000Z</time>
</wpt>
<wpt lat="35.6499581" lon="139.5534727">
<time>2026-01-01T00:15:22.000Z</time>
</wpt>
<wpt lat="35.6499519" lon="139.5532542">
<time>2026-01-01T00:15:23.000Z</time>
</wpt>
<wpt lat="35.6499458" lon="139.5530357">
<time>2026-01-01T00:15:24.000Z</time>
</wpt>
<wpt lat="35.6499396" lon="139.5528172">
<time>2026-01-01T00:15:25.000Z</time>
</wpt>
<wpt lat="35.6499334" lon="139.5525988">
<time>2026-01-01T00:15:26.000Z</time>
</wpt>
<wpt lat="35.6499273" lon="139.5523803">
<time>2026-01-01T00:15:27.000Z</time>
</wpt>
<wpt lat="35.6499211" lon="139.5521618">
<time>2026-01-01T00:15:28.000Z</time>
</wpt>
<wpt lat="35.6499149" lon="139.5519433">
<time>2026-01-01T00:15:29.000Z</time>
</wpt>
<wpt lat="35.6499087" lon="139.5517248">
<time>2026-01-01T00:15:30.000Z</time>
</wpt>
<wpt lat="35.6499186" lon="139.5515083">
<time>2026-01-01T00:15:31.000Z</time>
</wpt>
<wpt lat="35.6499818" lon="139.5512985">
<time>2026-01-01T00:15:32.000Z</time>
</wpt>
<wpt lat="35.6500449" lon="139.5510886">
<time>2026-01-01T00:15:33.000Z</time>
</wpt>
<wpt lat="35.6501080" lon="139.5508788">
<time>2026-01-01T00:15:34.000Z</time>
</wpt>
<wpt lat="35.6501712" lon="139.5506689">
<time>2026-01-01T00:15:35.000Z</time>
</wpt>
<wpt lat="35.6502343" lon="139.5504591">
<time>2026-01-01T00:15:36.000Z</time>
</wpt>
<wpt lat="35.6502974" lon="139.5502492">
<time>2026-01-01T00:15:37.000Z</time>
</wpt>
<wpt lat="35.6503605" lon="139.5500394">
<time>2026-01-01T00:15:38.000Z</time>
</wpt>
<wpt lat="35.6504237" lon="139.5498295">
<time>2026-01-01T00:15:39.000Z</time>
</wpt>
<wpt lat="35.6504868" lon="139.5496197">
<time>2026-01-01T00:15:40.000Z</time>
</wpt>
<wpt lat="35.6505499" lon="139.5494098">
<time>2026-01-01T00:15:41.000Z</time>
</wpt>
<wpt lat="35.6506131" lon="139.5492000">
<time>2026-01-01T00:15:42.000Z</time>
</wpt>
<wpt lat="35.6506762" lon="139.5489901">
<time>2026-01-01T00:15:43.000Z</time>
</wpt>
<wpt lat="35.6507393" lon="139.5487803">
<time>2026-01-01T00:15:44.000Z</time>
</wpt>
<wpt lat="35.6508025" lon="139.5485704">
<time>2026-01-01T00:15:45.000Z</time>
</wpt>
<wpt lat="35.6508656" lon="139.5483606">
<time>2026-01-01T00:15:46.000Z</time>
</wpt>
<wpt lat="35.6509287" lon="139.5481507">
<time>2026-01-01T00:15:47.000Z</time>
</wpt>
<wpt lat="35.6509918" lon="139.5479409">
<time>2026-01-01T00:15:48.000Z</time>
</wpt>
<wpt lat="35.6510550" lon="139.5477310">
<time>2026-01-01T00:15:49.000Z</time>
</wpt>
<wpt lat="35.6511181" lon="139.5475212">
<time>2026-01-01T00:15:50.000Z</time>
</wpt>
<wpt lat="35.6511812" lon="139.5473113">
<time>2026-01-01T00:15:51.000Z</time>
</wpt>
<wpt lat="35.6512444" lon="139.5471015">
<time>2026-01-01T00:15:52.000Z</time>
</wpt>
<wpt lat="35.6513075" lon="139.5468916">
<time>2026-01-01T00:15:53.000Z</time>
</wpt>
<wpt lat="35.6513706" lon="139.5466818">
<time>2026-01-01T00:15:54.000Z</time>
</wpt>
<wpt lat="35.6514338" lon="139.5464719">
<time>2026-01-01T00:15:55.000Z</time>
</wpt>
<wpt lat="35.6514969" lon="139.5462621">
<time>2026-01-01T00:15:56.000Z</time>
</wpt>
<wpt lat="35.6515572" lon="139.5460615">
<time>2026-01-01T00:15:57.000Z</time>
</wpt>
<wpt lat="35.6516148" lon="139.5458701">
<time>2026-01-01T00:15:58.000Z</time>
</wpt>
<wpt lat="35.6516696" lon="139.5456881">
<time>2026-01-01T00:15:59.000Z</time>
</wpt>
<wpt lat="35.6517216" lon="139.5455153">
<time>2026-01-01T00:16:00.000Z</time>
</wpt>
<wpt lat="35.6517708" lon="139.5453517">
<time>2026-01-01T00:16:01.000Z</time>
</wpt>
<wpt lat="35.6518172" lon="139.5451974">
<time>2026-01-01T00:16:02.000Z</time>
</wpt>
<wpt lat="35.6518608" lon="139.5450524">
<time>2026-01-01T00:16:03.000Z</time>
</wpt>
<wpt lat="35.6519016" lon="139.5449166">
<time>2026-01-01T00:16:04.000Z</time>
</wpt>
<wpt lat="35.6519397" lon="139.5447901">
<time>2026-01-01T00:16:05.000Z</time>
</wpt>
<wpt lat="35.6519750" lon="139.5446728">
<time>2026-01-01T00:16:06.000Z</time>
</wpt>
<wpt lat="35.6520075" lon="139.5445648">
<time>2026-01-01T00:16:07.000Z</time>
</wpt>
<wpt lat="35.6520372" lon="139.5444661">
<time>2026-01-01T00:16:08.000Z</time>
</wpt>
<wpt lat="35.6520641" lon="139.5443766">
<time>2026-01-01T00:16:09.000Z</time>
</wpt>
<wpt lat="35.6520882" lon="139.5442964">
<time>2026-01-01T00:16:10.000Z</time>
</wpt>
<wpt lat="35.6521096" lon="139.5442254">
<time>2026-01-01T00:16:11.000Z</time>
</wpt>
<wpt lat="35.6521281" lon="139.5441637">
<time>2026-01-01T00:16:12.000Z</time>
</wpt>
<wpt lat="35.6521439" lon="139.5441113">
<time>2026-01-01T00:16:13.000Z</time>
</wpt>
<wpt lat="35.6521569" lon="139.5440681">
<time>2026-01-01T00:16:14.000Z</time>
</wpt>
<wpt lat="35.6521671" lon="139.5440342">
<time>2026-01-01T00:16:15.000Z</time>
</wpt>
<wpt lat="35.6521745" lon="139.5440095">
<time>2026-01-01T00:16:16.000Z</time>
</wpt>
<wpt lat="35.6521792" lon="139.5439941">
<time>2026-01-01T00:16:17.000Z</time>
</wpt>
<wpt lat="35.6521810" lon="139.5439880">
<time>2026-01-01T00:16:18.000Z</time>
</wpt>
<wpt lat="35.6521810" lon="139.5439880">
<time>2026-01-01T00:16:19.000Z</time>
</wpt>
<wpt lat="35.6521810" lon="139.5439880">
<time>2026-01-01T00:16:20.000Z</time>
</wpt>
<wpt lat="35.6521810" lon="139.5439880">
<time>2026-01-01T00:16:21.000Z</time>
</wpt>
<wpt lat="35.6521810" lon="139.5439880">
<time>2026-01-01T00:16:22.000Z</time>
</wpt>
<wpt lat="35.6521810" lon="139.5439880">
<time>2026-01-01T00:16:23.000Z</time>
</wpt>
<wpt lat="35.6521810" lon="139.5439880">
<time>2026-01-01T00:16:24.000Z</time>
</wpt>
<wpt lat="35.6521810" lon="139.5439880">
<time>2026-01-01T00:16:25.000Z</time>
</wpt>
<wpt lat="35.6521810" lon="139.5439880">
<time>2026-01-01T00:16:26.000Z</time>
</wpt>
<wpt lat="35.6521810" lon="139.5439880">
<time>2026-01-01T00:16:27.000Z</time>
</wpt>
<wpt lat="35.6521810" lon="139.5439880">
<time>2026-01-01T00:16:28.000Z</time>
</wpt>
<wpt lat="35.6521810" lon="139.5439880">
<time>2026-01-01T00:16:29.000Z</time>
</wpt>
<wpt lat="35.6521810" lon="139.5439880">
<time>2026-01-01T00:16:30.000Z</time>
</wpt>
<wpt lat="35.6521810" lon="139.5439880">
<time>2026-01-01T00:16:31.000Z</time>
</wpt>
<wpt lat="35.6521810" lon="139.5439880">
<time>2026-01-01T00:16:32.000Z</time>
</wpt>
<wpt lat="35.6521810" lon="139.5439880">
<time>2026-01-01T00:16:33.000Z</time>
</wpt>
<wpt lat="35.6521810" lon="139.5439880">
<time>2026-01-01T00:16:34.000Z</time>
</wpt>
<wpt lat="35.6521810" lon="139.5439880">
<time>2026-01-01T00:16:35.000Z</time>
</wpt>
<wpt lat="35.6521810" lon="139.5439880">
<time>2026-01-01T00:16:36.000Z</time>
</wpt>
<wpt lat="35.6521810" lon="139.5439880">
<time>2026-01-01T00:16:37.000Z</time>
</wpt>
<wpt lat="35.6521810" lon="139.5439880">
<time>2026-01-01T00:16:38.000Z</time>
</wpt>
<wpt lat="35.6521810" lon="139.5439880">
<time>2026-01-01T00:16:39.000Z</time>
</wpt>
<wpt lat="35.6521810" lon="139.5439880">
<time>2026-01-01T00:16:40.000Z</time>
</wpt>
<wpt lat="35.6521810" lon="139.5439880">
<time>2026-01-01T00:16:41.000Z</time>
</wpt>
<wpt lat="35.6521810" lon="139.5439880">
<time>2026-01-01T00:16:42.000Z</time>
</wpt>
<wpt lat="35.6521810" lon="139.5439880">
<time>2026-01-01T00:16:43.000Z</time>
</wpt>
<wpt lat="35.6521810" lon="139.5439880">
<time>2026-01-01T00:16:44.000Z</time>
</wpt>
<wpt lat="35.6521810" lon="139.5439880">
<time>2026-01-01T00:16:45.000Z</time>
</wpt>
<wpt lat="35.6521810" lon="139.5439880">
<time>2026-01-01T00:16:46.000Z</time>
</wpt>
<wpt lat="35.6521810" lon="139.5439880">
<time>2026-01-01T00:16:47.000Z</time>
</wpt>
<wpt lat="35.6521810" lon="139.5439880">
<time>2026-01-01T00:16:48.000Z</time>
</wpt>
<wpt lat="35.6521810" lon="139.5439880">
<time>2026-01-01T00:16:49.000Z</time>
</wpt>
<wpt lat="35.6521810" lon="139.5439880">
<time>2026-01-01T00:16:50.000Z</time>
</wpt>
<wpt lat="35.6521810" lon="139.5439880">
<time>2026-01-01T00:16:51.000Z</time>
</wpt>
<wpt lat="35.6521810" lon="139.5439880">
<time>2026-01-01T00:16:52.000Z</time>
</wpt>
<wpt lat="35.6521810" lon="139.5439880">
<time>2026-01-01T00:16:53.000Z</time>
</wpt>
<wpt lat="35.6521810" lon="139.5439880">
<time>2026-01-01T00:16:54.000Z</time>
</wpt>
<wpt lat="35.6521810" lon="139.5439880">
<time>2026-01-01T00:16:55.000Z</time>
</wpt>
<wpt lat="35.6521835" lon="139.5439810">
<time>2026-01-01T00:16:56.000Z</time>
</wpt>
<wpt lat="35.6521884" lon="139.5439669">
<time>2026-01-01T00:16:57.000Z</time>
</wpt>
<wpt lat="35.6521958" lon="139.5439459">
<time>2026-01-01T00:16:58.000Z</time>
</wpt>
<wpt lat="35.6522057" lon="139.5439178">
<time>2026-01-01T00:16:59.000Z</time>
</wpt>
<wpt lat="35.6522181" lon="139.5438827">
<time>2026-01-01T00:17:00.000Z</time>
</wpt>
<wpt lat="35.6522329" lon="139.5438406">
<time>2026-01-01T00:17:01.000Z</time>
</wpt>
<wpt lat="35.6522502" lon="139.5437914">
<time>2026-01-01T00:17:02.000Z</time>
</wpt>
<wpt lat="35.6522700" lon="139.5437352">
<time>2026-01-01T00:17:03.000Z</time>
</wpt>
<wpt lat="35.6522923" lon="139.5436720">
<time>2026-01-01T00:17:04.000Z</time>
</wpt>
<wpt lat="35.6523170" lon="139.5436018">
<time>2026-01-01T00:17:05.000Z</time>
</wpt>
<wpt lat="35.6523442" lon="139.5435246">
<time>2026-01-01T00:17:06.000Z</time>
</wpt>
<wpt lat="35.6523738" lon="139.5434403">
<time>2026-01-01T00:17:07.000Z</time>
</wpt>
<wpt lat="35.6524060" lon="139.5433491">
<time>2026-01-01T00:17:08.000Z</time>
</wpt>
<wpt lat="35.6524406" lon="139.5432508">
<time>2026-01-01T00:17:09.000Z</time>
</wpt>
<wpt lat="35.6524777" lon="139.5431454">
<time>2026-01-01T00:17:10.000Z</time>
</wpt>
<wpt lat="35.6525172" lon="139.5430331">
<time>2026-01-01T00:17:11.000Z</time>
</wpt>
<wpt lat="35.6525593" lon="139.5429137">
<time>2026-01-01T00:17:12.000Z</time>
</wpt>
<wpt lat="35.6526038" lon="139.5427873">
<time>2026-01-01T00:17:13.000Z</time>
</wpt>
<wpt lat="35.6526507" lon="139.5426539">
<time>2026-01-01T00:17:14.000Z</time>
</wpt>
<wpt lat="35.6527002" lon="139.5425135">
<time>2026-01-01T00:17:15.000Z</time>
</wpt>
<wpt lat="35.6527521" lon="139.5423661">
<time>2026-01-01T00:17:16.000Z</time>
</wpt>
<wpt lat="35.6528065" lon="139.5422116">
<time>2026-01-01T00:17:17.000Z</time>
</wpt>
<wpt lat="35.6528634" lon="139.5420501">
<time>2026-01-01T00:17:18.000Z</time>
</wpt>
<wpt lat="35.6529227" lon="139.5418816">
<time>2026-01-01T00:17:19.000Z</time>
</wpt>
<wpt lat="35.6529845" lon="139.5417060">
<time>2026-01-01T00:17:20.000Z</time>
</wpt>
<wpt lat="35.6530488" lon="139.5415235">
<time>2026-01-01T00:17:21.000Z</time>
</wpt>
<wpt lat="35.6531155" lon="139.5413339">
<time>2026-01-01T00:17:22.000Z</time>
</wpt>
<wpt lat="35.6531848" lon="139.5411373">
<time>2026-01-01T00:17:23.000Z</time>
</wpt>
<wpt lat="35.6532565" lon="139.5409337">
<time>2026-01-01T00:17:24.000Z</time>
</wpt>
<wpt lat="35.6533284" lon="139.5407295">
<time>2026-01-01T00:17:25.000Z</time>
</wpt>
<wpt lat="35.6534003" lon="139.5405253">
<time>2026-01-01T00:17:26.000Z</time>
</wpt>
<wpt lat="35.6534722" lon="139.5403211">
<time>2026-01-01T00:17:27.000Z</time>
</wpt>
<wpt lat="35.6535441" lon="139.5401169">
<time>2026-01-01T00:17:28.000Z</time>
</wpt>
<wpt lat="35.6536160" lon="139.5399126">
<time>2026-01-01T00:17:29.000Z</time>
</wpt>
<wpt lat="35.6536879" lon="139.5397084">
<time>2026-01-01T00:17:30.000Z</time>
</wpt>
<wpt lat="35.6537598" lon="139.5395042">
<time>2026-01-01T00:17:31.000Z</time>
</wpt>
<wpt lat="35.6538317" lon="139.5393000">
<time>2026-01-01T00:17:32.000Z</time>
</wpt>
<wpt lat="35.6539036" lon="139.5390958">
<time>2026-01-01T00:17:33.000Z</time>
</wpt>
<wpt lat="35.6539755" lon="139.5388916">
<time>2026-01-01T00:17:34.000Z</time>
</wpt>
<wpt lat="35.6540474" lon="139.5386874">
<time>2026-01-01T00:17:35.000Z</time>
</wpt>
<wpt lat="35.6541193" lon="139.5384832">
<time>2026-01-01T00:17:36.000Z</time>
</wpt>
<wpt lat="35.6541912" lon="139.5382790">
<time>2026-01-01T00:17:37.000Z</time>
</wpt>
<wpt lat="35.6542631" lon="139.5380748">
<time>2026-01-01T00:17:38.000Z</time>
</wpt>
<wpt lat="35.6543350" lon="139.5378706">
<time>2026-01-01T00:17:39.000Z</time>
</wpt>
<wpt lat="35.6544069" lon="139.5376664">
<time>2026-01-01T00:17:40.000Z</time>
</wpt>
<wpt lat="35.6544788" lon="139.5374622">
<time>2026-01-01T00:17:41.000Z</time>
</wpt>
<wpt lat="35.6545507" lon="139.5372580">
<time>2026-01-01T00:17:42.000Z</time>
</wpt>
<wpt lat="35.6546226" lon="139.5370538">
<time>2026-01-01T00:17:43.000Z</time>
</wpt>
<wpt lat="35.6546945" lon="139.5368495">
<time>2026-01-01T00:17:44.000Z</time>
</wpt>
<wpt lat="35.6547664" lon="139.5366453">
<time>2026-01-01T00:17:45.000Z</time>
</wpt>
<wpt lat="35.6548383" lon="139.5364411">
<time>2026-01-01T00:17:46.000Z</time>
</wpt>
<wpt lat="35.6549102" lon="139.5362369">
<time>2026-01-01T00:17:47.000Z</time>
</wpt>
<wpt lat="35.6549821" lon="139.5360327">
<time>2026-01-01T00:17:48.000Z</time>
</wpt>
<wpt lat="35.6550540" lon="139.5358285">
<time>2026-01-01T00:17:49.000Z</time>
</wpt>
<wpt lat="35.6551259" lon="139.5356243">
<time>2026-01-01T00:17:50.000Z</time>
</wpt>
<wpt lat="35.6551978" lon="139.5354201">
<time>2026-01-01T00:17:51.000Z</time>
</wpt>
<wpt lat="35.6552698" lon="139.5352159">
<time>2026-01-01T00:17:52.000Z</time>
</wpt>
<wpt lat="35.6553417" lon="139.5350117">
<time>2026-01-01T00:17:53.000Z</time>
</wpt>
<wpt lat="35.6554136" lon="139.5348075">
<time>2026-01-01T00:17:54.000Z</time>
</wpt>
<wpt lat="35.6554855" lon="139.5346033">
<time>2026-01-01T00:17:55.000Z</time>
</wpt>
<wpt lat="35.6555574" lon="139.5343991">
<time>2026-01-01T00:17:56.000Z</time>
</wpt>
<wpt lat="35.6556293" lon="139.5341949">
<time>2026-01-01T00:17:57.000Z</time>
</wpt>
<wpt lat="35.6557012" lon="139.5339907">
<time>2026-01-01T00:17:58.000Z</time>
</wpt>
<wpt lat="35.6557731" lon="139.5337864">
<time>2026-01-01T00:17:59.000Z</time>
</wpt>
<wpt lat="35.6558450" lon="139.5335822">
<time>2026-01-01T00:18:00.000Z</time>
</wpt>
<wpt lat="35.6559169" lon="139.5333780">
<time>2026-01-01T00:18:01.000Z</time>
</wpt>
<wpt lat="35.6559888" lon="139.5331738">
<time>2026-01-01T00:18:02.000Z</time>
</wpt>
<wpt lat="35.6560607" lon="139.5329696">
<time>2026-01-01T00:18:03.000Z</time>
</wpt>
<wpt lat="35.6561326" lon="139.5327654">
<time>2026-01-01T00:18:04.000Z</time>
</wpt>
<wpt lat="35.6562045" lon="139.5325612">
<time>2026-01-01T00:18:05.000Z</time>
</wpt>
<wpt lat="35.6562764" lon="139.5323570">
<time>2026-01-01T00:18:06.000Z</time>
</wpt>
<wpt lat="35.6563483" lon="139.5321528">
<time>2026-01-01T00:18:07.000Z</time>
</wpt>
<wpt lat="35.6564202" lon="139.5319486">
<time>2026-01-01T00:18:08.000Z</time>
</wpt>
<wpt lat="35.6564921" lon="139.5317444">
<time>2026-01-01T00:18:09.000Z</time>
</wpt>
<wpt lat="35.6565640" lon="139.5315402">
<time>2026-01-01T00:18:10.000Z</time>
</wpt>
<wpt lat="35.6566359" lon="139.5313360">
<time>2026-01-01T00:18:11.000Z</time>
</wpt>
<wpt lat="35.6567078" lon="139.5311318">
<time>2026-01-01T00:18:12.000Z</time>
</wpt>
<wpt lat="35.6567797" lon="139.5309276">
<time>2026-01-01T00:18:13.000Z</time>
</wpt>
<wpt lat="35.6568516" lon="139.5307233">
<time>2026-01-01T00:18:14.000Z</time>
</wpt>
<wpt lat="35.6569235" lon="139.5305191">
<time>2026-01-01T00:18:15.000Z</time>
</wpt>
<wpt lat="35.6569954" lon="139.5303149">
<time>2026-01-01T00:18:16.000Z</time>
</wpt>
<wpt lat="35.6570673" lon="139.5301107">
<time>2026-01-01T00:18:17.000Z</time>
</wpt>
<wpt lat="35.6571392" lon="139.5299065">
<time>2026-01-01T00:18:18.000Z</time>
</wpt>
<wpt lat="35.6572231" lon="139.5297092">
<time>2026-01-01T00:18:19.000Z</time>
</wpt>
<wpt lat="35.6573154" lon="139.5295168">
<time>2026-01-01T00:18:20.000Z</time>
</wpt>
<wpt lat="35.6574077" lon="139.5293243">
<time>2026-01-01T00:18:21.000Z</time>
</wpt>
<wpt lat="35.6575000" lon="139.5291318">
<time>2026-01-01T00:18:22.000Z</time>
</wpt>
<wpt lat="35.6575922" lon="139.5289394">
<time>2026-01-01T00:18:23.000Z</time>
</wpt>
<wpt lat="35.6576845" lon="139.5287469">
<time>2026-01-01T00:18:24.000Z</time>
</wpt>
<wpt lat="35.6577768" lon="139.5285545">
<time>2026-01-01T00:18:25.000Z</time>
</wpt>
<wpt lat="35.6578691" lon="139.5283620">
<time>2026-01-01T00:18:26.000Z</time>
</wpt>
<wpt lat="35.6579614" lon="139.5281696">
<time>2026-01-01T00:18:27.000Z</time>
</wpt>
<wpt lat="35.6580537" lon="139.5279771">
<time>2026-01-01T00:18:28.000Z</time>
</wpt>
<wpt lat="35.6581460" lon="139.5277847">
<time>2026-01-01T00:18:29.000Z</time>
</wpt>
<wpt lat="35.6582383" lon="139.5275922">
<time>2026-01-01T00:18:30.000Z</time>
</wpt>
<wpt lat="35.6583305" lon="139.5273998">
<time>2026-01-01T00:18:31.000Z</time>
</wpt>
<wpt lat="35.6584228" lon="139.5272073">
<time>2026-01-01T00:18:32.000Z</time>
</wpt>
<wpt lat="35.6585151" lon="139.5270148">
<time>2026-01-01T00:18:33.000Z</time>
</wpt>
<wpt lat="35.6586074" lon="139.5268224">
<time>2026-01-01T00:18:34.000Z</time>
</wpt>
<wpt lat="35.6586997" lon="139.5266299">
<time>2026-01-01T00:18:35.000Z</time>
</wpt>
<wpt lat="35.6587920" lon="139.5264375">
<time>2026-01-01T00:18:36.000Z</time>
</wpt>
<wpt lat="35.6588843" lon="139.5262450">
<time>2026-01-01T00:18:37.000Z</time>
</wpt>
<wpt lat="35.6589766" lon="139.5260526">
<time>2026-01-01T00:18:38.000Z</time>
</wpt>
<wpt lat="35.6590688" lon="139.5258601">
<time>2026-01-01T00:18:39.000Z</time>
</wpt>
<wpt lat="35.6591611" lon="139.5256677">
<time>2026-01-01T00:18:40.000Z</time>
</wpt>
<wpt lat="35.6592534" lon="139.5254752">
<time>2026-01-01T00:18:41.000Z</time>
</wpt>
<wpt lat="35.6593457" lon="139.5252828">
<time>2026-01-01T00:18:42.000Z</time>
</wpt>
<wpt lat="35.6594380" lon="139.5250903">
<time>2026-01-01T00:18:43.000Z</time>
</wpt>
<wpt lat="35.6595303" lon="139.5248979">
<time>2026-01-01T00:18:44.000Z</time>
</wpt>
<wpt lat="35.6596226" lon="139.5247054">
<time>2026-01-01T00:18:45.000Z</time>
</wpt>
<wpt lat="35.6597149" lon="139.5245129">
<time>2026-01-01T00:18:46.000Z</time>
</wpt>
<wpt lat="35.6598071" lon="139.5243205">
<time>2026-01-01T00:18:47.000Z</time>
</wpt>
<wpt lat="35.6598994" lon="139.5241280">
<time>2026-01-01T00:18:48.000Z</time>
</wpt>
<wpt lat="35.6599917" lon="139.5239356">
<time>2026-01-01T00:18:49.000Z</time>
</wpt>
<wpt lat="35.6600840" lon="139.5237431">
<time>2026-01-01T00:18:50.000Z</time>
</wpt>
<wpt lat="35.6601612" lon="139.5235427">
<time>2026-01-01T00:18:51.000Z</time>
</wpt>
<wpt lat="35.6602283" lon="139.5233370">
<time>2026-01-01T00:18:52.000Z</time>
</wpt>
<wpt lat="35.6602955" lon="139.5231313">
<time>2026-01-01T00:18:53.000Z</time>
</wpt>
<wpt lat="35.6603626" lon="139.5229255">
<time>2026-01-01T00:18:54.000Z</time>
</wpt>
<wpt lat="35.6604297" lon="139.5227198">
<time>2026-01-01T00:18:55.000Z</time>
</wpt>
<wpt lat="35.6604968" lon="139.5225141">
<time>2026-01-01T00:18:56.000Z</time>
</wpt>
<wpt lat="35.6605639" lon="139.5223083">
<time>2026-01-01T00:18:57.000Z</time>
</wpt>
<wpt lat="35.6606311" lon="139.5221026">
<time>2026-01-01T00:18:58.000Z</time>
</wpt>
<wpt lat="35.6606982" lon="139.5218969">
<time>2026-01-01T00:18:59.000Z</time>
</wpt>
<wpt lat="35.6607653" lon="139.5216911">
<time>2026-01-01T00:19:00.000Z</time>
</wpt>
<wpt lat="35.6608324" lon="139.5214854">
<time>2026-01-01T00:19:01.000Z</time>
</wpt>
<wpt lat="35.6608995" lon="139.5212797">
<time>2026-01-01T00:19:02.000Z</time>
</wpt>
<wpt lat="35.6609667" lon="139.5210740">
<time>2026-01-01T00:19:03.000Z</time>
</wpt>
<wpt lat="35.6610338" lon="139.5208682">
<time>2026-01-01T00:19:04.000Z</time>
</wpt>
<wpt lat="35.6611009" lon="139.5206625">
<time>2026-01-01T00:19:05.000Z</time>
</wpt>
<wpt lat="35.6611680" lon="139.5204568">
<time>2026-01-01T00:19:06.000Z</time>
</wpt>
<wpt lat="35.6612351" lon="139.5202510">
<time>2026-01-01T00:19:07.000Z</time>
</wpt>
<wpt lat="35.6613023" lon="139.5200453">
<time>2026-01-01T00:19:08.000Z</time>
</wpt>
<wpt lat="35.6613694" lon="139.5198396">
<time>2026-01-01T00:19:09.000Z</time>
</wpt>
<wpt lat="35.6614365" lon="139.5196338">
<time>2026-01-01T00:19:10.000Z</time>
</wpt>
<wpt lat="35.6615036" lon="139.5194281">
<time>2026-01-01T00:19:11.000Z</time>
</wpt>
<wpt lat="35.6615707" lon="139.5192224">
<time>2026-01-01T00:19:12.000Z</time>
</wpt>
<wpt lat="35.6616379" lon="139.5190166">
<time>2026-01-01T00:19:13.000Z</time>
</wpt>
<wpt lat="35.6617050" lon="139.5188109">
<time>2026-01-01T00:19:14.000Z</time>
</wpt>
<wpt lat="35.6617721" lon="139.5186052">
<time>2026-01-01T00:19:15.000Z</time>
</wpt>
<wpt lat="35.6618392" lon="139.5183994">
<time>2026-01-01T00:19:16.000Z</time>
</wpt>
<wpt lat="35.6619063" lon="139.5181937">
<time>2026-01-01T00:19:17.000Z</time>
</wpt>
<wpt lat="35.6619735" lon="139.5179880">
<time>2026-01-01T00:19:18.000Z</time>
</wpt>
<wpt lat="35.6620406" lon="139.5177823">
<time>2026-01-01T00:19:19.000Z</time>
</wpt>
<wpt lat="35.6621077" lon="139.5175765">
<time>2026-01-01T00:19:20.000Z</time>
</wpt>
<wpt lat="35.6621748" lon="139.5173708">
<time>2026-01-01T00:19:21.000Z</time>
</wpt>
<wpt lat="35.6622419" lon="139.5171651">
<time>2026-01-01T00:19:22.000Z</time>
</wpt>
<wpt lat="35.6623091" lon="139.5169593">
<time>2026-01-01T00:19:23.000Z</time>
</wpt>
<wpt lat="35.6623762" lon="139.5167536">
<time>2026-01-01T00:19:24.000Z</time>
</wpt>
<wpt lat="35.6624433" lon="139.5165479">
<time>2026-01-01T00:19:25.000Z</time>
</wpt>
<wpt lat="35.6625104" lon="139.5163421">
<time>2026-01-01T00:19:26.000Z</time>
</wpt>
<wpt lat="35.6625775" lon="139.5161364">
<time>2026-01-01T00:19:27.000Z</time>
</wpt>
<wpt lat="35.6626447" lon="139.5159307">
<time>2026-01-01T00:19:28.000Z</time>
</wpt>
<wpt lat="35.6627118" lon="139.5157249">
<time>2026-01-01T00:19:29.000Z</time>
</wpt>
<wpt lat="35.6627789" lon="139.5155192">
<time>2026-01-01T00:19:30.000Z</time>
</wpt>
<wpt lat="35.6628460" lon="139.5153135">
<time>2026-01-01T00:19:31.000Z</time>
</wpt>
<wpt lat="35.6629131" lon="139.5151078">
<time>2026-01-01T00:19:32.000Z</time>
</wpt>
<wpt lat="35.6629803" lon="139.5149020">
<time>2026-01-01T00:19:33.000Z</time>
</wpt>
<wpt lat="35.6630474" lon="139.5146963">
<time>2026-01-01T00:19:34.000Z</time>
</wpt>
<wpt lat="35.6631145" lon="139.5144906">
<time>2026-01-01T00:19:35.000Z</time>
</wpt>
<wpt lat="35.6631816" lon="139.5142848">
<time>2026-01-01T00:19:36.000Z</time>
</wpt>
<wpt lat="35.6632487" lon="139.5140791">
<time>2026-01-01T00:19:37.000Z</time>
</wpt>
<wpt lat="35.6633159" lon="139.5138734">
<time>2026-01-01T00:19:38.000Z</time>
</wpt>
<wpt lat="35.6633830" lon="139.5136676">
<time>2026-01-01T00:19:39.000Z</time>
</wpt>
<wpt lat="35.6634501" lon="139.5134619">
<time>2026-01-01T00:19:40.000Z</time>
</wpt>
<wpt lat="35.6635172" lon="139.5132562">
<time>2026-01-01T00:19:41.000Z</time>
</wpt>
<wpt lat="35.6635843" lon="139.5130504">
<time>2026-01-01T00:19:42.000Z</time>
</wpt>
<wpt lat="35.6636514" lon="139.5128447">
<time>2026-01-01T00:19:43.000Z</time>
</wpt>
<wpt lat="35.6637186" lon="139.5126390">
<time>2026-01-01T00:19:44.000Z</time>
</wpt>
<wpt lat="35.6637857" lon="139.5124332">
<time>2026-01-01T00:19:45.000Z</time>
</wpt>
<wpt lat="35.6638528" lon="139.5122275">
<time>2026-01-01T00:19:46.000Z</time>
</wpt>
<wpt lat="35.6639199" lon="139.5120218">
<time>2026-01-01T00:19:47.000Z</time>
</wpt>
<wpt lat="35.6639870" lon="139.5118161">
<time>2026-01-01T00:19:48.000Z</time>
</wpt>
<wpt lat="35.6640542" lon="139.5116103">
<time>2026-01-01T00:19:49.000Z</time>
</wpt>
<wpt lat="35.6641213" lon="139.5114046">
<time>2026-01-01T00:19:50.000Z</time>
</wpt>
<wpt lat="35.6641811" lon="139.5111951">
<time>2026-01-01T00:19:51.000Z</time>
</wpt>
<wpt lat="35.6642315" lon="139.5109806">
<time>2026-01-01T00:19:52.000Z</time>
</wpt>
<wpt lat="35.6642818" lon="139.5107662">
<time>2026-01-01T00:19:53.000Z</time>
</wpt>
<wpt lat="35.6643322" lon="139.5105518">
<time>2026-01-01T00:19:54.000Z</time>
</wpt>
<wpt lat="35.6643826" lon="139.5103374">
<time>2026-01-01T00:19:55.000Z</time>
</wpt>
<wpt lat="35.6644330" lon="139.5101230">
<time>2026-01-01T00:19:56.000Z</time>
</wpt>
<wpt lat="35.6644833" lon="139.5099086">
<time>2026-01-01T00:19:57.000Z</time>
</wpt>
<wpt lat="35.6645337" lon="139.5096941">
<time>2026-01-01T00:19:58.000Z</time>
</wpt>
<wpt lat="35.6645841" lon="139.5094797">
<time>2026-01-01T00:19:59.000Z</time>
</wpt>
<wpt lat="35.6646345" lon="139.5092653">
<time>2026-01-01T00:20:00.000Z</time>
</wpt>
<wpt lat="35.6646849" lon="139.5090509">
<time>2026-01-01T00:20:01.000Z</time>
</wpt>
<wpt lat="35.6647352" lon="139.5088365">
<time>2026-01-01T00:20:02.000Z</time>
</wpt>
<wpt lat="35.6647856" lon="139.5086221">
<time>2026-01-01T00:20:03.000Z</time>
</wpt>
<wpt lat="35.6648360" lon="139.5084076">
<time>2026-01-01T00:20:04.000Z</time>
</wpt>
<wpt lat="35.6648864" lon="139.5081932">
<time>2026-01-01T00:20:05.000Z</time>
</wpt>
<wpt lat="35.6649367" lon="139.5079788">
<time>2026-01-01T00:20:06.000Z</time>
</wpt>
<wpt lat="35.6649871" lon="139.5077644">
<time>2026-01-01T00:20:07.000Z</time>
</wpt>
<wpt lat="35.6650375" lon="139.5075500">
<time>2026-01-01T00:20:08.000Z</time>
</wpt>
<wpt lat="35.6650879" lon="139.5073356">
<time>2026-01-01T00:20:09.000Z</time>
</wpt>
<wpt lat="35.6651383" lon="139.5071211">
<time>2026-01-01T00:20:10.000Z</time>
</wpt>
<wpt lat="35.6651886" lon="139.5069067">
<time>2026-01-01T00:20:11.000Z</time>
</wpt>
<wpt lat="35.6652390" lon="139.5066923">
<time>2026-01-01T00:20:12.000Z</time>
</wpt>
<wpt lat="35.6652894" lon="139.5064779">
<time>2026-01-01T00:20:13.000Z</time>
</wpt>
<wpt lat="35.6653398" lon="139.5062635">
<time>2026-01-01T00:20:14.000Z</time>
</wpt>
<wpt lat="35.6653902" lon="139.5060491">
<time>2026-01-01T00:20:15.000Z</time>
</wpt>
<wpt lat="35.6654405" lon="139.5058346">
<time>2026-01-01T00:20:16.000Z</time>
</wpt>
<wpt lat="35.6654909" lon="139.5056202">
<time>2026-01-01T00:20:17.000Z</time>
</wpt>
<wpt lat="35.6655413" lon="139.5054058">
<time>2026-01-01T00:20:18.000Z</time>
</wpt>
<wpt lat="35.6655917" lon="139.5051914">
<time>2026-01-01T00:20:19.000Z</time>
</wpt>
<wpt lat="35.6656420" lon="139.5049770">
<time>2026-01-01T00:20:20.000Z</time>
</wpt>
<wpt lat="35.6656924" lon="139.5047626">
<time>2026-01-01T00:20:21.000Z</time>
</wpt>
<wpt lat="35.6657428" lon="139.5045481">
<time>2026-01-01T00:20:22.000Z</time>
</wpt>
<wpt lat="35.6657932" lon="139.5043337">
<time>2026-01-01T00:20:23.000Z</time>
</wpt>
<wpt lat="35.6658436" lon="139.5041193">
<time>2026-01-01T00:20:24.000Z</time>
</wpt>
<wpt lat="35.6658939" lon="139.5039049">
<time>2026-01-01T00:20:25.000Z</time>
</wpt>
<wpt lat="35.6659443" lon="139.5036905">
<time>2026-01-01T00:20:26.000Z</time>
</wpt>
<wpt lat="35.6659947" lon="139.5034761">
<time>2026-01-01T00:20:27.000Z</time>
</wpt>
<wpt lat="35.6660451" lon="139.5032616">
<time>2026-01-01T00:20:28.000Z</time>
</wpt>
<wpt lat="35.6660954" lon="139.5030472">
<time>2026-01-01T00:20:29.000Z</time>
</wpt>
<wpt lat="35.6661458" lon="139.5028328">
<time>2026-01-01T00:20:30.000Z</time>
</wpt>
<wpt lat="35.6661962" lon="139.5026184">
<time>2026-01-01T00:20:31.000Z</time>
</wpt>
<wpt lat="35.6662676" lon="139.5024127">
<time>2026-01-01T00:20:32.000Z</time>
</wpt>
<wpt lat="35.6663394" lon="139.5022072">
<time>2026-01-01T00:20:33.000Z</time>
</wpt>
<wpt lat="35.6664111" lon="139.5020017">
<time>2026-01-01T00:20:34.000Z</time>
</wpt>
<wpt lat="35.6664829" lon="139.5017961">
<time>2026-01-01T00:20:35.000Z</time>
</wpt>
<wpt lat="35.6665547" lon="139.5015906">
<time>2026-01-01T00:20:36.000Z</time>
</wpt>
<wpt lat="35.6666264" lon="139.5013851">
<time>2026-01-01T00:20:37.000Z</time>
</wpt>
<wpt lat="35.6666982" lon="139.5011795">
<time>2026-01-01T00:20:38.000Z</time>
</wpt>
<wpt lat="35.6667699" lon="139.5009740">
<time>2026-01-01T00:20:39.000Z</time>
</wpt>
<wpt lat="35.6668417" lon="139.5007685">
<time>2026-01-01T00:20:40.000Z</time>
</wpt>
<wpt lat="35.6669135" lon="139.5005629">
<time>2026-01-01T00:20:41.000Z</time>
</wpt>
<wpt lat="35.6669852" lon="139.5003574">
<time>2026-01-01T00:20:42.000Z</time>
</wpt>
<wpt lat="35.6670570" lon="139.5001519">
<time>2026-01-01T00:20:43.000Z</time>
</wpt>
<wpt lat="35.6671288" lon="139.4999463">
<time>2026-01-01T00:20:44.000Z</time>
</wpt>
<wpt lat="35.6672005" lon="139.4997408">
<time>2026-01-01T00:20:45.000Z</time>
</wpt>
<wpt lat="35.6672723" lon="139.4995353">
<time>2026-01-01T00:20:46.000Z</time>
</wpt>
<wpt lat="35.6673440" lon="139.4993297">
<time>2026-01-01T00:20:47.000Z</time>
</wpt>
<wpt lat="35.6674158" lon="139.4991242">
<time>2026-01-01T00:20:48.000Z</time>
</wpt>
<wpt lat="35.6674876" lon="139.4989187">
<time>2026-01-01T00:20:49.000Z</time>
</wpt>
<wpt lat="35.6675593" lon="139.4987131">
<time>2026-01-01T00:20:50.000Z</time>
</wpt>
<wpt lat="35.6676311" lon="139.4985076">
<time>2026-01-01T00:20:51.000Z</time>
</wpt>
<wpt lat="35.6677028" lon="139.4983021">
<time>2026-01-01T00:20:52.000Z</time>
</wpt>
<wpt lat="35.6677746" lon="139.4980965">
<time>2026-01-01T00:20:53.000Z</time>
</wpt>
<wpt lat="35.6678464" lon="139.4978910">
<time>2026-01-01T00:20:54.000Z</time>
</wpt>
<wpt lat="35.6679181" lon="139.4976855">
<time>2026-01-01T00:20:55.000Z</time>
</wpt>
<wpt lat="35.6679899" lon="139.4974799">
<time>2026-01-01T00:20:56.000Z</time>
</wpt>
<wpt lat="35.6680585" lon="139.4972835">
<time>2026-01-01T00:20:57.000Z</time>
</wpt>
<wpt lat="35.6681239" lon="139.4970961">
<time>2026-01-01T00:20:58.000Z</time>
</wpt>
<wpt lat="35.6681861" lon="139.4969178">
<time>2026-01-01T00:20:59.000Z</time>
</wpt>
<wpt lat="35.6682452" lon="139.4967487">
<time>2026-01-01T00:21:00.000Z</time>
</wpt>
<wpt lat="35.6683011" lon="139.4965886">
<time>2026-01-01T00:21:01.000Z</time>
</wpt>
<wpt lat="35.6683538" lon="139.4964375">
<time>2026-01-01T00:21:02.000Z</time>
</wpt>
<wpt lat="35.6684034" lon="139.4962956">
<time>2026-01-01T00:21:03.000Z</time>
</wpt>
<wpt lat="35.6684498" lon="139.4961628">
<time>2026-01-01T00:21:04.000Z</time>
</wpt>
<wpt lat="35.6684930" lon="139.4960390">
<time>2026-01-01T00:21:05.000Z</time>
</wpt>
<wpt lat="35.6685330" lon="139.4959243">
<time>2026-01-01T00:21:06.000Z</time>
</wpt>
<wpt lat="35.6685699" lon="139.4958187">
<time>2026-01-01T00:21:07.000Z</time>
</wpt>
<wpt lat="35.6686036" lon="139.4957222">
<time>2026-01-01T00:21:08.000Z</time>
</wpt>
<wpt lat="35.6686341" lon="139.4956348">
<time>2026-01-01T00:21:09.000Z</time>
</wpt>
<wpt lat="35.6686614" lon="139.4955565">
<time>2026-01-01T00:21:10.000Z</time>
</wpt>
<wpt lat="35.6686856" lon="139.4954873">
<time>2026-01-01T00:21:11.000Z</time>
</wpt>
<wpt lat="35.6687066" lon="139.4954271">
<time>2026-01-01T00:21:12.000Z</time>
</wpt>
<wpt lat="35.6687244" lon="139.4953760">
<time>2026-01-01T00:21:13.000Z</time>
</wpt>
<wpt lat="35.6687391" lon="139.4953341">
<time>2026-01-01T00:21:14.000Z</time>
</wpt>
<wpt lat="35.6687506" lon="139.4953012">
<time>2026-01-01T00:21:15.000Z</time>
</wpt>
<wpt lat="35.6687589" lon="139.4952774">
<time>2026-01-01T00:21:16.000Z</time>
</wpt>
<wpt lat="35.6687640" lon="139.4952626">
<time>2026-01-01T00:21:17.000Z</time>
</wpt>
<wpt lat="35.6687660" lon="139.4952570">
<time>2026-01-01T00:21:18.000Z</time>
</wpt>
<wpt lat="35.6687660" lon="139.4952570">
<time>2026-01-01T00:21:19.000Z</time>
</wpt>
<wpt lat="35.6687660" lon="139.4952570">
<time>2026-01-01T00:21:20.000Z</time>
</wpt>
<wpt lat="35.6687660" lon="139.4952570">
<time>2026-01-01T00:21:21.000Z</time>
</wpt>
<wpt lat="35.6687660" lon="139.4952570">
<time>2026-01-01T00:21:22.000Z</time>
</wpt>
<wpt lat="35.6687660" lon="139.4952570">
<time>2026-01-01T00:21:23.000Z</time>
</wpt>
<wpt lat="35.6687660" lon="139.4952570">
<time>2026-01-01T00:21:24.000Z</time>
</wpt>
<wpt lat="35.6687660" lon="139.4952570">
<time>2026-01-01T00:21:25.000Z</time>
</wpt>
<wpt lat="35.6687660" lon="139.4952570">
<time>2026-01-01T00:21:26.000Z</time>
</wpt>
<wpt lat="35.6687660" lon="139.4952570">
<time>2026-01-01T00:21:27.000Z</time>
</wpt>
<wpt lat="35.6687660" lon="139.4952570">
<time>2026-01-01T00:21:28.000Z</time>
</wpt>
<wpt lat="35.6687660" lon="139.4952570">
<time>2026-01-01T00:21:29.000Z</time>
</wpt>
<wpt lat="35.6687660" lon="139.4952570">
<time>2026-01-01T00:21:30.000Z</time>
</wpt>
<wpt lat="35.6687660" lon="139.4952570">
<time>2026-01-01T00:21:31.000Z</time>
</wpt>
<wpt lat="35.6687660" lon="139.4952570">
<time>2026-01-01T00:21:32.000Z</time>
</wpt>
<wpt lat="35.6687660" lon="139.4952570">
<time>2026-01-01T00:21:33.000Z</time>
</wpt>
<wpt lat="35.6687660" lon="139.4952570">
<time>2026-01-01T00:21:34.000Z</time>
</wpt>
<wpt lat="35.6687660" lon="139.4952570">
<time>2026-01-01T00:21:35.000Z</time>
</wpt>
<wpt lat="35.6687660" lon="139.4952570">
<time>2026-01-01T00:21:36.000Z</time>
</wpt>
<wpt lat="35.6687660" lon="139.4952570">
<time>2026-01-01T00:21:37.000Z</time>
</wpt>
<wpt lat="35.6687660" lon="139.4952570">
<time>2026-01-01T00:21:38.000Z</time>
</wpt>
<wpt lat="35.6687660" lon="139.4952570">
<time>2026-01-01T00:21:39.000Z</time>
</wpt>
<wpt lat="35.6687660" lon="139.4952570">
<time>2026-01-01T00:21:40.000Z</time>
</wpt>
<wpt lat="35.6687660" lon="139.4952570">
<time>2026-01-01T00:21:41.000Z</time>
</wpt>
<wpt lat="35.6687660" lon="139.4952570">
<time>2026-01-01T00:21:42.000Z</time>
</wpt>
<wpt lat="35.6687660" lon="139.4952570">
<time>2026-01-01T00:21:43.000Z</time>
</wpt>
<wpt lat="35.6687660" lon="139.4952570">
<time>2026-01-01T00:21:44.000Z</time>
</wpt>
<wpt lat="35.6687660" lon="139.4952570">
<time>2026-01-01T00:21:45.000Z</time>
</wpt>
<wpt lat="35.6687660" lon="139.4952570">
<time>2026-01-01T00:21:46.000Z</time>
</wpt>
<wpt lat="35.6687660" lon="139.4952570">
<time>2026-01-01T00:21:47.000Z</time>
</wpt>
<wpt lat="35.6687660" lon="139.4952570">
<time>2026-01-01T00:21:48.000Z</time>
</wpt>
<wpt lat="35.6687660" lon="139.4952570">
<time>2026-01-01T00:21:49.000Z</time>
</wpt>
<wpt lat="35.6687660" lon="139.4952570">
<time>2026-01-01T00:21:50.000Z</time>
</wpt>
<wpt lat="35.6687660" lon="139.4952570">
<time>2026-01-01T00:21:51.000Z</time>
</wpt>
<wpt lat="35.6687660" lon="139.4952570">
<time>2026-01-01T00:21:52.000Z</time>
</wpt>
<wpt lat="35.6687660" lon="139.4952570">
<time>2026-01-01T00:21:53.000Z</time>
</wpt>
<wpt lat="35.6687660" lon="139.4952570">
<time>2026-01-01T00:21:54.000Z</time>
</wpt>
<wpt lat="35.6687660" lon="139.4952570">
<time>2026-01-01T00:21:55.000Z</time>
</wpt>
<wpt lat="35.6687677" lon="139.4952496">
<time>2026-01-01T00:21:56.000Z</time>
</wpt>
<wpt lat="35.6687710" lon="139.4952349">
<time>2026-01-01T00:21:57.000Z</time>
</wpt>
<wpt lat="35.6687760" lon="139.4952129">
<time>2026-01-01T00:21:58.000Z</time>
</wpt>
<wpt lat="35.6687827" lon="139.4951835">
<time>2026-01-01T00:21:59.000Z</time>
</wpt>
<wpt lat="35.6687910" lon="139.4951467">
<time>2026-01-01T00:22:00.000Z</time>
</wpt>
<wpt lat="35.6688010" lon="139.4951026">
<time>2026-01-01T00:22:01.000Z</time>
</wpt>
<wpt lat="35.6688126" lon="139.4950511">
<time>2026-01-01T00:22:02.000Z</time>
</wpt>
<wpt lat="35.6688260" lon="139.4949923">
<time>2026-01-01T00:22:03.000Z</time>
</wpt>
<wpt lat="35.6688410" lon="139.4949261">
<time>2026-01-01T00:22:04.000Z</time>
</wpt>
<wpt lat="35.6688576" lon="139.4948526">
<time>2026-01-01T00:22:05.000Z</time>
</wpt>
<wpt lat="35.6688759" lon="139.4947717">
<time>2026-01-01T00:22:06.000Z</time>
</wpt>
<wpt lat="35.6688959" lon="139.4946835">
<time>2026-01-01T00:22:07.000Z</time>
</wpt>
<wpt lat="35.6689176" lon="139.4945879">
<time>2026-01-01T00:22:08.000Z</time>
</wpt>
<wpt lat="35.6689409" lon="139.4944849">
<time>2026-01-01T00:22:09.000Z</time>
</wpt>
<wpt lat="35.6689659" lon="139.4943747">
<time>2026-01-01T00:22:10.000Z</time>
</wpt>
<wpt lat="35.6689925" lon="139.4942570">
<time>2026-01-01T00:22:11.000Z</time>
</wpt>
<wpt lat="35.6690209" lon="139.4941320">
<time>2026-01-01T00:22:12.000Z</time>
</wpt>
<wpt lat="35.6690508" lon="139.4939997">
<time>2026-01-01T00:22:13.000Z</time>
</wpt>
<wpt lat="35.6690825" lon="139.4938600">
<time>2026-01-01T00:22:14.000Z</time>
</wpt>
<wpt lat="35.6691158" lon="139.4937129">
<time>2026-01-01T00:22:15.000Z</time>
</wpt>
<wpt lat="35.6691508" lon="139.4935585">
<time>2026-01-01T00:22:16.000Z</time>
</wpt>
<wpt lat="35.6691874" lon="139.4933967">
<time>2026-01-01T00:22:17.000Z</time>
</wpt>
<wpt lat="35.6692257" lon="139.4932276">
<time>2026-01-01T00:22:18.000Z</time>
</wpt>
<wpt lat="35.6692657" lon="139.4930511">
<time>2026-01-01T00:22:19.000Z</time>
</wpt>
<wpt lat="35.6693074" lon="139.4928673">
<time>2026-01-01T00:22:20.000Z</time>
</wpt>
<wpt lat="35.6693507" lon="139.4926761">
<time>2026-01-01T00:22:21.000Z</time>
</wpt>
<wpt lat="35.6693956" lon="139.4924776">
<time>2026-01-01T00:22:22.000Z</time>
</wpt>
<wpt lat="35.6694408" lon="139.4922781">
<time>2026-01-01T00:22:23.000Z</time>
</wpt>
<wpt lat="35.6694860" lon="139.4920787">
<time>2026-01-01T00:22:24.000Z</time>
</wpt>
<wpt lat="35.6695312" lon="139.4918792">
<time>2026-01-01T00:22:25.000Z</time>
</wpt>
<wpt lat="35.6695764" lon="139.4916797">
<time>2026-01-01T00:22:26.000Z</time>
</wpt>
<wpt lat="35.6696216" lon="139.4914802">
<time>2026-01-01T00:22:27.000Z</time>
</wpt>
<wpt lat="35.6696668" lon="139.4912807">
<time>2026-01-01T00:22:28.000Z</time>
</wpt>
<wpt lat="35.6697120" lon="139.4910813">
<time>2026-01-01T00:22:29.000Z</time>
</wpt>
<wpt lat="35.6697572" lon="139.4908818">
<time>2026-01-01T00:22:30.000Z</time>
</wpt>
<wpt lat="35.6698024" lon="139.4906823">
<time>2026-01-01T00:22:31.000Z</time>
</wpt>
<wpt lat="35.6698475" lon="139.4904828">
<time>2026-01-01T00:22:32.000Z</time>
</wpt>
<wpt lat="35.6698927" lon="139.4902833">
<time>2026-01-01T00:22:33.000Z</time>
</wpt>
<wpt lat="35.6699379" lon="139.4900839">
<time>2026-01-01T00:22:34.000Z</time>
</wpt>
<wpt lat="35.6699831" lon="139.4898844">
<time>2026-01-01T00:22:35.000Z</time>
</wpt>
<wpt lat="35.6700283" lon="139.4896849">
<time>2026-01-01T00:22:36.000Z</time>
</wpt>
<wpt lat="35.6700735" lon="139.4894854">
<time>2026-01-01T00:22:37.000Z</time>
</wpt>
<wpt lat="35.6701187" lon="139.4892860">
<time>2026-01-01T00:22:38.000Z</time>
</wpt>
<wpt lat="35.6701639" lon="139.4890865">
<time>2026-01-01T00:22:39.000Z</time>
</wpt>
<wpt lat="35.6702091" lon="139.4888870">
<time>2026-01-01T00:22:40.000Z</time>
</wpt>
<wpt lat="35.6702543" lon="139.4886875">
<time>2026-01-01T00:22:41.000Z</time>
</wpt>
<wpt lat="35.6702995" lon="139.4884880">
<time>2026-01-01T00:22:42.000Z</time>
</wpt>
<wpt lat="35.6703446" lon="139.4882886">
<time>2026-01-01T00:22:43.000Z</time>
</wpt>
<wpt lat="35.6703898" lon="139.4880891">
<time>2026-01-01T00:22:44.000Z</time>
</wpt>
<wpt lat="35.6704350" lon="139.4878896">
<time>2026-01-01T00:22:45.000Z</time>
</wpt>
<wpt lat="35.6704802" lon="139.4876901">
<time>2026-01-01T00:22:46.000Z</time>
</wpt>
<wpt lat="35.6705254" lon="139.4874906">
<time>2026-01-01T00:22:47.000Z</time>
</wpt>
<wpt lat="35.6705706" lon="139.4872912">
<time>2026-01-01T00:22:48.000Z</time>
</wpt>
<wpt lat="35.6706158" lon="139.4870917">
<time>2026-01-01T00:22:49.000Z</time>
</wpt>
<wpt lat="35.6706610" lon="139.4868922">
<time>2026-01-01T00:22:50.000Z</time>
</wpt>
<wpt lat="35.6707062" lon="139.4866927">
<time>2026-01-01T00:22:51.000Z</time>
</wpt>
<wpt lat="35.6707514" lon="139.4864933">
<time>2026-01-01T00:22:52.000Z</time>
</wpt>
<wpt lat="35.6707965" lon="139.4862938">
<time>2026-01-01T00:22:53.000Z</time>
</wpt>
<wpt lat="35.6708417" lon="139.4860943">
<time>2026-01-01T00:22:54.000Z</time>
</wpt>
<wpt lat="35.6708869" lon="139.4858948">
<time>2026-01-01T00:22:55.000Z</time>
</wpt>
<wpt lat="35.6709321" lon="139.4856953">
<time>2026-01-01T00:22:56.000Z</time>
</wpt>
<wpt lat="35.6709773" lon="139.4854959">
<time>2026-01-01T00:22:57.000Z</time>
</wpt>
<wpt lat="35.6710225" lon="139.4852964">
<time>2026-01-01T00:22:58.000Z</time>
</wpt>
<wpt lat="35.6710677" lon="139.4850969">
<time>2026-01-01T00:22:59.000Z</time>
</wpt>
<wpt lat="35.6711129" lon="139.4848974">
<time>2026-01-01T00:23:00.000Z</time>
</wpt>
<wpt lat="35.6711581" lon="139.4846979">
<time>2026-01-01T00:23:01.000Z</time>
</wpt>
<wpt lat="35.6712033" lon="139.4844985">
<time>2026-01-01T00:23:02.000Z</time>
</wpt>
<wpt lat="35.6712484" lon="139.4842990">
<time>2026-01-01T00:23:03.000Z</time>
</wpt>
<wpt lat="35.6712936" lon="139.4840995">
<time>2026-01-01T00:23:04.000Z</time>
</wpt>
<wpt lat="35.6713388" lon="139.4839000">
<time>2026-01-01T00:23:05.000Z</time>
</wpt>
<wpt lat="35.6713840" lon="139.4837006">
<time>2026-01-01T00:23:06.000Z</time>
</wpt>
<wpt lat="35.6714292" lon="139.4835011">
<time>2026-01-01T00:23:07.000Z</time>
</wpt>
<wpt lat="35.6714744" lon="139.4833016">
<time>2026-01-01T00:23:08.000Z</time>
</wpt>
<wpt lat="35.6715196" lon="139.4831021">
<time>2026-01-01T00:23:09.000Z</time>
</wpt>
<wpt lat="35.6715648" lon="139.4829026">
<time>2026-01-01T00:23:10.000Z</time>
</wpt>
<wpt lat="35.6716100" lon="139.4827032">
<time>2026-01-01T00:23:11.000Z</time>
</wpt>
<wpt lat="35.6716552" lon="139.4825037">
<time>2026-01-01T00:23:12.000Z</time>
</wpt>
<wpt lat="35.6717003" lon="139.4823042">
<time>2026-01-01T00:23:13.000Z</time>
</wpt>
<wpt lat="35.6717455" lon="139.4821047">
<time>2026-01-01T00:23:14.000Z</time>
</wpt>
<wpt lat="35.6717907" lon="139.4819052">
<time>2026-01-01T00:23:15.000Z</time>
</wpt>
<wpt lat="35.6718338" lon="139.4817152">
<time>2026-01-01T00:23:16.000Z</time>
</wpt>
<wpt lat="35.6718747" lon="139.4815347">
<time>2026-01-01T00:23:17.000Z</time>
</wpt>
<wpt lat="35.6719134" lon="139.4813635">
<time>2026-01-01T00:23:18.000Z</time>
</wpt>
<wpt lat="35.6719501" lon="139.4812019">
<time>2026-01-01T00:23:19.000Z</time>
</wpt>
<wpt lat="35.6719846" lon="139.4810497">
<time>2026-01-01T00:23:20.000Z</time>
</wpt>
<wpt lat="35.6720169" lon="139.4809069">
<time>2026-01-01T00:23:21.000Z</time>
</wpt>
<wpt lat="35.6720471" lon="139.4807736">
<time>2026-01-01T00:23:22.000Z</time>
</wpt>
<wpt lat="35.6720752" lon="139.4806498">
<time>2026-01-01T00:23:23.000Z</time>
</wpt>
<wpt lat="35.6721011" lon="139.4805354">
<time>2026-01-01T00:23:24.000Z</time>
</wpt>
<wpt lat="35.6721248" lon="139.4804304">
<time>2026-01-01T00:23:25.000Z</time>
</wpt>
<wpt lat="35.6721465" lon="139.4803349">
<time>2026-01-01T00:23:26.000Z</time>
</wpt>
<wpt lat="35.6721660" lon="139.4802489">
<time>2026-01-01T00:23:27.000Z</time>
</wpt>
<wpt lat="35.6721833" lon="139.4801723">
<time>2026-01-01T00:23:28.000Z</time>
</wpt>
<wpt lat="35.6721985" lon="139.4801052">
<time>2026-01-01T00:23:29.000Z</time>
</wpt>
<wpt lat="35.6722116" lon="139.4800475">
<time>2026-01-01T00:23:30.000Z</time>
</wpt>
<wpt lat="35.6722225" lon="139.4799993">
<time>2026-01-01T00:23:31.000Z</time>
</wpt>
<wpt lat="35.6722313" lon="139.4799605">
<time>2026-01-01T00:23:32.000Z</time>
</wpt>
<wpt lat="35.6722379" lon="139.4799312">
<time>2026-01-01T00:23:33.000Z</time>
</wpt>
<wpt lat="35.6722424" lon="139.4799114">
<time>2026-01-01T00:23:34.000Z</time>
</wpt>
<wpt lat="35.6722448" lon="139.4799010">
<time>2026-01-01T00:23:35.000Z</time>
</wpt>
<wpt lat="35.6722450" lon="139.4799000">
<time>2026-01-01T00:23:36.000Z</time>
</wpt>
<wpt lat="35.6722450" lon="139.4799000">
<time>2026-01-01T00:23:37.000Z</time>
</wpt>
<wpt lat="35.6722450" lon="139.4799000">
<time>2026-01-01T00:23:38.000Z</time>
</wpt>
<wpt lat="35.6722450" lon="139.4799000">
<time>2026-01-01T00:23:39.000Z</time>
</wpt>
<wpt lat="35.6722450" lon="139.4799000">
<time>2026-01-01T00:23:40.000Z</time>
</wpt>
<wpt lat="35.6722450" lon="139.4799000">
<time>2026-01-01T00:23:41.000Z</time>
</wpt>
<wpt lat="35.6722450" lon="139.4799000">
<time>2026-01-01T00:23:42.000Z</time>
</wpt>
<wpt lat="35.6722450" lon="139.4799000">
<time>2026-01-01T00:23:43.000Z</time>
</wpt>
<wpt lat="35.6722450" lon="139.4799000">
<time>2026-01-01T00:23:44.000Z</time>
</wpt>
<wpt lat="35.6722450" lon="139.4799000">
<time>2026-01-01T00:23:45.000Z</time>
</wpt>
<wpt lat="35.6722450" lon="139.4799000">
<time>2026-01-01T00:23:46.000Z</time>
</wpt>
<wpt lat="35.6722450" lon="139.4799000">
<time>2026-01-01T00:23:47.000Z</time>
</wpt>
<wpt lat="35.6722450" lon="139.4799000">
<time>2026-01-01T00:23:48.000Z</time>
</wpt>
<wpt lat="35.6722450" lon="139.4799000">
<time>2026-01-01T00:23:49.000Z</time>
</wpt>
<wpt lat="35.6722450" lon="139.4799000">
<time>2026-01-01T00:23:50.000Z</time>
</wpt>
<wpt lat="35.6722450" lon="139.4799000">
<time>2026-01-01T00:23:51.000Z</time>
</wpt>
<wpt lat="35.6722450" lon="139.4799000">
<time>2026-01-01T00:23:52.000Z</time>
</wpt>
<wpt lat="35.6722450" lon="139.4799000">
<time>2026-01-01T00:23:53.000Z</time>
</wpt>
<wpt lat="35.6722450" lon="139.4799000">
<time>2026-01-01T00:23:54.000Z</time>
</wpt>
<wpt lat="35.6722450" lon="139.4799000">
<time>2026-01-01T00:23:55.000Z</time>
</wpt>
<wpt lat="35.6722450" lon="139.4799000">
<time>2026-01-01T00:23:56.000Z</time>
</wpt>
<wpt lat="35.6722450" lon="139.4799000">
<time>2026-01-01T00:23:57.000Z</time>
</wpt>
<wpt lat="35.6722450" lon="139.4799000">
<time>2026-01-01T00:23:58.000Z</time>
</wpt>
<wpt lat="35.6722450" lon="139.4799000">
<time>2026-01-01T00:23:59.000Z</time>
</wpt>
<wpt lat="35.6722450" lon="139.4799000">
<time>2026-01-01T00:24:00.000Z</time>
</wpt>
<wpt lat="35.6722450" lon="139.4799000">
<time>2026-01-01T00:24:01.000Z</time>
</wpt>
<wpt lat="35.6722450" lon="139.4799000">
<time>2026-01-01T00:24:02.000Z</time>
</wpt>
<wpt lat="35.6722450" lon="139.4799000">
<time>2026-01-01T00:24:03.000Z</time>
</wpt>
<wpt lat="35.6722450" lon="139.4799000">
<time>2026-01-01T00:24:04.000Z</time>
</wpt>
<wpt lat="35.6722450" lon="139.4799000">
<time>2026-01-01T00:24:05.000Z</time>
</wpt>
<wpt lat="35.6722450" lon="139.4799000">
<time>2026-01-01T00:24:06.000Z</time>
</wpt>
<wpt lat="35.6722450" lon="139.4799000">
<time>2026-01-01T00:24:07.000Z</time>
</wpt>
<wpt lat="35.6722450" lon="139.4799000">
<time>2026-01-01T00:24:08.000Z</time>
</wpt>
<wpt lat="35.6722450" lon="139.4799000">
<time>2026-01-01T00:24:09.000Z</time>
</wpt>
<wpt lat="35.6722450" lon="139.4799000">
<time>2026-01-01T00:24:10.000Z</time>
</wpt>
<wpt lat="35.6722450" lon="139.4799000">
<time>2026-01-01T00:24:11.000Z</time>
</wpt>
<wpt lat="35.6722450" lon="139.4799000">
<time>2026-01-01T00:24:12.000Z</time>
</wpt>
<wpt lat="35.6722450" lon="139.4799000">
<time>2026-01-01T00:24:13.000Z</time>
</wpt>
<wpt lat="35.6722430" lon="139.4798941">
<time>2026-01-01T00:24:14.000Z</time>
</wpt>
<wpt lat="35.6722390" lon="139.4798822">
<time>2026-01-01T00:24:15.000Z</time>
</wpt>
<wpt lat="35.6722329" lon="139.4798643">
<time>2026-01-01T00:24:16.000Z</time>
</wpt>
<wpt lat="35.6722249" lon="139.4798406">
<time>2026-01-01T00:24:17.000Z</time>
</wpt>
<wpt lat="35.6722149" lon="139.4798108">
<time>2026-01-01T00:24:18.000Z</time>
</wpt>
<wpt lat="35.6722028" lon="139.4797752">
<time>2026-01-01T00:24:19.000Z</time>
</wpt>
<wpt lat="35.6721888" lon="139.4797336">
<time>2026-01-01T00:24:20.000Z</time>
</wpt>
<wpt lat="35.6721727" lon="139.4796860">
<time>2026-01-01T00:24:21.000Z</time>
</wpt>
<wpt lat="35.6721546" lon="139.4796325">
<time>2026-01-01T00:24:22.000Z</time>
</wpt>
<wpt lat="35.6721345" lon="139.4795731">
<time>2026-01-01T00:24:23.000Z</time>
</wpt>
<wpt lat="35.6721124" lon="139.4795077">
<time>2026-01-01T00:24:24.000Z</time>
</wpt>
<wpt lat="35.6720883" lon="139.4794364">
<time>2026-01-01T00:24:25.000Z</time>
</wpt>
<wpt lat="35.6720622" lon="139.4793591">
<time>2026-01-01T00:24:26.000Z</time>
</wpt>
<wpt lat="35.6720341" lon="139.4792759">
<time>2026-01-01T00:24:27.000Z</time>
</wpt>
<wpt lat="35.6720039" lon="139.4791867">
<time>2026-01-01T00:24:28.000Z</time>
</wpt>
<wpt lat="35.6719718" lon="139.4790916">
<time>2026-01-01T00:24:29.000Z</time>
</wpt>
<wpt lat="35.6719376" lon="139.4789905">
<time>2026-01-01T00:24:30.000Z</time>
</wpt>
<wpt lat="35.6719015" lon="139.4788835">
<time>2026-01-01T00:24:31.000Z</time>
</wpt>
<wpt lat="35.6718633" lon="139.4787706">
<time>2026-01-01T00:24:32.000Z</time>
</wpt>
<wpt lat="35.6718231" lon="139.4786517">
<time>2026-01-01T00:24:33.000Z</time>
</wpt>
<wpt lat="35.6717809" lon="139.4785269">
<time>2026-01-01T00:24:34.000Z</time>
</wpt>
<wpt lat="35.6717367" lon="139.4783961">
<time>2026-01-01T00:24:35.000Z</time>
</wpt>
<wpt lat="35.6716905" lon="139.4782594">
<time>2026-01-01T00:24:36.000Z</time>
</wpt>
<wpt lat="35.6716423" lon="139.4781167">
<time>2026-01-01T00:24:37.000Z</time>
</wpt>
<wpt lat="35.6715921" lon="139.4779681">
<time>2026-01-01T00:24:38.000Z</time>
</wpt>
<wpt lat="35.6715399" lon="139.4778136">
<time>2026-01-01T00:24:39.000Z</time>
</wpt>
<wpt lat="35.6714856" lon="139.4776531">
<time>2026-01-01T00:24:40.000Z</time>
</wpt>
<wpt lat="35.6714294" lon="139.4774866">
<time>2026-01-01T00:24:41.000Z</time>
</wpt>
<wpt lat="35.6713711" lon="139.4773143">
<time>2026-01-01T00:24:42.000Z</time>
</wpt>
<wpt lat="35.6713109" lon="139.4771359">
<time>2026-01-01T00:24:43.000Z</time>
</wpt>
<wpt lat="35.6712486" lon="139.4769517">
<time>2026-01-01T00:24:44.000Z</time>
</wpt>
<wpt lat="35.6711843" lon="139.4767614">
<time>2026-01-01T00:24:45.000Z</time>
</wpt>
<wpt lat="35.6711180" lon="139.4765653">
<time>2026-01-01T00:24:46.000Z</time>
</wpt>
<wpt lat="35.6710501" lon="139.4763643">
<time>2026-01-01T00:24:47.000Z</time>
</wpt>
<wpt lat="35.6709822" lon="139.4761634">
<time>2026-01-01T00:24:48.000Z</time>
</wpt>
<wpt lat="35.6709143" lon="139.4759624">
<time>2026-01-01T00:24:49.000Z</time>
</wpt>
<wpt lat="35.6708463" lon="139.4757615">
<time>2026-01-01T00:24:50.000Z</time>
</wpt>
<wpt lat="35.6707784" lon="139.4755605">
<time>2026-01-01T00:24:51.000Z</time>
</wpt>
<wpt lat="35.6707105" lon="139.4753595">
<time>2026-01-01T00:24:52.000Z</time>
</wpt>
<wpt lat="35.6706426" lon="139.4751586">
<time>2026-01-01T00:24:53.000Z</time>
</wpt>
<wpt lat="35.6705747" lon="139.4749576">
<time>2026-01-01T00:24:54.000Z</time>
</wpt>
<wpt lat="35.6705068" lon="139.4747567">
<time>2026-01-01T00:24:55.000Z</time>
</wpt>
<wpt lat="35.6704389" lon="139.4745557">
<time>2026-01-01T00:24:56.000Z</time>
</wpt>
<wpt lat="35.6703709" lon="139.4743547">
<time>2026-01-01T00:24:57.000Z</time>
</wpt>
<wpt lat="35.6703030" lon="139.4741538">
<time>2026-01-01T00:24:58.000Z</time>
</wpt>
<wpt lat="35.6702351" lon="139.4739528">
<time>2026-01-01T00:24:59.000Z</time>
</wpt>
<wpt lat="35.6701672" lon="139.4737519">
<time>2026-01-01T00:25:00.000Z</time>
</wpt>
<wpt lat="35.6700993" lon="139.4735509">
<time>2026-01-01T00:25:01.000Z</time>
</wpt>
<wpt lat="35.6700314" lon="139.4733500">
<time>2026-01-01T00:25:02.000Z</time>
</wpt>
<wpt lat="35.6699635" lon="139.4731490">
<time>2026-01-01T00:25:03.000Z</time>
</wpt>
<wpt lat="35.6698955" lon="139.4729480">
<time>2026-01-01T00:25:04.000Z</time>
</wpt>
<wpt lat="35.6698276" lon="139.4727471">
<time>2026-01-01T00:25:05.000Z</time>
</wpt>
<wpt lat="35.6697597" lon="139.4725461">
<time>2026-01-01T00:25:06.000Z</time>
</wpt>
<wpt lat="35.6696918" lon="139.4723452">
<time>2026-01-01T00:25:07.000Z</time>
</wpt>
<wpt lat="35.6696239" lon="139.4721442">
<time>2026-01-01T00:25:08.000Z</time>
</wpt>
<wpt lat="35.6695560" lon="139.4719432">
<time>2026-01-01T00:25:09.000Z</time>
</wpt>
<wpt lat="35.6694880" lon="139.4717423">
<time>2026-01-01T00:25:10.000Z</time>
</wpt>
<wpt lat="35.6694201" lon="139.4715413">
<time>2026-01-01T00:25:11.000Z</time>
</wpt>
<wpt lat="35.6693522" lon="139.4713404">
<time>2026-01-01T00:25:12.000Z</time>
</wpt>
<wpt lat="35.6692869" lon="139.4711471">
<time>2026-01-01T00:25:13.000Z</time>
</wpt>
<wpt lat="35.6692241" lon="139.4709614">
<time>2026-01-01T00:25:14.000Z</time>
</wpt>
<wpt lat="35.6691640" lon="139.4707834">
<time>2026-01-01T00:25:15.000Z</time>
</wpt>
<wpt lat="35.6691064" lon="139.4706130">
<time>2026-01-01T00:25:16.000Z</time>
</wpt>
<wpt lat="35.6690514" lon="139.4704502">
<time>2026-01-01T00:25:17.000Z</time>
</wpt>
<wpt lat="35.6689990" lon="139.4702951">
<time>2026-01-01T00:25:18.000Z</time>
</wpt>
<wpt lat="35.6689491" lon="139.4701477">
<time>2026-01-01T00:25:19.000Z</time>
</wpt>
<wpt lat="35.6689019" lon="139.4700078">
<time>2026-01-01T00:25:20.000Z</time>
</wpt>
<wpt lat="35.6688572" lon="139.4698757">
<time>2026-01-01T00:25:21.000Z</time>
</wpt>
<wpt lat="35.6688151" lon="139.4697511">
<time>2026-01-01T00:25:22.000Z</time>
</wpt>
<wpt lat="35.6687756" lon="139.4696342">
<time>2026-01-01T00:25:23.000Z</time>
</wpt>
<wpt lat="35.6687387" lon="139.4695250">
<time>2026-01-01T00:25:24.000Z</time>
</wpt>
<wpt lat="35.6687044" lon="139.4694234">
<time>2026-01-01T00:25:25.000Z</time>
</wpt>
<wpt lat="35.6686726" lon="139.4693294">
<time>2026-01-01T00:25:26.000Z</time>
</wpt>
<wpt lat="35.6686434" lon="139.4692431">
<time>2026-01-01T00:25:27.000Z</time>
</wpt>
<wpt lat="35.6686168" lon="139.4691644">
<time>2026-01-01T00:25:28.000Z</time>
</wpt>
<wpt lat="35.6685928" lon="139.4690934">
<time>2026-01-01T00:25:29.000Z</time>
</wpt>
<wpt lat="35.6685714" lon="139.4690300">
<time>2026-01-01T00:25:30.000Z</time>
</wpt>
<wpt lat="35.6685526" lon="139.4689743">
<time>2026-01-01T00:25:31.000Z</time>
</wpt>
<wpt lat="35.6685363" lon="139.4689261">
<time>2026-01-01T00:25:32.000Z</time>
</wpt>
<wpt lat="35.6685226" lon="139.4688857">
<time>2026-01-01T00:25:33.000Z</time>
</wpt>
<wpt lat="35.6685115" lon="139.4688529">
<time>2026-01-01T00:25:34.000Z</time>
</wpt>
<wpt lat="35.6685030" lon="139.4688277">
<time>2026-01-01T00:25:35.000Z</time>
</wpt>
<wpt lat="35.6684971" lon="139.4688101">
<time>2026-01-01T00:25:36.000Z</time>
</wpt>
<wpt lat="35.6684938" lon="139.4688003">
<time>2026-01-01T00:25:37.000Z</time>
</wpt>
<wpt lat="35.6684930" lon="139.4687980">
<time>2026-01-01T00:25:38.000Z</time>
</wpt>
<wpt lat="35.6684930" lon="139.4687980">
<time>2026-01-01T00:25:39.000Z</time>
</wpt>
<wpt lat="35.6684930" lon="139.4687980">
<time>2026-01-01T00:25:40.000Z</time>
</wpt>
<wpt lat="35.6684930" lon="139.4687980">
<time>2026-01-01T00:25:41.000Z</time>
</wpt>
<wpt lat="35.6684930" lon="139.4687980">
<time>2026-01-01T00:25:42.000Z</time>
</wpt>
<wpt lat="35.6684930" lon="139.4687980">
<time>2026-01-01T00:25:43.000Z</time>
</wpt>
<wpt lat="35.6684930" lon="139.4687980">
<time>2026-01-01T00:25:44.000Z</time>
</wpt>
<wpt lat="35.6684930" lon="139.4687980">
<time>2026-01-01T00:25:45.000Z</time>
</wpt>
<wpt lat="35.6684930" lon="139.4687980">
<time>2026-01-01T00:25:46.000Z</time>
</wpt>
<wpt lat="35.6684930" lon="139.4687980">
<time>2026-01-01T00:25:47.000Z</time>
</wpt>
<wpt lat="35.6684930" lon="139.4687980">
<time>2026-01-01T00:25:48.000Z</time>
</wpt>
<wpt lat="35.6684930" lon="139.4687980">
<time>2026-01-01T00:25:49.000Z</time>
</wpt>
<wpt lat="35.6684930" lon="139.4687980">
<time>2026-01-01T00:25:50.000Z</time>
</wpt>
<wpt lat="35.6684930" lon="139.4687980">
<time>2026-01-01T00:25:51.000Z</time>
</wpt>
<wpt lat="35.6684930" lon="139.4687980">
<time>2026-01-01T00:25:52.000Z</time>
</wpt>
<wpt lat="35.6684930" lon="139.4687980">
<time>2026-01-01T00:25:53.000Z</time>
</wpt>
<wpt lat="35.6684930" lon="139.4687980">
<time>2026-01-01T00:25:54.000Z</time>
</wpt>
<wpt lat="35.6684930" lon="139.4687980">
<time>2026-01-01T00:25:55.000Z</time>
</wpt>
<wpt lat="35.6684930" lon="139.4687980">
<time>2026-01-01T00:25:56.000Z</time>
</wpt>
<wpt lat="35.6684930" lon="139.4687980">
<time>2026-01-01T00:25:57.000Z</time>
</wpt>
<wpt lat="35.6684930" lon="139.4687980">
<time>2026-01-01T00:25:58.000Z</time>
</wpt>
<wpt lat="35.6684930" lon="139.4687980">
<time>2026-01-01T00:25:59.000Z</time>
</wpt>
<wpt lat="35.6684930" lon="139.4687980">
<time>2026-01-01T00:26:00.000Z</time>
</wpt>
<wpt lat="35.6684930" lon="139.4687980">
<time>2026-01-01T00:26:01.000Z</time>
</wpt>
<wpt lat="35.6684930" lon="139.4687980">
<time>2026-01-01T00:26:02.000Z</time>
</wpt>
<wpt lat="35.6684930" lon="139.4687980">
<time>2026-01-01T00:26:03.000Z</time>
</wpt>
<wpt lat="35.6684930" lon="139.4687980">
<time>2026-01-01T00:26:04.000Z</time>
</wpt>
<wpt lat="35.6684930" lon="139.4687980">
<time>2026-01-01T00:26:05.000Z</time>
</wpt>
<wpt lat="35.6684930" lon="139.4687980">
<time>2026-01-01T00:26:06.000Z</time>
</wpt>
<wpt lat="35.6684930" lon="139.4687980">
<time>2026-01-01T00:26:07.000Z</time>
</wpt>
<wpt lat="35.6684930" lon="139.4687980">
<time>2026-01-01T00:26:08.000Z</time>
</wpt>
<wpt lat="35.6684930" lon="139.4687980">
<time>2026-01-01T00:26:09.000Z</time>
</wpt>
<wpt lat="35.6684930" lon="139.4687980">
<time>2026-01-01T00:26:10.000Z</time>
</wpt>
<wpt lat="35.6684930" lon="139.4687980">
<time>2026-01-01T00:26:11.000Z</time>
</wpt>
<wpt lat="35.6684930" lon="139.4687980">
<time>2026-01-01T00:26:12.000Z</time>
</wpt>
<wpt lat="35.6684930" lon="139.4687980">
<time>2026-01-01T00:26:13.000Z</time>
</wpt>
<wpt lat="35.6684930" lon="139.4687980">
<time>2026-01-01T00:26:14.000Z</time>
</wpt>
<wpt lat="35.6684930" lon="139.4687980">
<time>2026-01-01T00:26:15.000Z</time>
</wpt>
<wpt lat="35.6684891" lon="139.4687931">
<time>2026-01-01T00:26:16.000Z</time>
</wpt>
<wpt lat="35.6684813" lon="139.4687834">
<time>2026-01-01T00:26:17.000Z</time>
</wpt>
<wpt lat="35.6684697" lon="139.4687688">
<time>2026-01-01T00:26:18.000Z</time>
</wpt>
<wpt lat="35.6684541" lon="139.4687494">
<time>2026-01-01T00:26:19.000Z</time>
</wpt>
<wpt lat="35.6684347" lon="139.4687250">
<time>2026-01-01T00:26:20.000Z</time>
</wpt>
<wpt lat="35.6684114" lon="139.4686958">
<time>2026-01-01T00:26:21.000Z</time>
</wpt>
<wpt lat="35.6683842" lon="139.4686618">
<time>2026-01-01T00:26:22.000Z</time>
</wpt>
<wpt lat="35.6683531" lon="139.4686229">
<time>2026-01-01T00:26:23.000Z</time>
</wpt>
<wpt lat="35.6683181" lon="139.4685791">
<time>2026-01-01T00:26:24.000Z</time>
</wpt>
<wpt lat="35.6682793" lon="139.4685305">
<time>2026-01-01T00:26:25.000Z</time>
</wpt>
<wpt lat="35.6682365" lon="139.4684769">
<time>2026-01-01T00:26:26.000Z</time>
</wpt>
<wpt lat="35.6681899" lon="139.4684186">
<time>2026-01-01T00:26:27.000Z</time>
</wpt>
<wpt lat="35.6681394" lon="139.4683553">
<time>2026-01-01T00:26:28.000Z</time>
</wpt>
<wpt lat="35.6680850" lon="139.4682872">
<time>2026-01-01T00:26:29.000Z</time>
</wpt>
<wpt lat="35.6680267" lon="139.4682143">
<time>2026-01-01T00:26:30.000Z</time>
</wpt>
<wpt lat="35.6679645" lon="139.4681364">
<time>2026-01-01T00:26:31.000Z</time>
</wpt>
<wpt lat="35.6678984" lon="139.4680537">
<time>2026-01-01T00:26:32.000Z</time>
</wpt>
<wpt lat="35.6678285" lon="139.4679662">
<time>2026-01-01T00:26:33.000Z</time>
</wpt>
<wpt lat="35.6677546" lon="139.4678737">
<time>2026-01-01T00:26:34.000Z</time>
</wpt>
<wpt lat="35.6676769" lon="139.4677765">
<time>2026-01-01T00:26:35.000Z</time>
</wpt>
<wpt lat="35.6675953" lon="139.4676743">
<time>2026-01-01T00:26:36.000Z</time>
</wpt>
<wpt lat="35.6675098" lon="139.4675673">
<time>2026-01-01T00:26:37.000Z</time>
</wpt>
<wpt lat="35.6674204" lon="139.4674554">
<time>2026-01-01T00:26:38.000Z</time>
</wpt>
<wpt lat="35.6673272" lon="139.4673386">
<time>2026-01-01T00:26:39.000Z</time>
</wpt>
<wpt lat="35.6672300" lon="139.4672170">
<time>2026-01-01T00:26:40.000Z</time>
</wpt>
<wpt lat="35.6671290" lon="139.4670906">
<time>2026-01-01T00:26:41.000Z</time>
</wpt>
<wpt lat="35.6670241" lon="139.4669592">
<time>2026-01-01T00:26:42.000Z</time>
</wpt>
<wpt lat="35.6669153" lon="139.4668230">
<time>2026-01-01T00:26:43.000Z</time>
</wpt>
<wpt lat="35.6668026" lon="139.4666819">
<time>2026-01-01T00:26:44.000Z</time>
</wpt>
<wpt lat="35.6666860" lon="139.4665360">
<time>2026-01-01T00:26:45.000Z</time>
</wpt>
<wpt lat="35.6665655" lon="139.4663852">
<time>2026-01-01T00:26:46.000Z</time>
</wpt>
<wpt lat="35.6664412" lon="139.4662295">
<time>2026-01-01T00:26:47.000Z</time>
</wpt>
<wpt lat="35.6663129" lon="139.4660690">
<time>2026-01-01T00:26:48.000Z</time>
</wpt>
<wpt lat="35.6661832" lon="139.4659066">
<time>2026-01-01T00:26:49.000Z</time>
</wpt>
<wpt lat="35.6660534" lon="139.4657442">
<time>2026-01-01T00:26:50.000Z</time>
</wpt>
<wpt lat="35.6659237" lon="139.4655818">
<time>2026-01-01T00:26:51.000Z</time>
</wpt>
<wpt lat="35.6657939" lon="139.4654193">
<time>2026-01-01T00:26:52.000Z</time>
</wpt>
<wpt lat="35.6656642" lon="139.4652569">
<time>2026-01-01T00:26:53.000Z</time>
</wpt>
<wpt lat="35.6655344" lon="139.4650945">
<time>2026-01-01T00:26:54.000Z</time>
</wpt>
<wpt lat="35.6654047" lon="139.4649321">
<time>2026-01-01T00:26:55.000Z</time>
</wpt>
<wpt lat="35.6652749" lon="139.4647697">
<time>2026-01-01T00:26:56.000Z</time>
</wpt>
<wpt lat="35.6651452" lon="139.4646073">
<time>2026-01-01T00:26:57.000Z</time>
</wpt>
<wpt lat="35.6650154" lon="139.4644448">
<time>2026-01-01T00:26:58.000Z</time>
</wpt>
<wpt lat="35.6648857" lon="139.4642824">
<time>2026-01-01T00:26:59.000Z</time>
</wpt>
<wpt lat="35.6647559" lon="139.4641200">
<time>2026-01-01T00:27:00.000Z</time>
</wpt>
<wpt lat="35.6646262" lon="139.4639576">
<time>2026-01-01T00:27:01.000Z</time>
</wpt>
<wpt lat="35.6644965" lon="139.4637952">
<time>2026-01-01T00:27:02.000Z</time>
</wpt>
<wpt lat="35.6643667" lon="139.4636327">
<time>2026-01-01T00:27:03.000Z</time>
</wpt>
<wpt lat="35.6642370" lon="139.4634703">
<time>2026-01-01T00:27:04.000Z</time>
</wpt>
<wpt lat="35.6641072" lon="139.4633079">
<time>2026-01-01T00:27:05.000Z</time>
</wpt>
<wpt lat="35.6639775" lon="139.4631455">
<time>2026-01-01T00:27:06.000Z</time>
</wpt>
<wpt lat="35.6638477" lon="139.4629831">
<time>2026-01-01T00:27:07.000Z</time>
</wpt>
<wpt lat="35.6637180" lon="139.4628207">
<time>2026-01-01T00:27:08.000Z</time>
</wpt>
<wpt lat="35.6635882" lon="139.4626582">
<time>2026-01-01T00:27:09.000Z</time>
</wpt>
<wpt lat="35.6634585" lon="139.4624958">
<time>2026-01-01T00:27:10.000Z</time>
</wpt>
<wpt lat="35.6633287" lon="139.4623334">
<time>2026-01-01T00:27:11.000Z</time>
</wpt>
<wpt lat="35.6631990" lon="139.4621710">
<time>2026-01-01T00:27:12.000Z</time>
</wpt>
<wpt lat="35.6630692" lon="139.4620086">
<time>2026-01-01T00:27:13.000Z</time>
</wpt>
<wpt lat="35.6629395" lon="139.4618462">
<time>2026-01-01T00:27:14.000Z</time>
</wpt>
<wpt lat="35.6628097" lon="139.4616837">
<time>2026-01-01T00:27:15.000Z</time>
</wpt>
<wpt lat="35.6626800" lon="139.4615213">
<time>2026-01-01T00:27:16.000Z</time>
</wpt>
<wpt lat="35.6625502" lon="139.4613589">
<time>2026-01-01T00:27:17.000Z</time>
</wpt>
<wpt lat="35.6624205" lon="139.4611965">
<time>2026-01-01T00:27:18.000Z</time>
</wpt>
<wpt lat="35.6622907" lon="139.4610341">
<time>2026-01-01T00:27:19.000Z</time>
</wpt>
<wpt lat="35.6621610" lon="139.4608717">
<time>2026-01-01T00:27:20.000Z</time>
</wpt>
<wpt lat="35.6620312" lon="139.4607092">
<time>2026-01-01T00:27:21.000Z</time>
</wpt>
<wpt lat="35.6619015" lon="139.4605468">
<time>2026-01-01T00:27:22.000Z</time>
</wpt>
<wpt lat="35.6617717" lon="139.4603844">
<time>2026-01-01T00:27:23.000Z</time>
</wpt>
<wpt lat="35.6616420" lon="139.4602220">
<time>2026-01-01T00:27:24.000Z</time>
</wpt>
<wpt lat="35.6615123" lon="139.4600596">
<time>2026-01-01T00:27:25.000Z</time>
</wpt>
<wpt lat="35.6613825" lon="139.4598972">
<time>2026-01-01T00:27:26.000Z</time>
</wpt>
<wpt lat="35.6612528" lon="139.4597347">
<time>2026-01-01T00:27:27.000Z</time>
</wpt>
<wpt lat="35.6611230" lon="139.4595723">
<time>2026-01-01T00:27:28.000Z</time>
</wpt>
<wpt lat="35.6609933" lon="139.4594099">
<time>2026-01-01T00:27:29.000Z</time>
</wpt>
<wpt lat="35.6608635" lon="139.4592475">
<time>2026-01-01T00:27:30.000Z</time>
</wpt>
<wpt lat="35.6607338" lon="139.4590851">
<time>2026-01-01T00:27:31.000Z</time>
</wpt>
<wpt lat="35.6606040" lon="139.4589227">
<time>2026-01-01T00:27:32.000Z</time>
</wpt>
<wpt lat="35.6604743" lon="139.4587602">
<time>2026-01-01T00:27:33.000Z</time>
</wpt>
<wpt lat="35.6603445" lon="139.4585978">
<time>2026-01-01T00:27:34.000Z</time>
</wpt>
<wpt lat="35.6602148" lon="139.4584354">
<time>2026-01-01T00:27:35.000Z</time>
</wpt>
<wpt lat="35.6600850" lon="139.4582730">
<time>2026-01-01T00:27:36.000Z</time>
</wpt>
<wpt lat="35.6599553" lon="139.4581106">
<time>2026-01-01T00:27:37.000Z</time>
</wpt>
<wpt lat="35.6598255" lon="139.4579482">
<time>2026-01-01T00:27:38.000Z</time>
</wpt>
<wpt lat="35.6596958" lon="139.4577857">
<time>2026-01-01T00:27:39.000Z</time>
</wpt>
<wpt lat="35.6595660" lon="139.4576233">
<time>2026-01-01T00:27:40.000Z</time>
</wpt>
<wpt lat="35.6594346" lon="139.4574629">
<time>2026-01-01T00:27:41.000Z</time>
</wpt>
<wpt lat="35.6593030" lon="139.4573028">
<time>2026-01-01T00:27:42.000Z</time>
</wpt>
<wpt lat="35.6591714" lon="139.4571427">
<time>2026-01-01T00:27:43.000Z</time>
</wpt>
<wpt lat="35.6590397" lon="139.4569826">
<time>2026-01-01T00:27:44.000Z</time>
</wpt>
<wpt lat="35.6589081" lon="139.4568225">
<time>2026-01-01T00:27:45.000Z</time>
</wpt>
<wpt lat="35.6587764" lon="139.4566624">
<time>2026-01-01T00:27:46.000Z</time>
</wpt>
<wpt lat="35.6586448" lon="139.4565023">
<time>2026-01-01T00:27:47.000Z</time>
</wpt>
<wpt lat="35.6585131" lon="139.4563422">
<time>2026-01-01T00:27:48.000Z</time>
</wpt>
<wpt lat="35.6583815" lon="139.4561821">
<time>2026-01-01T00:27:49.000Z</time>
</wpt>
<wpt lat="35.6582499" lon="139.4560221">
<time>2026-01-01T00:27:50.000Z</time>
</wpt>
<wpt lat="35.6581182" lon="139.4558620">
<time>2026-01-01T00:27:51.000Z</time>
</wpt>
<wpt lat="35.6579866" lon="139.4557019">
<time>2026-01-01T00:27:52.000Z</time>
</wpt>
<wpt lat="35.6578549" lon="139.4555418">
<time>2026-01-01T00:27:53.000Z</time>
</wpt>
<wpt lat="35.6577233" lon="139.4553817">
<time>2026-01-01T00:27:54.000Z</time>
</wpt>
<wpt lat="35.6575916" lon="139.4552216">
<time>2026-01-01T00:27:55.000Z</time>
</wpt>
<wpt lat="35.6574600" lon="139.4550615">
<time>2026-01-01T00:27:56.000Z</time>
</wpt>
<wpt lat="35.6573283" lon="139.4549014">
<time>2026-01-01T00:27:57.000Z</time>
</wpt>
<wpt lat="35.6571967" lon="139.4547413">
<time>2026-01-01T00:27:58.000Z</time>
</wpt>
<wpt lat="35.6570651" lon="139.4545812">
<time>2026-01-01T00:27:59.000Z</time>
</wpt>
<wpt lat="35.6569334" lon="139.4544211">
<time>2026-01-01T00:28:00.000Z</time>
</wpt>
<wpt lat="35.6568018" lon="139.4542610">
<time>2026-01-01T00:28:01.000Z</time>
</wpt>
<wpt lat="35.6566701" lon="139.4541009">
<time>2026-01-01T00:28:02.000Z</time>
</wpt>
<wpt lat="35.6565385" lon="139.4539408">
<time>2026-01-01T00:28:03.000Z</time>
</wpt>
<wpt lat="35.6564068" lon="139.4537807">
<time>2026-01-01T00:28:04.000Z</time>
</wpt>
<wpt lat="35.6562752" lon="139.4536206">
<time>2026-01-01T00:28:05.000Z</time>
</wpt>
<wpt lat="35.6561436" lon="139.4534605">
<time>2026-01-01T00:28:06.000Z</time>
</wpt>
<wpt lat="35.6560119" lon="139.4533004">
<time>2026-01-01T00:28:07.000Z</time>
</wpt>
<wpt lat="35.6558803" lon="139.4531403">
<time>2026-01-01T00:28:08.000Z</time>
</wpt>
<wpt lat="35.6557486" lon="139.4529802">
<time>2026-01-01T00:28:09.000Z</time>
</wpt>
<wpt lat="35.6556170" lon="139.4528201">
<time>2026-01-01T00:28:10.000Z</time>
</wpt>
<wpt lat="35.6554853" lon="139.4526600">
<time>2026-01-01T00:28:11.000Z</time>
</wpt>
<wpt lat="35.6553537" lon="139.4524999">
<time>2026-01-01T00:28:12.000Z</time>
</wpt>
<wpt lat="35.6552221" lon="139.4523398">
<time>2026-01-01T00:28:13.000Z</time>
</wpt>
<wpt lat="35.6550904" lon="139.4521797">
<time>2026-01-01T00:28:14.000Z</time>
</wpt>
<wpt lat="35.6549588" lon="139.4520196">
<time>2026-01-01T00:28:15.000Z</time>
</wpt>
<wpt lat="35.6548271" lon="139.4518595">
<time>2026-01-01T00:28:16.000Z</time>
</wpt>
<wpt lat="35.6546955" lon="139.4516994">
<time>2026-01-01T00:28:17.000Z</time>
</wpt>
<wpt lat="35.6545638" lon="139.4515393">
<time>2026-01-01T00:28:18.000Z</time>
</wpt>
<wpt lat="35.6544322" lon="139.4513792">
<time>2026-01-01T00:28:19.000Z</time>
</wpt>
<wpt lat="35.6543006" lon="139.4512191">
<time>2026-01-01T00:28:20.000Z</time>
</wpt>
<wpt lat="35.6541689" lon="139.4510590">
<time>2026-01-01T00:28:21.000Z</time>
</wpt>
<wpt lat="35.6540373" lon="139.4508989">
<time>2026-01-01T00:28:22.000Z</time>
</wpt>
<wpt lat="35.6539056" lon="139.4507389">
<time>2026-01-01T00:28:23.000Z</time>
</wpt>
<wpt lat="35.6537740" lon="139.4505788">
<time>2026-01-01T00:28:24.000Z</time>
</wpt>
<wpt lat="35.6536423" lon="139.4504187">
<time>2026-01-01T00:28:25.000Z</time>
</wpt>
<wpt lat="35.6535107" lon="139.4502586">
<time>2026-01-01T00:28:26.000Z</time>
</wpt>
<wpt lat="35.6533790" lon="139.4500985">
<time>2026-01-01T00:28:27.000Z</time>
</wpt>
<wpt lat="35.6532474" lon="139.4499384">
<time>2026-01-01T00:28:28.000Z</time>
</wpt>
<wpt lat="35.6531158" lon="139.4497783">
<time>2026-01-01T00:28:29.000Z</time>
</wpt>
<wpt lat="35.6529841" lon="139.4496182">
<time>2026-01-01T00:28:30.000Z</time>
</wpt>
<wpt lat="35.6528525" lon="139.4494581">
<time>2026-01-01T00:28:31.000Z</time>
</wpt>
<wpt lat="35.6527208" lon="139.4492980">
<time>2026-01-01T00:28:32.000Z</time>
</wpt>
<wpt lat="35.6525892" lon="139.4491379">
<time>2026-01-01T00:28:33.000Z</time>
</wpt>
<wpt lat="35.6524575" lon="139.4489778">
<time>2026-01-01T00:28:34.000Z</time>
</wpt>
<wpt lat="35.6523310" lon="139.4488239">
<time>2026-01-01T00:28:35.000Z</time>
</wpt>
<wpt lat="35.6522095" lon="139.4486761">
<time>2026-01-01T00:28:36.000Z</time>
</wpt>
<wpt lat="35.6520930" lon="139.4485345">
<time>2026-01-01T00:28:37.000Z</time>
</wpt>
<wpt lat="35.6519817" lon="139.4483990">
<time>2026-01-01T00:28:38.000Z</time>
</wpt>
<wpt lat="35.6518754" lon="139.4482698">
<time>2026-01-01T00:28:39.000Z</time>
</wpt>
<wpt lat="35.6517741" lon="139.4481467">
<time>2026-01-01T00:28:40.000Z</time>
</wpt>
<wpt lat="35.6516780" lon="139.4480297">
<time>2026-01-01T00:28:41.000Z</time>
</wpt>
<wpt lat="35.6515869" lon="139.4479189">
<time>2026-01-01T00:28:42.000Z</time>
</wpt>
<wpt lat="35.6515009" lon="139.4478143">
<time>2026-01-01T00:28:43.000Z</time>
</wpt>
<wpt lat="35.6514199" lon="139.4477159">
<time>2026-01-01T00:28:44.000Z</time>
</wpt>
<wpt lat="35.6513440" lon="139.4476236">
<time>2026-01-01T00:28:45.000Z</time>
</wpt>
<wpt lat="35.6512732" lon="139.4475375">
<time>2026-01-01T00:28:46.000Z</time>
</wpt>
<wpt lat="35.6512075" lon="139.4474575">
<time>2026-01-01T00:28:47.000Z</time>
</wpt>
<wpt lat="35.6511468" lon="139.4473838">
<time>2026-01-01T00:28:48.000Z</time>
</wpt>
<wpt lat="35.6510912" lon="139.4473161">
<time>2026-01-01T00:28:49.000Z</time>
</wpt>
<wpt lat="35.6510407" lon="139.4472547">
<time>2026-01-01T00:28:50.000Z</time>
</wpt>
<wpt lat="35.6509952" lon="139.4471994">
<time>2026-01-01T00:28:51.000Z</time>
</wpt>
<wpt lat="35.6509548" lon="139.4471503">
<time>2026-01-01T00:28:52.000Z</time>
</wpt>
<wpt lat="35.6509195" lon="139.4471073">
<time>2026-01-01T00:28:53.000Z</time>
</wpt>
<wpt lat="35.6508892" lon="139.4470705">
<time>2026-01-01T00:28:54.000Z</time>
</wpt>
<wpt lat="35.6508641" lon="139.4470399">
<time>2026-01-01T00:28:55.000Z</time>
</wpt>
<wpt lat="35.6508439" lon="139.4470154">
<time>2026-01-01T00:28:56.000Z</time>
</wpt>
<wpt lat="35.6508289" lon="139.4469971">
<time>2026-01-01T00:28:57.000Z</time>
</wpt>
<wpt lat="35.6508189" lon="139.4469850">
<time>2026-01-01T00:28:58.000Z</time>
</wpt>
<wpt lat="35.6508140" lon="139.4469790">
<time>2026-01-01T00:28:59.000Z</time>
</wpt>
<wpt lat="35.6508140" lon="139.4469790">
<time>2026-01-01T00:29:00.000Z</time>
</wpt>
<wpt lat="35.6508140" lon="139.4469790">
<time>2026-01-01T00:29:01.000Z</time>
</wpt>
<wpt lat="35.6508140" lon="139.4469790">
<time>2026-01-01T00:29:02.000Z</time>
</wpt>
<wpt lat="35.6508140" lon="139.4469790">
<time>2026-01-01T00:29:03.000Z</time>
</wpt>
<wpt lat="35.6508140" lon="139.4469790">
<time>2026-01-01T00:29:04.000Z</time>
</wpt>
<wpt lat="35.6508140" lon="139.4469790">
<time>2026-01-01T00:29:05.000Z</time>
</wpt>
<wpt lat="35.6508140" lon="139.4469790">
<time>2026-01-01T00:29:06.000Z</time>
</wpt>
<wpt lat="35.6508140" lon="139.4469790">
<time>2026-01-01T00:29:07.000Z</time>
</wpt>
<wpt lat="35.6508140" lon="139.4469790">
<time>2026-01-01T00:29:08.000Z</time>
</wpt>
<wpt lat="35.6508140" lon="139.4469790">
<time>2026-01-01T00:29:09.000Z</time>
</wpt>
<wpt lat="35.6508140" lon="139.4469790">
<time>2026-01-01T00:29:10.000Z</time>
</wpt>
<wpt lat="35.6508140" lon="139.4469790">
<time>2026-01-01T00:29:11.000Z</time>
</wpt>
<wpt lat="35.6508140" lon="139.4469790">
<time>2026-01-01T00:29:12.000Z</time>
</wpt>
<wpt lat="35.6508140" lon="139.4469790">
<time>2026-01-01T00:29:13.000Z</time>
</wpt>
<wpt lat="35.6508140" lon="139.4469790">
<time>2026-01-01T00:29:14.000Z</time>
</wpt>
<wpt lat="35.6508140" lon="139.4469790">
<time>2026-01-01T00:29:15.000Z</time>
</wpt>
<wpt lat="35.6508140" lon="139.4469790">
<time>2026-01-01T00:29:16.000Z</time>
</wpt>
<wpt lat="35.6508140" lon="139.4469790">
<time>2026-01-01T00:29:17.000Z</time>
</wpt>
<wpt lat="35.6508140" lon="139.4469790">
<time>2026-01-01T00:29:18.000Z</time>
</wpt>
<wpt lat="35.6508140" lon="139.4469790">
<time>2026-01-01T00:29:19.000Z</time>
</wpt>
<wpt lat="35.6508140" lon="139.4469790">
<time>2026-01-01T00:29:20.000Z</time>
</wpt>
<wpt lat="35.6508140" lon="139.4469790">
<time>2026-01-01T00:29:21.000Z</time>
</wpt>
<wpt lat="35.6508140" lon="139.4469790">
<time>2026-01-01T00:29:22.000Z</time>
</wpt>
<wpt lat="35.6508140" lon="139.4469790">
<time>2026-01-01T00:29:23.000Z</time>
</wpt>
<wpt lat="35.6508140" lon="139.4469790">
<time>2026-01-01T00:29:24.000Z</time>
</wpt>
<wpt lat="35.6508140" lon="139.4469790">
<time>2026-01-01T00:29:25.000Z</time>
</wpt>
<wpt lat="35.6508140" lon="139.4469790">
<time>2026-01-01T00:29:26.000Z</time>
</wpt>
<wpt lat="35.6508140" lon="139.4469790">
<time>2026-01-01T00:29:27.000Z</time>
</wpt>
<wpt lat="35.6508140" lon="139.4469790">
<time>2026-01-01T00:29:28.000Z</time>
</wpt>
<wpt lat="35.6508140" lon="139.4469790">
<time>2026-01-01T00:29:29.000Z</time>
</wpt>
<wpt lat="35.6508140" lon="139.4469790">
<time>2026-01-01T00:29:30.000Z</time>
</wpt>
<wpt lat="35.6508140" lon="139.4469790">
<time>2026-01-01T00:29:31.000Z</time>
</wpt>
<wpt lat="35.6508140" lon="139.4469790">
<time>2026-01-01T00:29:32.000Z</time>
</wpt>
<wpt lat="35.6508140" lon="139.4469790">
<time>2026-01-01T00:29:33.000Z</time>
</wpt>
<wpt lat="35.6508140" lon="139.4469790">
<time>2026-01-01T00:29:34.000Z</time>
</wpt>
<wpt lat="35.6508140" lon="139.4469790">
<time>2026-01-01T00:29:35.000Z</time>
</wpt>
<wpt lat="35.6508140" lon="139.4469790">
<time>2026-01-01T00:29:36.000Z</time>
</wpt>
<wpt lat="35.6508167" lon="139.4469726">
<time>2026-01-01T00:29:37.000Z</time>
</wpt>
<wpt lat="35.6508221" lon="139.4469597">
<time>2026-01-01T00:29:38.000Z</time>
</wpt>
<wpt lat="35.6508301" lon="139.4469403">
<time>2026-01-01T00:29:39.000Z</time>
</wpt>
<wpt lat="35.6508409" lon="139.4469145">
<time>2026-01-01T00:29:40.000Z</time>
</wpt>
<wpt lat="35.6508544" lon="139.4468823">
<time>2026-01-01T00:29:41.000Z</time>
</wpt>
<wpt lat="35.6508705" lon="139.4468436">
<time>2026-01-01T00:29:42.000Z</time>
</wpt>
<wpt lat="35.6508893" lon="139.4467984">
<time>2026-01-01T00:29:43.000Z</time>
</wpt>
<wpt lat="35.6509109" lon="139.4467469">
<time>2026-01-01T00:29:44.000Z</time>
</wpt>
<wpt lat="35.6509351" lon="139.4466888">
<time>2026-01-01T00:29:45.000Z</time>
</wpt>
<wpt lat="35.6509620" lon="139.4466243">
<time>2026-01-01T00:29:46.000Z</time>
</wpt>
<wpt lat="35.6509916" lon="139.4465534">
<time>2026-01-01T00:29:47.000Z</time>
</wpt>
<wpt lat="35.6510239" lon="139.4464760">
<time>2026-01-01T00:29:48.000Z</time>
</wpt>
<wpt lat="35.6510588" lon="139.4463922">
<time>2026-01-01T00:29:49.000Z</time>
</wpt>
<wpt lat="35.6510965" lon="139.4463019">
<time>2026-01-01T00:29:50.000Z</time>
</wpt>
<wpt lat="35.6511369" lon="139.4462052">
<time>2026-01-01T00:29:51.000Z</time>
</wpt>
<wpt lat="35.6511799" lon="139.4461020">
<time>2026-01-01T00:29:52.000Z</time>
</wpt>
<wpt lat="35.6512256" lon="139.4459924">
<time>2026-01-01T00:29:53.000Z</time>
</wpt>
<wpt lat="35.6512741" lon="139.4458763">
<time>2026-01-01T00:29:54.000Z</time>
</wpt>
<wpt lat="35.6513252" lon="139.4457538">
<time>2026-01-01T00:29:55.000Z</time>
</wpt>
<wpt lat="35.6513790" lon="139.4456248">
<time>2026-01-01T00:29:56.000Z</time>
</wpt>
<wpt lat="35.6514355" lon="139.4454894">
<time>2026-01-01T00:29:57.000Z</time>
</wpt>
<wpt lat="35.6514947" lon="139.4453475">
<time>2026-01-01T00:29:58.000Z</time>
</wpt>
<wpt lat="35.6515566" lon="139.4451992">
<time>2026-01-01T00:29:59.000Z</time>
</wpt>
<wpt lat="35.6516212" lon="139.4450444">
<time>2026-01-01T00:30:00.000Z</time>
</wpt>
<wpt lat="35.6516884" lon="139.4448832">
<time>2026-01-01T00:30:01.000Z</time>
</wpt>
<wpt lat="35.6517584" lon="139.4447156">
<time>2026-01-01T00:30:02.000Z</time>
</wpt>
<wpt lat="35.6518310" lon="139.4445415">
<time>2026-01-01T00:30:03.000Z</time>
</wpt>
<wpt lat="35.6519064" lon="139.4443609">
<time>2026-01-01T00:30:04.000Z</time>
</wpt>
<wpt lat="35.6519844" lon="139.4441739">
<time>2026-01-01T00:30:05.000Z</time>
</wpt>
<wpt lat="35.6520651" lon="139.4439804">
<time>2026-01-01T00:30:06.000Z</time>
</wpt>
<wpt lat="35.6521466" lon="139.4437850">
<time>2026-01-01T00:30:07.000Z</time>
</wpt>
<wpt lat="35.6522282" lon="139.4435895">
<time>2026-01-01T00:30:08.000Z</time>
</wpt>
<wpt lat="35.6523097" lon="139.4433941">
<time>2026-01-01T00:30:09.000Z</time>
</wpt>
<wpt lat="35.6523913" lon="139.4431986">
<time>2026-01-01T00:30:10.000Z</time>
</wpt>
<wpt lat="35.6524728" lon="139.4430032">
<time>2026-01-01T00:30:11.000Z</time>
</wpt>
<wpt lat="35.6525544" lon="139.4428077">
<time>2026-01-01T00:30:12.000Z</time>
</wpt>
<wpt lat="35.6526359" lon="139.4426122">
<time>2026-01-01T00:30:13.000Z</time>
</wpt>
<wpt lat="35.6527175" lon="139.4424168">
<time>2026-01-01T00:30:14.000Z</time>
</wpt>
<wpt lat="35.6527990" lon="139.4422213">
<time>2026-01-01T00:30:15.000Z</time>
</wpt>
<wpt lat="35.6528806" lon="139.4420259">
<time>2026-01-01T00:30:16.000Z</time>
</wpt>
<wpt lat="35.6529621" lon="139.4418304">
<time>2026-01-01T00:30:17.000Z</time>
</wpt>
<wpt lat="35.6530437" lon="139.4416350">
<time>2026-01-01T00:30:18.000Z</time>
</wpt>
<wpt lat="35.6531252" lon="139.4414395">
<time>2026-01-01T00:30:19.000Z</time>
</wpt>
<wpt lat="35.6532068" lon="139.4412441">
<time>2026-01-01T00:30:20.000Z</time>
</wpt>
<wpt lat="35.6532883" lon="139.4410486">
<time>2026-01-01T00:30:21.000Z</time>
</wpt>
<wpt lat="35.6533699" lon="139.4408532">
<time>2026-01-01T00:30:22.000Z</time>
</wpt>
<wpt lat="35.6534514" lon="139.4406577">
<time>2026-01-01T00:30:23.000Z</time>
</wpt>
<wpt lat="35.6535330" lon="139.4404622">
<time>2026-01-01T00:30:24.000Z</time>
</wpt>
<wpt lat="35.6536145" lon="139.4402668">
<time>2026-01-01T00:30:25.000Z</time>
</wpt>
<wpt lat="35.6536961" lon="139.4400713">
<time>2026-01-01T00:30:26.000Z</time>
</wpt>
<wpt lat="35.6537776" lon="139.4398759">
<time>2026-01-01T00:30:27.000Z</time>
</wpt>
<wpt lat="35.6538592" lon="139.4396804">
<time>2026-01-01T00:30:28.000Z</time>
</wpt>
<wpt lat="35.6539407" lon="139.4394850">
<time>2026-01-01T00:30:29.000Z</time>
</wpt>
<wpt lat="35.6540223" lon="139.4392895">
<time>2026-01-01T00:30:30.000Z</time>
</wpt>
<wpt lat="35.6541038" lon="139.4390941">
<time>2026-01-01T00:30:31.000Z</time>
</wpt>
<wpt lat="35.6541854" lon="139.4388986">
<time>2026-01-01T00:30:32.000Z</time>
</wpt>
<wpt lat="35.6542669" lon="139.4387031">
<time>2026-01-01T00:30:33.000Z</time>
</wpt>
<wpt lat="35.6543485" lon="139.4385077">
<time>2026-01-01T00:30:34.000Z</time>
</wpt>
<wpt lat="35.6544300" lon="139.4383122">
<time>2026-01-01T00:30:35.000Z</time>
</wpt>
<wpt lat="35.6545116" lon="139.4381168">
<time>2026-01-01T00:30:36.000Z</time>
</wpt>
<wpt lat="35.6545931" lon="139.4379213">
<time>2026-01-01T00:30:37.000Z</time>
</wpt>
<wpt lat="35.6546747" lon="139.4377259">
<time>2026-01-01T00:30:38.000Z</time>
</wpt>
<wpt lat="35.6547562" lon="139.4375304">
<time>2026-01-01T00:30:39.000Z</time>
</wpt>
<wpt lat="35.6548378" lon="139.4373350">
<time>2026-01-01T00:30:40.000Z</time>
</wpt>
<wpt lat="35.6549193" lon="139.4371395">
<time>2026-01-01T00:30:41.000Z</time>
</wpt>
<wpt lat="35.6550009" lon="139.4369441">
<time>2026-01-01T00:30:42.000Z</time>
</wpt>
<wpt lat="35.6550824" lon="139.4367486">
<time>2026-01-01T00:30:43.000Z</time>
</wpt>
<wpt lat="35.6551640" lon="139.4365531">
<time>2026-01-01T00:30:44.000Z</time>
</wpt>
<wpt lat="35.6552455" lon="139.4363577">
<time>2026-01-01T00:30:45.000Z</time>
</wpt>
<wpt lat="35.6553271" lon="139.4361622">
<time>2026-01-01T00:30:46.000Z</time>
</wpt>
<wpt lat="35.6554086" lon="139.4359668">
<time>2026-01-01T00:30:47.000Z</time>
</wpt>
<wpt lat="35.6554902" lon="139.4357713">
<time>2026-01-01T00:30:48.000Z</time>
</wpt>
<wpt lat="35.6555717" lon="139.4355759">
<time>2026-01-01T00:30:49.000Z</time>
</wpt>
<wpt lat="35.6556533" lon="139.4353804">
<time>2026-01-01T00:30:50.000Z</time>
</wpt>
<wpt lat="35.6557348" lon="139.4351850">
<time>2026-01-01T00:30:51.000Z</time>
</wpt>
<wpt lat="35.6558164" lon="139.4349895">
<time>2026-01-01T00:30:52.000Z</time>
</wpt>
<wpt lat="35.6558979" lon="139.4347941">
<time>2026-01-01T00:30:53.000Z</time>
</wpt>
<wpt lat="35.6559795" lon="139.4345986">
<time>2026-01-01T00:30:54.000Z</time>
</wpt>
<wpt lat="35.6560610" lon="139.4344031">
<time>2026-01-01T00:30:55.000Z</time>
</wpt>
<wpt lat="35.6561426" lon="139.4342077">
<time>2026-01-01T00:30:56.000Z</time>
</wpt>
<wpt lat="35.6562241" lon="139.4340122">
<time>2026-01-01T00:30:57.000Z</time>
</wpt>
<wpt lat="35.6563057" lon="139.4338168">
<time>2026-01-01T00:30:58.000Z</time>
</wpt>
<wpt lat="35.6563872" lon="139.4336213">
<time>2026-01-01T00:30:59.000Z</time>
</wpt>
<wpt lat="35.6564688" lon="139.4334259">
<time>2026-01-01T00:31:00.000Z</time>
</wpt>
<wpt lat="35.6565503" lon="139.4332304">
<time>2026-01-01T00:31:01.000Z</time>
</wpt>
<wpt lat="35.6566319" lon="139.4330350">
<time>2026-01-01T00:31:02.000Z</time>
</wpt>
<wpt lat="35.6567134" lon="139.4328395">
<time>2026-01-01T00:31:03.000Z</time>
</wpt>
<wpt lat="35.6567950" lon="139.4326440">
<time>2026-01-01T00:31:04.000Z</time>
</wpt>
<wpt lat="35.6568765" lon="139.4324486">
<time>2026-01-01T00:31:05.000Z</time>
</wpt>
<wpt lat="35.6569581" lon="139.4322531">
<time>2026-01-01T00:31:06.000Z</time>
</wpt>
<wpt lat="35.6570396" lon="139.4320577">
<time>2026-01-01T00:31:07.000Z</time>
</wpt>
<wpt lat="35.6571212" lon="139.4318622">
<time>2026-01-01T00:31:08.000Z</time>
</wpt>
<wpt lat="35.6572027" lon="139.4316668">
<time>2026-01-01T00:31:09.000Z</time>
</wpt>
<wpt lat="35.6572843" lon="139.4314713">
<time>2026-01-01T00:31:10.000Z</time>
</wpt>
<wpt lat="35.6573648" lon="139.4312747">
<time>2026-01-01T00:31:11.000Z</time>
</wpt>
<wpt lat="35.6574248" lon="139.4310548">
<time>2026-01-01T00:31:12.000Z</time>
</wpt>
<wpt lat="35.6574848" lon="139.4308348">
<time>2026-01-01T00:31:13.000Z</time>
</wpt>
<wpt lat="35.6575448" lon="139.4306148">
<time>2026-01-01T00:31:14.000Z</time>
</wpt>
<wpt lat="35.6576047" lon="139.4303948">
<time>2026-01-01T00:31:15.000Z</time>
</wpt>
<wpt lat="35.6576647" lon="139.4301749">
<time>2026-01-01T00:31:16.000Z</time>
</wpt>
<wpt lat="35.6577247" lon="139.4299549">
<time>2026-01-01T00:31:17.000Z</time>
</wpt>
<wpt lat="35.6577847" lon="139.4297349">
<time>2026-01-01T00:31:18.000Z</time>
</wpt>
<wpt lat="35.6578447" lon="139.4295150">
<time>2026-01-01T00:31:19.000Z</time>
</wpt>
<wpt lat="35.6579047" lon="139.4292950">
<time>2026-01-01T00:31:20.000Z</time>
</wpt>
<wpt lat="35.6579646" lon="139.4290750">
<time>2026-01-01T00:31:21.000Z</time>
</wpt>
<wpt lat="35.6580246" lon="139.4288551">
<time>2026-01-01T00:31:22.000Z</time>
</wpt>
<wpt lat="35.6580846" lon="139.4286351">
<time>2026-01-01T00:31:23.000Z</time>
</wpt>
<wpt lat="35.6581446" lon="139.4284151">
<time>2026-01-01T00:31:24.000Z</time>
</wpt>
<wpt lat="35.6582046" lon="139.4281952">
<time>2026-01-01T00:31:25.000Z</time>
</wpt>
<wpt lat="35.6582646" lon="139.4279752">
<time>2026-01-01T00:31:26.000Z</time>
</wpt>
<wpt lat="35.6583245" lon="139.4277552">
<time>2026-01-01T00:31:27.000Z</time>
</wpt>
<wpt lat="35.6583845" lon="139.4275353">
<time>2026-01-01T00:31:28.000Z</time>
</wpt>
<wpt lat="35.6584445" lon="139.4273153">
<time>2026-01-01T00:31:29.000Z</time>
</wpt>
<wpt lat="35.6585045" lon="139.4270953">
<time>2026-01-01T00:31:30.000Z</time>
</wpt>
<wpt lat="35.6585645" lon="139.4268753">
<time>2026-01-01T00:31:31.000Z</time>
</wpt>
<wpt lat="35.6586245" lon="139.4266554">
<time>2026-01-01T00:31:32.000Z</time>
</wpt>
<wpt lat="35.6586844" lon="139.4264354">
<time>2026-01-01T00:31:33.000Z</time>
</wpt>
<wpt lat="35.6587444" lon="139.4262154">
<time>2026-01-01T00:31:34.000Z</time>
</wpt>
<wpt lat="35.6588044" lon="139.4259955">
<time>2026-01-01T00:31:35.000Z</time>
</wpt>
<wpt lat="35.6588644" lon="139.4257755">
<time>2026-01-01T00:31:36.000Z</time>
</wpt>
<wpt lat="35.6589244" lon="139.4255555">
<time>2026-01-01T00:31:37.000Z</time>
</wpt>
<wpt lat="35.6589844" lon="139.4253356">
<time>2026-01-01T00:31:38.000Z</time>
</wpt>
<wpt lat="35.6590444" lon="139.4251156">
<time>2026-01-01T00:31:39.000Z</time>
</wpt>
<wpt lat="35.6591043" lon="139.4248956">
<time>2026-01-01T00:31:40.000Z</time>
</wpt>
<wpt lat="35.6591643" lon="139.4246757">
<time>2026-01-01T00:31:41.000Z</time>
</wpt>
<wpt lat="35.6592243" lon="139.4244557">
<time>2026-01-01T00:31:42.000Z</time>
</wpt>
<wpt lat="35.6592843" lon="139.4242357">
<time>2026-01-01T00:31:43.000Z</time>
</wpt>
<wpt lat="35.6593443" lon="139.4240158">
<time>2026-01-01T00:31:44.000Z</time>
</wpt>
<wpt lat="35.6594043" lon="139.4237958">
<time>2026-01-01T00:31:45.000Z</time>
</wpt>
<wpt lat="35.6594642" lon="139.4235758">
<time>2026-01-01T00:31:46.000Z</time>
</wpt>
<wpt lat="35.6595242" lon="139.4233558">
<time>2026-01-01T00:31:47.000Z</time>
</wpt>
<wpt lat="35.6595842" lon="139.4231359">
<time>2026-01-01T00:31:48.000Z</time>
</wpt>
<wpt lat="35.6596442" lon="139.4229159">
<time>2026-01-01T00:31:49.000Z</time>
</wpt>
<wpt lat="35.6597042" lon="139.4226959">
<time>2026-01-01T00:31:50.000Z</time>
</wpt>
<wpt lat="35.6597642" lon="139.4224760">
<time>2026-01-01T00:31:51.000Z</time>
</wpt>
<wpt lat="35.6598241" lon="139.4222560">
<time>2026-01-01T00:31:52.000Z</time>
</wpt>
<wpt lat="35.6598841" lon="139.4220360">
<time>2026-01-01T00:31:53.000Z</time>
</wpt>
<wpt lat="35.6599441" lon="139.4218161">
<time>2026-01-01T00:31:54.000Z</time>
</wpt>
<wpt lat="35.6600041" lon="139.4215961">
<time>2026-01-01T00:31:55.000Z</time>
</wpt>
<wpt lat="35.6600641" lon="139.4213761">
<time>2026-01-01T00:31:56.000Z</time>
</wpt>
<wpt lat="35.6601241" lon="139.4211562">
<time>2026-01-01T00:31:57.000Z</time>
</wpt>
<wpt lat="35.6601840" lon="139.4209362">
<time>2026-01-01T00:31:58.000Z</time>
</wpt>
<wpt lat="35.6602440" lon="139.4207162">
<time>2026-01-01T00:31:59.000Z</time>
</wpt>
<wpt lat="35.6603040" lon="139.4204963">
<time>2026-01-01T00:32:00.000Z</time>
</wpt>
<wpt lat="35.6603640" lon="139.4202763">
<time>2026-01-01T00:32:01.000Z</time>
</wpt>
<wpt lat="35.6604240" lon="139.4200563">
<time>2026-01-01T00:32:02.000Z</time>
</wpt>
<wpt lat="35.6604840" lon="139.4198363">
<time>2026-01-01T00:32:03.000Z</time>
</wpt>
<wpt lat="35.6605439" lon="139.4196164">
<time>2026-01-01T00:32:04.000Z</time>
</wpt>
<wpt lat="35.6606039" lon="139.4193964">
<time>2026-01-01T00:32:05.000Z</time>
</wpt>
<wpt lat="35.6606639" lon="139.4191764">
<time>2026-01-01T00:32:06.000Z</time>
</wpt>
<wpt lat="35.6607239" lon="139.4189565">
<time>2026-01-01T00:32:07.000Z</time>
</wpt>
<wpt lat="35.6607839" lon="139.4187365">
<time>2026-01-01T00:32:08.000Z</time>
</wpt>
<wpt lat="35.6608439" lon="139.4185165">
<time>2026-01-01T00:32:09.000Z</time>
</wpt>
<wpt lat="35.6609038" lon="139.4182966">
<time>2026-01-01T00:32:10.000Z</time>
</wpt>
<wpt lat="35.6609638" lon="139.4180766">
<time>2026-01-01T00:32:11.000Z</time>
</wpt>
<wpt lat="35.6610238" lon="139.4178566">
<time>2026-01-01T00:32:12.000Z</time>
</wpt>
<wpt lat="35.6610838" lon="139.4176367">
<time>2026-01-01T00:32:13.000Z</time>
</wpt>
<wpt lat="35.6611438" lon="139.4174167">
<time>2026-01-01T00:32:14.000Z</time>
</wpt>
<wpt lat="35.6612038" lon="139.4171967">
<time>2026-01-01T00:32:15.000Z</time>
</wpt>
<wpt lat="35.6612638" lon="139.4169768">
<time>2026-01-01T00:32:16.000Z</time>
</wpt>
<wpt lat="35.6613237" lon="139.4167568">
<time>2026-01-01T00:32:17.000Z</time>
</wpt>
<wpt lat="35.6613837" lon="139.4165368">
<time>2026-01-01T00:32:18.000Z</time>
</wpt>
<wpt lat="35.6614437" lon="139.4163168">
<time>2026-01-01T00:32:19.000Z</time>
</wpt>
<wpt lat="35.6615037" lon="139.4160969">
<time>2026-01-01T00:32:20.000Z</time>
</wpt>
<wpt lat="35.6615637" lon="139.4158769">
<time>2026-01-01T00:32:21.000Z</time>
</wpt>
<wpt lat="35.6616237" lon="139.4156569">
<time>2026-01-01T00:32:22.000Z</time>
</wpt>
<wpt lat="35.6616836" lon="139.4154370">
<time>2026-01-01T00:32:23.000Z</time>
</wpt>
<wpt lat="35.6617411" lon="139.4152263">
<time>2026-01-01T00:32:24.000Z</time>
</wpt>
<wpt lat="35.6617960" lon="139.4150250">
<time>2026-01-01T00:32:25.000Z</time>
</wpt>
<wpt lat="35.6618483" lon="139.4148330">
<time>2026-01-01T00:32:26.000Z</time>
</wpt>
<wpt lat="35.6618981" lon="139.4146504">
<time>2026-01-01T00:32:27.000Z</time>
</wpt>
<wpt lat="35.6619454" lon="139.4144771">
<time>2026-01-01T00:32:28.000Z</time>
</wpt>
<wpt lat="35.6619901" lon="139.4143131">
<time>2026-01-01T00:32:29.000Z</time>
</wpt>
<wpt lat="35.6620323" lon="139.4141585">
<time>2026-01-01T00:32:30.000Z</time>
</wpt>
<wpt lat="35.6620719" lon="139.4140131">
<time>2026-01-01T00:32:31.000Z</time>
</wpt>
<wpt lat="35.6621090" lon="139.4138771">
<time>2026-01-01T00:32:32.000Z</time>
</wpt>
<wpt lat="35.6621435" lon="139.4137505">
<time>2026-01-01T00:32:33.000Z</time>
</wpt>
<wpt lat="35.6621755" lon="139.4136331">
<time>2026-01-01T00:32:34.000Z</time>
</wpt>
<wpt lat="35.6622050" lon="139.4135252">
<time>2026-01-01T00:32:35.000Z</time>
</wpt>
<wpt lat="35.6622319" lon="139.4134265">
<time>2026-01-01T00:32:36.000Z</time>
</wpt>
<wpt lat="35.6622562" lon="139.4133371">
<time>2026-01-01T00:32:37.000Z</time>
</wpt>
<wpt lat="35.6622781" lon="139.4132571">
<time>2026-01-01T00:32:38.000Z</time>
</wpt>
<wpt lat="35.6622973" lon="139.4131865">
<time>2026-01-01T00:32:39.000Z</time>
</wpt>
<wpt lat="35.6623141" lon="139.4131251">
<time>2026-01-01T00:32:40.000Z</time>
</wpt>
<wpt lat="35.6623282" lon="139.4130731">
<time>2026-01-01T00:32:41.000Z</time>
</wpt>
<wpt lat="35.6623399" lon="139.4130304">
<time>2026-01-01T00:32:42.000Z</time>
</wpt>
<wpt lat="35.6623490" lon="139.4129971">
<time>2026-01-01T00:32:43.000Z</time>
</wpt>
<wpt lat="35.6623555" lon="139.4129730">
<time>2026-01-01T00:32:44.000Z</time>
</wpt>
<wpt lat="35.6623595" lon="139.4129584">
<time>2026-01-01T00:32:45.000Z</time>
</wpt>
<wpt lat="35.6623610" lon="139.4129530">
<time>2026-01-01T00:32:46.000Z</time>
</wpt>
<wpt lat="35.6623610" lon="139.4129530">
<time>2026-01-01T00:32:47.000Z</time>
</wpt>
<wpt lat="35.6623610" lon="139.4129530">
<time>2026-01-01T00:32:48.000Z</time>
</wpt>
<wpt lat="35.6623610" lon="139.4129530">
<time>2026-01-01T00:32:49.000Z</time>
</wpt>
<wpt lat="35.6623610" lon="139.4129530">
<time>2026-01-01T00:32:50.000Z</time>
</wpt>
<wpt lat="35.6623610" lon="139.4129530">
<time>2026-01-01T00:32:51.000Z</time>
</wpt>
<wpt lat="35.6623610" lon="139.4129530">
<time>2026-01-01T00:32:52.000Z</time>
</wpt>
<wpt lat="35.6623610" lon="139.4129530">
<time>2026-01-01T00:32:53.000Z</time>
</wpt>
<wpt lat="35.6623610" lon="139.4129530">
<time>2026-01-01T00:32:54.000Z</time>
</wpt>
<wpt lat="35.6623610" lon="139.4129530">
<time>2026-01-01T00:32:55.000Z</time>
</wpt>
<wpt lat="35.6623610" lon="139.4129530">
<time>2026-01-01T00:32:56.000Z</time>
</wpt>
<wpt lat="35.6623610" lon="139.4129530">
<time>2026-01-01T00:32:57.000Z</time>
</wpt>
<wpt lat="35.6623610" lon="139.4129530">
<time>2026-01-01T00:32:58.000Z</time>
</wpt>
<wpt lat="35.6623610" lon="139.4129530">
<time>2026-01-01T00:32:59.000Z</time>
</wpt>
<wpt lat="35.6623610" lon="139.4129530">
<time>2026-01-01T00:33:00.000Z</time>
</wpt>
<wpt lat="35.6623610" lon="139.4129530">
<time>2026-01-01T00:33:01.000Z</time>
</wpt>
<wpt lat="35.6623610" lon="139.4129530">
<time>2026-01-01T00:33:02.000Z</time>
</wpt>
<wpt lat="35.6623610" lon="139.4129530">
<time>2026-01-01T00:33:03.000Z</time>
</wpt>
<wpt lat="35.6623610" lon="139.4129530">
<time>2026-01-01T00:33:04.000Z</time>
</wpt>
<wpt lat="35.6623610" lon="139.4129530">
<time>2026-01-01T00:33:05.000Z</time>
</wpt>
<wpt lat="35.6623610" lon="139.4129530">
<time>2026-01-01T00:33:06.000Z</time>
</wpt>
<wpt lat="35.6623610" lon="139.4129530">
<time>2026-01-01T00:33:07.000Z</time>
</wpt>
<wpt lat="35.6623610" lon="139.4129530">
<time>2026-01-01T00:33:08.000Z</time>
</wpt>
<wpt lat="35.6623610" lon="139.4129530">
<time>2026-01-01T00:33:09.000Z</time>
</wpt>
<wpt lat="35.6623610" lon="139.4129530">
<time>2026-01-01T00:33:10.000Z</time>
</wpt>
<wpt lat="35.6623610" lon="139.4129530">
<time>2026-01-01T00:33:11.000Z</time>
</wpt>
<wpt lat="35.6623610" lon="139.4129530">
<time>2026-01-01T00:33:12.000Z</time>
</wpt>
<wpt lat="35.6623610" lon="139.4129530">
<time>2026-01-01T00:33:13.000Z</time>
</wpt>
<wpt lat="35.6623610" lon="139.4129530">
<time>2026-01-01T00:33:14.000Z</time>
</wpt>
<wpt lat="35.6623610" lon="139.4129530">
<time>2026-01-01T00:33:15.000Z</time>
</wpt>
<wpt lat="35.6623610" lon="139.4129530">
<time>2026-01-01T00:33:16.000Z</time>
</wpt>
<wpt lat="35.6623610" lon="139.4129530">
<time>2026-01-01T00:33:17.000Z</time>
</wpt>
<wpt lat="35.6623610" lon="139.4129530">
<time>2026-01-01T00:33:18.000Z</time>
</wpt>
<wpt lat="35.6623610" lon="139.4129530">
<time>2026-01-01T00:33:19.000Z</time>
</wpt>
<wpt lat="35.6623610" lon="139.4129530">
<time>2026-01-01T00:33:20.000Z</time>
</wpt>
<wpt lat="35.6623610" lon="139.4129530">
<time>2026-01-01T00:33:21.000Z</time>
</wpt>
<wpt lat="35.6623610" lon="139.4129530">
<time>2026-01-01T00:33:22.000Z</time>
</wpt>
<wpt lat="35.6623610" lon="139.4129530">
<time>2026-01-01T00:33:23.000Z</time>
</wpt>
<wpt lat="35.6623587" lon="139.4129467">
<time>2026-01-01T00:33:24.000Z</time>
</wpt>
<wpt lat="35.6623540" lon="139.4129342">
<time>2026-01-01T00:33:25.000Z</time>
</wpt>
<wpt lat="35.6623470" lon="139.4129154">
<time>2026-01-01T00:33:26.000Z</time>
</wpt>
<wpt lat="35.6623376" lon="139.4128903">
<time>2026-01-01T00:33:27.000Z</time>
</wpt>
<wpt lat="35.6623260" lon="139.4128589">
<time>2026-01-01T00:33:28.000Z</time>
</wpt>
<wpt lat="35.6623119" lon="139.4128213">
<time>2026-01-01T00:33:29.000Z</time>
</wpt>
<wpt lat="35.6622956" lon="139.4127774">
<time>2026-01-01T00:33:30.000Z</time>
</wpt>
<wpt lat="35.6622769" lon="139.4127272">
<time>2026-01-01T00:33:31.000Z</time>
</wpt>
<wpt lat="35.6622559" lon="139.4126708">
<time>2026-01-01T00:33:32.000Z</time>
</wpt>
<wpt lat="35.6622325" lon="139.4126080">
<time>2026-01-01T00:33:33.000Z</time>
</wpt>
<wpt lat="35.6622068" lon="139.4125390">
<time>2026-01-01T00:33:34.000Z</time>
</wpt>
<wpt lat="35.6621788" lon="139.4124638">
<time>2026-01-01T00:33:35.000Z</time>
</wpt>
<wpt lat="35.6621484" lon="139.4123822">
<time>2026-01-01T00:33:36.000Z</time>
</wpt>
<wpt lat="35.6621157" lon="139.4122944">
<time>2026-01-01T00:33:37.000Z</time>
</wpt>
<wpt lat="35.6620806" lon="139.4122003">
<time>2026-01-01T00:33:38.000Z</time>
</wpt>
<wpt lat="35.6620433" lon="139.4121000">
<time>2026-01-01T00:33:39.000Z</time>
</wpt>
<wpt lat="35.6620035" lon="139.4119934">
<time>2026-01-01T00:33:40.000Z</time>
</wpt>
<wpt lat="35.6619615" lon="139.4118805">
<time>2026-01-01T00:33:41.000Z</time>
</wpt>
<wpt lat="35.6619171" lon="139.4117613">
<time>2026-01-01T00:33:42.000Z</time>
</wpt>
<wpt lat="35.6618704" lon="139.4116358">
<time>2026-01-01T00:33:43.000Z</time>
</wpt>
<wpt lat="35.6618213" lon="139.4115041">
<time>2026-01-01T00:33:44.000Z</time>
</wpt>
<wpt lat="35.6617699" lon="139.4113661">
<time>2026-01-01T00:33:45.000Z</time>
</wpt>
<wpt lat="35.6617162" lon="139.4112219">
<time>2026-01-01T00:33:46.000Z</time>
</wpt>
<wpt lat="35.6616601" lon="139.4110713">
<time>2026-01-01T00:33:47.000Z</time>
</wpt>
<wpt lat="35.6616017" lon="139.4109145">
<time>2026-01-01T00:33:48.000Z</time>
</wpt>
<wpt lat="35.6615409" lon="139.4107515">
<time>2026-01-01T00:33:49.000Z</time>
</wpt>
<wpt lat="35.6614778" lon="139.4105821">
<time>2026-01-01T00:33:50.000Z</time>
</wpt>
<wpt lat="35.6614124" lon="139.4104065">
<time>2026-01-01T00:33:51.000Z</time>
</wpt>
<wpt lat="35.6613447" lon="139.4102246">
<time>2026-01-01T00:33:52.000Z</time>
</wpt>
<wpt lat="35.6612746" lon="139.4100364">
<time>2026-01-01T00:33:53.000Z</time>
</wpt>
<wpt lat="35.6612022" lon="139.4098420">
<time>2026-01-01T00:33:54.000Z</time>
</wpt>
<wpt lat="35.6611274" lon="139.4096413">
<time>2026-01-01T00:33:55.000Z</time>
</wpt>
<wpt lat="35.6610522" lon="139.4094396">
<time>2026-01-01T00:33:56.000Z</time>
</wpt>
<wpt lat="35.6609771" lon="139.4092378">
<time>2026-01-01T00:33:57.000Z</time>
</wpt>
<wpt lat="35.6609020" lon="139.4090361">
<time>2026-01-01T00:33:58.000Z</time>
</wpt>
<wpt lat="35.6608268" lon="139.4088344">
<time>2026-01-01T00:33:59.000Z</time>
</wpt>
<wpt lat="35.6607517" lon="139.4086327">
<time>2026-01-01T00:34:00.000Z</time>
</wpt>
<wpt lat="35.6606765" lon="139.4084309">
<time>2026-01-01T00:34:01.000Z</time>
</wpt>
<wpt lat="35.6606014" lon="139.4082292">
<time>2026-01-01T00:34:02.000Z</time>
</wpt>
<wpt lat="35.6605262" lon="139.4080275">
<time>2026-01-01T00:34:03.000Z</time>
</wpt>
<wpt lat="35.6604511" lon="139.4078258">
<time>2026-01-01T00:34:04.000Z</time>
</wpt>
<wpt lat="35.6603760" lon="139.4076240">
<time>2026-01-01T00:34:05.000Z</time>
</wpt>
<wpt lat="35.6603008" lon="139.4074223">
<time>2026-01-01T00:34:06.000Z</time>
</wpt>
<wpt lat="35.6602257" lon="139.4072206">
<time>2026-01-01T00:34:07.000Z</time>
</wpt>
<wpt lat="35.6601505" lon="139.4070188">
<time>2026-01-01T00:34:08.000Z</time>
</wpt>
<wpt lat="35.6600754" lon="139.4068171">
<time>2026-01-01T00:34:09.000Z</time>
</wpt>
<wpt lat="35.6600002" lon="139.4066154">
<time>2026-01-01T00:34:10.000Z</time>
</wpt>
<wpt lat="35.6599251" lon="139.4064137">
<time>2026-01-01T00:34:11.000Z</time>
</wpt>
<wpt lat="35.6598500" lon="139.4062119">
<time>2026-01-01T00:34:12.000Z</time>
</wpt>
<wpt lat="35.6597748" lon="139.4060102">
<time>2026-01-01T00:34:13.000Z</time>
</wpt>
<wpt lat="35.6596997" lon="139.4058085">
<time>2026-01-01T00:34:14.000Z</time>
</wpt>
<wpt lat="35.6596245" lon="139.4056068">
<time>2026-01-01T00:34:15.000Z</time>
</wpt>
<wpt lat="35.6595494" lon="139.4054050">
<time>2026-01-01T00:34:16.000Z</time>
</wpt>
<wpt lat="35.6594742" lon="139.4052033">
<time>2026-01-01T00:34:17.000Z</time>
</wpt>
<wpt lat="35.6593991" lon="139.4050016">
<time>2026-01-01T00:34:18.000Z</time>
</wpt>
<wpt lat="35.6593240" lon="139.4047998">
<time>2026-01-01T00:34:19.000Z</time>
</wpt>
<wpt lat="35.6592488" lon="139.4045981">
<time>2026-01-01T00:34:20.000Z</time>
</wpt>
<wpt lat="35.6591737" lon="139.4043964">
<time>2026-01-01T00:34:21.000Z</time>
</wpt>
<wpt lat="35.6590985" lon="139.4041947">
<time>2026-01-01T00:34:22.000Z</time>
</wpt>
<wpt lat="35.6590234" lon="139.4039929">
<time>2026-01-01T00:34:23.000Z</time>
</wpt>
<wpt lat="35.6589482" lon="139.4037912">
<time>2026-01-01T00:34:24.000Z</time>
</wpt>
<wpt lat="35.6588731" lon="139.4035895">
<time>2026-01-01T00:34:25.000Z</time>
</wpt>
<wpt lat="35.6587980" lon="139.4033878">
<time>2026-01-01T00:34:26.000Z</time>
</wpt>
<wpt lat="35.6587228" lon="139.4031860">
<time>2026-01-01T00:34:27.000Z</time>
</wpt>
<wpt lat="35.6586477" lon="139.4029843">
<time>2026-01-01T00:34:28.000Z</time>
</wpt>
<wpt lat="35.6585725" lon="139.4027826">
<time>2026-01-01T00:34:29.000Z</time>
</wpt>
<wpt lat="35.6584974" lon="139.4025808">
<time>2026-01-01T00:34:30.000Z</time>
</wpt>
<wpt lat="35.6584222" lon="139.4023791">
<time>2026-01-01T00:34:31.000Z</time>
</wpt>
<wpt lat="35.6583471" lon="139.4021774">
<time>2026-01-01T00:34:32.000Z</time>
</wpt>
<wpt lat="35.6582720" lon="139.4019757">
<time>2026-01-01T00:34:33.000Z</time>
</wpt>
<wpt lat="35.6581968" lon="139.4017739">
<time>2026-01-01T00:34:34.000Z</time>
</wpt>
<wpt lat="35.6581217" lon="139.4015722">
<time>2026-01-01T00:34:35.000Z</time>
</wpt>
<wpt lat="35.6580465" lon="139.4013705">
<time>2026-01-01T00:34:36.000Z</time>
</wpt>
<wpt lat="35.6579714" lon="139.4011688">
<time>2026-01-01T00:34:37.000Z</time>
</wpt>
<wpt lat="35.6578962" lon="139.4009670">
<time>2026-01-01T00:34:38.000Z</time>
</wpt>
<wpt lat="35.6578211" lon="139.4007653">
<time>2026-01-01T00:34:39.000Z</time>
</wpt>
<wpt lat="35.6577459" lon="139.4005636">
<time>2026-01-01T00:34:40.000Z</time>
</wpt>
<wpt lat="35.6576708" lon="139.4003619">
<time>2026-01-01T00:34:41.000Z</time>
</wpt>
<wpt lat="35.6575957" lon="139.4001601">
<time>2026-01-01T00:34:42.000Z</time>
</wpt>
<wpt lat="35.6575205" lon="139.3999584">
<time>2026-01-01T00:34:43.000Z</time>
</wpt>
<wpt lat="35.6574454" lon="139.3997567">
<time>2026-01-01T00:34:44.000Z</time>
</wpt>
<wpt lat="35.6573702" lon="139.3995549">
<time>2026-01-01T00:34:45.000Z</time>
</wpt>
<wpt lat="35.6572951" lon="139.3993532">
<time>2026-01-01T00:34:46.000Z</time>
</wpt>
<wpt lat="35.6572199" lon="139.3991515">
<time>2026-01-01T00:34:47.000Z</time>
</wpt>
<wpt lat="35.6571448" lon="139.3989498">
<time>2026-01-01T00:34:48.000Z</time>
</wpt>
<wpt lat="35.6570697" lon="139.3987480">
<time>2026-01-01T00:34:49.000Z</time>
</wpt>
<wpt lat="35.6569945" lon="139.3985463">
<time>2026-01-01T00:34:50.000Z</time>
</wpt>
<wpt lat="35.6569194" lon="139.3983446">
<time>2026-01-01T00:34:51.000Z</time>
</wpt>
<wpt lat="35.6568442" lon="139.3981429">
<time>2026-01-01T00:34:52.000Z</time>
</wpt>
<wpt lat="35.6567691" lon="139.3979411">
<time>2026-01-01T00:34:53.000Z</time>
</wpt>
<wpt lat="35.6566939" lon="139.3977394">
<time>2026-01-01T00:34:54.000Z</time>
</wpt>
<wpt lat="35.6566188" lon="139.3975377">
<time>2026-01-01T00:34:55.000Z</time>
</wpt>
<wpt lat="35.6565437" lon="139.3973359">
<time>2026-01-01T00:34:56.000Z</time>
</wpt>
<wpt lat="35.6564685" lon="139.3971342">
<time>2026-01-01T00:34:57.000Z</time>
</wpt>
<wpt lat="35.6563934" lon="139.3969325">
<time>2026-01-01T00:34:58.000Z</time>
</wpt>
<wpt lat="35.6563182" lon="139.3967308">
<time>2026-01-01T00:34:59.000Z</time>
</wpt>
<wpt lat="35.6562431" lon="139.3965290">
<time>2026-01-01T00:35:00.000Z</time>
</wpt>
<wpt lat="35.6561679" lon="139.3963273">
<time>2026-01-01T00:35:01.000Z</time>
</wpt>
<wpt lat="35.6560928" lon="139.3961256">
<time>2026-01-01T00:35:02.000Z</time>
</wpt>
<wpt lat="35.6560177" lon="139.3959239">
<time>2026-01-01T00:35:03.000Z</time>
</wpt>
<wpt lat="35.6559425" lon="139.3957221">
<time>2026-01-01T00:35:04.000Z</time>
</wpt>
<wpt lat="35.6558674" lon="139.3955204">
<time>2026-01-01T00:35:05.000Z</time>
</wpt>
<wpt lat="35.6557922" lon="139.3953187">
<time>2026-01-01T00:35:06.000Z</time>
</wpt>
<wpt lat="35.6557171" lon="139.3951169">
<time>2026-01-01T00:35:07.000Z</time>
</wpt>
<wpt lat="35.6556419" lon="139.3949152">
<time>2026-01-01T00:35:08.000Z</time>
</wpt>
<wpt lat="35.6555668" lon="139.3947135">
<time>2026-01-01T00:35:09.000Z</time>
</wpt>
<wpt lat="35.6554917" lon="139.3945118">
<time>2026-01-01T00:35:10.000Z</time>
</wpt>
<wpt lat="35.6554165" lon="139.3943100">
<time>2026-01-01T00:35:11.000Z</time>
</wpt>
<wpt lat="35.6553414" lon="139.3941083">
<time>2026-01-01T00:35:12.000Z</time>
</wpt>
<wpt lat="35.6552662" lon="139.3939066">
<time>2026-01-01T00:35:13.000Z</time>
</wpt>
<wpt lat="35.6551911" lon="139.3937049">
<time>2026-01-01T00:35:14.000Z</time>
</wpt>
<wpt lat="35.6551159" lon="139.3935031">
<time>2026-01-01T00:35:15.000Z</time>
</wpt>
<wpt lat="35.6550408" lon="139.3933014">
<time>2026-01-01T00:35:16.000Z</time>
</wpt>
<wpt lat="35.6549657" lon="139.3930997">
<time>2026-01-01T00:35:17.000Z</time>
</wpt>
<wpt lat="35.6548905" lon="139.3928980">
<time>2026-01-01T00:35:18.000Z</time>
</wpt>
<wpt lat="35.6548154" lon="139.3926962">
<time>2026-01-01T00:35:19.000Z</time>
</wpt>
<wpt lat="35.6547402" lon="139.3924945">
<time>2026-01-01T00:35:20.000Z</time>
</wpt>
<wpt lat="35.6546651" lon="139.3922928">
<time>2026-01-01T00:35:21.000Z</time>
</wpt>
<wpt lat="35.6545899" lon="139.3920910">
<time>2026-01-01T00:35:22.000Z</time>
</wpt>
<wpt lat="35.6544895" lon="139.3918912">
<time>2026-01-01T00:35:23.000Z</time>
</wpt>
<wpt lat="35.6543714" lon="139.3916926">
<time>2026-01-01T00:35:24.000Z</time>
</wpt>
<wpt lat="35.6542532" lon="139.3914941">
<time>2026-01-01T00:35:25.000Z</time>
</wpt>
<wpt lat="35.6541351" lon="139.3912955">
<time>2026-01-01T00:35:26.000Z</time>
</wpt>
<wpt lat="35.6540170" lon="139.3910970">
<time>2026-01-01T00:35:27.000Z</time>
</wpt>
<wpt lat="35.6538989" lon="139.3908984">
<time>2026-01-01T00:35:28.000Z</time>
</wpt>
<wpt lat="35.6537807" lon="139.3906999">
<time>2026-01-01T00:35:29.000Z</time>
</wpt>
<wpt lat="35.6536626" lon="139.3905013">
<time>2026-01-01T00:35:30.000Z</time>
</wpt>
<wpt lat="35.6535445" lon="139.3903027">
<time>2026-01-01T00:35:31.000Z</time>
</wpt>
<wpt lat="35.6534264" lon="139.3901042">
<time>2026-01-01T00:35:32.000Z</time>
</wpt>
<wpt lat="35.6533082" lon="139.3899056">
<time>2026-01-01T00:35:33.000Z</time>
</wpt>
<wpt lat="35.6531901" lon="139.3897071">
<time>2026-01-01T00:35:34.000Z</time>
</wpt>
<wpt lat="35.6530720" lon="139.3895085">
<time>2026-01-01T00:35:35.000Z</time>
</wpt>
<wpt lat="35.6529538" lon="139.3893100">
<time>2026-01-01T00:35:36.000Z</time>
</wpt>
<wpt lat="35.6528357" lon="139.3891114">
<time>2026-01-01T00:35:37.000Z</time>
</wpt>
<wpt lat="35.6527176" lon="139.3889129">
<time>2026-01-01T00:35:38.000Z</time>
</wpt>
<wpt lat="35.6525995" lon="139.3887143">
<time>2026-01-01T00:35:39.000Z</time>
</wpt>
<wpt lat="35.6524813" lon="139.3885157">
<time>2026-01-01T00:35:40.000Z</time>
</wpt>
<wpt lat="35.6523632" lon="139.3883172">
<time>2026-01-01T00:35:41.000Z</time>
</wpt>
<wpt lat="35.6522451" lon="139.3881186">
<time>2026-01-01T00:35:42.000Z</time>
</wpt>
<wpt lat="35.6521270" lon="139.3879201">
<time>2026-01-01T00:35:43.000Z</time>
</wpt>
<wpt lat="35.6520088" lon="139.3877215">
<time>2026-01-01T00:35:44.000Z</time>
</wpt>
<wpt lat="35.6518907" lon="139.3875230">
<time>2026-01-01T00:35:45.000Z</time>
</wpt>
<wpt lat="35.6517726" lon="139.3873244">
<time>2026-01-01T00:35:46.000Z</time>
</wpt>
<wpt lat="35.6516544" lon="139.3871259">
<time>2026-01-01T00:35:47.000Z</time>
</wpt>
<wpt lat="35.6515363" lon="139.3869273">
<time>2026-01-01T00:35:48.000Z</time>
</wpt>
<wpt lat="35.6514182" lon="139.3867287">
<time>2026-01-01T00:35:49.000Z</time>
</wpt>
<wpt lat="35.6513001" lon="139.3865302">
<time>2026-01-01T00:35:50.000Z</time>
</wpt>
<wpt lat="35.6511819" lon="139.3863316">
<time>2026-01-01T00:35:51.000Z</time>
</wpt>
<wpt lat="35.6510638" lon="139.3861331">
<time>2026-01-01T00:35:52.000Z</time>
</wpt>
<wpt lat="35.6509457" lon="139.3859345">
<time>2026-01-01T00:35:53.000Z</time>
</wpt>
<wpt lat="35.6508276" lon="139.3857360">
<time>2026-01-01T00:35:54.000Z</time>
</wpt>
<wpt lat="35.6507094" lon="139.3855374">
<time>2026-01-01T00:35:55.000Z</time>
</wpt>
<wpt lat="35.6505913" lon="139.3853389">
<time>2026-01-01T00:35:56.000Z</time>
</wpt>
<wpt lat="35.6504732" lon="139.3851403">
<time>2026-01-01T00:35:57.000Z</time>
</wpt>
<wpt lat="35.6503550" lon="139.3849417">
<time>2026-01-01T00:35:58.000Z</time>
</wpt>
<wpt lat="35.6502369" lon="139.3847432">
<time>2026-01-01T00:35:59.000Z</time>
</wpt>
<wpt lat="35.6501188" lon="139.3845446">
<time>2026-01-01T00:36:00.000Z</time>
</wpt>
<wpt lat="35.6500007" lon="139.3843461">
<time>2026-01-01T00:36:01.000Z</time>
</wpt>
<wpt lat="35.6498825" lon="139.3841475">
<time>2026-01-01T00:36:02.000Z</time>
</wpt>
<wpt lat="35.6497644" lon="139.3839490">
<time>2026-01-01T00:36:03.000Z</time>
</wpt>
<wpt lat="35.6496463" lon="139.3837504">
<time>2026-01-01T00:36:04.000Z</time>
</wpt>
<wpt lat="35.6495281" lon="139.3835519">
<time>2026-01-01T00:36:05.000Z</time>
</wpt>
<wpt lat="35.6494100" lon="139.3833533">
<time>2026-01-01T00:36:06.000Z</time>
</wpt>
<wpt lat="35.6492919" lon="139.3831547">
<time>2026-01-01T00:36:07.000Z</time>
</wpt>
<wpt lat="35.6491738" lon="139.3829562">
<time>2026-01-01T00:36:08.000Z</time>
</wpt>
<wpt lat="35.6490556" lon="139.3827576">
<time>2026-01-01T00:36:09.000Z</time>
</wpt>
<wpt lat="35.6489375" lon="139.3825591">
<time>2026-01-01T00:36:10.000Z</time>
</wpt>
<wpt lat="35.6488194" lon="139.3823605">
<time>2026-01-01T00:36:11.000Z</time>
</wpt>
<wpt lat="35.6487013" lon="139.3821620">
<time>2026-01-01T00:36:12.000Z</time>
</wpt>
<wpt lat="35.6485831" lon="139.3819634">
<time>2026-01-01T00:36:13.000Z</time>
</wpt>
<wpt lat="35.6484650" lon="139.3817649">
<time>2026-01-01T00:36:14.000Z</time>
</wpt>
<wpt lat="35.6483469" lon="139.3815663">
<time>2026-01-01T00:36:15.000Z</time>
</wpt>
<wpt lat="35.6482287" lon="139.3813678">
<time>2026-01-01T00:36:16.000Z</time>
</wpt>
<wpt lat="35.6481106" lon="139.3811692">
<time>2026-01-01T00:36:17.000Z</time>
</wpt>
<wpt lat="35.6479925" lon="139.3809706">
<time>2026-01-01T00:36:18.000Z</time>
</wpt>
<wpt lat="35.6478744" lon="139.3807721">
<time>2026-01-01T00:36:19.000Z</time>
</wpt>
<wpt lat="35.6477562" lon="139.3805735">
<time>2026-01-01T00:36:20.000Z</time>
</wpt>
<wpt lat="35.6476381" lon="139.3803750">
<time>2026-01-01T00:36:21.000Z</time>
</wpt>
<wpt lat="35.6475200" lon="139.3801764">
<time>2026-01-01T00:36:22.000Z</time>
</wpt>
<wpt lat="35.6474019" lon="139.3799779">
<time>2026-01-01T00:36:23.000Z</time>
</wpt>
<wpt lat="35.6473201" lon="139.3797697">
<time>2026-01-01T00:36:24.000Z</time>
</wpt>
<wpt lat="35.6472512" lon="139.3795581">
<time>2026-01-01T00:36:25.000Z</time>
</wpt>
<wpt lat="35.6471823" lon="139.3793464">
<time>2026-01-01T00:36:26.000Z</time>
</wpt>
<wpt lat="35.6471134" lon="139.3791348">
<time>2026-01-01T00:36:27.000Z</time>
</wpt>
<wpt lat="35.6470445" lon="139.3789232">
<time>2026-01-01T00:36:28.000Z</time>
</wpt>
<wpt lat="35.6469756" lon="139.3787116">
<time>2026-01-01T00:36:29.000Z</time>
</wpt>
<wpt lat="35.6469067" lon="139.3785000">
<time>2026-01-01T00:36:30.000Z</time>
</wpt>
<wpt lat="35.6468379" lon="139.3782884">
<time>2026-01-01T00:36:31.000Z</time>
</wpt>
<wpt lat="35.6467690" lon="139.3780768">
<time>2026-01-01T00:36:32.000Z</time>
</wpt>
<wpt lat="35.6467001" lon="139.3778652">
<time>2026-01-01T00:36:33.000Z</time>
</wpt>
<wpt lat="35.6466312" lon="139.3776536">
<time>2026-01-01T00:36:34.000Z</time>
</wpt>
<wpt lat="35.6465623" lon="139.3774420">
<time>2026-01-01T00:36:35.000Z</time>
</wpt>
<wpt lat="35.6464934" lon="139.3772303">
<time>2026-01-01T00:36:36.000Z</time>
</wpt>
<wpt lat="35.6464245" lon="139.3770187">
<time>2026-01-01T00:36:37.000Z</time>
</wpt>
<wpt lat="35.6463556" lon="139.3768071">
<time>2026-01-01T00:36:38.000Z</time>
</wpt>
<wpt lat="35.6462867" lon="139.3765955">
<time>2026-01-01T00:36:39.000Z</time>
</wpt>
<wpt lat="35.6462178" lon="139.3763839">
<time>2026-01-01T00:36:40.000Z</time>
</wpt>
<wpt lat="35.6461489" lon="139.3761723">
<time>2026-01-01T00:36:41.000Z</time>
</wpt>
<wpt lat="35.6460800" lon="139.3759607">
<time>2026-01-01T00:36:42.000Z</time>
</wpt>
<wpt lat="35.6460111" lon="139.3757491">
<time>2026-01-01T00:36:43.000Z</time>
</wpt>
<wpt lat="35.6459422" lon="139.3755375">
<time>2026-01-01T00:36:44.000Z</time>
</wpt>
<wpt lat="35.6458733" lon="139.3753259">
<time>2026-01-01T00:36:45.000Z</time>
</wpt>
<wpt lat="35.6458045" lon="139.3751143">
<time>2026-01-01T00:36:46.000Z</time>
</wpt>
<wpt lat="35.6457356" lon="139.3749026">
<time>2026-01-01T00:36:47.000Z</time>
</wpt>
<wpt lat="35.6456667" lon="139.3746910">
<time>2026-01-01T00:36:48.000Z</time>
</wpt>
<wpt lat="35.6455978" lon="139.3744794">
<time>2026-01-01T00:36:49.000Z</time>
</wpt>
<wpt lat="35.6455289" lon="139.3742678">
<time>2026-01-01T00:36:50.000Z</time>
</wpt>
<wpt lat="35.6454600" lon="139.3740562">
<time>2026-01-01T00:36:51.000Z</time>
</wpt>
<wpt lat="35.6453911" lon="139.3738446">
<time>2026-01-01T00:36:52.000Z</time>
</wpt>
<wpt lat="35.6453222" lon="139.3736330">
<time>2026-01-01T00:36:53.000Z</time>
</wpt>
<wpt lat="35.6452533" lon="139.3734214">
<time>2026-01-01T00:36:54.000Z</time>
</wpt>
<wpt lat="35.6451844" lon="139.3732098">
<time>2026-01-01T00:36:55.000Z</time>
</wpt>
<wpt lat="35.6451155" lon="139.3729982">
<time>2026-01-01T00:36:56.000Z</time>
</wpt>
<wpt lat="35.6450466" lon="139.3727865">
<time>2026-01-01T00:36:57.000Z</time>
</wpt>
<wpt lat="35.6449777" lon="139.3725749">
<time>2026-01-01T00:36:58.000Z</time>
</wpt>
<wpt lat="35.6449088" lon="139.3723633">
<time>2026-01-01T00:36:59.000Z</time>
</wpt>
<wpt lat="35.6448400" lon="139.3721517">
<time>2026-01-01T00:37:00.000Z</time>
</wpt>
<wpt lat="35.6447711" lon="139.3719401">
<time>2026-01-01T00:37:01.000Z</time>
</wpt>
<wpt lat="35.6447022" lon="139.3717285">
<time>2026-01-01T00:37:02.000Z</time>
</wpt>
<wpt lat="35.6446333" lon="139.3715169">
<time>2026-01-01T00:37:03.000Z</time>
</wpt>
<wpt lat="35.6445644" lon="139.3713053">
<time>2026-01-01T00:37:04.000Z</time>
</wpt>
<wpt lat="35.6444955" lon="139.3710937">
<time>2026-01-01T00:37:05.000Z</time>
</wpt>
<wpt lat="35.6444266" lon="139.3708821">
<time>2026-01-01T00:37:06.000Z</time>
</wpt>
<wpt lat="35.6443577" lon="139.3706705">
<time>2026-01-01T00:37:07.000Z</time>
</wpt>
<wpt lat="35.6442888" lon="139.3704588">
<time>2026-01-01T00:37:08.000Z</time>
</wpt>
<wpt lat="35.6442199" lon="139.3702472">
<time>2026-01-01T00:37:09.000Z</time>
</wpt>
<wpt lat="35.6441510" lon="139.3700356">
<time>2026-01-01T00:37:10.000Z</time>
</wpt>
<wpt lat="35.6440821" lon="139.3698240">
<time>2026-01-01T00:37:11.000Z</time>
</wpt>
<wpt lat="35.6440132" lon="139.3696124">
<time>2026-01-01T00:37:12.000Z</time>
</wpt>
<wpt lat="35.6439443" lon="139.3694008">
<time>2026-01-01T00:37:13.000Z</time>
</wpt>
<wpt lat="35.6438755" lon="139.3691892">
<time>2026-01-01T00:37:14.000Z</time>
</wpt>
<wpt lat="35.6438066" lon="139.3689776">
<time>2026-01-01T00:37:15.000Z</time>
</wpt>
<wpt lat="35.6437377" lon="139.3687660">
<time>2026-01-01T00:37:16.000Z</time>
</wpt>
<wpt lat="35.6436688" lon="139.3685544">
<time>2026-01-01T00:37:17.000Z</time>
</wpt>
<wpt lat="35.6435999" lon="139.3683427">
<time>2026-01-01T00:37:18.000Z</time>
</wpt>
<wpt lat="35.6435310" lon="139.3681311">
<time>2026-01-01T00:37:19.000Z</time>
</wpt>
<wpt lat="35.6434621" lon="139.3679195">
<time>2026-01-01T00:37:20.000Z</time>
</wpt>
<wpt lat="35.6433932" lon="139.3677079">
<time>2026-01-01T00:37:21.000Z</time>
</wpt>
<wpt lat="35.6433243" lon="139.3674963">
<time>2026-01-01T00:37:22.000Z</time>
</wpt>
<wpt lat="35.6432554" lon="139.3672847">
<time>2026-01-01T00:37:23.000Z</time>
</wpt>
<wpt lat="35.6431865" lon="139.3670731">
<time>2026-01-01T00:37:24.000Z</time>
</wpt>
<wpt lat="35.6431176" lon="139.3668615">
<time>2026-01-01T00:37:25.000Z</time>
</wpt>
<wpt lat="35.6430487" lon="139.3666499">
<time>2026-01-01T00:37:26.000Z</time>
</wpt>
<wpt lat="35.6429798" lon="139.3664383">
<time>2026-01-01T00:37:27.000Z</time>
</wpt>
<wpt lat="35.6429110" lon="139.3662267">
<time>2026-01-01T00:37:28.000Z</time>
</wpt>
<wpt lat="35.6428421" lon="139.3660150">
<time>2026-01-01T00:37:29.000Z</time>
</wpt>
<wpt lat="35.6427957" lon="139.3657972">
<time>2026-01-01T00:37:30.000Z</time>
</wpt>
<wpt lat="35.6428315" lon="139.3655566">
<time>2026-01-01T00:37:31.000Z</time>
</wpt>
<wpt lat="35.6428673" lon="139.3653161">
<time>2026-01-01T00:37:32.000Z</time>
</wpt>
<wpt lat="35.6429031" lon="139.3650755">
<time>2026-01-01T00:37:33.000Z</time>
</wpt>
<wpt lat="35.6429389" lon="139.3648350">
<time>2026-01-01T00:37:34.000Z</time>
</wpt>
<wpt lat="35.6429748" lon="139.3645944">
<time>2026-01-01T00:37:35.000Z</time>
</wpt>
<wpt lat="35.6430106" lon="139.3643538">
<time>2026-01-01T00:37:36.000Z</time>
</wpt>
<wpt lat="35.6430464" lon="139.3641133">
<time>2026-01-01T00:37:37.000Z</time>
</wpt>
<wpt lat="35.6430822" lon="139.3638727">
<time>2026-01-01T00:37:38.000Z</time>
</wpt>
<wpt lat="35.6431180" lon="139.3636322">
<time>2026-01-01T00:37:39.000Z</time>
</wpt>
<wpt lat="35.6431538" lon="139.3633916">
<time>2026-01-01T00:37:40.000Z</time>
</wpt>
<wpt lat="35.6431896" lon="139.3631510">
<time>2026-01-01T00:37:41.000Z</time>
</wpt>
<wpt lat="35.6432254" lon="139.3629105">
<time>2026-01-01T00:37:42.000Z</time>
</wpt>
<wpt lat="35.6432612" lon="139.3626699">
<time>2026-01-01T00:37:43.000Z</time>
</wpt>
<wpt lat="35.6432970" lon="139.3624294">
<time>2026-01-01T00:37:44.000Z</time>
</wpt>
<wpt lat="35.6433328" lon="139.3621888">
<time>2026-01-01T00:37:45.000Z</time>
</wpt>
<wpt lat="35.6433686" lon="139.3619482">
<time>2026-01-01T00:37:46.000Z</time>
</wpt>
<wpt lat="35.6434045" lon="139.3617077">
<time>2026-01-01T00:37:47.000Z</time>
</wpt>
<wpt lat="35.6434403" lon="139.3614671">
<time>2026-01-01T00:37:48.000Z</time>
</wpt>
<wpt lat="35.6434761" lon="139.3612266">
<time>2026-01-01T00:37:49.000Z</time>
</wpt>
<wpt lat="35.6435119" lon="139.3609860">
<time>2026-01-01T00:37:50.000Z</time>
</wpt>
<wpt lat="35.6435477" lon="139.3607454">
<time>2026-01-01T00:37:51.000Z</time>
</wpt>
<wpt lat="35.6435835" lon="139.3605049">
<time>2026-01-01T00:37:52.000Z</time>
</wpt>
<wpt lat="35.6436193" lon="139.3602643">
<time>2026-01-01T00:37:53.000Z</time>
</wpt>
<wpt lat="35.6436551" lon="139.3600238">
<time>2026-01-01T00:37:54.000Z</time>
</wpt>
<wpt lat="35.6436909" lon="139.3597832">
<time>2026-01-01T00:37:55.000Z</time>
</wpt>
<wpt lat="35.6437267" lon="139.3595426">
<time>2026-01-01T00:37:56.000Z</time>
</wpt>
<wpt lat="35.6437625" lon="139.3593021">
<time>2026-01-01T00:37:57.000Z</time>
</wpt>
<wpt lat="35.6437984" lon="139.3590615">
<time>2026-01-01T00:37:58.000Z</time>
</wpt>
<wpt lat="35.6438342" lon="139.3588210">
<time>2026-01-01T00:37:59.000Z</time>
</wpt>
<wpt lat="35.6438700" lon="139.3585804">
<time>2026-01-01T00:38:00.000Z</time>
</wpt>
<wpt lat="35.6439058" lon="139.3583398">
<time>2026-01-01T00:38:01.000Z</time>
</wpt>
<wpt lat="35.6439416" lon="139.3580993">
<time>2026-01-01T00:38:02.000Z</time>
</wpt>
<wpt lat="35.6439774" lon="139.3578587">
<time>2026-01-01T00:38:03.000Z</time>
</wpt>
<wpt lat="35.6440132" lon="139.3576182">
<time>2026-01-01T00:38:04.000Z</time>
</wpt>
<wpt lat="35.6440490" lon="139.3573776">
<time>2026-01-01T00:38:05.000Z</time>
</wpt>
<wpt lat="35.6440834" lon="139.3571467">
<time>2026-01-01T00:38:06.000Z</time>
</wpt>
<wpt lat="35.6441163" lon="139.3569253">
<time>2026-01-01T00:38:07.000Z</time>
</wpt>
<wpt lat="35.6441479" lon="139.3567136">
<time>2026-01-01T00:38:08.000Z</time>
</wpt>
<wpt lat="35.6441779" lon="139.3565115">
<time>2026-01-01T00:38:09.000Z</time>
</wpt>
<wpt lat="35.6442066" lon="139.3563191">
<time>2026-01-01T00:38:10.000Z</time>
</wpt>
<wpt lat="35.6442338" lon="139.3561362">
<time>2026-01-01T00:38:11.000Z</time>
</wpt>
<wpt lat="35.6442596" lon="139.3559629">
<time>2026-01-01T00:38:12.000Z</time>
</wpt>
<wpt lat="35.6442840" lon="139.3557993">
<time>2026-01-01T00:38:13.000Z</time>
</wpt>
<wpt lat="35.6443069" lon="139.3556453">
<time>2026-01-01T00:38:14.000Z</time>
</wpt>
<wpt lat="35.6443284" lon="139.3555009">
<time>2026-01-01T00:38:15.000Z</time>
</wpt>
<wpt lat="35.6443484" lon="139.3553661">
<time>2026-01-01T00:38:16.000Z</time>
</wpt>
<wpt lat="35.6443671" lon="139.3552410">
<time>2026-01-01T00:38:17.000Z</time>
</wpt>
<wpt lat="35.6443843" lon="139.3551254">
<time>2026-01-01T00:38:18.000Z</time>
</wpt>
<wpt lat="35.6444000" lon="139.3550195">
<time>2026-01-01T00:38:19.000Z</time>
</wpt>
<wpt lat="35.6444144" lon="139.3549232">
<time>2026-01-01T00:38:20.000Z</time>
</wpt>
<wpt lat="35.6444273" lon="139.3548365">
<time>2026-01-01T00:38:21.000Z</time>
</wpt>
<wpt lat="35.6444387" lon="139.3547594">
<time>2026-01-01T00:38:22.000Z</time>
</wpt>
<wpt lat="35.6444488" lon="139.3546920">
<time>2026-01-01T00:38:23.000Z</time>
</wpt>
<wpt lat="35.6444574" lon="139.3546341">
<time>2026-01-01T00:38:24.000Z</time>
</wpt>
<wpt lat="35.6444646" lon="139.3545859">
<time>2026-01-01T00:38:25.000Z</time>
</wpt>
<wpt lat="35.6444703" lon="139.3545473">
<time>2026-01-01T00:38:26.000Z</time>
</wpt>
<wpt lat="35.6444746" lon="139.3545183">
<time>2026-01-01T00:38:27.000Z</time>
</wpt>
<wpt lat="35.6444775" lon="139.3544989">
<time>2026-01-01T00:38:28.000Z</time>
</wpt>
<wpt lat="35.6444790" lon="139.3544891">
<time>2026-01-01T00:38:29.000Z</time>
</wpt>
<wpt lat="35.6444790" lon="139.3544890">
<time>2026-01-01T00:38:30.000Z</time>
</wpt>
<wpt lat="35.6444790" lon="139.3544890">
<time>2026-01-01T00:38:31.000Z</time>
</wpt>
<wpt lat="35.6444790" lon="139.3544890">
<time>2026-01-01T00:38:32.000Z</time>
</wpt>
<wpt lat="35.6444790" lon="139.3544890">
<time>2026-01-01T00:38:33.000Z</time>
</wpt>
<wpt lat="35.6444790" lon="139.3544890">
<time>2026-01-01T00:38:34.000Z</time>
</wpt>
<wpt lat="35.6444790" lon="139.3544890">
<time>2026-01-01T00:38:35.000Z</time>
</wpt>
<wpt lat="35.6444790" lon="139.3544890">
<time>2026-01-01T00:38:36.000Z</time>
</wpt>
<wpt lat="35.6444790" lon="139.3544890">
<time>2026-01-01T00:38:37.000Z</time>
</wpt>
<wpt lat="35.6444790" lon="139.3544890">
<time>2026-01-01T00:38:38.000Z</time>
</wpt>
<wpt lat="35.6444790" lon="139.3544890">
<time>2026-01-01T00:38:39.000Z</time>
</wpt>
<wpt lat="35.6444790" lon="139.3544890">
<time>2026-01-01T00:38:40.000Z</time>
</wpt>
<wpt lat="35.6444790" lon="139.3544890">
<time>2026-01-01T00:38:41.000Z</time>
</wpt>
<wpt lat="35.6444790" lon="139.3544890">
<time>2026-01-01T00:38:42.000Z</time>
</wpt>
<wpt lat="35.6444790" lon="139.3544890">
<time>2026-01-01T00:38:43.000Z</time>
</wpt>
<wpt lat="35.6444790" lon="139.3544890">
<time>2026-01-01T00:38:44.000Z</time>
</wpt>
<wpt lat="35.6444790" lon="139.3544890">
<time>2026-01-01T00:38:45.000Z</time>
</wpt>
<wpt lat="35.6444790" lon="139.3544890">
<time>2026-01-01T00:38:46.000Z</time>
</wpt>
<wpt lat="35.6444790" lon="139.3544890">
<time>2026-01-01T00:38:47.000Z</time>
</wpt>
<wpt lat="35.6444790" lon="139.3544890">
<time>2026-01-01T00:38:48.000Z</time>
</wpt>
<wpt lat="35.6444790" lon="139.3544890">
<time>2026-01-01T00:38:49.000Z</time>
</wpt>
<wpt lat="35.6444790" lon="139.3544890">
<time>2026-01-01T00:38:50.000Z</time>
</wpt>
<wpt lat="35.6444790" lon="139.3544890">
<time>2026-01-01T00:38:51.000Z</time>
</wpt>
<wpt lat="35.6444790" lon="139.3544890">
<time>2026-01-01T00:38:52.000Z</time>
</wpt>
<wpt lat="35.6444790" lon="139.3544890">
<time>2026-01-01T00:38:53.000Z</time>
</wpt>
<wpt lat="35.6444790" lon="139.3544890">
<time>2026-01-01T00:38:54.000Z</time>
</wpt>
<wpt lat="35.6444790" lon="139.3544890">
<time>2026-01-01T00:38:55.000Z</time>
</wpt>
<wpt lat="35.6444790" lon="139.3544890">
<time>2026-01-01T00:38:56.000Z</time>
</wpt>
<wpt lat="35.6444790" lon="139.3544890">
<time>2026-01-01T00:38:57.000Z</time>
</wpt>
<wpt lat="35.6444790" lon="139.3544890">
<time>2026-01-01T00:38:58.000Z</time>
</wpt>
<wpt lat="35.6444790" lon="139.3544890">
<time>2026-01-01T00:38:59.000Z</time>
</wpt>
<wpt lat="35.6444790" lon="139.3544890">
<time>2026-01-01T00:39:00.000Z</time>
</wpt>
<wpt lat="35.6444790" lon="139.3544890">
<time>2026-01-01T00:39:01.000Z</time>
</wpt>
<wpt lat="35.6444790" lon="139.3544890">
<time>2026-01-01T00:39:02.000Z</time>
</wpt>
<wpt lat="35.6444790" lon="139.3544890">
<time>2026-01-01T00:39:03.000Z</time>
</wpt>
<wpt lat="35.6444790" lon="139.3544890">
<time>2026-01-01T00:39:04.000Z</time>
</wpt>
<wpt lat="35.6444790" lon="139.3544890">
<time>2026-01-01T00:39:05.000Z</time>
</wpt>
<wpt lat="35.6444790" lon="139.3544890">
<time>2026-01-01T00:39:06.000Z</time>
</wpt>
<wpt lat="35.6444790" lon="139.3544890">
<time>2026-01-01T00:39:07.000Z</time>
</wpt>
<wpt lat="35.6444839" lon="139.3544850">
<time>2026-01-01T00:39:08.000Z</time>
</wpt>
<wpt lat="35.6444938" lon="139.3544769">
<time>2026-01-01T00:39:09.000Z</time>
</wpt>
<wpt lat="35.6445085" lon="139.3544647">
<time>2026-01-01T00:39:10.000Z</time>
</wpt>
<wpt lat="35.6445282" lon="139.3544485">
<time>2026-01-01T00:39:11.000Z</time>
</wpt>
<wpt lat="35.6445528" lon="139.3544283">
<time>2026-01-01T00:39:12.000Z</time>
</wpt>
<wpt lat="35.6445824" lon="139.3544040">
<time>2026-01-01T00:39:13.000Z</time>
</wpt>
<wpt lat="35.6446168" lon="139.3543757">
<time>2026-01-01T00:39:14.000Z</time>
</wpt>
<wpt lat="35.6446562" lon="139.3543433">
<time>2026-01-01T00:39:15.000Z</time>
</wpt>
<wpt lat="35.6447005" lon="139.3543068">
<time>2026-01-01T00:39:16.000Z</time>
</wpt>
<wpt lat="35.6447497" lon="139.3542664">
<time>2026-01-01T00:39:17.000Z</time>
</wpt>
<wpt lat="35.6448039" lon="139.3542218">
<time>2026-01-01T00:39:18.000Z</time>
</wpt>
<wpt lat="35.6448630" lon="139.3541733">
<time>2026-01-01T00:39:19.000Z</time>
</wpt>
<wpt lat="35.6449270" lon="139.3541206">
<time>2026-01-01T00:39:20.000Z</time>
</wpt>
<wpt lat="35.6449959" lon="139.3540640">
<time>2026-01-01T00:39:21.000Z</time>
</wpt>
<wpt lat="35.6450697" lon="139.3540033">
<time>2026-01-01T00:39:22.000Z</time>
</wpt>
<wpt lat="35.6451485" lon="139.3539385">
<time>2026-01-01T00:39:23.000Z</time>
</wpt>
<wpt lat="35.6452322" lon="139.3538697">
<time>2026-01-01T00:39:24.000Z</time>
</wpt>
<wpt lat="35.6453208" lon="139.3537968">
<time>2026-01-01T00:39:25.000Z</time>
</wpt>
<wpt lat="35.6454143" lon="139.3537199">
<time>2026-01-01T00:39:26.000Z</time>
</wpt>
<wpt lat="35.6455127" lon="139.3536390">
<time>2026-01-01T00:39:27.000Z</time>
</wpt>
<wpt lat="35.6456161" lon="139.3535540">
<time>2026-01-01T00:39:28.000Z</time>
</wpt>
<wpt lat="35.6457244" lon="139.3534649">
<time>2026-01-01T00:39:29.000Z</time>
</wpt>
<wpt lat="35.6458376" lon="139.3533718">
<time>2026-01-01T00:39:30.000Z</time>
</wpt>
<wpt lat="35.6459558" lon="139.3532747">
<time>2026-01-01T00:39:31.000Z</time>
</wpt>
<wpt lat="35.6460788" lon="139.3531735">
<time>2026-01-01T00:39:32.000Z</time>
</wpt>
<wpt lat="35.6462068" lon="139.3530682">
<time>2026-01-01T00:39:33.000Z</time>
</wpt>
<wpt lat="35.6463397" lon="139.3529589">
<time>2026-01-01T00:39:34.000Z</time>
</wpt>
<wpt lat="35.6464776" lon="139.3528456">
<time>2026-01-01T00:39:35.000Z</time>
</wpt>
<wpt lat="35.6466203" lon="139.3527282">
<time>2026-01-01T00:39:36.000Z</time>
</wpt>
<wpt lat="35.6467680" lon="139.3526068">
<time>2026-01-01T00:39:37.000Z</time>
</wpt>
<wpt lat="35.6469173" lon="139.3524840">
<time>2026-01-01T00:39:38.000Z</time>
</wpt>
<wpt lat="35.6470667" lon="139.3523612">
<time>2026-01-01T00:39:39.000Z</time>
</wpt>
<wpt lat="35.6472160" lon="139.3522384">
<time>2026-01-01T00:39:40.000Z</time>
</wpt>
<wpt lat="35.6473653" lon="139.3521156">
<time>2026-01-01T00:39:41.000Z</time>
</wpt>
<wpt lat="35.6475147" lon="139.3519928">
<time>2026-01-01T00:39:42.000Z</time>
</wpt>
<wpt lat="35.6476640" lon="139.3518700">
<time>2026-01-01T00:39:43.000Z</time>
</wpt>
<wpt lat="35.6478134" lon="139.3517472">
<time>2026-01-01T00:39:44.000Z</time>
</wpt>
<wpt lat="35.6479627" lon="139.3516244">
<time>2026-01-01T00:39:45.000Z</time>
</wpt>
<wpt lat="35.6481120" lon="139.3515016">
<time>2026-01-01T00:39:46.000Z</time>
</wpt>
<wpt lat="35.6482614" lon="139.3513788">
<time>2026-01-01T00:39:47.000Z</time>
</wpt>
<wpt lat="35.6484107" lon="139.3512560">
<time>2026-01-01T00:39:48.000Z</time>
</wpt>
<wpt lat="35.6485600" lon="139.3511332">
<time>2026-01-01T00:39:49.000Z</time>
</wpt>
<wpt lat="35.6487094" lon="139.3510104">
<time>2026-01-01T00:39:50.000Z</time>
</wpt>
<wpt lat="35.6488587" lon="139.3508876">
<time>2026-01-01T00:39:51.000Z</time>
</wpt>
<wpt lat="35.6490080" lon="139.3507648">
<time>2026-01-01T00:39:52.000Z</time>
</wpt>
<wpt lat="35.6491574" lon="139.3506420">
<time>2026-01-01T00:39:53.000Z</time>
</wpt>
<wpt lat="35.6493067" lon="139.3505192">
<time>2026-01-01T00:39:54.000Z</time>
</wpt>
<wpt lat="35.6494560" lon="139.3503964">
<time>2026-01-01T00:39:55.000Z</time>
</wpt>
<wpt lat="35.6496054" lon="139.3502736">
<time>2026-01-01T00:39:56.000Z</time>
</wpt>
<wpt lat="35.6497547" lon="139.3501508">
<time>2026-01-01T00:39:57.000Z</time>
</wpt>
<wpt lat="35.6499040" lon="139.3500280">
<time>2026-01-01T00:39:58.000Z</time>
</wpt>
<wpt lat="35.6500534" lon="139.3499052">
<time>2026-01-01T00:39:59.000Z</time>
</wpt>
<wpt lat="35.6502027" lon="139.3497824">
<time>2026-01-01T00:40:00.000Z</time>
</wpt>
<wpt lat="35.6503520" lon="139.3496596">
<time>2026-01-01T00:40:01.000Z</time>
</wpt>
<wpt lat="35.6505014" lon="139.3495368">
<time>2026-01-01T00:40:02.000Z</time>
</wpt>
<wpt lat="35.6506507" lon="139.3494140">
<time>2026-01-01T00:40:03.000Z</time>
</wpt>
<wpt lat="35.6508001" lon="139.3492912">
<time>2026-01-01T00:40:04.000Z</time>
</wpt>
<wpt lat="35.6509494" lon="139.3491684">
<time>2026-01-01T00:40:05.000Z</time>
</wpt>
<wpt lat="35.6510987" lon="139.3490457">
<time>2026-01-01T00:40:06.000Z</time>
</wpt>
<wpt lat="35.6512481" lon="139.3489229">
<time>2026-01-01T00:40:07.000Z</time>
</wpt>
<wpt lat="35.6513974" lon="139.3488001">
<time>2026-01-01T00:40:08.000Z</time>
</wpt>
<wpt lat="35.6515467" lon="139.3486773">
<time>2026-01-01T00:40:09.000Z</time>
</wpt>
<wpt lat="35.6516961" lon="139.3485545">
<time>2026-01-01T00:40:10.000Z</time>
</wpt>
<wpt lat="35.6518454" lon="139.3484317">
<time>2026-01-01T00:40:11.000Z</time>
</wpt>
<wpt lat="35.6519947" lon="139.3483089">
<time>2026-01-01T00:40:12.000Z</time>
</wpt>
<wpt lat="35.6521441" lon="139.3481861">
<time>2026-01-01T00:40:13.000Z</time>
</wpt>
<wpt lat="35.6522934" lon="139.3480633">
<time>2026-01-01T00:40:14.000Z</time>
</wpt>
<wpt lat="35.6524427" lon="139.3479405">
<time>2026-01-01T00:40:15.000Z</time>
</wpt>
<wpt lat="35.6525921" lon="139.3478177">
<time>2026-01-01T00:40:16.000Z</time>
</wpt>
<wpt lat="35.6527414" lon="139.3476949">
<time>2026-01-01T00:40:17.000Z</time>
</wpt>
<wpt lat="35.6528907" lon="139.3475721">
<time>2026-01-01T00:40:18.000Z</time>
</wpt>
<wpt lat="35.6530401" lon="139.3474493">
<time>2026-01-01T00:40:19.000Z</time>
</wpt>
<wpt lat="35.6531894" lon="139.3473265">
<time>2026-01-01T00:40:20.000Z</time>
</wpt>
<wpt lat="35.6533387" lon="139.3472037">
<time>2026-01-01T00:40:21.000Z</time>
</wpt>
<wpt lat="35.6534881" lon="139.3470809">
<time>2026-01-01T00:40:22.000Z</time>
</wpt>
<wpt lat="35.6536374" lon="139.3469581">
<time>2026-01-01T00:40:23.000Z</time>
</wpt>
<wpt lat="35.6537868" lon="139.3468353">
<time>2026-01-01T00:40:24.000Z</time>
</wpt>
<wpt lat="35.6539361" lon="139.3467125">
<time>2026-01-01T00:40:25.000Z</time>
</wpt>
<wpt lat="35.6540854" lon="139.3465897">
<time>2026-01-01T00:40:26.000Z</time>
</wpt>
<wpt lat="35.6542348" lon="139.3464669">
<time>2026-01-01T00:40:27.000Z</time>
</wpt>
<wpt lat="35.6543841" lon="139.3463441">
<time>2026-01-01T00:40:28.000Z</time>
</wpt>
<wpt lat="35.6545334" lon="139.3462213">
<time>2026-01-01T00:40:29.000Z</time>
</wpt>
<wpt lat="35.6546828" lon="139.3460985">
<time>2026-01-01T00:40:30.000Z</time>
</wpt>
<wpt lat="35.6548321" lon="139.3459757">
<time>2026-01-01T00:40:31.000Z</time>
</wpt>
<wpt lat="35.6549814" lon="139.3458529">
<time>2026-01-01T00:40:32.000Z</time>
</wpt>
<wpt lat="35.6551308" lon="139.3457301">
<time>2026-01-01T00:40:33.000Z</time>
</wpt>
<wpt lat="35.6552801" lon="139.3456073">
<time>2026-01-01T00:40:34.000Z</time>
</wpt>
<wpt lat="35.6554294" lon="139.3454845">
<time>2026-01-01T00:40:35.000Z</time>
</wpt>
<wpt lat="35.6555788" lon="139.3453617">
<time>2026-01-01T00:40:36.000Z</time>
</wpt>
<wpt lat="35.6557281" lon="139.3452389">
<time>2026-01-01T00:40:37.000Z</time>
</wpt>
<wpt lat="35.6558711" lon="139.3451213">
<time>2026-01-01T00:40:38.000Z</time>
</wpt>
<wpt lat="35.6560078" lon="139.3450090">
<time>2026-01-01T00:40:39.000Z</time>
</wpt>
<wpt lat="35.6561381" lon="139.3449018">
<time>2026-01-01T00:40:40.000Z</time>
</wpt>
<wpt lat="35.6562622" lon="139.3447998">
<time>2026-01-01T00:40:41.000Z</time>
</wpt>
<wpt lat="35.6563798" lon="139.3447030">
<time>2026-01-01T00:40:42.000Z</time>
</wpt>
<wpt lat="35.6564912" lon="139.3446114">
<time>2026-01-01T00:40:43.000Z</time>
</wpt>
<wpt lat="35.6565962" lon="139.3445251">
<time>2026-01-01T00:40:44.000Z</time>
</wpt>
<wpt lat="35.6566949" lon="139.3444439">
<time>2026-01-01T00:40:45.000Z</time>
</wpt>
<wpt lat="35.6567873" lon="139.3443680">
<time>2026-01-01T00:40:46.000Z</time>
</wpt>
<wpt lat="35.6568734" lon="139.3442972">
<time>2026-01-01T00:40:47.000Z</time>
</wpt>
<wpt lat="35.6569531" lon="139.3442317">
<time>2026-01-01T00:40:48.000Z</time>
</wpt>
<wpt lat="35.6570265" lon="139.3441713">
<time>2026-01-01T00:40:49.000Z</time>
</wpt>
<wpt lat="35.6570935" lon="139.3441162">
<time>2026-01-01T00:40:50.000Z</time>
</wpt>
<wpt lat="35.6571543" lon="139.3440662">
<time>2026-01-01T00:40:51.000Z</time>
</wpt>
<wpt lat="35.6572087" lon="139.3440215">
<time>2026-01-01T00:40:52.000Z</time>
</wpt>
<wpt lat="35.6572567" lon="139.3439820">
<time>2026-01-01T00:40:53.000Z</time>
</wpt>
<wpt lat="35.6572985" lon="139.3439477">
<time>2026-01-01T00:40:54.000Z</time>
</wpt>
<wpt lat="35.6573339" lon="139.3439185">
<time>2026-01-01T00:40:55.000Z</time>
</wpt>
<wpt lat="35.6573630" lon="139.3438946">
<time>2026-01-01T00:40:56.000Z</time>
</wpt>
<wpt lat="35.6573857" lon="139.3438759">
<time>2026-01-01T00:40:57.000Z</time>
</wpt>
<wpt lat="35.6574021" lon="139.3438624">
<time>2026-01-01T00:40:58.000Z</time>
</wpt>
<wpt lat="35.6574122" lon="139.3438541">
<time>2026-01-01T00:40:59.000Z</time>
</wpt>
<wpt lat="35.6574160" lon="139.3438510">
<time>2026-01-01T00:41:00.000Z</time>
</wpt>
<wpt lat="35.6574160" lon="139.3438510">
<time>2026-01-01T00:41:01.000Z</time>
</wpt>
</gpx>
