<?xml version="1.0" encoding="UTF-8"?>
<gpx version="1.1" creator="TrainLCD scripts/generate-location-gpx.mjs" xmlns="http://www.topografix.com/GPX/1/1">
<wpt lat="39.7016830" lon="141.1363690">
<time>2026-01-01T00:00:00.000Z</time>
</wpt>
<wpt lat="39.7016742" lon="141.1363701">
<time>2026-01-01T00:00:01.000Z</time>
</wpt>
<wpt lat="39.7016565" lon="141.1363724">
<time>2026-01-01T00:00:02.000Z</time>
</wpt>
<wpt lat="39.7016300" lon="141.1363757">
<time>2026-01-01T00:00:03.000Z</time>
</wpt>
<wpt lat="39.7015946" lon="141.1363802">
<time>2026-01-01T00:00:04.000Z</time>
</wpt>
<wpt lat="39.7015504" lon="141.1363858">
<time>2026-01-01T00:00:05.000Z</time>
</wpt>
<wpt lat="39.7014974" lon="141.1363925">
<time>2026-01-01T00:00:06.000Z</time>
</wpt>
<wpt lat="39.7014355" lon="141.1364003">
<time>2026-01-01T00:00:07.000Z</time>
</wpt>
<wpt lat="39.7013648" lon="141.1364092">
<time>2026-01-01T00:00:08.000Z</time>
</wpt>
<wpt lat="39.7012853" lon="141.1364193">
<time>2026-01-01T00:00:09.000Z</time>
</wpt>
<wpt lat="39.7011969" lon="141.1364305">
<time>2026-01-01T00:00:10.000Z</time>
</wpt>
<wpt lat="39.7010997" lon="141.1364428">
<time>2026-01-01T00:00:11.000Z</time>
</wpt>
<wpt lat="39.7009936" lon="141.1364562">
<time>2026-01-01T00:00:12.000Z</time>
</wpt>
<wpt lat="39.7008787" lon="141.1364707">
<time>2026-01-01T00:00:13.000Z</time>
</wpt>
<wpt lat="39.7007550" lon="141.1364864">
<time>2026-01-01T00:00:14.000Z</time>
</wpt>
<wpt lat="39.7006224" lon="141.1365032">
<time>2026-01-01T00:00:15.000Z</time>
</wpt>
<wpt lat="39.7004810" lon="141.1365210">
<time>2026-01-01T00:00:16.000Z</time>
</wpt>
<wpt lat="39.7003308" lon="141.1365401">
<time>2026-01-01T00:00:17.000Z</time>
</wpt>
<wpt lat="39.7001717" lon="141.1365602">
<time>2026-01-01T00:00:18.000Z</time>
</wpt>
<wpt lat="39.7000037" lon="141.1365814">
<time>2026-01-01T00:00:19.000Z</time>
</wpt>
<wpt lat="39.6998270" lon="141.1366038">
<time>2026-01-01T00:00:20.000Z</time>
</wpt>
<wpt lat="39.6996414" lon="141.1366273">
<time>2026-01-01T00:00:21.000Z</time>
</wpt>
<wpt lat="39.6994469" lon="141.1366519">
<time>2026-01-01T00:00:22.000Z</time>
</wpt>
<wpt lat="39.6992437" lon="141.1366776">
<time>2026-01-01T00:00:23.000Z</time>
</wpt>
<wpt lat="39.6990316" lon="141.1367044">
<time>2026-01-01T00:00:24.000Z</time>
</wpt>
<wpt lat="39.6988106" lon="141.1367324">
<time>2026-01-01T00:00:25.000Z</time>
</wpt>
<wpt lat="39.6985808" lon="141.1367614">
<time>2026-01-01T00:00:26.000Z</time>
</wpt>
<wpt lat="39.6983422" lon="141.1367916">
<time>2026-01-01T00:00:27.000Z</time>
</wpt>
<wpt lat="39.6980947" lon="141.1368229">
<time>2026-01-01T00:00:28.000Z</time>
</wpt>
<wpt lat="39.6978384" lon="141.1368553">
<time>2026-01-01T00:00:29.000Z</time>
</wpt>
<wpt lat="39.6975733" lon="141.1368889">
<time>2026-01-01T00:00:30.000Z</time>
</wpt>
<wpt lat="39.6972993" lon="141.1369235">
<time>2026-01-01T00:00:31.000Z</time>
</wpt>
<wpt lat="39.6970164" lon="141.1369593">
<time>2026-01-01T00:00:32.000Z</time>
</wpt>
<wpt lat="39.6967248" lon="141.1369962">
<time>2026-01-01T00:00:33.000Z</time>
</wpt>
<wpt lat="39.6964243" lon="141.1370342">
<time>2026-01-01T00:00:34.000Z</time>
</wpt>
<wpt lat="39.6961150" lon="141.1370733">
<time>2026-01-01T00:00:35.000Z</time>
</wpt>
<wpt lat="39.6957968" lon="141.1371136">
<time>2026-01-01T00:00:36.000Z</time>
</wpt>
<wpt lat="39.6954698" lon="141.1371550">
<time>2026-01-01T00:00:37.000Z</time>
</wpt>
<wpt lat="39.6951339" lon="141.1371974">
<time>2026-01-01T00:00:38.000Z</time>
</wpt>
<wpt lat="39.6947892" lon="141.1372410">
<time>2026-01-01T00:00:39.000Z</time>
</wpt>
<wpt lat="39.6944357" lon="141.1372858">
<time>2026-01-01T00:00:40.000Z</time>
</wpt>
<wpt lat="39.6940733" lon="141.1373316">
<time>2026-01-01T00:00:41.000Z</time>
</wpt>
<wpt lat="39.6937021" lon="141.1373786">
<time>2026-01-01T00:00:42.000Z</time>
</wpt>
<wpt lat="39.6933221" lon="141.1374266">
<time>2026-01-01T00:00:43.000Z</time>
</wpt>
<wpt lat="39.6929332" lon="141.1374758">
<time>2026-01-01T00:00:44.000Z</time>
</wpt>
<wpt lat="39.6925355" lon="141.1375261">
<time>2026-01-01T00:00:45.000Z</time>
</wpt>
<wpt lat="39.6921289" lon="141.1375776">
<time>2026-01-01T00:00:46.000Z</time>
</wpt>
<wpt lat="39.6917136" lon="141.1376301">
<time>2026-01-01T00:00:47.000Z</time>
</wpt>
<wpt lat="39.6912893" lon="141.1376838">
<time>2026-01-01T00:00:48.000Z</time>
</wpt>
<wpt lat="39.6908563" lon="141.1377386">
<time>2026-01-01T00:00:49.000Z</time>
</wpt>
<wpt lat="39.6904143" lon="141.1377945">
<time>2026-01-01T00:00:50.000Z</time>
</wpt>
<wpt lat="39.6899636" lon="141.1378515">
<time>2026-01-01T00:00:51.000Z</time>
</wpt>
<wpt lat="39.6895040" lon="141.1379096">
<time>2026-01-01T00:00:52.000Z</time>
</wpt>
<wpt lat="39.6890356" lon="141.1379689">
<time>2026-01-01T00:00:53.000Z</time>
</wpt>
<wpt lat="39.6885583" lon="141.1380292">
<time>2026-01-01T00:00:54.000Z</time>
</wpt>
<wpt lat="39.6880722" lon="141.1380907">
<time>2026-01-01T00:00:55.000Z</time>
</wpt>
<wpt lat="39.6875773" lon="141.1381533">
<time>2026-01-01T00:00:56.000Z</time>
</wpt>
<wpt lat="39.6870735" lon="141.1382171">
<time>2026-01-01T00:00:57.000Z</time>
</wpt>
<wpt lat="39.6865609" lon="141.1382819">
<time>2026-01-01T00:00:58.000Z</time>
</wpt>
<wpt lat="39.6860395" lon="141.1383479">
<time>2026-01-01T00:00:59.000Z</time>
</wpt>
<wpt lat="39.6855092" lon="141.1384150">
<time>2026-01-01T00:01:00.000Z</time>
</wpt>
<wpt lat="39.6849700" lon="141.1384832">
<time>2026-01-01T00:01:01.000Z</time>
</wpt>
<wpt lat="39.6844221" lon="141.1385525">
<time>2026-01-01T00:01:02.000Z</time>
</wpt>
<wpt lat="39.6838653" lon="141.1386229">
<time>2026-01-01T00:01:03.000Z</time>
</wpt>
<wpt lat="39.6832996" lon="141.1386945">
<time>2026-01-01T00:01:04.000Z</time>
</wpt>
<wpt lat="39.6827251" lon="141.1387671">
<time>2026-01-01T00:01:05.000Z</time>
</wpt>
<wpt lat="39.6821418" lon="141.1388409">
<time>2026-01-01T00:01:06.000Z</time>
</wpt>
<wpt lat="39.6815497" lon="141.1389158">
<time>2026-01-01T00:01:07.000Z</time>
</wpt>
<wpt lat="39.6809487" lon="141.1389919">
<time>2026-01-01T00:01:08.000Z</time>
</wpt>
<wpt lat="39.6803388" lon="141.1390690">
<time>2026-01-01T00:01:09.000Z</time>
</wpt>
<wpt lat="39.6797202" lon="141.1391473">
<time>2026-01-01T00:01:10.000Z</time>
</wpt>
<wpt lat="39.6790927" lon="141.1392266">
<time>2026-01-01T00:01:11.000Z</time>
</wpt>
<wpt lat="39.6784563" lon="141.1393071">
<time>2026-01-01T00:01:12.000Z</time>
</wpt>
<wpt lat="39.6778111" lon="141.1393887">
<time>2026-01-01T00:01:13.000Z</time>
</wpt>
<wpt lat="39.6771571" lon="141.1394715">
<time>2026-01-01T00:01:14.000Z</time>
</wpt>
<wpt lat="39.6764942" lon="141.1395553">
<time>2026-01-01T00:01:15.000Z</time>
</wpt>
<wpt lat="39.6758225" lon="141.1396403">
<time>2026-01-01T00:01:16.000Z</time>
</wpt>
<wpt lat="39.6751420" lon="141.1397264">
<time>2026-01-01T00:01:17.000Z</time>
</wpt>
<wpt lat="39.6744526" lon="141.1398136">
<time>2026-01-01T00:01:18.000Z</time>
</wpt>
<wpt lat="39.6737544" lon="141.1399019">
<time>2026-01-01T00:01:19.000Z</time>
</wpt>
<wpt lat="39.6730474" lon="141.1399914">
<time>2026-01-01T00:01:20.000Z</time>
</wpt>
<wpt lat="39.6723315" lon="141.1400819">
<time>2026-01-01T00:01:21.000Z</time>
</wpt>
<wpt lat="39.6716067" lon="141.1401736">
<time>2026-01-01T00:01:22.000Z</time>
</wpt>
<wpt lat="39.6708732" lon="141.1402664">
<time>2026-01-01T00:01:23.000Z</time>
</wpt>
<wpt lat="39.6701308" lon="141.1403603">
<time>2026-01-01T00:01:24.000Z</time>
</wpt>
<wpt lat="39.6693795" lon="141.1404553">
<time>2026-01-01T00:01:25.000Z</time>
</wpt>
<wpt lat="39.6686194" lon="141.1405515">
<time>2026-01-01T00:01:26.000Z</time>
</wpt>
<wpt lat="39.6678505" lon="141.1406487">
<time>2026-01-01T00:01:27.000Z</time>
</wpt>
<wpt lat="39.6670728" lon="141.1407471">
<time>2026-01-01T00:01:28.000Z</time>
</wpt>
<wpt lat="39.6662871" lon="141.1408465">
<time>2026-01-01T00:01:29.000Z</time>
</wpt>
<wpt lat="39.6655015" lon="141.1409459">
<time>2026-01-01T00:01:30.000Z</time>
</wpt>
<wpt lat="39.6647159" lon="141.1410453">
<time>2026-01-01T00:01:31.000Z</time>
</wpt>
<wpt lat="39.6639303" lon="141.1411446">
<time>2026-01-01T00:01:32.000Z</time>
</wpt>
<wpt lat="39.6631447" lon="141.1412440">
<time>2026-01-01T00:01:33.000Z</time>
</wpt>
<wpt lat="39.6623591" lon="141.1413434">
<time>2026-01-01T00:01:34.000Z</time>
</wpt>
<wpt lat="39.6615735" lon="141.1414428">
<time>2026-01-01T00:01:35.000Z</time>
</wpt>
<wpt lat="39.6607878" lon="141.1415422">
<time>2026-01-01T00:01:36.000Z</time>
</wpt>
<wpt lat="39.6600022" lon="141.1416415">
<time>2026-01-01T00:01:37.000Z</time>
</wpt>
<wpt lat="39.6592166" lon="141.1417409">
<time>2026-01-01T00:01:38.000Z</time>
</wpt>
<wpt lat="39.6584310" lon="141.1418403">
<time>2026-01-01T00:01:39.000Z</time>
</wpt>
<wpt lat="39.6576454" lon="141.1419397">
<time>2026-01-01T00:01:40.000Z</time>
</wpt>
<wpt lat="39.6568598" lon="141.1420390">
<time>2026-01-01T00:01:41.000Z</time>
</wpt>
<wpt lat="39.6560742" lon="141.1421384">
<time>2026-01-01T00:01:42.000Z</time>
</wpt>
<wpt lat="39.6552885" lon="141.1422378">
<time>2026-01-01T00:01:43.000Z</time>
</wpt>
<wpt lat="39.6545029" lon="141.1423372">
<time>2026-01-01T00:01:44.000Z</time>
</wpt>
<wpt lat="39.6537173" lon="141.1424366">
<time>2026-01-01T00:01:45.000Z</time>
</wpt>
<wpt lat="39.6529317" lon="141.1425359">
<time>2026-01-01T00:01:46.000Z</time>
</wpt>
<wpt lat="39.6521461" lon="141.1426353">
<time>2026-01-01T00:01:47.000Z</time>
</wpt>
<wpt lat="39.6513605" lon="141.1427347">
<time>2026-01-01T00:01:48.000Z</time>
</wpt>
<wpt lat="39.6505748" lon="141.1428341">
<time>2026-01-01T00:01:49.000Z</time>
</wpt>
<wpt lat="39.6497892" lon="141.1429335">
<time>2026-01-01T00:01:50.000Z</time>
</wpt>
<wpt lat="39.6490036" lon="141.1430328">
<time>2026-01-01T00:01:51.000Z</time>
</wpt>
<wpt lat="39.6482180" lon="141.1431322">
<time>2026-01-01T00:01:52.000Z</time>
</wpt>
<wpt lat="39.6474324" lon="141.1432316">
<time>2026-01-01T00:01:53.000Z</time>
</wpt>
<wpt lat="39.6466468" lon="141.1433310">
<time>2026-01-01T00:01:54.000Z</time>
</wpt>
<wpt lat="39.6458612" lon="141.1434304">
<time>2026-01-01T00:01:55.000Z</time>
</wpt>
<wpt lat="39.6450755" lon="141.1435297">
<time>2026-01-01T00:01:56.000Z</time>
</wpt>
<wpt lat="39.6442899" lon="141.1436291">
<time>2026-01-01T00:01:57.000Z</time>
</wpt>
<wpt lat="39.6435043" lon="141.1437285">
<time>2026-01-01T00:01:58.000Z</time>
</wpt>
<wpt lat="39.6427187" lon="141.1438279">
<time>2026-01-01T00:01:59.000Z</time>
</wpt>
<wpt lat="39.6419331" lon="141.1439272">
<time>2026-01-01T00:02:00.000Z</time>
</wpt>
<wpt lat="39.6411475" lon="141.1440266">
<time>2026-01-01T00:02:01.000Z</time>
</wpt>
<wpt lat="39.6403619" lon="141.1441260">
<time>2026-01-01T00:02:02.000Z</time>
</wpt>
<wpt lat="39.6395762" lon="141.1442254">
<time>2026-01-01T00:02:03.000Z</time>
</wpt>
<wpt lat="39.6387906" lon="141.1443248">
<time>2026-01-01T00:02:04.000Z</time>
</wpt>
<wpt lat="39.6380050" lon="141.1444241">
<time>2026-01-01T00:02:05.000Z</time>
</wpt>
<wpt lat="39.6372194" lon="141.1445235">
<time>2026-01-01T00:02:06.000Z</time>
</wpt>
<wpt lat="39.6364338" lon="141.1446229">
<time>2026-01-01T00:02:07.000Z</time>
</wpt>
<wpt lat="39.6356482" lon="141.1447223">
<time>2026-01-01T00:02:08.000Z</time>
</wpt>
<wpt lat="39.6348626" lon="141.1448217">
<time>2026-01-01T00:02:09.000Z</time>
</wpt>
<wpt lat="39.6340769" lon="141.1449210">
<time>2026-01-01T00:02:10.000Z</time>
</wpt>
<wpt lat="39.6332913" lon="141.1450204">
<time>2026-01-01T00:02:11.000Z</time>
</wpt>
<wpt lat="39.6325057" lon="141.1451198">
<time>2026-01-01T00:02:12.000Z</time>
</wpt>
<wpt lat="39.6317201" lon="141.1452192">
<time>2026-01-01T00:02:13.000Z</time>
</wpt>
<wpt lat="39.6309345" lon="141.1453185">
<time>2026-01-01T00:02:14.000Z</time>
</wpt>
<wpt lat="39.6301489" lon="141.1454179">
<time>2026-01-01T00:02:15.000Z</time>
</wpt>
<wpt lat="39.6293633" lon="141.1455173">
<time>2026-01-01T00:02:16.000Z</time>
</wpt>
<wpt lat="39.6285776" lon="141.1456167">
<time>2026-01-01T00:02:17.000Z</time>
</wpt>
<wpt lat="39.6277920" lon="141.1457161">
<time>2026-01-01T00:02:18.000Z</time>
</wpt>
<wpt lat="39.6270064" lon="141.1458154">
<time>2026-01-01T00:02:19.000Z</time>
</wpt>
<wpt lat="39.6262208" lon="141.1459148">
<time>2026-01-01T00:02:20.000Z</time>
</wpt>
<wpt lat="39.6254352" lon="141.1460142">
<time>2026-01-01T00:02:21.000Z</time>
</wpt>
<wpt lat="39.6246496" lon="141.1461136">
<time>2026-01-01T00:02:22.000Z</time>
</wpt>
<wpt lat="39.6238640" lon="141.1462130">
<time>2026-01-01T00:02:23.000Z</time>
</wpt>
<wpt lat="39.6230783" lon="141.1463123">
<time>2026-01-01T00:02:24.000Z</time>
</wpt>
<wpt lat="39.6222927" lon="141.1464117">
<time>2026-01-01T00:02:25.000Z</time>
</wpt>
<wpt lat="39.6215071" lon="141.1465111">
<time>2026-01-01T00:02:26.000Z</time>
</wpt>
<wpt lat="39.6207215" lon="141.1466105">
<time>2026-01-01T00:02:27.000Z</time>
</wpt>
<wpt lat="39.6199359" lon="141.1467098">
<time>2026-01-01T00:02:28.000Z</time>
</wpt>
<wpt lat="39.6191503" lon="141.1468092">
<time>2026-01-01T00:02:29.000Z</time>
</wpt>
<wpt lat="39.6183647" lon="141.1469086">
<time>2026-01-01T00:02:30.000Z</time>
</wpt>
<wpt lat="39.6175790" lon="141.1470080">
<time>2026-01-01T00:02:31.000Z</time>
</wpt>
<wpt lat="39.6167934" lon="141.1471074">
<time>2026-01-01T00:02:32.000Z</time>
</wpt>
<wpt lat="39.6160078" lon="141.1472067">
<time>2026-01-01T00:02:33.000Z</time>
</wpt>
<wpt lat="39.6152222" lon="141.1473061">
<time>2026-01-01T00:02:34.000Z</time>
</wpt>
<wpt lat="39.6144366" lon="141.1474055">
<time>2026-01-01T00:02:35.000Z</time>
</wpt>
<wpt lat="39.6136510" lon="141.1475049">
<time>2026-01-01T00:02:36.000Z</time>
</wpt>
<wpt lat="39.6128654" lon="141.1476043">
<time>2026-01-01T00:02:37.000Z</time>
</wpt>
<wpt lat="39.6120797" lon="141.1477036">
<time>2026-01-01T00:02:38.000Z</time>
</wpt>
<wpt lat="39.6112941" lon="141.1478030">
<time>2026-01-01T00:02:39.000Z</time>
</wpt>
<wpt lat="39.6105085" lon="141.1479024">
<time>2026-01-01T00:02:40.000Z</time>
</wpt>
<wpt lat="39.6097229" lon="141.1480018">
<time>2026-01-01T00:02:41.000Z</time>
</wpt>
<wpt lat="39.6089373" lon="141.1481011">
<time>2026-01-01T00:02:42.000Z</time>
</wpt>
<wpt lat="39.6081517" lon="141.1482005">
<time>2026-01-01T00:02:43.000Z</time>
</wpt>
<wpt lat="39.6073661" lon="141.1482999">
<time>2026-01-01T00:02:44.000Z</time>
</wpt>
<wpt lat="39.6065804" lon="141.1483993">
<time>2026-01-01T00:02:45.000Z</time>
</wpt>
<wpt lat="39.6057948" lon="141.1484987">
<time>2026-01-01T00:02:46.000Z</time>
</wpt>
<wpt lat="39.6050092" lon="141.1485980">
<time>2026-01-01T00:02:47.000Z</time>
</wpt>
<wpt lat="39.6042236" lon="141.1486974">
<time>2026-01-01T00:02:48.000Z</time>
</wpt>
<wpt lat="39.6034380" lon="141.1487968">
<time>2026-01-01T00:02:49.000Z</time>
</wpt>
<wpt lat="39.6026524" lon="141.1488962">
<time>2026-01-01T00:02:50.000Z</time>
</wpt>
<wpt lat="39.6018668" lon="141.1489956">
<time>2026-01-01T00:02:51.000Z</time>
</wpt>
<wpt lat="39.6010811" lon="141.1490949">
<time>2026-01-01T00:02:52.000Z</time>
</wpt>
<wpt lat="39.6002955" lon="141.1491943">
<time>2026-01-01T00:02:53.000Z</time>
</wpt>
<wpt lat="39.5995099" lon="141.1492937">
<time>2026-01-01T00:02:54.000Z</time>
</wpt>
<wpt lat="39.5987243" lon="141.1493931">
<time>2026-01-01T00:02:55.000Z</time>
</wpt>
<wpt lat="39.5979387" lon="141.1494924">
<time>2026-01-01T00:02:56.000Z</time>
</wpt>
<wpt lat="39.5971531" lon="141.1495918">
<time>2026-01-01T00:02:57.000Z</time>
</wpt>
<wpt lat="39.5963674" lon="141.1496912">
<time>2026-01-01T00:02:58.000Z</time>
</wpt>
<wpt lat="39.5955818" lon="141.1497906">
<time>2026-01-01T00:02:59.000Z</time>
</wpt>
<wpt lat="39.5947962" lon="141.1498900">
<time>2026-01-01T00:03:00.000Z</time>
</wpt>
<wpt lat="39.5940106" lon="141.1499893">
<time>2026-01-01T00:03:01.000Z</time>
</wpt>
<wpt lat="39.5932250" lon="141.1500887">
<time>2026-01-01T00:03:02.000Z</time>
</wpt>
<wpt lat="39.5924394" lon="141.1501881">
<time>2026-01-01T00:03:03.000Z</time>
</wpt>
<wpt lat="39.5916538" lon="141.1502875">
<time>2026-01-01T00:03:04.000Z</time>
</wpt>
<wpt lat="39.5908681" lon="141.1503869">
<time>2026-01-01T00:03:05.000Z</time>
</wpt>
<wpt lat="39.5900825" lon="141.1504862">
<time>2026-01-01T00:03:06.000Z</time>
</wpt>
<wpt lat="39.5892969" lon="141.1505856">
<time>2026-01-01T00:03:07.000Z</time>
</wpt>
<wpt lat="39.5885113" lon="141.1506850">
<time>2026-01-01T00:03:08.000Z</time>
</wpt>
<wpt lat="39.5877257" lon="141.1507844">
<time>2026-01-01T00:03:09.000Z</time>
</wpt>
<wpt lat="39.5869401" lon="141.1508837">
<time>2026-01-01T00:03:10.000Z</time>
</wpt>
<wpt lat="39.5861545" lon="141.1509831">
<time>2026-01-01T00:03:11.000Z</time>
</wpt>
<wpt lat="39.5853688" lon="141.1510825">
<time>2026-01-01T00:03:12.000Z</time>
</wpt>
<wpt lat="39.5845832" lon="141.1511819">
<time>2026-01-01T00:03:13.000Z</time>
</wpt>
<wpt lat="39.5837976" lon="141.1512813">
<time>2026-01-01T00:03:14.000Z</time>
</wpt>
<wpt lat="39.5830120" lon="141.1513806">
<time>2026-01-01T00:03:15.000Z</time>
</wpt>
<wpt lat="39.5822264" lon="141.1514800">
<time>2026-01-01T00:03:16.000Z</time>
</wpt>
<wpt lat="39.5814408" lon="141.1515794">
<time>2026-01-01T00:03:17.000Z</time>
</wpt>
<wpt lat="39.5806552" lon="141.1516788">
<time>2026-01-01T00:03:18.000Z</time>
</wpt>
<wpt lat="39.5798695" lon="141.1517782">
<time>2026-01-01T00:03:19.000Z</time>
</wpt>
<wpt lat="39.5790839" lon="141.1518775">
<time>2026-01-01T00:03:20.000Z</time>
</wpt>
<wpt lat="39.5782983" lon="141.1519769">
<time>2026-01-01T00:03:21.000Z</time>
</wpt>
<wpt lat="39.5775127" lon="141.1520763">
<time>2026-01-01T00:03:22.000Z</time>
</wpt>
<wpt lat="39.5767271" lon="141.1521757">
<time>2026-01-01T00:03:23.000Z</time>
</wpt>
<wpt lat="39.5759415" lon="141.1522750">
<time>2026-01-01T00:03:24.000Z</time>
</wpt>
<wpt lat="39.5751559" lon="141.1523744">
<time>2026-01-01T00:03:25.000Z</time>
</wpt>
<wpt lat="39.5743702" lon="141.1524738">
<time>2026-01-01T00:03:26.000Z</time>
</wpt>
<wpt lat="39.5735846" lon="141.1525732">
<time>2026-01-01T00:03:27.000Z</time>
</wpt>
<wpt lat="39.5727990" lon="141.1526726">
<time>2026-01-01T00:03:28.000Z</time>
</wpt>
<wpt lat="39.5720134" lon="141.1527719">
<time>2026-01-01T00:03:29.000Z</time>
</wpt>
<wpt lat="39.5712278" lon="141.1528713">
<time>2026-01-01T00:03:30.000Z</time>
</wpt>
<wpt lat="39.5704422" lon="141.1529707">
<time>2026-01-01T00:03:31.000Z</time>
</wpt>
<wpt lat="39.5696566" lon="141.1530701">
<time>2026-01-01T00:03:32.000Z</time>
</wpt>
<wpt lat="39.5688709" lon="141.1531695">
<time>2026-01-01T00:03:33.000Z</time>
</wpt>
<wpt lat="39.5680853" lon="141.1532688">
<time>2026-01-01T00:03:34.000Z</time>
</wpt>
<wpt lat="39.5672997" lon="141.1533682">
<time>2026-01-01T00:03:35.000Z</time>
</wpt>
<wpt lat="39.5665141" lon="141.1534676">
<time>2026-01-01T00:03:36.000Z</time>
</wpt>
<wpt lat="39.5657285" lon="141.1535670">
<time>2026-01-01T00:03:37.000Z</time>
</wpt>
<wpt lat="39.5649429" lon="141.1536664">
<time>2026-01-01T00:03:38.000Z</time>
</wpt>
<wpt lat="39.5641573" lon="141.1537657">
<time>2026-01-01T00:03:39.000Z</time>
</wpt>
<wpt lat="39.5633716" lon="141.1538651">
<time>2026-01-01T00:03:40.000Z</time>
</wpt>
<wpt lat="39.5625860" lon="141.1539645">
<time>2026-01-01T00:03:41.000Z</time>
</wpt>
<wpt lat="39.5618004" lon="141.1540639">
<time>2026-01-01T00:03:42.000Z</time>
</wpt>
<wpt lat="39.5610148" lon="141.1541632">
<time>2026-01-01T00:03:43.000Z</time>
</wpt>
<wpt lat="39.5602292" lon="141.1542626">
<time>2026-01-01T00:03:44.000Z</time>
</wpt>
<wpt lat="39.5594436" lon="141.1543620">
<time>2026-01-01T00:03:45.000Z</time>
</wpt>
<wpt lat="39.5586580" lon="141.1544614">
<time>2026-01-01T00:03:46.000Z</time>
</wpt>
<wpt lat="39.5578723" lon="141.1545608">
<time>2026-01-01T00:03:47.000Z</time>
</wpt>
<wpt lat="39.5570867" lon="141.1546601">
<time>2026-01-01T00:03:48.000Z</time>
</wpt>
<wpt lat="39.5563011" lon="141.1547595">
<time>2026-01-01T00:03:49.000Z</time>
</wpt>
<wpt lat="39.5555155" lon="141.1548589">
<time>2026-01-01T00:03:50.000Z</time>
</wpt>
<wpt lat="39.5547299" lon="141.1549583">
<time>2026-01-01T00:03:51.000Z</time>
</wpt>
<wpt lat="39.5539443" lon="141.1550577">
<time>2026-01-01T00:03:52.000Z</time>
</wpt>
<wpt lat="39.5531587" lon="141.1551570">
<time>2026-01-01T00:03:53.000Z</time>
</wpt>
<wpt lat="39.5523730" lon="141.1552564">
<time>2026-01-01T00:03:54.000Z</time>
</wpt>
<wpt lat="39.5515874" lon="141.1553558">
<time>2026-01-01T00:03:55.000Z</time>
</wpt>
<wpt lat="39.5508018" lon="141.1554552">
<time>2026-01-01T00:03:56.000Z</time>
</wpt>
<wpt lat="39.5500162" lon="141.1555545">
<time>2026-01-01T00:03:57.000Z</time>
</wpt>
<wpt lat="39.5492306" lon="141.1556539">
<time>2026-01-01T00:03:58.000Z</time>
</wpt>
<wpt lat="39.5484450" lon="141.1557533">
<time>2026-01-01T00:03:59.000Z</time>
</wpt>
<wpt lat="39.5476593" lon="141.1558527">
<time>2026-01-01T00:04:00.000Z</time>
</wpt>
<wpt lat="39.5468737" lon="141.1559521">
<time>2026-01-01T00:04:01.000Z</time>
</wpt>
<wpt lat="39.5460881" lon="141.1560514">
<time>2026-01-01T00:04:02.000Z</time>
</wpt>
<wpt lat="39.5453025" lon="141.1561508">
<time>2026-01-01T00:04:03.000Z</time>
</wpt>
<wpt lat="39.5445169" lon="141.1562502">
<time>2026-01-01T00:04:04.000Z</time>
</wpt>
<wpt lat="39.5437313" lon="141.1563496">
<time>2026-01-01T00:04:05.000Z</time>
</wpt>
<wpt lat="39.5429457" lon="141.1564490">
<time>2026-01-01T00:04:06.000Z</time>
</wpt>
<wpt lat="39.5421600" lon="141.1565483">
<time>2026-01-01T00:04:07.000Z</time>
</wpt>
<wpt lat="39.5413744" lon="141.1566477">
<time>2026-01-01T00:04:08.000Z</time>
</wpt>
<wpt lat="39.5405888" lon="141.1567471">
<time>2026-01-01T00:04:09.000Z</time>
</wpt>
<wpt lat="39.5398032" lon="141.1568465">
<time>2026-01-01T00:04:10.000Z</time>
</wpt>
<wpt lat="39.5390176" lon="141.1569458">
<time>2026-01-01T00:04:11.000Z</time>
</wpt>
<wpt lat="39.5382320" lon="141.1570452">
<time>2026-01-01T00:04:12.000Z</time>
</wpt>
<wpt lat="39.5374464" lon="141.1571446">
<time>2026-01-01T00:04:13.000Z</time>
</wpt>
<wpt lat="39.5366607" lon="141.1572440">
<time>2026-01-01T00:04:14.000Z</time>
</wpt>
<wpt lat="39.5358751" lon="141.1573434">
<time>2026-01-01T00:04:15.000Z</time>
</wpt>
<wpt lat="39.5350895" lon="141.1574427">
<time>2026-01-01T00:04:16.000Z</time>
</wpt>
<wpt lat="39.5343039" lon="141.1575421">
<time>2026-01-01T00:04:17.000Z</time>
</wpt>
<wpt lat="39.5335183" lon="141.1576415">
<time>2026-01-01T00:04:18.000Z</time>
</wpt>
<wpt lat="39.5327327" lon="141.1577409">
<time>2026-01-01T00:04:19.000Z</time>
</wpt>
<wpt lat="39.5319471" lon="141.1578403">
<time>2026-01-01T00:04:20.000Z</time>
</wpt>
<wpt lat="39.5311614" lon="141.1579396">
<time>2026-01-01T00:04:21.000Z</time>
</wpt>
<wpt lat="39.5303758" lon="141.1580390">
<time>2026-01-01T00:04:22.000Z</time>
</wpt>
<wpt lat="39.5295902" lon="141.1581384">
<time>2026-01-01T00:04:23.000Z</time>
</wpt>
<wpt lat="39.5288046" lon="141.1582378">
<time>2026-01-01T00:04:24.000Z</time>
</wpt>
<wpt lat="39.5280190" lon="141.1583371">
<time>2026-01-01T00:04:25.000Z</time>
</wpt>
<wpt lat="39.5272334" lon="141.1584365">
<time>2026-01-01T00:04:26.000Z</time>
</wpt>
<wpt lat="39.5264478" lon="141.1585359">
<time>2026-01-01T00:04:27.000Z</time>
</wpt>
<wpt lat="39.5256621" lon="141.1586353">
<time>2026-01-01T00:04:28.000Z</time>
</wpt>
<wpt lat="39.5248765" lon="141.1587347">
<time>2026-01-01T00:04:29.000Z</time>
</wpt>
<wpt lat="39.5240909" lon="141.1588340">
<time>2026-01-01T00:04:30.000Z</time>
</wpt>
<wpt lat="39.5233053" lon="141.1589334">
<time>2026-01-01T00:04:31.000Z</time>
</wpt>
<wpt lat="39.5225197" lon="141.1590328">
<time>2026-01-01T00:04:32.000Z</time>
</wpt>
<wpt lat="39.5217341" lon="141.1591322">
<time>2026-01-01T00:04:33.000Z</time>
</wpt>
<wpt lat="39.5209485" lon="141.1592316">
<time>2026-01-01T00:04:34.000Z</time>
</wpt>
<wpt lat="39.5201628" lon="141.1593309">
<time>2026-01-01T00:04:35.000Z</time>
</wpt>
<wpt lat="39.5193772" lon="141.1594303">
<time>2026-01-01T00:04:36.000Z</time>
</wpt>
<wpt lat="39.5185916" lon="141.1595297">
<time>2026-01-01T00:04:37.000Z</time>
</wpt>
<wpt lat="39.5178060" lon="141.1596291">
<time>2026-01-01T00:04:38.000Z</time>
</wpt>
<wpt lat="39.5170204" lon="141.1597284">
<time>2026-01-01T00:04:39.000Z</time>
</wpt>
<wpt lat="39.5162348" lon="141.1598278">
<time>2026-01-01T00:04:40.000Z</time>
</wpt>
<wpt lat="39.5154492" lon="141.1599272">
<time>2026-01-01T00:04:41.000Z</time>
</wpt>
<wpt lat="39.5146635" lon="141.1600266">
<time>2026-01-01T00:04:42.000Z</time>
</wpt>
<wpt lat="39.5138779" lon="141.1601260">
<time>2026-01-01T00:04:43.000Z</time>
</wpt>
<wpt lat="39.5130923" lon="141.1602253">
<time>2026-01-01T00:04:44.000Z</time>
</wpt>
<wpt lat="39.5123067" lon="141.1603247">
<time>2026-01-01T00:04:45.000Z</time>
</wpt>
<wpt lat="39.5115211" lon="141.1604241">
<time>2026-01-01T00:04:46.000Z</time>
</wpt>
<wpt lat="39.5107355" lon="141.1605235">
<time>2026-01-01T00:04:47.000Z</time>
</wpt>
<wpt lat="39.5099499" lon="141.1606229">
<time>2026-01-01T00:04:48.000Z</time>
</wpt>
<wpt lat="39.5091642" lon="141.1607222">
<time>2026-01-01T00:04:49.000Z</time>
</wpt>
<wpt lat="39.5083786" lon="141.1608216">
<time>2026-01-01T00:04:50.000Z</time>
</wpt>
<wpt lat="39.5075930" lon="141.1609210">
<time>2026-01-01T00:04:51.000Z</time>
</wpt>
<wpt lat="39.5068074" lon="141.1610204">
<time>2026-01-01T00:04:52.000Z</time>
</wpt>
<wpt lat="39.5060218" lon="141.1611197">
<time>2026-01-01T00:04:53.000Z</time>
</wpt>
<wpt lat="39.5052362" lon="141.1612191">
<time>2026-01-01T00:04:54.000Z</time>
</wpt>
<wpt lat="39.5044506" lon="141.1613185">
<time>2026-01-01T00:04:55.000Z</time>
</wpt>
<wpt lat="39.5036649" lon="141.1614179">
<time>2026-01-01T00:04:56.000Z</time>
</wpt>
<wpt lat="39.5028793" lon="141.1615173">
<time>2026-01-01T00:04:57.000Z</time>
</wpt>
<wpt lat="39.5020937" lon="141.1616166">
<time>2026-01-01T00:04:58.000Z</time>
</wpt>
<wpt lat="39.5013081" lon="141.1617160">
<time>2026-01-01T00:04:59.000Z</time>
</wpt>
<wpt lat="39.5005225" lon="141.1618154">
<time>2026-01-01T00:05:00.000Z</time>
</wpt>
<wpt lat="39.4997369" lon="141.1619148">
<time>2026-01-01T00:05:01.000Z</time>
</wpt>
<wpt lat="39.4989513" lon="141.1620142">
<time>2026-01-01T00:05:02.000Z</time>
</wpt>
<wpt lat="39.4981656" lon="141.1621135">
<time>2026-01-01T00:05:03.000Z</time>
</wpt>
<wpt lat="39.4973800" lon="141.1622129">
<time>2026-01-01T00:05:04.000Z</time>
</wpt>
<wpt lat="39.4965944" lon="141.1623123">
<time>2026-01-01T00:05:05.000Z</time>
</wpt>
<wpt lat="39.4958088" lon="141.1624117">
<time>2026-01-01T00:05:06.000Z</time>
</wpt>
<wpt lat="39.4950232" lon="141.1625111">
<time>2026-01-01T00:05:07.000Z</time>
</wpt>
<wpt lat="39.4942376" lon="141.1626104">
<time>2026-01-01T00:05:08.000Z</time>
</wpt>
<wpt lat="39.4934519" lon="141.1627098">
<time>2026-01-01T00:05:09.000Z</time>
</wpt>
<wpt lat="39.4926663" lon="141.1628092">
<time>2026-01-01T00:05:10.000Z</time>
</wpt>
<wpt lat="39.4918807" lon="141.1629086">
<time>2026-01-01T00:05:11.000Z</time>
</wpt>
<wpt lat="39.4910951" lon="141.1630079">
<time>2026-01-01T00:05:12.000Z</time>
</wpt>
<wpt lat="39.4903095" lon="141.1631073">
<time>2026-01-01T00:05:13.000Z</time>
</wpt>
<wpt lat="39.4895239" lon="141.1632067">
<time>2026-01-01T00:05:14.000Z</time>
</wpt>
<wpt lat="39.4887383" lon="141.1633061">
<time>2026-01-01T00:05:15.000Z</time>
</wpt>
<wpt lat="39.4879526" lon="141.1634055">
<time>2026-01-01T00:05:16.000Z</time>
</wpt>
<wpt lat="39.4871670" lon="141.1635048">
<time>2026-01-01T00:05:17.000Z</time>
</wpt>
<wpt lat="39.4863814" lon="141.1636042">
<time>2026-01-01T00:05:18.000Z</time>
</wpt>
<wpt lat="39.4855958" lon="141.1637036">
<time>2026-01-01T00:05:19.000Z</time>
</wpt>
<wpt lat="39.4848102" lon="141.1638030">
<time>2026-01-01T00:05:20.000Z</time>
</wpt>
<wpt lat="39.4840246" lon="141.1639024">
<time>2026-01-01T00:05:21.000Z</time>
</wpt>
<wpt lat="39.4832390" lon="141.1640017">
<time>2026-01-01T00:05:22.000Z</time>
</wpt>
<wpt lat="39.4824533" lon="141.1641011">
<time>2026-01-01T00:05:23.000Z</time>
</wpt>
<wpt lat="39.4816677" lon="141.1642005">
<time>2026-01-01T00:05:24.000Z</time>
</wpt>
<wpt lat="39.4808821" lon="141.1642999">
<time>2026-01-01T00:05:25.000Z</time>
</wpt>
<wpt lat="39.4800965" lon="141.1643992">
<time>2026-01-01T00:05:26.000Z</time>
</wpt>
<wpt lat="39.4793109" lon="141.1644986">
<time>2026-01-01T00:05:27.000Z</time>
</wpt>
<wpt lat="39.4785253" lon="141.1645980">
<time>2026-01-01T00:05:28.000Z</time>
</wpt>
<wpt lat="39.4777397" lon="141.1646974">
<time>2026-01-01T00:05:29.000Z</time>
</wpt>
<wpt lat="39.4769540" lon="141.1647968">
<time>2026-01-01T00:05:30.000Z</time>
</wpt>
<wpt lat="39.4761684" lon="141.1648961">
<time>2026-01-01T00:05:31.000Z</time>
</wpt>
<wpt lat="39.4753828" lon="141.1649955">
<time>2026-01-01T00:05:32.000Z</time>
</wpt>
<wpt lat="39.4745972" lon="141.1650949">
<time>2026-01-01T00:05:33.000Z</time>
</wpt>
<wpt lat="39.4738116" lon="141.1651943">
<time>2026-01-01T00:05:34.000Z</time>
</wpt>
<wpt lat="39.4730260" lon="141.1652937">
<time>2026-01-01T00:05:35.000Z</time>
</wpt>
<wpt lat="39.4722404" lon="141.1653930">
<time>2026-01-01T00:05:36.000Z</time>
</wpt>
<wpt lat="39.4714547" lon="141.1654924">
<time>2026-01-01T00:05:37.000Z</time>
</wpt>
<wpt lat="39.4706691" lon="141.1655918">
<time>2026-01-01T00:05:38.000Z</time>
</wpt>
<wpt lat="39.4698835" lon="141.1656912">
<time>2026-01-01T00:05:39.000Z</time>
</wpt>
<wpt lat="39.4690979" lon="141.1657905">
<time>2026-01-01T00:05:40.000Z</time>
</wpt>
<wpt lat="39.4683123" lon="141.1658899">
<time>2026-01-01T00:05:41.000Z</time>
</wpt>
<wpt lat="39.4675267" lon="141.1659893">
<time>2026-01-01T00:05:42.000Z</time>
</wpt>
<wpt lat="39.4667411" lon="141.1660887">
<time>2026-01-01T00:05:43.000Z</time>
</wpt>
<wpt lat="39.4659554" lon="141.1661881">
<time>2026-01-01T00:05:44.000Z</time>
</wpt>
<wpt lat="39.4651698" lon="141.1662874">
<time>2026-01-01T00:05:45.000Z</time>
</wpt>
<wpt lat="39.4643842" lon="141.1663868">
<time>2026-01-01T00:05:46.000Z</time>
</wpt>
<wpt lat="39.4635986" lon="141.1664862">
<time>2026-01-01T00:05:47.000Z</time>
</wpt>
<wpt lat="39.4628130" lon="141.1665856">
<time>2026-01-01T00:05:48.000Z</time>
</wpt>
<wpt lat="39.4620274" lon="141.1666850">
<time>2026-01-01T00:05:49.000Z</time>
</wpt>
<wpt lat="39.4612418" lon="141.1667843">
<time>2026-01-01T00:05:50.000Z</time>
</wpt>
<wpt lat="39.4604561" lon="141.1668837">
<time>2026-01-01T00:05:51.000Z</time>
</wpt>
<wpt lat="39.4596705" lon="141.1669831">
<time>2026-01-01T00:05:52.000Z</time>
</wpt>
<wpt lat="39.4588849" lon="141.1670825">
<time>2026-01-01T00:05:53.000Z</time>
</wpt>
<wpt lat="39.4580993" lon="141.1671818">
<time>2026-01-01T00:05:54.000Z</time>
</wpt>
<wpt lat="39.4573137" lon="141.1672812">
<time>2026-01-01T00:05:55.000Z</time>
</wpt>
<wpt lat="39.4565281" lon="141.1673806">
<time>2026-01-01T00:05:56.000Z</time>
</wpt>
<wpt lat="39.4557425" lon="141.1674800">
<time>2026-01-01T00:05:57.000Z</time>
</wpt>
<wpt lat="39.4549568" lon="141.1675794">
<time>2026-01-01T00:05:58.000Z</time>
</wpt>
<wpt lat="39.4541712" lon="141.1676787">
<time>2026-01-01T00:05:59.000Z</time>
</wpt>
<wpt lat="39.4533856" lon="141.1677781">
<time>2026-01-01T00:06:00.000Z</time>
</wpt>
<wpt lat="39.4526000" lon="141.1678775">
<time>2026-01-01T00:06:01.000Z</time>
</wpt>
<wpt lat="39.4518144" lon="141.1679769">
<time>2026-01-01T00:06:02.000Z</time>
</wpt>
<wpt lat="39.4510288" lon="141.1680763">
<time>2026-01-01T00:06:03.000Z</time>
</wpt>
<wpt lat="39.4502432" lon="141.1681756">
<time>2026-01-01T00:06:04.000Z</time>
</wpt>
<wpt lat="39.4494575" lon="141.1682750">
<time>2026-01-01T00:06:05.000Z</time>
</wpt>
<wpt lat="39.4486719" lon="141.1683744">
<time>2026-01-01T00:06:06.000Z</time>
</wpt>
<wpt lat="39.4478863" lon="141.1684738">
<time>2026-01-01T00:06:07.000Z</time>
</wpt>
<wpt lat="39.4471007" lon="141.1685731">
<time>2026-01-01T00:06:08.000Z</time>
</wpt>
<wpt lat="39.4463151" lon="141.1686725">
<time>2026-01-01T00:06:09.000Z</time>
</wpt>
<wpt lat="39.4455295" lon="141.1687719">
<time>2026-01-01T00:06:10.000Z</time>
</wpt>
<wpt lat="39.4447439" lon="141.1688713">
<time>2026-01-01T00:06:11.000Z</time>
</wpt>
<wpt lat="39.4439582" lon="141.1689707">
<time>2026-01-01T00:06:12.000Z</time>
</wpt>
<wpt lat="39.4431726" lon="141.1690700">
<time>2026-01-01T00:06:13.000Z</time>
</wpt>
<wpt lat="39.4423870" lon="141.1691694">
<time>2026-01-01T00:06:14.000Z</time>
</wpt>
<wpt lat="39.4416014" lon="141.1692688">
<time>2026-01-01T00:06:15.000Z</time>
</wpt>
<wpt lat="39.4408158" lon="141.1693682">
<time>2026-01-01T00:06:16.000Z</time>
</wpt>
<wpt lat="39.4400302" lon="141.1694676">
<time>2026-01-01T00:06:17.000Z</time>
</wpt>
<wpt lat="39.4392445" lon="141.1695669">
<time>2026-01-01T00:06:18.000Z</time>
</wpt>
<wpt lat="39.4384589" lon="141.1696663">
<time>2026-01-01T00:06:19.000Z</time>
</wpt>
<wpt lat="39.4376733" lon="141.1697657">
<time>2026-01-01T00:06:20.000Z</time>
</wpt>
<wpt lat="39.4368877" lon="141.1698651">
<time>2026-01-01T00:06:21.000Z</time>
</wpt>
<wpt lat="39.4361021" lon="141.1699644">
<time>2026-01-01T00:06:22.000Z</time>
</wpt>
<wpt lat="39.4353165" lon="141.1700638">
<time>2026-01-01T00:06:23.000Z</time>
</wpt>
<wpt lat="39.4345309" lon="141.1701632">
<time>2026-01-01T00:06:24.000Z</time>
</wpt>
<wpt lat="39.4337452" lon="141.1702626">
<time>2026-01-01T00:06:25.000Z</time>
</wpt>
<wpt lat="39.4329596" lon="141.1703620">
<time>2026-01-01T00:06:26.000Z</time>
</wpt>
<wpt lat="39.4321740" lon="141.1704613">
<time>2026-01-01T00:06:27.000Z</time>
</wpt>
<wpt lat="39.4313884" lon="141.1705607">
<time>2026-01-01T00:06:28.000Z</time>
</wpt>
<wpt lat="39.4306028" lon="141.1706601">
<time>2026-01-01T00:06:29.000Z</time>
</wpt>
<wpt lat="39.4298172" lon="141.1707595">
<time>2026-01-01T00:06:30.000Z</time>
</wpt>
<wpt lat="39.4290316" lon="141.1708589">
<time>2026-01-01T00:06:31.000Z</time>
</wpt>
<wpt lat="39.4282459" lon="141.1709582">
<time>2026-01-01T00:06:32.000Z</time>
</wpt>
<wpt lat="39.4274603" lon="141.1710576">
<time>2026-01-01T00:06:33.000Z</time>
</wpt>
<wpt lat="39.4266747" lon="141.1711570">
<time>2026-01-01T00:06:34.000Z</time>
</wpt>
<wpt lat="39.4258891" lon="141.1712564">
<time>2026-01-01T00:06:35.000Z</time>
</wpt>
<wpt lat="39.4251035" lon="141.1713558">
<time>2026-01-01T00:06:36.000Z</time>
</wpt>
<wpt lat="39.4243179" lon="141.1714551">
<time>2026-01-01T00:06:37.000Z</time>
</wpt>
<wpt lat="39.4235323" lon="141.1715545">
<time>2026-01-01T00:06:38.000Z</time>
</wpt>
<wpt lat="39.4227466" lon="141.1716539">
<time>2026-01-01T00:06:39.000Z</time>
</wpt>
<wpt lat="39.4219610" lon="141.1717533">
<time>2026-01-01T00:06:40.000Z</time>
</wpt>
<wpt lat="39.4211754" lon="141.1718526">
<time>2026-01-01T00:06:41.000Z</time>
</wpt>
<wpt lat="39.4203898" lon="141.1719520">
<time>2026-01-01T00:06:42.000Z</time>
</wpt>
<wpt lat="39.4196042" lon="141.1720514">
<time>2026-01-01T00:06:43.000Z</time>
</wpt>
<wpt lat="39.4188186" lon="141.1721508">
<time>2026-01-01T00:06:44.000Z</time>
</wpt>
<wpt lat="39.4180330" lon="141.1722502">
<time>2026-01-01T00:06:45.000Z</time>
</wpt>
<wpt lat="39.4172473" lon="141.1723495">
<time>2026-01-01T00:06:46.000Z</time>
</wpt>
<wpt lat="39.4164617" lon="141.1724489">
<time>2026-01-01T00:06:47.000Z</time>
</wpt>
<wpt lat="39.4156761" lon="141.1725483">
<time>2026-01-01T00:06:48.000Z</time>
</wpt>
<wpt lat="39.4148905" lon="141.1726477">
<time>2026-01-01T00:06:49.000Z</time>
</wpt>
<wpt lat="39.4141049" lon="141.1727471">
<time>2026-01-01T00:06:50.000Z</time>
</wpt>
<wpt lat="39.4133193" lon="141.1728464">
<time>2026-01-01T00:06:51.000Z</time>
</wpt>
<wpt lat="39.4125337" lon="141.1729458">
<time>2026-01-01T00:06:52.000Z</time>
</wpt>
<wpt lat="39.4117480" lon="141.1730452">
<time>2026-01-01T00:06:53.000Z</time>
</wpt>
<wpt lat="39.4109624" lon="141.1731446">
<time>2026-01-01T00:06:54.000Z</time>
</wpt>
<wpt lat="39.4101768" lon="141.1732439">
<time>2026-01-01T00:06:55.000Z</time>
</wpt>
<wpt lat="39.4093912" lon="141.1733433">
<time>2026-01-01T00:06:56.000Z</time>
</wpt>
<wpt lat="39.4086056" lon="141.1734427">
<time>2026-01-01T00:06:57.000Z</time>
</wpt>
<wpt lat="39.4078200" lon="141.1735421">
<time>2026-01-01T00:06:58.000Z</time>
</wpt>
<wpt lat="39.4070344" lon="141.1736415">
<time>2026-01-01T00:06:59.000Z</time>
</wpt>
<wpt lat="39.4062556" lon="141.1736338">
<time>2026-01-01T00:07:00.000Z</time>
</wpt>
<wpt lat="39.4054964" lon="141.1733214">
<time>2026-01-01T00:07:01.000Z</time>
</wpt>
<wpt lat="39.4047373" lon="141.1730090">
<time>2026-01-01T00:07:02.000Z</time>
</wpt>
<wpt lat="39.4039781" lon="141.1726966">
<time>2026-01-01T00:07:03.000Z</time>
</wpt>
<wpt lat="39.4032189" lon="141.1723842">
<time>2026-01-01T00:07:04.000Z</time>
</wpt>
<wpt lat="39.4024598" lon="141.1720718">
<time>2026-01-01T00:07:05.000Z</time>
</wpt>
<wpt lat="39.4017006" lon="141.1717594">
<time>2026-01-01T00:07:06.000Z</time>
</wpt>
<wpt lat="39.4009414" lon="141.1714470">
<time>2026-01-01T00:07:07.000Z</time>
</wpt>
<wpt lat="39.4001823" lon="141.1711346">
<time>2026-01-01T00:07:08.000Z</time>
</wpt>
<wpt lat="39.3994231" lon="141.1708223">
<time>2026-01-01T00:07:09.000Z</time>
</wpt>
<wpt lat="39.3986639" lon="141.1705099">
<time>2026-01-01T00:07:10.000Z</time>
</wpt>
<wpt lat="39.3979047" lon="141.1701975">
<time>2026-01-01T00:07:11.000Z</time>
</wpt>
<wpt lat="39.3971456" lon="141.1698851">
<time>2026-01-01T00:07:12.000Z</time>
</wpt>
<wpt lat="39.3963864" lon="141.1695727">
<time>2026-01-01T00:07:13.000Z</time>
</wpt>
<wpt lat="39.3956272" lon="141.1692603">
<time>2026-01-01T00:07:14.000Z</time>
</wpt>
<wpt lat="39.3948681" lon="141.1689479">
<time>2026-01-01T00:07:15.000Z</time>
</wpt>
<wpt lat="39.3941089" lon="141.1686355">
<time>2026-01-01T00:07:16.000Z</time>
</wpt>
<wpt lat="39.3933497" lon="141.1683231">
<time>2026-01-01T00:07:17.000Z</time>
</wpt>
<wpt lat="39.3925905" lon="141.1680107">
<time>2026-01-01T00:07:18.000Z</time>
</wpt>
<wpt lat="39.3918314" lon="141.1676983">
<time>2026-01-01T00:07:19.000Z</time>
</wpt>
<wpt lat="39.3910722" lon="141.1673859">
<time>2026-01-01T00:07:20.000Z</time>
</wpt>
<wpt lat="39.3903130" lon="141.1670736">
<time>2026-01-01T00:07:21.000Z</time>
</wpt>
<wpt lat="39.3895539" lon="141.1667612">
<time>2026-01-01T00:07:22.000Z</time>
</wpt>
<wpt lat="39.3887947" lon="141.1664488">
<time>2026-01-01T00:07:23.000Z</time>
</wpt>
<wpt lat="39.3880355" lon="141.1661364">
<time>2026-01-01T00:07:24.000Z</time>
</wpt>
<wpt lat="39.3872764" lon="141.1658240">
<time>2026-01-01T00:07:25.000Z</time>
</wpt>
<wpt lat="39.3865172" lon="141.1655116">
<time>2026-01-01T00:07:26.000Z</time>
</wpt>
<wpt lat="39.3857580" lon="141.1651992">
<time>2026-01-01T00:07:27.000Z</time>
</wpt>
<wpt lat="39.3849988" lon="141.1648868">
<time>2026-01-01T00:07:28.000Z</time>
</wpt>
<wpt lat="39.3842397" lon="141.1645744">
<time>2026-01-01T00:07:29.000Z</time>
</wpt>
<wpt lat="39.3834805" lon="141.1642620">
<time>2026-01-01T00:07:30.000Z</time>
</wpt>
<wpt lat="39.3827213" lon="141.1639496">
<time>2026-01-01T00:07:31.000Z</time>
</wpt>
<wpt lat="39.3819622" lon="141.1636373">
<time>2026-01-01T00:07:32.000Z</time>
</wpt>
<wpt lat="39.3812030" lon="141.1633249">
<time>2026-01-01T00:07:33.000Z</time>
</wpt>
<wpt lat="39.3804438" lon="141.1630125">
<time>2026-01-01T00:07:34.000Z</time>
</wpt>
<wpt lat="39.3796847" lon="141.1627001">
<time>2026-01-01T00:07:35.000Z</time>
</wpt>
<wpt lat="39.3789255" lon="141.1623877">
<time>2026-01-01T00:07:36.000Z</time>
</wpt>
<wpt lat="39.3781663" lon="141.1620753">
<time>2026-01-01T00:07:37.000Z</time>
</wpt>
<wpt lat="39.3774071" lon="141.1617629">
<time>2026-01-01T00:07:38.000Z</time>
</wpt>
<wpt lat="39.3766480" lon="141.1614505">
<time>2026-01-01T00:07:39.000Z</time>
</wpt>
<wpt lat="39.3758888" lon="141.1611381">
<time>2026-01-01T00:07:40.000Z</time>
</wpt>
<wpt lat="39.3751296" lon="141.1608257">
<time>2026-01-01T00:07:41.000Z</time>
</wpt>
<wpt lat="39.3743705" lon="141.1605133">
<time>2026-01-01T00:07:42.000Z</time>
</wpt>
<wpt lat="39.3736113" lon="141.1602009">
<time>2026-01-01T00:07:43.000Z</time>
</wpt>
<wpt lat="39.3728521" lon="141.1598886">
<time>2026-01-01T00:07:44.000Z</time>
</wpt>
<wpt lat="39.3720929" lon="141.1595762">
<time>2026-01-01T00:07:45.000Z</time>
</wpt>
<wpt lat="39.3713338" lon="141.1592638">
<time>2026-01-01T00:07:46.000Z</time>
</wpt>
<wpt lat="39.3705746" lon="141.1589514">
<time>2026-01-01T00:07:47.000Z</time>
</wpt>
<wpt lat="39.3698154" lon="141.1586390">
<time>2026-01-01T00:07:48.000Z</time>
</wpt>
<wpt lat="39.3690563" lon="141.1583266">
<time>2026-01-01T00:07:49.000Z</time>
</wpt>
<wpt lat="39.3682971" lon="141.1580142">
<time>2026-01-01T00:07:50.000Z</time>
</wpt>
<wpt lat="39.3675379" lon="141.1577018">
<time>2026-01-01T00:07:51.000Z</time>
</wpt>
<wpt lat="39.3667788" lon="141.1573894">
<time>2026-01-01T00:07:52.000Z</time>
</wpt>
<wpt lat="39.3660196" lon="141.1570770">
<time>2026-01-01T00:07:53.000Z</time>
</wpt>
<wpt lat="39.3652604" lon="141.1567646">
<time>2026-01-01T00:07:54.000Z</time>
</wpt>
<wpt lat="39.3645012" lon="141.1564522">
<time>2026-01-01T00:07:55.000Z</time>
</wpt>
<wpt lat="39.3637421" lon="141.1561399">
<time>2026-01-01T00:07:56.000Z</time>
</wpt>
<wpt lat="39.3629829" lon="141.1558275">
<time>2026-01-01T00:07:57.000Z</time>
</wpt>
<wpt lat="39.3622237" lon="141.1555151">
<time>2026-01-01T00:07:58.000Z</time>
</wpt>
<wpt lat="39.3614646" lon="141.1552027">
<time>2026-01-01T00:07:59.000Z</time>
</wpt>
<wpt lat="39.3607054" lon="141.1548903">
<time>2026-01-01T00:08:00.000Z</time>
</wpt>
<wpt lat="39.3599462" lon="141.1545779">
<time>2026-01-01T00:08:01.000Z</time>
</wpt>
<wpt lat="39.3591871" lon="141.1542655">
<time>2026-01-01T00:08:02.000Z</time>
</wpt>
<wpt lat="39.3584279" lon="141.1539531">
<time>2026-01-01T00:08:03.000Z</time>
</wpt>
<wpt lat="39.3576687" lon="141.1536407">
<time>2026-01-01T00:08:04.000Z</time>
</wpt>
<wpt lat="39.3569095" lon="141.1533283">
<time>2026-01-01T00:08:05.000Z</time>
</wpt>
<wpt lat="39.3561504" lon="141.1530159">
<time>2026-01-01T00:08:06.000Z</time>
</wpt>
<wpt lat="39.3553912" lon="141.1527036">
<time>2026-01-01T00:08:07.000Z</time>
</wpt>
<wpt lat="39.3546320" lon="141.1523912">
<time>2026-01-01T00:08:08.000Z</time>
</wpt>
<wpt lat="39.3538729" lon="141.1520788">
<time>2026-01-01T00:08:09.000Z</time>
</wpt>
<wpt lat="39.3531137" lon="141.1517664">
<time>2026-01-01T00:08:10.000Z</time>
</wpt>
<wpt lat="39.3523545" lon="141.1514540">
<time>2026-01-01T00:08:11.000Z</time>
</wpt>
<wpt lat="39.3515953" lon="141.1511416">
<time>2026-01-01T00:08:12.000Z</time>
</wpt>
<wpt lat="39.3508362" lon="141.1508292">
<time>2026-01-01T00:08:13.000Z</time>
</wpt>
<wpt lat="39.3500770" lon="141.1505168">
<time>2026-01-01T00:08:14.000Z</time>
</wpt>
<wpt lat="39.3493178" lon="141.1502044">
<time>2026-01-01T00:08:15.000Z</time>
</wpt>
<wpt lat="39.3485587" lon="141.1498920">
<time>2026-01-01T00:08:16.000Z</time>
</wpt>
<wpt lat="39.3477995" lon="141.1495796">
<time>2026-01-01T00:08:17.000Z</time>
</wpt>
<wpt lat="39.3470403" lon="141.1492672">
<time>2026-01-01T00:08:18.000Z</time>
</wpt>
<wpt lat="39.3462812" lon="141.1489549">
<time>2026-01-01T00:08:19.000Z</time>
</wpt>
<wpt lat="39.3455220" lon="141.1486425">
<time>2026-01-01T00:08:20.000Z</time>
</wpt>
<wpt lat="39.3447628" lon="141.1483301">
<time>2026-01-01T00:08:21.000Z</time>
</wpt>
<wpt lat="39.3440036" lon="141.1480177">
<time>2026-01-01T00:08:22.000Z</time>
</wpt>
<wpt lat="39.3432445" lon="141.1477053">
<time>2026-01-01T00:08:23.000Z</time>
</wpt>
<wpt lat="39.3424853" lon="141.1473929">
<time>2026-01-01T00:08:24.000Z</time>
</wpt>
<wpt lat="39.3417261" lon="141.1470805">
<time>2026-01-01T00:08:25.000Z</time>
</wpt>
<wpt lat="39.3409670" lon="141.1467681">
<time>2026-01-01T00:08:26.000Z</time>
</wpt>
<wpt lat="39.3402078" lon="141.1464557">
<time>2026-01-01T00:08:27.000Z</time>
</wpt>
<wpt lat="39.3394486" lon="141.1461433">
<time>2026-01-01T00:08:28.000Z</time>
</wpt>
<wpt lat="39.3386895" lon="141.1458309">
<time>2026-01-01T00:08:29.000Z</time>
</wpt>
<wpt lat="39.3379303" lon="141.1455185">
<time>2026-01-01T00:08:30.000Z</time>
</wpt>
<wpt lat="39.3371711" lon="141.1452062">
<time>2026-01-01T00:08:31.000Z</time>
</wpt>
<wpt lat="39.3364119" lon="141.1448938">
<time>2026-01-01T00:08:32.000Z</time>
</wpt>
<wpt lat="39.3356528" lon="141.1445814">
<time>2026-01-01T00:08:33.000Z</time>
</wpt>
<wpt lat="39.3348936" lon="141.1442690">
<time>2026-01-01T00:08:34.000Z</time>
</wpt>
<wpt lat="39.3341344" lon="141.1439566">
<time>2026-01-01T00:08:35.000Z</time>
</wpt>
<wpt lat="39.3333753" lon="141.1436442">
<time>2026-01-01T00:08:36.000Z</time>
</wpt>
<wpt lat="39.3326161" lon="141.1433318">
<time>2026-01-01T00:08:37.000Z</time>
</wpt>
<wpt lat="39.3318569" lon="141.1430194">
<time>2026-01-01T00:08:38.000Z</time>
</wpt>
<wpt lat="39.3310977" lon="141.1427070">
<time>2026-01-01T00:08:39.000Z</time>
</wpt>
<wpt lat="39.3303386" lon="141.1423946">
<time>2026-01-01T00:08:40.000Z</time>
</wpt>
<wpt lat="39.3295794" lon="141.1420822">
<time>2026-01-01T00:08:41.000Z</time>
</wpt>
<wpt lat="39.3288202" lon="141.1417699">
<time>2026-01-01T00:08:42.000Z</time>
</wpt>
<wpt lat="39.3280611" lon="141.1414575">
<time>2026-01-01T00:08:43.000Z</time>
</wpt>
<wpt lat="39.3273019" lon="141.1411451">
<time>2026-01-01T00:08:44.000Z</time>
</wpt>
<wpt lat="39.3265427" lon="141.1408327">
<time>2026-01-01T00:08:45.000Z</time>
</wpt>
<wpt lat="39.3257836" lon="141.1405203">
<time>2026-01-01T00:08:46.000Z</time>
</wpt>
<wpt lat="39.3250244" lon="141.1402079">
<time>2026-01-01T00:08:47.000Z</time>
</wpt>
<wpt lat="39.3242652" lon="141.1398955">
<time>2026-01-01T00:08:48.000Z</time>
</wpt>
<wpt lat="39.3235060" lon="141.1395831">
<time>2026-01-01T00:08:49.000Z</time>
</wpt>
<wpt lat="39.3227469" lon="141.1392707">
<time>2026-01-01T00:08:50.000Z</time>
</wpt>
<wpt lat="39.3219877" lon="141.1389583">
<time>2026-01-01T00:08:51.000Z</time>
</wpt>
<wpt lat="39.3212285" lon="141.1386459">
<time>2026-01-01T00:08:52.000Z</time>
</wpt>
<wpt lat="39.3204694" lon="141.1383335">
<time>2026-01-01T00:08:53.000Z</time>
</wpt>
<wpt lat="39.3197102" lon="141.1380212">
<time>2026-01-01T00:08:54.000Z</time>
</wpt>
<wpt lat="39.3189510" lon="141.1377088">
<time>2026-01-01T00:08:55.000Z</time>
</wpt>
<wpt lat="39.3181919" lon="141.1373964">
<time>2026-01-01T00:08:56.000Z</time>
</wpt>
<wpt lat="39.3174327" lon="141.1370840">
<time>2026-01-01T00:08:57.000Z</time>
</wpt>
<wpt lat="39.3166735" lon="141.1367716">
<time>2026-01-01T00:08:58.000Z</time>
</wpt>
<wpt lat="39.3159143" lon="141.1364592">
<time>2026-01-01T00:08:59.000Z</time>
</wpt>
<wpt lat="39.3151552" lon="141.1361468">
<time>2026-01-01T00:09:00.000Z</time>
</wpt>
<wpt lat="39.3143960" lon="141.1358344">
<time>2026-01-01T00:09:01.000Z</time>
</wpt>
<wpt lat="39.3136368" lon="141.1355220">
<time>2026-01-01T00:09:02.000Z</time>
</wpt>
<wpt lat="39.3128777" lon="141.1352096">
<time>2026-01-01T00:09:03.000Z</time>
</wpt>
<wpt lat="39.3121185" lon="141.1348972">
<time>2026-01-01T00:09:04.000Z</time>
</wpt>
<wpt lat="39.3113593" lon="141.1345848">
<time>2026-01-01T00:09:05.000Z</time>
</wpt>
<wpt lat="39.3106001" lon="141.1342725">
<time>2026-01-01T00:09:06.000Z</time>
</wpt>
<wpt lat="39.3098410" lon="141.1339601">
<time>2026-01-01T00:09:07.000Z</time>
</wpt>
<wpt lat="39.3090818" lon="141.1336477">
<time>2026-01-01T00:09:08.000Z</time>
</wpt>
<wpt lat="39.3083226" lon="141.1333353">
<time>2026-01-01T00:09:09.000Z</time>
</wpt>
<wpt lat="39.3075635" lon="141.1330229">
<time>2026-01-01T00:09:10.000Z</time>
</wpt>
<wpt lat="39.3068043" lon="141.1327105">
<time>2026-01-01T00:09:11.000Z</time>
</wpt>
<wpt lat="39.3060451" lon="141.1323981">
<time>2026-01-01T00:09:12.000Z</time>
</wpt>
<wpt lat="39.3052860" lon="141.1320857">
<time>2026-01-01T00:09:13.000Z</time>
</wpt>
<wpt lat="39.3045268" lon="141.1317733">
<time>2026-01-01T00:09:14.000Z</time>
</wpt>
<wpt lat="39.3037676" lon="141.1314609">
<time>2026-01-01T00:09:15.000Z</time>
</wpt>
<wpt lat="39.3030084" lon="141.1311485">
<time>2026-01-01T00:09:16.000Z</time>
</wpt>
<wpt lat="39.3022493" lon="141.1308362">
<time>2026-01-01T00:09:17.000Z</time>
</wpt>
<wpt lat="39.3014901" lon="141.1305238">
<time>2026-01-01T00:09:18.000Z</time>
</wpt>
<wpt lat="39.3007309" lon="141.1302114">
<time>2026-01-01T00:09:19.000Z</time>
</wpt>
<wpt lat="39.2999718" lon="141.1298990">
<time>2026-01-01T00:09:20.000Z</time>
</wpt>
<wpt lat="39.2992126" lon="141.1295866">
<time>2026-01-01T00:09:21.000Z</time>
</wpt>
<wpt lat="39.2984534" lon="141.1292742">
<time>2026-01-01T00:09:22.000Z</time>
</wpt>
<wpt lat="39.2976942" lon="141.1289618">
<time>2026-01-01T00:09:23.000Z</time>
</wpt>
<wpt lat="39.2969351" lon="141.1286494">
<time>2026-01-01T00:09:24.000Z</time>
</wpt>
<wpt lat="39.2961759" lon="141.1283370">
<time>2026-01-01T00:09:25.000Z</time>
</wpt>
<wpt lat="39.2954167" lon="141.1280246">
<time>2026-01-01T00:09:26.000Z</time>
</wpt>
<wpt lat="39.2946576" lon="141.1277122">
<time>2026-01-01T00:09:27.000Z</time>
</wpt>
<wpt lat="39.2938984" lon="141.1273998">
<time>2026-01-01T00:09:28.000Z</time>
</wpt>
<wpt lat="39.2931392" lon="141.1270875">
<time>2026-01-01T00:09:29.000Z</time>
</wpt>
<wpt lat="39.2923801" lon="141.1267751">
<time>2026-01-01T00:09:30.000Z</time>
</wpt>
<wpt lat="39.2916209" lon="141.1264627">
<time>2026-01-01T00:09:31.000Z</time>
</wpt>
<wpt lat="39.2908617" lon="141.1261503">
<time>2026-01-01T00:09:32.000Z</time>
</wpt>
<wpt lat="39.2901025" lon="141.1258379">
<time>2026-01-01T00:09:33.000Z</time>
</wpt>
<wpt lat="39.2893434" lon="141.1255255">
<time>2026-01-01T00:09:34.000Z</time>
</wpt>
<wpt lat="39.2885842" lon="141.1252131">
<time>2026-01-01T00:09:35.000Z</time>
</wpt>
<wpt lat="39.2878250" lon="141.1249007">
<time>2026-01-01T00:09:36.000Z</time>
</wpt>
<wpt lat="39.2870659" lon="141.1245883">
<time>2026-01-01T00:09:37.000Z</time>
</wpt>
<wpt lat="39.2863067" lon="141.1242759">
<time>2026-01-01T00:09:38.000Z</time>
</wpt>
<wpt lat="39.2855475" lon="141.1239635">
<time>2026-01-01T00:09:39.000Z</time>
</wpt>
<wpt lat="39.2847884" lon="141.1236511">
<time>2026-01-01T00:09:40.000Z</time>
</wpt>
<wpt lat="39.2840292" lon="141.1233388">
<time>2026-01-01T00:09:41.000Z</time>
</wpt>
<wpt lat="39.2832700" lon="141.1230264">
<time>2026-01-01T00:09:42.000Z</time>
</wpt>
<wpt lat="39.2825108" lon="141.1227140">
<time>2026-01-01T00:09:43.000Z</time>
</wpt>
<wpt lat="39.2817868" lon="141.1228116">
<time>2026-01-01T00:09:44.000Z</time>
</wpt>
<wpt lat="39.2810835" lon="141.1231514">
<time>2026-01-01T00:09:45.000Z</time>
</wpt>
<wpt lat="39.2803801" lon="141.1234912">
<time>2026-01-01T00:09:46.000Z</time>
</wpt>
<wpt lat="39.2796768" lon="141.1238310">
<time>2026-01-01T00:09:47.000Z</time>
</wpt>
<wpt lat="39.2789735" lon="141.1241708">
<time>2026-01-01T00:09:48.000Z</time>
</wpt>
<wpt lat="39.2782702" lon="141.1245106">
<time>2026-01-01T00:09:49.000Z</time>
</wpt>
<wpt lat="39.2775668" lon="141.1248504">
<time>2026-01-01T00:09:50.000Z</time>
</wpt>
<wpt lat="39.2768635" lon="141.1251902">
<time>2026-01-01T00:09:51.000Z</time>
</wpt>
<wpt lat="39.2761602" lon="141.1255300">
<time>2026-01-01T00:09:52.000Z</time>
</wpt>
<wpt lat="39.2754569" lon="141.1258698">
<time>2026-01-01T00:09:53.000Z</time>
</wpt>
<wpt lat="39.2747535" lon="141.1262096">
<time>2026-01-01T00:09:54.000Z</time>
</wpt>
<wpt lat="39.2740502" lon="141.1265494">
<time>2026-01-01T00:09:55.000Z</time>
</wpt>
<wpt lat="39.2733469" lon="141.1268892">
<time>2026-01-01T00:09:56.000Z</time>
</wpt>
<wpt lat="39.2726436" lon="141.1272290">
<time>2026-01-01T00:09:57.000Z</time>
</wpt>
<wpt lat="39.2719402" lon="141.1275688">
<time>2026-01-01T00:09:58.000Z</time>
</wpt>
<wpt lat="39.2712369" lon="141.1279086">
<time>2026-01-01T00:09:59.000Z</time>
</wpt>
<wpt lat="39.2705336" lon="141.1282483">
<time>2026-01-01T00:10:00.000Z</time>
</wpt>
<wpt lat="39.2698303" lon="141.1285881">
<time>2026-01-01T00:10:01.000Z</time>
</wpt>
<wpt lat="39.2691269" lon="141.1289279">
<time>2026-01-01T00:10:02.000Z</time>
</wpt>
<wpt lat="39.2684236" lon="141.1292677">
<time>2026-01-01T00:10:03.000Z</time>
</wpt>
<wpt lat="39.2677203" lon="141.1296075">
<time>2026-01-01T00:10:04.000Z</time>
</wpt>
<wpt lat="39.2670170" lon="141.1299473">
<time>2026-01-01T00:10:05.000Z</time>
</wpt>
<wpt lat="39.2663136" lon="141.1302871">
<time>2026-01-01T00:10:06.000Z</time>
</wpt>
<wpt lat="39.2656103" lon="141.1306269">
<time>2026-01-01T00:10:07.000Z</time>
</wpt>
<wpt lat="39.2649070" lon="141.1309667">
<time>2026-01-01T00:10:08.000Z</time>
</wpt>
<wpt lat="39.2642037" lon="141.1313065">
<time>2026-01-01T00:10:09.000Z</time>
</wpt>
<wpt lat="39.2635003" lon="141.1316463">
<time>2026-01-01T00:10:10.000Z</time>
</wpt>
<wpt lat="39.2627970" lon="141.1319861">
<time>2026-01-01T00:10:11.000Z</time>
</wpt>
<wpt lat="39.2620937" lon="141.1323259">
<time>2026-01-01T00:10:12.000Z</time>
</wpt>
<wpt lat="39.2613904" lon="141.1326657">
<time>2026-01-01T00:10:13.000Z</time>
</wpt>
<wpt lat="39.2606870" lon="141.1330055">
<time>2026-01-01T00:10:14.000Z</time>
</wpt>
<wpt lat="39.2599837" lon="141.1333453">
<time>2026-01-01T00:10:15.000Z</time>
</wpt>
<wpt lat="39.2592804" lon="141.1336850">
<time>2026-01-01T00:10:16.000Z</time>
</wpt>
<wpt lat="39.2585771" lon="141.1340248">
<time>2026-01-01T00:10:17.000Z</time>
</wpt>
<wpt lat="39.2578737" lon="141.1343646">
<time>2026-01-01T00:10:18.000Z</time>
</wpt>
<wpt lat="39.2571704" lon="141.1347044">
<time>2026-01-01T00:10:19.000Z</time>
</wpt>
<wpt lat="39.2564671" lon="141.1350442">
<time>2026-01-01T00:10:20.000Z</time>
</wpt>
<wpt lat="39.2557638" lon="141.1353840">
<time>2026-01-01T00:10:21.000Z</time>
</wpt>
<wpt lat="39.2550604" lon="141.1357238">
<time>2026-01-01T00:10:22.000Z</time>
</wpt>
<wpt lat="39.2543571" lon="141.1360636">
<time>2026-01-01T00:10:23.000Z</time>
</wpt>
<wpt lat="39.2536538" lon="141.1364034">
<time>2026-01-01T00:10:24.000Z</time>
</wpt>
<wpt lat="39.2529505" lon="141.1367432">
<time>2026-01-01T00:10:25.000Z</time>
</wpt>
<wpt lat="39.2522471" lon="141.1370830">
<time>2026-01-01T00:10:26.000Z</time>
</wpt>
<wpt lat="39.2515438" lon="141.1374228">
<time>2026-01-01T00:10:27.000Z</time>
</wpt>
<wpt lat="39.2508405" lon="141.1377626">
<time>2026-01-01T00:10:28.000Z</time>
</wpt>
<wpt lat="39.2501372" lon="141.1381024">
<time>2026-01-01T00:10:29.000Z</time>
</wpt>
<wpt lat="39.2494338" lon="141.1384422">
<time>2026-01-01T00:10:30.000Z</time>
</wpt>
<wpt lat="39.2487305" lon="141.1387820">
<time>2026-01-01T00:10:31.000Z</time>
</wpt>
<wpt lat="39.2480272" lon="141.1391217">
<time>2026-01-01T00:10:32.000Z</time>
</wpt>
<wpt lat="39.2473239" lon="141.1394615">
<time>2026-01-01T00:10:33.000Z</time>
</wpt>
<wpt lat="39.2466205" lon="141.1398013">
<time>2026-01-01T00:10:34.000Z</time>
</wpt>
<wpt lat="39.2459172" lon="141.1401411">
<time>2026-01-01T00:10:35.000Z</time>
</wpt>
<wpt lat="39.2452139" lon="141.1404809">
<time>2026-01-01T00:10:36.000Z</time>
</wpt>
<wpt lat="39.2445105" lon="141.1408207">
<time>2026-01-01T00:10:37.000Z</time>
</wpt>
<wpt lat="39.2438072" lon="141.1411605">
<time>2026-01-01T00:10:38.000Z</time>
</wpt>
<wpt lat="39.2431039" lon="141.1415003">
<time>2026-01-01T00:10:39.000Z</time>
</wpt>
<wpt lat="39.2424006" lon="141.1418401">
<time>2026-01-01T00:10:40.000Z</time>
</wpt>
<wpt lat="39.2416972" lon="141.1421799">
<time>2026-01-01T00:10:41.000Z</time>
</wpt>
<wpt lat="39.2409939" lon="141.1425197">
<time>2026-01-01T00:10:42.000Z</time>
</wpt>
<wpt lat="39.2402906" lon="141.1428595">
<time>2026-01-01T00:10:43.000Z</time>
</wpt>
<wpt lat="39.2395873" lon="141.1431993">
<time>2026-01-01T00:10:44.000Z</time>
</wpt>
<wpt lat="39.2388839" lon="141.1435391">
<time>2026-01-01T00:10:45.000Z</time>
</wpt>
<wpt lat="39.2381806" lon="141.1438789">
<time>2026-01-01T00:10:46.000Z</time>
</wpt>
<wpt lat="39.2374773" lon="141.1442187">
<time>2026-01-01T00:10:47.000Z</time>
</wpt>
<wpt lat="39.2367740" lon="141.1445584">
<time>2026-01-01T00:10:48.000Z</time>
</wpt>
<wpt lat="39.2360706" lon="141.1448982">
<time>2026-01-01T00:10:49.000Z</time>
</wpt>
<wpt lat="39.2353673" lon="141.1452380">
<time>2026-01-01T00:10:50.000Z</time>
</wpt>
<wpt lat="39.2346640" lon="141.1455778">
<time>2026-01-01T00:10:51.000Z</time>
</wpt>
<wpt lat="39.2339607" lon="141.1459176">
<time>2026-01-01T00:10:52.000Z</time>
</wpt>
<wpt lat="39.2332573" lon="141.1462574">
<time>2026-01-01T00:10:53.000Z</time>
</wpt>
<wpt lat="39.2325540" lon="141.1465972">
<time>2026-01-01T00:10:54.000Z</time>
</wpt>
<wpt lat="39.2318507" lon="141.1469370">
<time>2026-01-01T00:10:55.000Z</time>
</wpt>
<wpt lat="39.2311474" lon="141.1472768">
<time>2026-01-01T00:10:56.000Z</time>
</wpt>
<wpt lat="39.2304440" lon="141.1476166">
<time>2026-01-01T00:10:57.000Z</time>
</wpt>
<wpt lat="39.2297407" lon="141.1479564">
<time>2026-01-01T00:10:58.000Z</time>
</wpt>
<wpt lat="39.2290374" lon="141.1482962">
<time>2026-01-01T00:10:59.000Z</time>
</wpt>
<wpt lat="39.2283341" lon="141.1486360">
<time>2026-01-01T00:11:00.000Z</time>
</wpt>
<wpt lat="39.2276307" lon="141.1489758">
<time>2026-01-01T00:11:01.000Z</time>
</wpt>
<wpt lat="39.2269274" lon="141.1493156">
<time>2026-01-01T00:11:02.000Z</time>
</wpt>
<wpt lat="39.2262241" lon="141.1496554">
<time>2026-01-01T00:11:03.000Z</time>
</wpt>
<wpt lat="39.2255208" lon="141.1499951">
<time>2026-01-01T00:11:04.000Z</time>
</wpt>
<wpt lat="39.2248174" lon="141.1503349">
<time>2026-01-01T00:11:05.000Z</time>
</wpt>
<wpt lat="39.2241141" lon="141.1506747">
<time>2026-01-01T00:11:06.000Z</time>
</wpt>
<wpt lat="39.2234108" lon="141.1510145">
<time>2026-01-01T00:11:07.000Z</time>
</wpt>
<wpt lat="39.2227075" lon="141.1513543">
<time>2026-01-01T00:11:08.000Z</time>
</wpt>
<wpt lat="39.2220041" lon="141.1516941">
<time>2026-01-01T00:11:09.000Z</time>
</wpt>
<wpt lat="39.2213008" lon="141.1520339">
<time>2026-01-01T00:11:10.000Z</time>
</wpt>
<wpt lat="39.2205975" lon="141.1523737">
<time>2026-01-01T00:11:11.000Z</time>
</wpt>
<wpt lat="39.2198942" lon="141.1527135">
<time>2026-01-01T00:11:12.000Z</time>
</wpt>
<wpt lat="39.2191908" lon="141.1530533">
<time>2026-01-01T00:11:13.000Z</time>
</wpt>
<wpt lat="39.2184875" lon="141.1533931">
<time>2026-01-01T00:11:14.000Z</time>
</wpt>
<wpt lat="39.2177842" lon="141.1537329">
<time>2026-01-01T00:11:15.000Z</time>
</wpt>
<wpt lat="39.2170809" lon="141.1540727">
<time>2026-01-01T00:11:16.000Z</time>
</wpt>
<wpt lat="39.2163775" lon="141.1544125">
<time>2026-01-01T00:11:17.000Z</time>
</wpt>
<wpt lat="39.2156742" lon="141.1547523">
<time>2026-01-01T00:11:18.000Z</time>
</wpt>
<wpt lat="39.2149709" lon="141.1550921">
<time>2026-01-01T00:11:19.000Z</time>
</wpt>
<wpt lat="39.2142676" lon="141.1554319">
<time>2026-01-01T00:11:20.000Z</time>
</wpt>
<wpt lat="39.2135642" lon="141.1557716">
<time>2026-01-01T00:11:21.000Z</time>
</wpt>
<wpt lat="39.2128609" lon="141.1561114">
<time>2026-01-01T00:11:22.000Z</time>
</wpt>
<wpt lat="39.2121576" lon="141.1564512">
<time>2026-01-01T00:11:23.000Z</time>
</wpt>
<wpt lat="39.2114543" lon="141.1567910">
<time>2026-01-01T00:11:24.000Z</time>
</wpt>
<wpt lat="39.2107509" lon="141.1571308">
<time>2026-01-01T00:11:25.000Z</time>
</wpt>
<wpt lat="39.2100476" lon="141.1574706">
<time>2026-01-01T00:11:26.000Z</time>
</wpt>
<wpt lat="39.2093443" lon="141.1578104">
<time>2026-01-01T00:11:27.000Z</time>
</wpt>
<wpt lat="39.2086410" lon="141.1581502">
<time>2026-01-01T00:11:28.000Z</time>
</wpt>
<wpt lat="39.2079376" lon="141.1584900">
<time>2026-01-01T00:11:29.000Z</time>
</wpt>
<wpt lat="39.2072343" lon="141.1588298">
<time>2026-01-01T00:11:30.000Z</time>
</wpt>
<wpt lat="39.2065310" lon="141.1591696">
<time>2026-01-01T00:11:31.000Z</time>
</wpt>
<wpt lat="39.2058277" lon="141.1595094">
<time>2026-01-01T00:11:32.000Z</time>
</wpt>
<wpt lat="39.2051243" lon="141.1598492">
<time>2026-01-01T00:11:33.000Z</time>
</wpt>
<wpt lat="39.2044210" lon="141.1601890">
<time>2026-01-01T00:11:34.000Z</time>
</wpt>
<wpt lat="39.2037177" lon="141.1605288">
<time>2026-01-01T00:11:35.000Z</time>
</wpt>
<wpt lat="39.2030144" lon="141.1608686">
<time>2026-01-01T00:11:36.000Z</time>
</wpt>
<wpt lat="39.2023110" lon="141.1612083">
<time>2026-01-01T00:11:37.000Z</time>
</wpt>
<wpt lat="39.2016077" lon="141.1615481">
<time>2026-01-01T00:11:38.000Z</time>
</wpt>
<wpt lat="39.2009044" lon="141.1618879">
<time>2026-01-01T00:11:39.000Z</time>
</wpt>
<wpt lat="39.2002011" lon="141.1622277">
<time>2026-01-01T00:11:40.000Z</time>
</wpt>
<wpt lat="39.1994977" lon="141.1625675">
<time>2026-01-01T00:11:41.000Z</time>
</wpt>
<wpt lat="39.1987944" lon="141.1629073">
<time>2026-01-01T00:11:42.000Z</time>
</wpt>
<wpt lat="39.1980911" lon="141.1632471">
<time>2026-01-01T00:11:43.000Z</time>
</wpt>
<wpt lat="39.1973878" lon="141.1635869">
<time>2026-01-01T00:11:44.000Z</time>
</wpt>
<wpt lat="39.1966844" lon="141.1639267">
<time>2026-01-01T00:11:45.000Z</time>
</wpt>
<wpt lat="39.1959811" lon="141.1642665">
<time>2026-01-01T00:11:46.000Z</time>
</wpt>
<wpt lat="39.1952778" lon="141.1646063">
<time>2026-01-01T00:11:47.000Z</time>
</wpt>
<wpt lat="39.1945745" lon="141.1649461">
<time>2026-01-01T00:11:48.000Z</time>
</wpt>
<wpt lat="39.1938711" lon="141.1652859">
<time>2026-01-01T00:11:49.000Z</time>
</wpt>
<wpt lat="39.1931678" lon="141.1656257">
<time>2026-01-01T00:11:50.000Z</time>
</wpt>
<wpt lat="39.1924645" lon="141.1659655">
<time>2026-01-01T00:11:51.000Z</time>
</wpt>
<wpt lat="39.1917612" lon="141.1663053">
<time>2026-01-01T00:11:52.000Z</time>
</wpt>
<wpt lat="39.1910578" lon="141.1666450">
<time>2026-01-01T00:11:53.000Z</time>
</wpt>
<wpt lat="39.1903545" lon="141.1669848">
<time>2026-01-01T00:11:54.000Z</time>
</wpt>
<wpt lat="39.1896512" lon="141.1673246">
<time>2026-01-01T00:11:55.000Z</time>
</wpt>
<wpt lat="39.1889479" lon="141.1676644">
<time>2026-01-01T00:11:56.000Z</time>
</wpt>
<wpt lat="39.1882445" lon="141.1680042">
<time>2026-01-01T00:11:57.000Z</time>
</wpt>
<wpt lat="39.1875412" lon="141.1683440">
<time>2026-01-01T00:11:58.000Z</time>
</wpt>
<wpt lat="39.1868379" lon="141.1686838">
<time>2026-01-01T00:11:59.000Z</time>
</wpt>
<wpt lat="39.1861346" lon="141.1690236">
<time>2026-01-01T00:12:00.000Z</time>
</wpt>
<wpt lat="39.1854312" lon="141.1693634">
<time>2026-01-01T00:12:01.000Z</time>
</wpt>
<wpt lat="39.1847279" lon="141.1697032">
<time>2026-01-01T00:12:02.000Z</time>
</wpt>
<wpt lat="39.1840246" lon="141.1700430">
<time>2026-01-01T00:12:03.000Z</time>
</wpt>
<wpt lat="39.1833213" lon="141.1703828">
<time>2026-01-01T00:12:04.000Z</time>
</wpt>
<wpt lat="39.1826179" lon="141.1707226">
<time>2026-01-01T00:12:05.000Z</time>
</wpt>
<wpt lat="39.1819146" lon="141.1710624">
<time>2026-01-01T00:12:06.000Z</time>
</wpt>
<wpt lat="39.1812113" lon="141.1714022">
<time>2026-01-01T00:12:07.000Z</time>
</wpt>
<wpt lat="39.1805080" lon="141.1717420">
<time>2026-01-01T00:12:08.000Z</time>
</wpt>
<wpt lat="39.1798046" lon="141.1720817">
<time>2026-01-01T00:12:09.000Z</time>
</wpt>
<wpt lat="39.1791013" lon="141.1724215">
<time>2026-01-01T00:12:10.000Z</time>
</wpt>
<wpt lat="39.1783980" lon="141.1727613">
<time>2026-01-01T00:12:11.000Z</time>
</wpt>
<wpt lat="39.1776947" lon="141.1731011">
<time>2026-01-01T00:12:12.000Z</time>
</wpt>
<wpt lat="39.1769913" lon="141.1734409">
<time>2026-01-01T00:12:13.000Z</time>
</wpt>
<wpt lat="39.1762880" lon="141.1737807">
<time>2026-01-01T00:12:14.000Z</time>
</wpt>
<wpt lat="39.1755847" lon="141.1741205">
<time>2026-01-01T00:12:15.000Z</time>
</wpt>
<wpt lat="39.1748814" lon="141.1744603">
<time>2026-01-01T00:12:16.000Z</time>
</wpt>
<wpt lat="39.1741780" lon="141.1748001">
<time>2026-01-01T00:12:17.000Z</time>
</wpt>
<wpt lat="39.1734747" lon="141.1751399">
<time>2026-01-01T00:12:18.000Z</time>
</wpt>
<wpt lat="39.1727714" lon="141.1754797">
<time>2026-01-01T00:12:19.000Z</time>
</wpt>
<wpt lat="39.1720681" lon="141.1758195">
<time>2026-01-01T00:12:20.000Z</time>
</wpt>
<wpt lat="39.1713647" lon="141.1761593">
<time>2026-01-01T00:12:21.000Z</time>
</wpt>
<wpt lat="39.1706614" lon="141.1764991">
<time>2026-01-01T00:12:22.000Z</time>
</wpt>
<wpt lat="39.1699581" lon="141.1768389">
<time>2026-01-01T00:12:23.000Z</time>
</wpt>
<wpt lat="39.1692548" lon="141.1771787">
<time>2026-01-01T00:12:24.000Z</time>
</wpt>
<wpt lat="39.1685514" lon="141.1775184">
<time>2026-01-01T00:12:25.000Z</time>
</wpt>
<wpt lat="39.1678481" lon="141.1778582">
<time>2026-01-01T00:12:26.000Z</time>
</wpt>
<wpt lat="39.1671448" lon="141.1781980">
<time>2026-01-01T00:12:27.000Z</time>
</wpt>
<wpt lat="39.1664415" lon="141.1785378">
<time>2026-01-01T00:12:28.000Z</time>
</wpt>
<wpt lat="39.1657381" lon="141.1788776">
<time>2026-01-01T00:12:29.000Z</time>
</wpt>
<wpt lat="39.1650348" lon="141.1792174">
<time>2026-01-01T00:12:30.000Z</time>
</wpt>
<wpt lat="39.1643315" lon="141.1795572">
<time>2026-01-01T00:12:31.000Z</time>
</wpt>
<wpt lat="39.1636282" lon="141.1798970">
<time>2026-01-01T00:12:32.000Z</time>
</wpt>
<wpt lat="39.1629248" lon="141.1802368">
<time>2026-01-01T00:12:33.000Z</time>
</wpt>
<wpt lat="39.1622215" lon="141.1805766">
<time>2026-01-01T00:12:34.000Z</time>
</wpt>
<wpt lat="39.1615182" lon="141.1809164">
<time>2026-01-01T00:12:35.000Z</time>
</wpt>
<wpt lat="39.1608149" lon="141.1812562">
<time>2026-01-01T00:12:36.000Z</time>
</wpt>
<wpt lat="39.1601115" lon="141.1815960">
<time>2026-01-01T00:12:37.000Z</time>
</wpt>
<wpt lat="39.1594082" lon="141.1819358">
<time>2026-01-01T00:12:38.000Z</time>
</wpt>
<wpt lat="39.1587049" lon="141.1822756">
<time>2026-01-01T00:12:39.000Z</time>
</wpt>
<wpt lat="39.1580016" lon="141.1826154">
<time>2026-01-01T00:12:40.000Z</time>
</wpt>
<wpt lat="39.1572982" lon="141.1829551">
<time>2026-01-01T00:12:41.000Z</time>
</wpt>
<wpt lat="39.1565949" lon="141.1832949">
<time>2026-01-01T00:12:42.000Z</time>
</wpt>
<wpt lat="39.1558916" lon="141.1836347">
<time>2026-01-01T00:12:43.000Z</time>
</wpt>
<wpt lat="39.1551883" lon="141.1839745">
<time>2026-01-01T00:12:44.000Z</time>
</wpt>
<wpt lat="39.1544849" lon="141.1843143">
<time>2026-01-01T00:12:45.000Z</time>
</wpt>
<wpt lat="39.1537816" lon="141.1846541">
<time>2026-01-01T00:12:46.000Z</time>
</wpt>
<wpt lat="39.1530783" lon="141.1849939">
<time>2026-01-01T00:12:47.000Z</time>
</wpt>
<wpt lat="39.1523750" lon="141.1853337">
<time>2026-01-01T00:12:48.000Z</time>
</wpt>
<wpt lat="39.1516716" lon="141.1856735">
<time>2026-01-01T00:12:49.000Z</time>
</wpt>
<wpt lat="39.1509683" lon="141.1860133">
<time>2026-01-01T00:12:50.000Z</time>
</wpt>
<wpt lat="39.1502650" lon="141.1863531">
<time>2026-01-01T00:12:51.000Z</time>
</wpt>
<wpt lat="39.1495616" lon="141.1866929">
<time>2026-01-01T00:12:52.000Z</time>
</wpt>
<wpt lat="39.1488583" lon="141.1870327">
<time>2026-01-01T00:12:53.000Z</time>
</wpt>
<wpt lat="39.1481550" lon="141.1873725">
<time>2026-01-01T00:12:54.000Z</time>
</wpt>
<wpt lat="39.1474517" lon="141.1877123">
<time>2026-01-01T00:12:55.000Z</time>
</wpt>
<wpt lat="39.1467483" lon="141.1880521">
<time>2026-01-01T00:12:56.000Z</time>
</wpt>
<wpt lat="39.1460450" lon="141.1883918">
<time>2026-01-01T00:12:57.000Z</time>
</wpt>
<wpt lat="39.1453417" lon="141.1887316">
<time>2026-01-01T00:12:58.000Z</time>
</wpt>
<wpt lat="39.1445819" lon="141.1886636">
<time>2026-01-01T00:12:59.000Z</time>
</wpt>
<wpt lat="39.1438071" lon="141.1884871">
<time>2026-01-01T00:13:00.000Z</time>
</wpt>
<wpt lat="39.1430323" lon="141.1883106">
<time>2026-01-01T00:13:01.000Z</time>
</wpt>
<wpt lat="39.1422575" lon="141.1881341">
<time>2026-01-01T00:13:02.000Z</time>
</wpt>
<wpt lat="39.1414827" lon="141.1879576">
<time>2026-01-01T00:13:03.000Z</time>
</wpt>
<wpt lat="39.1407079" lon="141.1877811">
<time>2026-01-01T00:13:04.000Z</time>
</wpt>
<wpt lat="39.1399331" lon="141.1876046">
<time>2026-01-01T00:13:05.000Z</time>
</wpt>
<wpt lat="39.1391583" lon="141.1874281">
<time>2026-01-01T00:13:06.000Z</time>
</wpt>
<wpt lat="39.1383836" lon="141.1872516">
<time>2026-01-01T00:13:07.000Z</time>
</wpt>
<wpt lat="39.1376088" lon="141.1870751">
<time>2026-01-01T00:13:08.000Z</time>
</wpt>
<wpt lat="39.1368340" lon="141.1868986">
<time>2026-01-01T00:13:09.000Z</time>
</wpt>
<wpt lat="39.1360592" lon="141.1867221">
<time>2026-01-01T00:13:10.000Z</time>
</wpt>
<wpt lat="39.1352844" lon="141.1865456">
<time>2026-01-01T00:13:11.000Z</time>
</wpt>
<wpt lat="39.1345096" lon="141.1863691">
<time>2026-01-01T00:13:12.000Z</time>
</wpt>
<wpt lat="39.1337348" lon="141.1861927">
<time>2026-01-01T00:13:13.000Z</time>
</wpt>
<wpt lat="39.1329600" lon="141.1860162">
<time>2026-01-01T00:13:14.000Z</time>
</wpt>
<wpt lat="39.1321852" lon="141.1858397">
<time>2026-01-01T00:13:15.000Z</time>
</wpt>
<wpt lat="39.1314104" lon="141.1856632">
<time>2026-01-01T00:13:16.000Z</time>
</wpt>
<wpt lat="39.1306356" lon="141.1854867">
<time>2026-01-01T00:13:17.000Z</time>
</wpt>
<wpt lat="39.1298608" lon="141.1853102">
<time>2026-01-01T00:13:18.000Z</time>
</wpt>
<wpt lat="39.1290860" lon="141.1851337">
<time>2026-01-01T00:13:19.000Z</time>
</wpt>
<wpt lat="39.1283112" lon="141.1849572">
<time>2026-01-01T00:13:20.000Z</time>
</wpt>
<wpt lat="39.1275364" lon="141.1847807">
<time>2026-01-01T00:13:21.000Z</time>
</wpt>
<wpt lat="39.1267616" lon="141.1846042">
<time>2026-01-01T00:13:22.000Z</time>
</wpt>
<wpt lat="39.1259868" lon="141.1844277">
<time>2026-01-01T00:13:23.000Z</time>
</wpt>
<wpt lat="39.1252120" lon="141.1842512">
<time>2026-01-01T00:13:24.000Z</time>
</wpt>
<wpt lat="39.1244372" lon="141.1840747">
<time>2026-01-01T00:13:25.000Z</time>
</wpt>
<wpt lat="39.1236624" lon="141.1838982">
<time>2026-01-01T00:13:26.000Z</time>
</wpt>
<wpt lat="39.1228876" lon="141.1837217">
<time>2026-01-01T00:13:27.000Z</time>
</wpt>
<wpt lat="39.1221129" lon="141.1835452">
<time>2026-01-01T00:13:28.000Z</time>
</wpt>
<wpt lat="39.1213381" lon="141.1833687">
<time>2026-01-01T00:13:29.000Z</time>
</wpt>
<wpt lat="39.1205633" lon="141.1831922">
<time>2026-01-01T00:13:30.000Z</time>
</wpt>
<wpt lat="39.1197885" lon="141.1830158">
<time>2026-01-01T00:13:31.000Z</time>
</wpt>
<wpt lat="39.1190137" lon="141.1828393">
<time>2026-01-01T00:13:32.000Z</time>
</wpt>
<wpt lat="39.1182389" lon="141.1826628">
<time>2026-01-01T00:13:33.000Z</time>
</wpt>
<wpt lat="39.1174641" lon="141.1824863">
<time>2026-01-01T00:13:34.000Z</time>
</wpt>
<wpt lat="39.1166893" lon="141.1823098">
<time>2026-01-01T00:13:35.000Z</time>
</wpt>
<wpt lat="39.1159145" lon="141.1821333">
<time>2026-01-01T00:13:36.000Z</time>
</wpt>
<wpt lat="39.1151397" lon="141.1819568">
<time>2026-01-01T00:13:37.000Z</time>
</wpt>
<wpt lat="39.1143649" lon="141.1817803">
<time>2026-01-01T00:13:38.000Z</time>
</wpt>
<wpt lat="39.1135901" lon="141.1816038">
<time>2026-01-01T00:13:39.000Z</time>
</wpt>
<wpt lat="39.1128153" lon="141.1814273">
<time>2026-01-01T00:13:40.000Z</time>
</wpt>
<wpt lat="39.1120405" lon="141.1812508">
<time>2026-01-01T00:13:41.000Z</time>
</wpt>
<wpt lat="39.1112657" lon="141.1810743">
<time>2026-01-01T00:13:42.000Z</time>
</wpt>
<wpt lat="39.1104909" lon="141.1808978">
<time>2026-01-01T00:13:43.000Z</time>
</wpt>
<wpt lat="39.1097161" lon="141.1807213">
<time>2026-01-01T00:13:44.000Z</time>
</wpt>
<wpt lat="39.1089413" lon="141.1805448">
<time>2026-01-01T00:13:45.000Z</time>
</wpt>
<wpt lat="39.1081665" lon="141.1803683">
<time>2026-01-01T00:13:46.000Z</time>
</wpt>
<wpt lat="39.1073917" lon="141.1801918">
<time>2026-01-01T00:13:47.000Z</time>
</wpt>
<wpt lat="39.1066170" lon="141.1800154">
<time>2026-01-01T00:13:48.000Z</time>
</wpt>
<wpt lat="39.1058422" lon="141.1798389">
<time>2026-01-01T00:13:49.000Z</time>
</wpt>
<wpt lat="39.1050674" lon="141.1796624">
<time>2026-01-01T00:13:50.000Z</time>
</wpt>
<wpt lat="39.1042926" lon="141.1794859">
<time>2026-01-01T00:13:51.000Z</time>
</wpt>
<wpt lat="39.1035178" lon="141.1793094">
<time>2026-01-01T00:13:52.000Z</time>
</wpt>
<wpt lat="39.1027430" lon="141.1791329">
<time>2026-01-01T00:13:53.000Z</time>
</wpt>
<wpt lat="39.1019682" lon="141.1789564">
<time>2026-01-01T00:13:54.000Z</time>
</wpt>
<wpt lat="39.1011934" lon="141.1787799">
<time>2026-01-01T00:13:55.000Z</time>
</wpt>
<wpt lat="39.1004186" lon="141.1786034">
<time>2026-01-01T00:13:56.000Z</time>
</wpt>
<wpt lat="39.0996438" lon="141.1784269">
<time>2026-01-01T00:13:57.000Z</time>
</wpt>
<wpt lat="39.0988690" lon="141.1782504">
<time>2026-01-01T00:13:58.000Z</time>
</wpt>
<wpt lat="39.0980942" lon="141.1780739">
<time>2026-01-01T00:13:59.000Z</time>
</wpt>
<wpt lat="39.0973194" lon="141.1778974">
<time>2026-01-01T00:14:00.000Z</time>
</wpt>
<wpt lat="39.0965446" lon="141.1777209">
<time>2026-01-01T00:14:01.000Z</time>
</wpt>
<wpt lat="39.0957698" lon="141.1775444">
<time>2026-01-01T00:14:02.000Z</time>
</wpt>
<wpt lat="39.0949950" lon="141.1773679">
<time>2026-01-01T00:14:03.000Z</time>
</wpt>
<wpt lat="39.0942202" lon="141.1771914">
<time>2026-01-01T00:14:04.000Z</time>
</wpt>
<wpt lat="39.0934454" lon="141.1770150">
<time>2026-01-01T00:14:05.000Z</time>
</wpt>
<wpt lat="39.0926706" lon="141.1768385">
<time>2026-01-01T00:14:06.000Z</time>
</wpt>
<wpt lat="39.0918958" lon="141.1766620">
<time>2026-01-01T00:14:07.000Z</time>
</wpt>
<wpt lat="39.0911210" lon="141.1764855">
<time>2026-01-01T00:14:08.000Z</time>
</wpt>
<wpt lat="39.0903463" lon="141.1763090">
<time>2026-01-01T00:14:09.000Z</time>
</wpt>
<wpt lat="39.0895715" lon="141.1761325">
<time>2026-01-01T00:14:10.000Z</time>
</wpt>
<wpt lat="39.0887967" lon="141.1759560">
<time>2026-01-01T00:14:11.000Z</time>
</wpt>
<wpt lat="39.0880219" lon="141.1757795">
<time>2026-01-01T00:14:12.000Z</time>
</wpt>
<wpt lat="39.0872471" lon="141.1756030">
<time>2026-01-01T00:14:13.000Z</time>
</wpt>
<wpt lat="39.0864723" lon="141.1754265">
<time>2026-01-01T00:14:14.000Z</time>
</wpt>
<wpt lat="39.0856975" lon="141.1752500">
<time>2026-01-01T00:14:15.000Z</time>
</wpt>
<wpt lat="39.0849227" lon="141.1750735">
<time>2026-01-01T00:14:16.000Z</time>
</wpt>
<wpt lat="39.0841479" lon="141.1748970">
<time>2026-01-01T00:14:17.000Z</time>
</wpt>
<wpt lat="39.0833731" lon="141.1747205">
<time>2026-01-01T00:14:18.000Z</time>
</wpt>
<wpt lat="39.0825983" lon="141.1745440">
<time>2026-01-01T00:14:19.000Z</time>
</wpt>
<wpt lat="39.0818235" lon="141.1743675">
<time>2026-01-01T00:14:20.000Z</time>
</wpt>
<wpt lat="39.0810487" lon="141.1741910">
<time>2026-01-01T00:14:21.000Z</time>
</wpt>
<wpt lat="39.0802739" lon="141.1740146">
<time>2026-01-01T00:14:22.000Z</time>
</wpt>
<wpt lat="39.0794991" lon="141.1738381">
<time>2026-01-01T00:14:23.000Z</time>
</wpt>
<wpt lat="39.0787243" lon="141.1736616">
<time>2026-01-01T00:14:24.000Z</time>
</wpt>
<wpt lat="39.0779495" lon="141.1734851">
<time>2026-01-01T00:14:25.000Z</time>
</wpt>
<wpt lat="39.0771747" lon="141.1733086">
<time>2026-01-01T00:14:26.000Z</time>
</wpt>
<wpt lat="39.0763999" lon="141.1731321">
<time>2026-01-01T00:14:27.000Z</time>
</wpt>
<wpt lat="39.0756251" lon="141.1729556">
<time>2026-01-01T00:14:28.000Z</time>
</wpt>
<wpt lat="39.0748504" lon="141.1727791">
<time>2026-01-01T00:14:29.000Z</time>
</wpt>
<wpt lat="39.0740756" lon="141.1726026">
<time>2026-01-01T00:14:30.000Z</time>
</wpt>
<wpt lat="39.0733008" lon="141.1724261">
<time>2026-01-01T00:14:31.000Z</time>
</wpt>
<wpt lat="39.0725260" lon="141.1722496">
<time>2026-01-01T00:14:32.000Z</time>
</wpt>
<wpt lat="39.0717512" lon="141.1720731">
<time>2026-01-01T00:14:33.000Z</time>
</wpt>
<wpt lat="39.0709764" lon="141.1718966">
<time>2026-01-01T00:14:34.000Z</time>
</wpt>
<wpt lat="39.0702016" lon="141.1717201">
<time>2026-01-01T00:14:35.000Z</time>
</wpt>
<wpt lat="39.0694268" lon="141.1715436">
<time>2026-01-01T00:14:36.000Z</time>
</wpt>
<wpt lat="39.0686520" lon="141.1713671">
<time>2026-01-01T00:14:37.000Z</time>
</wpt>
<wpt lat="39.0678772" lon="141.1711906">
<time>2026-01-01T00:14:38.000Z</time>
</wpt>
<wpt lat="39.0671024" lon="141.1710141">
<time>2026-01-01T00:14:39.000Z</time>
</wpt>
<wpt lat="39.0663276" lon="141.1708377">
<time>2026-01-01T00:14:40.000Z</time>
</wpt>
<wpt lat="39.0655528" lon="141.1706612">
<time>2026-01-01T00:14:41.000Z</time>
</wpt>
<wpt lat="39.0647780" lon="141.1704847">
<time>2026-01-01T00:14:42.000Z</time>
</wpt>
<wpt lat="39.0640032" lon="141.1703082">
<time>2026-01-01T00:14:43.000Z</time>
</wpt>
<wpt lat="39.0632284" lon="141.1701317">
<time>2026-01-01T00:14:44.000Z</time>
</wpt>
<wpt lat="39.0624536" lon="141.1699552">
<time>2026-01-01T00:14:45.000Z</time>
</wpt>
<wpt lat="39.0616788" lon="141.1697787">
<time>2026-01-01T00:14:46.000Z</time>
</wpt>
<wpt lat="39.0609040" lon="141.1696022">
<time>2026-01-01T00:14:47.000Z</time>
</wpt>
<wpt lat="39.0601292" lon="141.1694257">
<time>2026-01-01T00:14:48.000Z</time>
</wpt>
<wpt lat="39.0593544" lon="141.1692492">
<time>2026-01-01T00:14:49.000Z</time>
</wpt>
<wpt lat="39.0585797" lon="141.1690727">
<time>2026-01-01T00:14:50.000Z</time>
</wpt>
<wpt lat="39.0578049" lon="141.1688962">
<time>2026-01-01T00:14:51.000Z</time>
</wpt>
<wpt lat="39.0570301" lon="141.1687197">
<time>2026-01-01T00:14:52.000Z</time>
</wpt>
<wpt lat="39.0562553" lon="141.1685432">
<time>2026-01-01T00:14:53.000Z</time>
</wpt>
<wpt lat="39.0554805" lon="141.1683667">
<time>2026-01-01T00:14:54.000Z</time>
</wpt>
<wpt lat="39.0547057" lon="141.1681902">
<time>2026-01-01T00:14:55.000Z</time>
</wpt>
<wpt lat="39.0539309" lon="141.1680137">
<time>2026-01-01T00:14:56.000Z</time>
</wpt>
<wpt lat="39.0531561" lon="141.1678373">
<time>2026-01-01T00:14:57.000Z</time>
</wpt>
<wpt lat="39.0523813" lon="141.1676608">
<time>2026-01-01T00:14:58.000Z</time>
</wpt>
<wpt lat="39.0516065" lon="141.1674843">
<time>2026-01-01T00:14:59.000Z</time>
</wpt>
<wpt lat="39.0508317" lon="141.1673078">
<time>2026-01-01T00:15:00.000Z</time>
</wpt>
<wpt lat="39.0500569" lon="141.1671313">
<time>2026-01-01T00:15:01.000Z</time>
</wpt>
<wpt lat="39.0492821" lon="141.1669548">
<time>2026-01-01T00:15:02.000Z</time>
</wpt>
<wpt lat="39.0485073" lon="141.1667783">
<time>2026-01-01T00:15:03.000Z</time>
</wpt>
<wpt lat="39.0477325" lon="141.1666018">
<time>2026-01-01T00:15:04.000Z</time>
</wpt>
<wpt lat="39.0469577" lon="141.1664253">
<time>2026-01-01T00:15:05.000Z</time>
</wpt>
<wpt lat="39.0461829" lon="141.1662488">
<time>2026-01-01T00:15:06.000Z</time>
</wpt>
<wpt lat="39.0454081" lon="141.1660723">
<time>2026-01-01T00:15:07.000Z</time>
</wpt>
<wpt lat="39.0446333" lon="141.1658958">
<time>2026-01-01T00:15:08.000Z</time>
</wpt>
<wpt lat="39.0438585" lon="141.1657193">
<time>2026-01-01T00:15:09.000Z</time>
</wpt>
<wpt lat="39.0430837" lon="141.1655428">
<time>2026-01-01T00:15:10.000Z</time>
</wpt>
<wpt lat="39.0423090" lon="141.1653663">
<time>2026-01-01T00:15:11.000Z</time>
</wpt>
<wpt lat="39.0415342" lon="141.1651898">
<time>2026-01-01T00:15:12.000Z</time>
</wpt>
<wpt lat="39.0407594" lon="141.1650133">
<time>2026-01-01T00:15:13.000Z</time>
</wpt>
<wpt lat="39.0399846" lon="141.1648369">
<time>2026-01-01T00:15:14.000Z</time>
</wpt>
<wpt lat="39.0392098" lon="141.1646604">
<time>2026-01-01T00:15:15.000Z</time>
</wpt>
<wpt lat="39.0384350" lon="141.1644839">
<time>2026-01-01T00:15:16.000Z</time>
</wpt>
<wpt lat="39.0376602" lon="141.1643074">
<time>2026-01-01T00:15:17.000Z</time>
</wpt>
<wpt lat="39.0368854" lon="141.1641309">
<time>2026-01-01T00:15:18.000Z</time>
</wpt>
<wpt lat="39.0361106" lon="141.1639544">
<time>2026-01-01T00:15:19.000Z</time>
</wpt>
<wpt lat="39.0353358" lon="141.1637779">
<time>2026-01-01T00:15:20.000Z</time>
</wpt>
<wpt lat="39.0345610" lon="141.1636014">
<time>2026-01-01T00:15:21.000Z</time>
</wpt>
<wpt lat="39.0337862" lon="141.1634249">
<time>2026-01-01T00:15:22.000Z</time>
</wpt>
<wpt lat="39.0330114" lon="141.1632484">
<time>2026-01-01T00:15:23.000Z</time>
</wpt>
<wpt lat="39.0322366" lon="141.1630719">
<time>2026-01-01T00:15:24.000Z</time>
</wpt>
<wpt lat="39.0314618" lon="141.1628954">
<time>2026-01-01T00:15:25.000Z</time>
</wpt>
<wpt lat="39.0306870" lon="141.1627189">
<time>2026-01-01T00:15:26.000Z</time>
</wpt>
<wpt lat="39.0299122" lon="141.1625424">
<time>2026-01-01T00:15:27.000Z</time>
</wpt>
<wpt lat="39.0291374" lon="141.1623659">
<time>2026-01-01T00:15:28.000Z</time>
</wpt>
<wpt lat="39.0283626" lon="141.1621894">
<time>2026-01-01T00:15:29.000Z</time>
</wpt>
<wpt lat="39.0275878" lon="141.1620129">
<time>2026-01-01T00:15:30.000Z</time>
</wpt>
<wpt lat="39.0268131" lon="141.1618365">
<time>2026-01-01T00:15:31.000Z</time>
</wpt>
<wpt lat="39.0260383" lon="141.1616600">
<time>2026-01-01T00:15:32.000Z</time>
</wpt>
<wpt lat="39.0252635" lon="141.1614835">
<time>2026-01-01T00:15:33.000Z</time>
</wpt>
<wpt lat="39.0244887" lon="141.1613070">
<time>2026-01-01T00:15:34.000Z</time>
</wpt>
<wpt lat="39.0237139" lon="141.1611305">
<time>2026-01-01T00:15:35.000Z</time>
</wpt>
<wpt lat="39.0229391" lon="141.1609540">
<time>2026-01-01T00:15:36.000Z</time>
</wpt>
<wpt lat="39.0221643" lon="141.1607775">
<time>2026-01-01T00:15:37.000Z</time>
</wpt>
<wpt lat="39.0213895" lon="141.1606010">
<time>2026-01-01T00:15:38.000Z</time>
</wpt>
<wpt lat="39.0206147" lon="141.1604245">
<time>2026-01-01T00:15:39.000Z</time>
</wpt>
<wpt lat="39.0198399" lon="141.1602480">
<time>2026-01-01T00:15:40.000Z</time>
</wpt>
<wpt lat="39.0190651" lon="141.1600715">
<time>2026-01-01T00:15:41.000Z</time>
</wpt>
<wpt lat="39.0182903" lon="141.1598950">
<time>2026-01-01T00:15:42.000Z</time>
</wpt>
<wpt lat="39.0175155" lon="141.1597185">
<time>2026-01-01T00:15:43.000Z</time>
</wpt>
<wpt lat="39.0167407" lon="141.1595420">
<time>2026-01-01T00:15:44.000Z</time>
</wpt>
<wpt lat="39.0159659" lon="141.1593655">
<time>2026-01-01T00:15:45.000Z</time>
</wpt>
<wpt lat="39.0151911" lon="141.1591890">
<time>2026-01-01T00:15:46.000Z</time>
</wpt>
<wpt lat="39.0144163" lon="141.1590125">
<time>2026-01-01T00:15:47.000Z</time>
</wpt>
<wpt lat="39.0136415" lon="141.1588361">
<time>2026-01-01T00:15:48.000Z</time>
</wpt>
<wpt lat="39.0128667" lon="141.1586596">
<time>2026-01-01T00:15:49.000Z</time>
</wpt>
<wpt lat="39.0120919" lon="141.1584831">
<time>2026-01-01T00:15:50.000Z</time>
</wpt>
<wpt lat="39.0113171" lon="141.1583066">
<time>2026-01-01T00:15:51.000Z</time>
</wpt>
<wpt lat="39.0105424" lon="141.1581301">
<time>2026-01-01T00:15:52.000Z</time>
</wpt>
<wpt lat="39.0097676" lon="141.1579536">
<time>2026-01-01T00:15:53.000Z</time>
</wpt>
<wpt lat="39.0089928" lon="141.1577771">
<time>2026-01-01T00:15:54.000Z</time>
</wpt>
<wpt lat="39.0082180" lon="141.1576006">
<time>2026-01-01T00:15:55.000Z</time>
</wpt>
<wpt lat="39.0074432" lon="141.1574241">
<time>2026-01-01T00:15:56.000Z</time>
</wpt>
<wpt lat="39.0066684" lon="141.1572476">
<time>2026-01-01T00:15:57.000Z</time>
</wpt>
<wpt lat="39.0058936" lon="141.1570711">
<time>2026-01-01T00:15:58.000Z</time>
</wpt>
<wpt lat="39.0051188" lon="141.1568946">
<time>2026-01-01T00:15:59.000Z</time>
</wpt>
<wpt lat="39.0043440" lon="141.1567181">
<time>2026-01-01T00:16:00.000Z</time>
</wpt>
<wpt lat="39.0035692" lon="141.1565416">
<time>2026-01-01T00:16:01.000Z</time>
</wpt>
<wpt lat="39.0027944" lon="141.1563651">
<time>2026-01-01T00:16:02.000Z</time>
</wpt>
<wpt lat="39.0020196" lon="141.1561886">
<time>2026-01-01T00:16:03.000Z</time>
</wpt>
<wpt lat="39.0012448" lon="141.1560121">
<time>2026-01-01T00:16:04.000Z</time>
</wpt>
<wpt lat="39.0004700" lon="141.1558356">
<time>2026-01-01T00:16:05.000Z</time>
</wpt>
<wpt lat="38.9996952" lon="141.1556592">
<time>2026-01-01T00:16:06.000Z</time>
</wpt>
<wpt lat="38.9989204" lon="141.1554827">
<time>2026-01-01T00:16:07.000Z</time>
</wpt>
<wpt lat="38.9981456" lon="141.1553062">
<time>2026-01-01T00:16:08.000Z</time>
</wpt>
<wpt lat="38.9973708" lon="141.1551297">
<time>2026-01-01T00:16:09.000Z</time>
</wpt>
<wpt lat="38.9965960" lon="141.1549532">
<time>2026-01-01T00:16:10.000Z</time>
</wpt>
<wpt lat="38.9958212" lon="141.1547767">
<time>2026-01-01T00:16:11.000Z</time>
</wpt>
<wpt lat="38.9950465" lon="141.1546002">
<time>2026-01-01T00:16:12.000Z</time>
</wpt>
<wpt lat="38.9942717" lon="141.1544237">
<time>2026-01-01T00:16:13.000Z</time>
</wpt>
<wpt lat="38.9934969" lon="141.1542472">
<time>2026-01-01T00:16:14.000Z</time>
</wpt>
<wpt lat="38.9927221" lon="141.1540707">
<time>2026-01-01T00:16:15.000Z</time>
</wpt>
<wpt lat="38.9919473" lon="141.1538942">
<time>2026-01-01T00:16:16.000Z</time>
</wpt>
<wpt lat="38.9911725" lon="141.1537177">
<time>2026-01-01T00:16:17.000Z</time>
</wpt>
<wpt lat="38.9903977" lon="141.1535412">
<time>2026-01-01T00:16:18.000Z</time>
</wpt>
<wpt lat="38.9896229" lon="141.1533647">
<time>2026-01-01T00:16:19.000Z</time>
</wpt>
<wpt lat="38.9888481" lon="141.1531882">
<time>2026-01-01T00:16:20.000Z</time>
</wpt>
<wpt lat="38.9880733" lon="141.1530117">
<time>2026-01-01T00:16:21.000Z</time>
</wpt>
<wpt lat="38.9872985" lon="141.1528352">
<time>2026-01-01T00:16:22.000Z</time>
</wpt>
<wpt lat="38.9865237" lon="141.1526588">
<time>2026-01-01T00:16:23.000Z</time>
</wpt>
<wpt lat="38.9857489" lon="141.1524823">
<time>2026-01-01T00:16:24.000Z</time>
</wpt>
<wpt lat="38.9849741" lon="141.1523058">
<time>2026-01-01T00:16:25.000Z</time>
</wpt>
<wpt lat="38.9841993" lon="141.1521293">
<time>2026-01-01T00:16:26.000Z</time>
</wpt>
<wpt lat="38.9834245" lon="141.1519528">
<time>2026-01-01T00:16:27.000Z</time>
</wpt>
<wpt lat="38.9826497" lon="141.1517763">
<time>2026-01-01T00:16:28.000Z</time>
</wpt>
<wpt lat="38.9818749" lon="141.1515998">
<time>2026-01-01T00:16:29.000Z</time>
</wpt>
<wpt lat="38.9811001" lon="141.1514233">
<time>2026-01-01T00:16:30.000Z</time>
</wpt>
<wpt lat="38.9803253" lon="141.1512468">
<time>2026-01-01T00:16:31.000Z</time>
</wpt>
<wpt lat="38.9795505" lon="141.1510703">
<time>2026-01-01T00:16:32.000Z</time>
</wpt>
<wpt lat="38.9787758" lon="141.1508938">
<time>2026-01-01T00:16:33.000Z</time>
</wpt>
<wpt lat="38.9780010" lon="141.1507173">
<time>2026-01-01T00:16:34.000Z</time>
</wpt>
<wpt lat="38.9772262" lon="141.1505408">
<time>2026-01-01T00:16:35.000Z</time>
</wpt>
<wpt lat="38.9764514" lon="141.1503643">
<time>2026-01-01T00:16:36.000Z</time>
</wpt>
<wpt lat="38.9756766" lon="141.1501878">
<time>2026-01-01T00:16:37.000Z</time>
</wpt>
<wpt lat="38.9749018" lon="141.1500113">
<time>2026-01-01T00:16:38.000Z</time>
</wpt>
<wpt lat="38.9741270" lon="141.1498348">
<time>2026-01-01T00:16:39.000Z</time>
</wpt>
<wpt lat="38.9733522" lon="141.1496584">
<time>2026-01-01T00:16:40.000Z</time>
</wpt>
<wpt lat="38.9725774" lon="141.1494819">
<time>2026-01-01T00:16:41.000Z</time>
</wpt>
<wpt lat="38.9718026" lon="141.1493054">
<time>2026-01-01T00:16:42.000Z</time>
</wpt>
<wpt lat="38.9710278" lon="141.1491289">
<time>2026-01-01T00:16:43.000Z</time>
</wpt>
<wpt lat="38.9702530" lon="141.1489524">
<time>2026-01-01T00:16:44.000Z</time>
</wpt>
<wpt lat="38.9694782" lon="141.1487759">
<time>2026-01-01T00:16:45.000Z</time>
</wpt>
<wpt lat="38.9687034" lon="141.1485994">
<time>2026-01-01T00:16:46.000Z</time>
</wpt>
<wpt lat="38.9679286" lon="141.1484229">
<time>2026-01-01T00:16:47.000Z</time>
</wpt>
<wpt lat="38.9671538" lon="141.1482464">
<time>2026-01-01T00:16:48.000Z</time>
</wpt>
<wpt lat="38.9663790" lon="141.1480699">
<time>2026-01-01T00:16:49.000Z</time>
</wpt>
<wpt lat="38.9656042" lon="141.1478934">
<time>2026-01-01T00:16:50.000Z</time>
</wpt>
<wpt lat="38.9648294" lon="141.1477169">
<time>2026-01-01T00:16:51.000Z</time>
</wpt>
<wpt lat="38.9640546" lon="141.1475404">
<time>2026-01-01T00:16:52.000Z</time>
</wpt>
<wpt lat="38.9632799" lon="141.1473639">
<time>2026-01-01T00:16:53.000Z</time>
</wpt>
<wpt lat="38.9625051" lon="141.1471874">
<time>2026-01-01T00:16:54.000Z</time>
</wpt>
<wpt lat="38.9617303" lon="141.1470109">
<time>2026-01-01T00:16:55.000Z</time>
</wpt>
<wpt lat="38.9609555" lon="141.1468344">
<time>2026-01-01T00:16:56.000Z</time>
</wpt>
<wpt lat="38.9601807" lon="141.1466580">
<time>2026-01-01T00:16:57.000Z</time>
</wpt>
<wpt lat="38.9594059" lon="141.1464815">
<time>2026-01-01T00:16:58.000Z</time>
</wpt>
<wpt lat="38.9586311" lon="141.1463050">
<time>2026-01-01T00:16:59.000Z</time>
</wpt>
<wpt lat="38.9578563" lon="141.1461285">
<time>2026-01-01T00:17:00.000Z</time>
</wpt>
<wpt lat="38.9570815" lon="141.1459520">
<time>2026-01-01T00:17:01.000Z</time>
</wpt>
<wpt lat="38.9563067" lon="141.1457755">
<time>2026-01-01T00:17:02.000Z</time>
</wpt>
<wpt lat="38.9555319" lon="141.1455990">
<time>2026-01-01T00:17:03.000Z</time>
</wpt>
<wpt lat="38.9547571" lon="141.1454225">
<time>2026-01-01T00:17:04.000Z</time>
</wpt>
<wpt lat="38.9539823" lon="141.1452460">
<time>2026-01-01T00:17:05.000Z</time>
</wpt>
<wpt lat="38.9532075" lon="141.1450695">
<time>2026-01-01T00:17:06.000Z</time>
</wpt>
<wpt lat="38.9524327" lon="141.1448930">
<time>2026-01-01T00:17:07.000Z</time>
</wpt>
<wpt lat="38.9516579" lon="141.1447165">
<time>2026-01-01T00:17:08.000Z</time>
</wpt>
<wpt lat="38.9508831" lon="141.1445400">
<time>2026-01-01T00:17:09.000Z</time>
</wpt>
<wpt lat="38.9501083" lon="141.1443635">
<time>2026-01-01T00:17:10.000Z</time>
</wpt>
<wpt lat="38.9493335" lon="141.1441870">
<time>2026-01-01T00:17:11.000Z</time>
</wpt>
<wpt lat="38.9485587" lon="141.1440105">
<time>2026-01-01T00:17:12.000Z</time>
</wpt>
<wpt lat="38.9477970" lon="141.1438370">
<time>2026-01-01T00:17:13.000Z</time>
</wpt>
<wpt lat="38.9470484" lon="141.1436665">
<time>2026-01-01T00:17:14.000Z</time>
</wpt>
<wpt lat="38.9463128" lon="141.1434989">
<time>2026-01-01T00:17:15.000Z</time>
</wpt>
<wpt lat="38.9455903" lon="141.1433343">
<time>2026-01-01T00:17:16.000Z</time>
</wpt>
<wpt lat="38.9448809" lon="141.1431727">
<time>2026-01-01T00:17:17.000Z</time>
</wpt>
<wpt lat="38.9441845" lon="141.1430141">
<time>2026-01-01T00:17:18.000Z</time>
</wpt>
<wpt lat="38.9435013" lon="141.1428585">
<time>2026-01-01T00:17:19.000Z</time>
</wpt>
<wpt lat="38.9428311" lon="141.1427058">
<time>2026-01-01T00:17:20.000Z</time>
</wpt>
<wpt lat="38.9421739" lon="141.1425561">
<time>2026-01-01T00:17:21.000Z</time>
</wpt>
<wpt lat="38.9415299" lon="141.1424094">
<time>2026-01-01T00:17:22.000Z</time>
</wpt>
<wpt lat="38.9408989" lon="141.1422657">
<time>2026-01-01T00:17:23.000Z</time>
</wpt>
<wpt lat="38.9402810" lon="141.1421249">
<time>2026-01-01T00:17:24.000Z</time>
</wpt>
<wpt lat="38.9396762" lon="141.1419871">
<time>2026-01-01T00:17:25.000Z</time>
</wpt>
<wpt lat="38.9390845" lon="141.1418523">
<time>2026-01-01T00:17:26.000Z</time>
</wpt>
<wpt lat="38.9385058" lon="141.1417205">
<time>2026-01-01T00:17:27.000Z</time>
</wpt>
<wpt lat="38.9379402" lon="141.1415917">
<time>2026-01-01T00:17:28.000Z</time>
</wpt>
<wpt lat="38.9373877" lon="141.1414658">
<time>2026-01-01T00:17:29.000Z</time>
</wpt>
<wpt lat="38.9368482" lon="141.1413429">
<time>2026-01-01T00:17:30.000Z</time>
</wpt>
<wpt lat="38.9363218" lon="141.1412230">
<time>2026-01-01T00:17:31.000Z</time>
</wpt>
<wpt lat="38.9358085" lon="141.1411061">
<time>2026-01-01T00:17:32.000Z</time>
</wpt>
<wpt lat="38.9353083" lon="141.1409922">
<time>2026-01-01T00:17:33.000Z</time>
</wpt>
<wpt lat="38.9348211" lon="141.1408812">
<time>2026-01-01T00:17:34.000Z</time>
</wpt>
<wpt lat="38.9343471" lon="141.1407732">
<time>2026-01-01T00:17:35.000Z</time>
</wpt>
<wpt lat="38.9338861" lon="141.1406682">
<time>2026-01-01T00:17:36.000Z</time>
</wpt>
<wpt lat="38.9334381" lon="141.1405661">
<time>2026-01-01T00:17:37.000Z</time>
</wpt>
<wpt lat="38.9330033" lon="141.1404671">
<time>2026-01-01T00:17:38.000Z</time>
</wpt>
<wpt lat="38.9325815" lon="141.1403710">
<time>2026-01-01T00:17:39.000Z</time>
</wpt>
<wpt lat="38.9321728" lon="141.1402779">
<time>2026-01-01T00:17:40.000Z</time>
</wpt>
<wpt lat="38.9317772" lon="141.1401878">
<time>2026-01-01T00:17:41.000Z</time>
</wpt>
<wpt lat="38.9313946" lon="141.1401006">
<time>2026-01-01T00:17:42.000Z</time>
</wpt>
<wpt lat="38.9310251" lon="141.1400165">
<time>2026-01-01T00:17:43.000Z</time>
</wpt>
<wpt lat="38.9306687" lon="141.1399353">
<time>2026-01-01T00:17:44.000Z</time>
</wpt>
<wpt lat="38.9303254" lon="141.1398571">
<time>2026-01-01T00:17:45.000Z</time>
</wpt>
<wpt lat="38.9299951" lon="141.1397818">
<time>2026-01-01T00:17:46.000Z</time>
</wpt>
<wpt lat="38.9296780" lon="141.1397096">
<time>2026-01-01T00:17:47.000Z</time>
</wpt>
<wpt lat="38.9293738" lon="141.1396403">
<time>2026-01-01T00:17:48.000Z</time>
</wpt>
<wpt lat="38.9290828" lon="141.1395740">
<time>2026-01-01T00:17:49.000Z</time>
</wpt>
<wpt lat="38.9288049" lon="141.1395107">
<time>2026-01-01T00:17:50.000Z</time>
</wpt>
<wpt lat="38.9285400" lon="141.1394504">
<time>2026-01-01T00:17:51.000Z</time>
</wpt>
<wpt lat="38.9282882" lon="141.1393930">
<time>2026-01-01T00:17:52.000Z</time>
</wpt>
<wpt lat="38.9280494" lon="141.1393386">
<time>2026-01-01T00:17:53.000Z</time>
</wpt>
<wpt lat="38.9278238" lon="141.1392872">
<time>2026-01-01T00:17:54.000Z</time>
</wpt>
<wpt lat="38.9276112" lon="141.1392388">
<time>2026-01-01T00:17:55.000Z</time>
</wpt>
<wpt lat="38.9274117" lon="141.1391933">
<time>2026-01-01T00:17:56.000Z</time>
</wpt>
<wpt lat="38.9272252" lon="141.1391509">
<time>2026-01-01T00:17:57.000Z</time>
</wpt>
<wpt lat="38.9270519" lon="141.1391114">
<time>2026-01-01T00:17:58.000Z</time>
</wpt>
<wpt lat="38.9268916" lon="141.1390749">
<time>2026-01-01T00:17:59.000Z</time>
</wpt>
<wpt lat="38.9267444" lon="141.1390413">
<time>2026-01-01T00:18:00.000Z</time>
</wpt>
<wpt lat="38.9266103" lon="141.1390108">
<time>2026-01-01T00:18:01.000Z</time>
</wpt>
<wpt lat="38.9264892" lon="141.1389832">
<time>2026-01-01T00:18:02.000Z</time>
</wpt>
<wpt lat="38.9263812" lon="141.1389586">
<time>2026-01-01T00:18:03.000Z</time>
</wpt>
<wpt lat="38.9262863" lon="141.1389370">
<time>2026-01-01T00:18:04.000Z</time>
</wpt>
<wpt lat="38.9262045" lon="141.1389183">
<time>2026-01-01T00:18:05.000Z</time>
</wpt>
<wpt lat="38.9261357" lon="141.1389027">
<time>2026-01-01T00:18:06.000Z</time>
</wpt>
<wpt lat="38.9260800" lon="141.1388900">
<time>2026-01-01T00:18:07.000Z</time>
</wpt>
<wpt lat="38.9260800" lon="141.1388900">
<time>2026-01-01T00:18:08.000Z</time>
</wpt>
<wpt lat="38.9260800" lon="141.1388900">
<time>2026-01-01T00:18:09.000Z</time>
</wpt>
<wpt lat="38.9260800" lon="141.1388900">
<time>2026-01-01T00:18:10.000Z</time>
</wpt>
<wpt lat="38.9260800" lon="141.1388900">
<time>2026-01-01T00:18:11.000Z</time>
</wpt>
<wpt lat="38.9260800" lon="141.1388900">
<time>2026-01-01T00:18:12.000Z</time>
</wpt>
<wpt lat="38.9260800" lon="141.1388900">
<time>2026-01-01T00:18:13.000Z</time>
</wpt>
<wpt lat="38.9260800" lon="141.1388900">
<time>2026-01-01T00:18:14.000Z</time>
</wpt>
<wpt lat="38.9260800" lon="141.1388900">
<time>2026-01-01T00:18:15.000Z</time>
</wpt>
<wpt lat="38.9260800" lon="141.1388900">
<time>2026-01-01T00:18:16.000Z</time>
</wpt>
<wpt lat="38.9260800" lon="141.1388900">
<time>2026-01-01T00:18:17.000Z</time>
</wpt>
<wpt lat="38.9260800" lon="141.1388900">
<time>2026-01-01T00:18:18.000Z</time>
</wpt>
<wpt lat="38.9260800" lon="141.1388900">
<time>2026-01-01T00:18:19.000Z</time>
</wpt>
<wpt lat="38.9260800" lon="141.1388900">
<time>2026-01-01T00:18:20.000Z</time>
</wpt>
<wpt lat="38.9260800" lon="141.1388900">
<time>2026-01-01T00:18:21.000Z</time>
</wpt>
<wpt lat="38.9260800" lon="141.1388900">
<time>2026-01-01T00:18:22.000Z</time>
</wpt>
<wpt lat="38.9260800" lon="141.1388900">
<time>2026-01-01T00:18:23.000Z</time>
</wpt>
<wpt lat="38.9260800" lon="141.1388900">
<time>2026-01-01T00:18:24.000Z</time>
</wpt>
<wpt lat="38.9260800" lon="141.1388900">
<time>2026-01-01T00:18:25.000Z</time>
</wpt>
<wpt lat="38.9260800" lon="141.1388900">
<time>2026-01-01T00:18:26.000Z</time>
</wpt>
<wpt lat="38.9260800" lon="141.1388900">
<time>2026-01-01T00:18:27.000Z</time>
</wpt>
<wpt lat="38.9260800" lon="141.1388900">
<time>2026-01-01T00:18:28.000Z</time>
</wpt>
<wpt lat="38.9260800" lon="141.1388900">
<time>2026-01-01T00:18:29.000Z</time>
</wpt>
<wpt lat="38.9260800" lon="141.1388900">
<time>2026-01-01T00:18:30.000Z</time>
</wpt>
<wpt lat="38.9260800" lon="141.1388900">
<time>2026-01-01T00:18:31.000Z</time>
</wpt>
<wpt lat="38.9260800" lon="141.1388900">
<time>2026-01-01T00:18:32.000Z</time>
</wpt>
<wpt lat="38.9260800" lon="141.1388900">
<time>2026-01-01T00:18:33.000Z</time>
</wpt>
<wpt lat="38.9260800" lon="141.1388900">
<time>2026-01-01T00:18:34.000Z</time>
</wpt>
<wpt lat="38.9260800" lon="141.1388900">
<time>2026-01-01T00:18:35.000Z</time>
</wpt>
<wpt lat="38.9260800" lon="141.1388900">
<time>2026-01-01T00:18:36.000Z</time>
</wpt>
<wpt lat="38.9260800" lon="141.1388900">
<time>2026-01-01T00:18:37.000Z</time>
</wpt>
<wpt lat="38.9260800" lon="141.1388900">
<time>2026-01-01T00:18:38.000Z</time>
</wpt>
<wpt lat="38.9260800" lon="141.1388900">
<time>2026-01-01T00:18:39.000Z</time>
</wpt>
<wpt lat="38.9260800" lon="141.1388900">
<time>2026-01-01T00:18:40.000Z</time>
</wpt>
<wpt lat="38.9260800" lon="141.1388900">
<time>2026-01-01T00:18:41.000Z</time>
</wpt>
<wpt lat="38.9260800" lon="141.1388900">
<time>2026-01-01T00:18:42.000Z</time>
</wpt>
<wpt lat="38.9260800" lon="141.1388900">
<time>2026-01-01T00:18:43.000Z</time>
</wpt>
<wpt lat="38.9260800" lon="141.1388900">
<time>2026-01-01T00:18:44.000Z</time>
</wpt>
<wpt lat="38.9260800" lon="141.1388900">
<time>2026-01-01T00:18:45.000Z</time>
</wpt>
<wpt lat="38.9260800" lon="141.1388900">
<time>2026-01-01T00:18:46.000Z</time>
</wpt>
<wpt lat="38.9260800" lon="141.1388900">
<time>2026-01-01T00:18:47.000Z</time>
</wpt>
<wpt lat="38.9260800" lon="141.1388900">
<time>2026-01-01T00:18:48.000Z</time>
</wpt>
<wpt lat="38.9260800" lon="141.1388900">
<time>2026-01-01T00:18:49.000Z</time>
</wpt>
<wpt lat="38.9260800" lon="141.1388900">
<time>2026-01-01T00:18:50.000Z</time>
</wpt>
<wpt lat="38.9260800" lon="141.1388900">
<time>2026-01-01T00:18:51.000Z</time>
</wpt>
<wpt lat="38.9260800" lon="141.1388900">
<time>2026-01-01T00:18:52.000Z</time>
</wpt>
<wpt lat="38.9260800" lon="141.1388900">
<time>2026-01-01T00:18:53.000Z</time>
</wpt>
<wpt lat="38.9260800" lon="141.1388900">
<time>2026-01-01T00:18:54.000Z</time>
</wpt>
<wpt lat="38.9260800" lon="141.1388900">
<time>2026-01-01T00:18:55.000Z</time>
</wpt>
<wpt lat="38.9260800" lon="141.1388900">
<time>2026-01-01T00:18:56.000Z</time>
</wpt>
<wpt lat="38.9260800" lon="141.1388900">
<time>2026-01-01T00:18:57.000Z</time>
</wpt>
<wpt lat="38.9260800" lon="141.1388900">
<time>2026-01-01T00:18:58.000Z</time>
</wpt>
<wpt lat="38.9260800" lon="141.1388900">
<time>2026-01-01T00:18:59.000Z</time>
</wpt>
<wpt lat="38.9260800" lon="141.1388900">
<time>2026-01-01T00:19:00.000Z</time>
</wpt>
<wpt lat="38.9260800" lon="141.1388900">
<time>2026-01-01T00:19:01.000Z</time>
</wpt>
<wpt lat="38.9260800" lon="141.1388900">
<time>2026-01-01T00:19:02.000Z</time>
</wpt>
<wpt lat="38.9260800" lon="141.1388900">
<time>2026-01-01T00:19:03.000Z</time>
</wpt>
<wpt lat="38.9260800" lon="141.1388900">
<time>2026-01-01T00:19:04.000Z</time>
</wpt>
<wpt lat="38.9260800" lon="141.1388900">
<time>2026-01-01T00:19:05.000Z</time>
</wpt>
<wpt lat="38.9260800" lon="141.1388900">
<time>2026-01-01T00:19:06.000Z</time>
</wpt>
<wpt lat="38.9260800" lon="141.1388900">
<time>2026-01-01T00:19:07.000Z</time>
</wpt>
<wpt lat="38.9260800" lon="141.1388900">
<time>2026-01-01T00:19:08.000Z</time>
</wpt>
<wpt lat="38.9260800" lon="141.1388900">
<time>2026-01-01T00:19:09.000Z</time>
</wpt>
<wpt lat="38.9260800" lon="141.1388900">
<time>2026-01-01T00:19:10.000Z</time>
</wpt>
<wpt lat="38.9260800" lon="141.1388900">
<time>2026-01-01T00:19:11.000Z</time>
</wpt>
<wpt lat="38.9260800" lon="141.1388900">
<time>2026-01-01T00:19:12.000Z</time>
</wpt>
<wpt lat="38.9260714" lon="141.1388867">
<time>2026-01-01T00:19:13.000Z</time>
</wpt>
<wpt lat="38.9260542" lon="141.1388802">
<time>2026-01-01T00:19:14.000Z</time>
</wpt>
<wpt lat="38.9260284" lon="141.1388704">
<time>2026-01-01T00:19:15.000Z</time>
</wpt>
<wpt lat="38.9259940" lon="141.1388574">
<time>2026-01-01T00:19:16.000Z</time>
</wpt>
<wpt lat="38.9259509" lon="141.1388411">
<time>2026-01-01T00:19:17.000Z</time>
</wpt>
<wpt lat="38.9258993" lon="141.1388216">
<time>2026-01-01T00:19:18.000Z</time>
</wpt>
<wpt lat="38.9258391" lon="141.1387987">
<time>2026-01-01T00:19:19.000Z</time>
</wpt>
<wpt lat="38.9257703" lon="141.1387727">
<time>2026-01-01T00:19:20.000Z</time>
</wpt>
<wpt lat="38.9256928" lon="141.1387433">
<time>2026-01-01T00:19:21.000Z</time>
</wpt>
<wpt lat="38.9256068" lon="141.1387107">
<time>2026-01-01T00:19:22.000Z</time>
</wpt>
<wpt lat="38.9255122" lon="141.1386749">
<time>2026-01-01T00:19:23.000Z</time>
</wpt>
<wpt lat="38.9254089" lon="141.1386358">
<time>2026-01-01T00:19:24.000Z</time>
</wpt>
<wpt lat="38.9252971" lon="141.1385934">
<time>2026-01-01T00:19:25.000Z</time>
</wpt>
<wpt lat="38.9251766" lon="141.1385478">
<time>2026-01-01T00:19:26.000Z</time>
</wpt>
<wpt lat="38.9250476" lon="141.1384989">
<time>2026-01-01T00:19:27.000Z</time>
</wpt>
<wpt lat="38.9249099" lon="141.1384468">
<time>2026-01-01T00:19:28.000Z</time>
</wpt>
<wpt lat="38.9247636" lon="141.1383914">
<time>2026-01-01T00:19:29.000Z</time>
</wpt>
<wpt lat="38.9246088" lon="141.1383327">
<time>2026-01-01T00:19:30.000Z</time>
</wpt>
<wpt lat="38.9244453" lon="141.1382708">
<time>2026-01-01T00:19:31.000Z</time>
</wpt>
<wpt lat="38.9242732" lon="141.1382056">
<time>2026-01-01T00:19:32.000Z</time>
</wpt>
<wpt lat="38.9240925" lon="141.1381371">
<time>2026-01-01T00:19:33.000Z</time>
</wpt>
<wpt lat="38.9239033" lon="141.1380654">
<time>2026-01-01T00:19:34.000Z</time>
</wpt>
<wpt lat="38.9237054" lon="141.1379905">
<time>2026-01-01T00:19:35.000Z</time>
</wpt>
<wpt lat="38.9234989" lon="141.1379123">
<time>2026-01-01T00:19:36.000Z</time>
</wpt>
<wpt lat="38.9232838" lon="141.1378308">
<time>2026-01-01T00:19:37.000Z</time>
</wpt>
<wpt lat="38.9230601" lon="141.1377461">
<time>2026-01-01T00:19:38.000Z</time>
</wpt>
<wpt lat="38.9228278" lon="141.1376581">
<time>2026-01-01T00:19:39.000Z</time>
</wpt>
<wpt lat="38.9225869" lon="141.1375668">
<time>2026-01-01T00:19:40.000Z</time>
</wpt>
<wpt lat="38.9223374" lon="141.1374723">
<time>2026-01-01T00:19:41.000Z</time>
</wpt>
<wpt lat="38.9220793" lon="141.1373745">
<time>2026-01-01T00:19:42.000Z</time>
</wpt>
<wpt lat="38.9218126" lon="141.1372735">
<time>2026-01-01T00:19:43.000Z</time>
</wpt>
<wpt lat="38.9215373" lon="141.1371692">
<time>2026-01-01T00:19:44.000Z</time>
</wpt>
<wpt lat="38.9212533" lon="141.1370616">
<time>2026-01-01T00:19:45.000Z</time>
</wpt>
<wpt lat="38.9209608" lon="141.1369508">
<time>2026-01-01T00:19:46.000Z</time>
</wpt>
<wpt lat="38.9206597" lon="141.1368368">
<time>2026-01-01T00:19:47.000Z</time>
</wpt>
<wpt lat="38.9203499" lon="141.1367194">
<time>2026-01-01T00:19:48.000Z</time>
</wpt>
<wpt lat="38.9200316" lon="141.1365988">
<time>2026-01-01T00:19:49.000Z</time>
</wpt>
<wpt lat="38.9197047" lon="141.1364750">
<time>2026-01-01T00:19:50.000Z</time>
</wpt>
<wpt lat="38.9193691" lon="141.1363479">
<time>2026-01-01T00:19:51.000Z</time>
</wpt>
<wpt lat="38.9190250" lon="141.1362175">
<time>2026-01-01T00:19:52.000Z</time>
</wpt>
<wpt lat="38.9186722" lon="141.1360839">
<time>2026-01-01T00:19:53.000Z</time>
</wpt>
<wpt lat="38.9183109" lon="141.1359470">
<time>2026-01-01T00:19:54.000Z</time>
</wpt>
<wpt lat="38.9179409" lon="141.1358069">
<time>2026-01-01T00:19:55.000Z</time>
</wpt>
<wpt lat="38.9175623" lon="141.1356635">
<time>2026-01-01T00:19:56.000Z</time>
</wpt>
<wpt lat="38.9171752" lon="141.1355168">
<time>2026-01-01T00:19:57.000Z</time>
</wpt>
<wpt lat="38.9167794" lon="141.1353669">
<time>2026-01-01T00:19:58.000Z</time>
</wpt>
<wpt lat="38.9163750" lon="141.1352137">
<time>2026-01-01T00:19:59.000Z</time>
</wpt>
<wpt lat="38.9159621" lon="141.1350573">
<time>2026-01-01T00:20:00.000Z</time>
</wpt>
<wpt lat="38.9155405" lon="141.1348976">
<time>2026-01-01T00:20:01.000Z</time>
</wpt>
<wpt lat="38.9151103" lon="141.1347346">
<time>2026-01-01T00:20:02.000Z</time>
</wpt>
<wpt lat="38.9146715" lon="141.1345684">
<time>2026-01-01T00:20:03.000Z</time>
</wpt>
<wpt lat="38.9142241" lon="141.1343990">
<time>2026-01-01T00:20:04.000Z</time>
</wpt>
<wpt lat="38.9137681" lon="141.1342262">
<time>2026-01-01T00:20:05.000Z</time>
</wpt>
<wpt lat="38.9133035" lon="141.1340502">
<time>2026-01-01T00:20:06.000Z</time>
</wpt>
<wpt lat="38.9128303" lon="141.1338710">
<time>2026-01-01T00:20:07.000Z</time>
</wpt>
<wpt lat="38.9123485" lon="141.1336885">
<time>2026-01-01T00:20:08.000Z</time>
</wpt>
<wpt lat="38.9118581" lon="141.1335027">
<time>2026-01-01T00:20:09.000Z</time>
</wpt>
<wpt lat="38.9113591" lon="141.1333137">
<time>2026-01-01T00:20:10.000Z</time>
</wpt>
<wpt lat="38.9108515" lon="141.1331214">
<time>2026-01-01T00:20:11.000Z</time>
</wpt>
<wpt lat="38.9103352" lon="141.1329258">
<time>2026-01-01T00:20:12.000Z</time>
</wpt>
<wpt lat="38.9098104" lon="141.1327270">
<time>2026-01-01T00:20:13.000Z</time>
</wpt>
<wpt lat="38.9092770" lon="141.1325250">
<time>2026-01-01T00:20:14.000Z</time>
</wpt>
<wpt lat="38.9087350" lon="141.1323196">
<time>2026-01-01T00:20:15.000Z</time>
</wpt>
<wpt lat="38.9081843" lon="141.1321111">
<time>2026-01-01T00:20:16.000Z</time>
</wpt>
<wpt lat="38.9076251" lon="141.1318992">
<time>2026-01-01T00:20:17.000Z</time>
</wpt>
<wpt lat="38.9070572" lon="141.1316841">
<time>2026-01-01T00:20:18.000Z</time>
</wpt>
<wpt lat="38.9064808" lon="141.1314658">
<time>2026-01-01T00:20:19.000Z</time>
</wpt>
<wpt lat="38.9058957" lon="141.1312441">
<time>2026-01-01T00:20:20.000Z</time>
</wpt>
<wpt lat="38.9053021" lon="141.1310193">
<time>2026-01-01T00:20:21.000Z</time>
</wpt>
<wpt lat="38.9046998" lon="141.1307911">
<time>2026-01-01T00:20:22.000Z</time>
</wpt>
<wpt lat="38.9040890" lon="141.1305597">
<time>2026-01-01T00:20:23.000Z</time>
</wpt>
<wpt lat="38.9034695" lon="141.1303251">
<time>2026-01-01T00:20:24.000Z</time>
</wpt>
<wpt lat="38.9028414" lon="141.1300872">
<time>2026-01-01T00:20:25.000Z</time>
</wpt>
<wpt lat="38.9022048" lon="141.1298460">
<time>2026-01-01T00:20:26.000Z</time>
</wpt>
<wpt lat="38.9015595" lon="141.1296015">
<time>2026-01-01T00:20:27.000Z</time>
</wpt>
<wpt lat="38.9009056" lon="141.1293539">
<time>2026-01-01T00:20:28.000Z</time>
</wpt>
<wpt lat="38.9002431" lon="141.1291029">
<time>2026-01-01T00:20:29.000Z</time>
</wpt>
<wpt lat="38.8995720" lon="141.1288487">
<time>2026-01-01T00:20:30.000Z</time>
</wpt>
<wpt lat="38.8988923" lon="141.1285912">
<time>2026-01-01T00:20:31.000Z</time>
</wpt>
<wpt lat="38.8982040" lon="141.1283305">
<time>2026-01-01T00:20:32.000Z</time>
</wpt>
<wpt lat="38.8975071" lon="141.1280665">
<time>2026-01-01T00:20:33.000Z</time>
</wpt>
<wpt lat="38.8968016" lon="141.1277993">
<time>2026-01-01T00:20:34.000Z</time>
</wpt>
<wpt lat="38.8960875" lon="141.1275288">
<time>2026-01-01T00:20:35.000Z</time>
</wpt>
<wpt lat="38.8953648" lon="141.1272550">
<time>2026-01-01T00:20:36.000Z</time>
</wpt>
<wpt lat="38.8946335" lon="141.1269780">
<time>2026-01-01T00:20:37.000Z</time>
</wpt>
<wpt lat="38.8938936" lon="141.1266977">
<time>2026-01-01T00:20:38.000Z</time>
</wpt>
<wpt lat="38.8931451" lon="141.1264141">
<time>2026-01-01T00:20:39.000Z</time>
</wpt>
<wpt lat="38.8923879" lon="141.1261273">
<time>2026-01-01T00:20:40.000Z</time>
</wpt>
<wpt lat="38.8916232" lon="141.1258376">
<time>2026-01-01T00:20:41.000Z</time>
</wpt>
<wpt lat="38.8908584" lon="141.1255479">
<time>2026-01-01T00:20:42.000Z</time>
</wpt>
<wpt lat="38.8900936" lon="141.1252582">
<time>2026-01-01T00:20:43.000Z</time>
</wpt>
<wpt lat="38.8893289" lon="141.1249685">
<time>2026-01-01T00:20:44.000Z</time>
</wpt>
<wpt lat="38.8885641" lon="141.1246788">
<time>2026-01-01T00:20:45.000Z</time>
</wpt>
<wpt lat="38.8877993" lon="141.1243891">
<time>2026-01-01T00:20:46.000Z</time>
</wpt>
<wpt lat="38.8870345" lon="141.1240995">
<time>2026-01-01T00:20:47.000Z</time>
</wpt>
<wpt lat="38.8862698" lon="141.1238098">
<time>2026-01-01T00:20:48.000Z</time>
</wpt>
<wpt lat="38.8855050" lon="141.1235201">
<time>2026-01-01T00:20:49.000Z</time>
</wpt>
<wpt lat="38.8847402" lon="141.1232304">
<time>2026-01-01T00:20:50.000Z</time>
</wpt>
<wpt lat="38.8839754" lon="141.1229407">
<time>2026-01-01T00:20:51.000Z</time>
</wpt>
<wpt lat="38.8832107" lon="141.1226510">
<time>2026-01-01T00:20:52.000Z</time>
</wpt>
<wpt lat="38.8824459" lon="141.1223613">
<time>2026-01-01T00:20:53.000Z</time>
</wpt>
<wpt lat="38.8816811" lon="141.1220716">
<time>2026-01-01T00:20:54.000Z</time>
</wpt>
<wpt lat="38.8809164" lon="141.1217819">
<time>2026-01-01T00:20:55.000Z</time>
</wpt>
<wpt lat="38.8801516" lon="141.1214922">
<time>2026-01-01T00:20:56.000Z</time>
</wpt>
<wpt lat="38.8793868" lon="141.1212025">
<time>2026-01-01T00:20:57.000Z</time>
</wpt>
<wpt lat="38.8786220" lon="141.1209128">
<time>2026-01-01T00:20:58.000Z</time>
</wpt>
<wpt lat="38.8778573" lon="141.1206231">
<time>2026-01-01T00:20:59.000Z</time>
</wpt>
<wpt lat="38.8770925" lon="141.1203334">
<time>2026-01-01T00:21:00.000Z</time>
</wpt>
<wpt lat="38.8763277" lon="141.1200437">
<time>2026-01-01T00:21:01.000Z</time>
</wpt>
<wpt lat="38.8755629" lon="141.1197540">
<time>2026-01-01T00:21:02.000Z</time>
</wpt>
<wpt lat="38.8747982" lon="141.1194643">
<time>2026-01-01T00:21:03.000Z</time>
</wpt>
<wpt lat="38.8740334" lon="141.1191746">
<time>2026-01-01T00:21:04.000Z</time>
</wpt>
<wpt lat="38.8732686" lon="141.1188849">
<time>2026-01-01T00:21:05.000Z</time>
</wpt>
<wpt lat="38.8725039" lon="141.1185952">
<time>2026-01-01T00:21:06.000Z</time>
</wpt>
<wpt lat="38.8717391" lon="141.1183055">
<time>2026-01-01T00:21:07.000Z</time>
</wpt>
<wpt lat="38.8709743" lon="141.1180158">
<time>2026-01-01T00:21:08.000Z</time>
</wpt>
<wpt lat="38.8702095" lon="141.1177261">
<time>2026-01-01T00:21:09.000Z</time>
</wpt>
<wpt lat="38.8694448" lon="141.1174364">
<time>2026-01-01T00:21:10.000Z</time>
</wpt>
<wpt lat="38.8686800" lon="141.1171467">
<time>2026-01-01T00:21:11.000Z</time>
</wpt>
<wpt lat="38.8679152" lon="141.1168570">
<time>2026-01-01T00:21:12.000Z</time>
</wpt>
<wpt lat="38.8671505" lon="141.1165673">
<time>2026-01-01T00:21:13.000Z</time>
</wpt>
<wpt lat="38.8663857" lon="141.1162776">
<time>2026-01-01T00:21:14.000Z</time>
</wpt>
<wpt lat="38.8656209" lon="141.1159879">
<time>2026-01-01T00:21:15.000Z</time>
</wpt>
<wpt lat="38.8648561" lon="141.1156982">
<time>2026-01-01T00:21:16.000Z</time>
</wpt>
<wpt lat="38.8640914" lon="141.1154085">
<time>2026-01-01T00:21:17.000Z</time>
</wpt>
<wpt lat="38.8633266" lon="141.1151188">
<time>2026-01-01T00:21:18.000Z</time>
</wpt>
<wpt lat="38.8625618" lon="141.1148291">
<time>2026-01-01T00:21:19.000Z</time>
</wpt>
<wpt lat="38.8617970" lon="141.1145394">
<time>2026-01-01T00:21:20.000Z</time>
</wpt>
<wpt lat="38.8610323" lon="141.1142497">
<time>2026-01-01T00:21:21.000Z</time>
</wpt>
<wpt lat="38.8602675" lon="141.1139600">
<time>2026-01-01T00:21:22.000Z</time>
</wpt>
<wpt lat="38.8595027" lon="141.1136703">
<time>2026-01-01T00:21:23.000Z</time>
</wpt>
<wpt lat="38.8587380" lon="141.1133806">
<time>2026-01-01T00:21:24.000Z</time>
</wpt>
<wpt lat="38.8579732" lon="141.1130909">
<time>2026-01-01T00:21:25.000Z</time>
</wpt>
<wpt lat="38.8572084" lon="141.1128012">
<time>2026-01-01T00:21:26.000Z</time>
</wpt>
<wpt lat="38.8564436" lon="141.1125115">
<time>2026-01-01T00:21:27.000Z</time>
</wpt>
<wpt lat="38.8556789" lon="141.1122218">
<time>2026-01-01T00:21:28.000Z</time>
</wpt>
<wpt lat="38.8549141" lon="141.1119321">
<time>2026-01-01T00:21:29.000Z</time>
</wpt>
<wpt lat="38.8541493" lon="141.1116424">
<time>2026-01-01T00:21:30.000Z</time>
</wpt>
<wpt lat="38.8533845" lon="141.1113527">
<time>2026-01-01T00:21:31.000Z</time>
</wpt>
<wpt lat="38.8526198" lon="141.1110630">
<time>2026-01-01T00:21:32.000Z</time>
</wpt>
<wpt lat="38.8518550" lon="141.1107733">
<time>2026-01-01T00:21:33.000Z</time>
</wpt>
<wpt lat="38.8510902" lon="141.1104836">
<time>2026-01-01T00:21:34.000Z</time>
</wpt>
<wpt lat="38.8503255" lon="141.1101939">
<time>2026-01-01T00:21:35.000Z</time>
</wpt>
<wpt lat="38.8495607" lon="141.1099042">
<time>2026-01-01T00:21:36.000Z</time>
</wpt>
<wpt lat="38.8487959" lon="141.1096145">
<time>2026-01-01T00:21:37.000Z</time>
</wpt>
<wpt lat="38.8480311" lon="141.1093248">
<time>2026-01-01T00:21:38.000Z</time>
</wpt>
<wpt lat="38.8472664" lon="141.1090351">
<time>2026-01-01T00:21:39.000Z</time>
</wpt>
<wpt lat="38.8465016" lon="141.1087454">
<time>2026-01-01T00:21:40.000Z</time>
</wpt>
<wpt lat="38.8457368" lon="141.1084557">
<time>2026-01-01T00:21:41.000Z</time>
</wpt>
<wpt lat="38.8449720" lon="141.1081660">
<time>2026-01-01T00:21:42.000Z</time>
</wpt>
<wpt lat="38.8442073" lon="141.1078763">
<time>2026-01-01T00:21:43.000Z</time>
</wpt>
<wpt lat="38.8434425" lon="141.1075866">
<time>2026-01-01T00:21:44.000Z</time>
</wpt>
<wpt lat="38.8426777" lon="141.1072969">
<time>2026-01-01T00:21:45.000Z</time>
</wpt>
<wpt lat="38.8419130" lon="141.1070072">
<time>2026-01-01T00:21:46.000Z</time>
</wpt>
<wpt lat="38.8411482" lon="141.1067176">
<time>2026-01-01T00:21:47.000Z</time>
</wpt>
<wpt lat="38.8403834" lon="141.1064279">
<time>2026-01-01T00:21:48.000Z</time>
</wpt>
<wpt lat="38.8396186" lon="141.1061382">
<time>2026-01-01T00:21:49.000Z</time>
</wpt>
<wpt lat="38.8388539" lon="141.1058485">
<time>2026-01-01T00:21:50.000Z</time>
</wpt>
<wpt lat="38.8380891" lon="141.1055588">
<time>2026-01-01T00:21:51.000Z</time>
</wpt>
<wpt lat="38.8373243" lon="141.1052691">
<time>2026-01-01T00:21:52.000Z</time>
</wpt>
<wpt lat="38.8365595" lon="141.1049794">
<time>2026-01-01T00:21:53.000Z</time>
</wpt>
<wpt lat="38.8357948" lon="141.1046897">
<time>2026-01-01T00:21:54.000Z</time>
</wpt>
<wpt lat="38.8350300" lon="141.1044000">
<time>2026-01-01T00:21:55.000Z</time>
</wpt>
<wpt lat="38.8342652" lon="141.1041103">
<time>2026-01-01T00:21:56.000Z</time>
</wpt>
<wpt lat="38.8335005" lon="141.1038206">
<time>2026-01-01T00:21:57.000Z</time>
</wpt>
<wpt lat="38.8327357" lon="141.1035309">
<time>2026-01-01T00:21:58.000Z</time>
</wpt>
<wpt lat="38.8319709" lon="141.1032412">
<time>2026-01-01T00:21:59.000Z</time>
</wpt>
<wpt lat="38.8312061" lon="141.1029515">
<time>2026-01-01T00:22:00.000Z</time>
</wpt>
<wpt lat="38.8304414" lon="141.1026618">
<time>2026-01-01T00:22:01.000Z</time>
</wpt>
<wpt lat="38.8296766" lon="141.1023721">
<time>2026-01-01T00:22:02.000Z</time>
</wpt>
<wpt lat="38.8289118" lon="141.1020824">
<time>2026-01-01T00:22:03.000Z</time>
</wpt>
<wpt lat="38.8281471" lon="141.1017927">
<time>2026-01-01T00:22:04.000Z</time>
</wpt>
<wpt lat="38.8273823" lon="141.1015030">
<time>2026-01-01T00:22:05.000Z</time>
</wpt>
<wpt lat="38.8266175" lon="141.1012133">
<time>2026-01-01T00:22:06.000Z</time>
</wpt>
<wpt lat="38.8258527" lon="141.1009236">
<time>2026-01-01T00:22:07.000Z</time>
</wpt>
<wpt lat="38.8250880" lon="141.1006339">
<time>2026-01-01T00:22:08.000Z</time>
</wpt>
<wpt lat="38.8243232" lon="141.1003442">
<time>2026-01-01T00:22:09.000Z</time>
</wpt>
<wpt lat="38.8235584" lon="141.1000545">
<time>2026-01-01T00:22:10.000Z</time>
</wpt>
<wpt lat="38.8227936" lon="141.0997648">
<time>2026-01-01T00:22:11.000Z</time>
</wpt>
<wpt lat="38.8220289" lon="141.0994751">
<time>2026-01-01T00:22:12.000Z</time>
</wpt>
<wpt lat="38.8212641" lon="141.0991854">
<time>2026-01-01T00:22:13.000Z</time>
</wpt>
<wpt lat="38.8204993" lon="141.0988957">
<time>2026-01-01T00:22:14.000Z</time>
</wpt>
<wpt lat="38.8197346" lon="141.0986060">
<time>2026-01-01T00:22:15.000Z</time>
</wpt>
<wpt lat="38.8189698" lon="141.0983163">
<time>2026-01-01T00:22:16.000Z</time>
</wpt>
<wpt lat="38.8182050" lon="141.0980266">
<time>2026-01-01T00:22:17.000Z</time>
</wpt>
<wpt lat="38.8174402" lon="141.0977369">
<time>2026-01-01T00:22:18.000Z</time>
</wpt>
<wpt lat="38.8166755" lon="141.0974472">
<time>2026-01-01T00:22:19.000Z</time>
</wpt>
<wpt lat="38.8159107" lon="141.0971575">
<time>2026-01-01T00:22:20.000Z</time>
</wpt>
<wpt lat="38.8151459" lon="141.0968678">
<time>2026-01-01T00:22:21.000Z</time>
</wpt>
<wpt lat="38.8143811" lon="141.0965781">
<time>2026-01-01T00:22:22.000Z</time>
</wpt>
<wpt lat="38.8136164" lon="141.0962884">
<time>2026-01-01T00:22:23.000Z</time>
</wpt>
<wpt lat="38.8128516" lon="141.0959987">
<time>2026-01-01T00:22:24.000Z</time>
</wpt>
<wpt lat="38.8120868" lon="141.0957090">
<time>2026-01-01T00:22:25.000Z</time>
</wpt>
<wpt lat="38.8113221" lon="141.0954193">
<time>2026-01-01T00:22:26.000Z</time>
</wpt>
<wpt lat="38.8105573" lon="141.0951296">
<time>2026-01-01T00:22:27.000Z</time>
</wpt>
<wpt lat="38.8097925" lon="141.0948399">
<time>2026-01-01T00:22:28.000Z</time>
</wpt>
<wpt lat="38.8090277" lon="141.0945502">
<time>2026-01-01T00:22:29.000Z</time>
</wpt>
<wpt lat="38.8082630" lon="141.0942605">
<time>2026-01-01T00:22:30.000Z</time>
</wpt>
<wpt lat="38.8074982" lon="141.0939708">
<time>2026-01-01T00:22:31.000Z</time>
</wpt>
<wpt lat="38.8067334" lon="141.0936811">
<time>2026-01-01T00:22:32.000Z</time>
</wpt>
<wpt lat="38.8059686" lon="141.0933914">
<time>2026-01-01T00:22:33.000Z</time>
</wpt>
<wpt lat="38.8052039" lon="141.0931017">
<time>2026-01-01T00:22:34.000Z</time>
</wpt>
<wpt lat="38.8044391" lon="141.0928120">
<time>2026-01-01T00:22:35.000Z</time>
</wpt>
<wpt lat="38.8036743" lon="141.0925223">
<time>2026-01-01T00:22:36.000Z</time>
</wpt>
<wpt lat="38.8029096" lon="141.0922326">
<time>2026-01-01T00:22:37.000Z</time>
</wpt>
<wpt lat="38.8021448" lon="141.0919429">
<time>2026-01-01T00:22:38.000Z</time>
</wpt>
<wpt lat="38.8013800" lon="141.0916532">
<time>2026-01-01T00:22:39.000Z</time>
</wpt>
<wpt lat="38.8006152" lon="141.0913635">
<time>2026-01-01T00:22:40.000Z</time>
</wpt>
<wpt lat="38.7998505" lon="141.0910738">
<time>2026-01-01T00:22:41.000Z</time>
</wpt>
<wpt lat="38.7990857" lon="141.0907841">
<time>2026-01-01T00:22:42.000Z</time>
</wpt>
<wpt lat="38.7983209" lon="141.0904944">
<time>2026-01-01T00:22:43.000Z</time>
</wpt>
<wpt lat="38.7975562" lon="141.0902047">
<time>2026-01-01T00:22:44.000Z</time>
</wpt>
<wpt lat="38.7967914" lon="141.0899150">
<time>2026-01-01T00:22:45.000Z</time>
</wpt>
<wpt lat="38.7960266" lon="141.0896253">
<time>2026-01-01T00:22:46.000Z</time>
</wpt>
<wpt lat="38.7952618" lon="141.0893356">
<time>2026-01-01T00:22:47.000Z</time>
</wpt>
<wpt lat="38.7944971" lon="141.0890460">
<time>2026-01-01T00:22:48.000Z</time>
</wpt>
<wpt lat="38.7937323" lon="141.0887563">
<time>2026-01-01T00:22:49.000Z</time>
</wpt>
<wpt lat="38.7929675" lon="141.0884666">
<time>2026-01-01T00:22:50.000Z</time>
</wpt>
<wpt lat="38.7922027" lon="141.0881769">
<time>2026-01-01T00:22:51.000Z</time>
</wpt>
<wpt lat="38.7914380" lon="141.0878872">
<time>2026-01-01T00:22:52.000Z</time>
</wpt>
<wpt lat="38.7906732" lon="141.0875975">
<time>2026-01-01T00:22:53.000Z</time>
</wpt>
<wpt lat="38.7899084" lon="141.0873078">
<time>2026-01-01T00:22:54.000Z</time>
</wpt>
<wpt lat="38.7891437" lon="141.0870181">
<time>2026-01-01T00:22:55.000Z</time>
</wpt>
<wpt lat="38.7883789" lon="141.0867284">
<time>2026-01-01T00:22:56.000Z</time>
</wpt>
<wpt lat="38.7876141" lon="141.0864387">
<time>2026-01-01T00:22:57.000Z</time>
</wpt>
<wpt lat="38.7868493" lon="141.0861490">
<time>2026-01-01T00:22:58.000Z</time>
</wpt>
<wpt lat="38.7860846" lon="141.0858593">
<time>2026-01-01T00:22:59.000Z</time>
</wpt>
<wpt lat="38.7853198" lon="141.0855696">
<time>2026-01-01T00:23:00.000Z</time>
</wpt>
<wpt lat="38.7845550" lon="141.0852799">
<time>2026-01-01T00:23:01.000Z</time>
</wpt>
<wpt lat="38.7837902" lon="141.0849902">
<time>2026-01-01T00:23:02.000Z</time>
</wpt>
<wpt lat="38.7830255" lon="141.0847005">
<time>2026-01-01T00:23:03.000Z</time>
</wpt>
<wpt lat="38.7822607" lon="141.0844108">
<time>2026-01-01T00:23:04.000Z</time>
</wpt>
<wpt lat="38.7814959" lon="141.0841211">
<time>2026-01-01T00:23:05.000Z</time>
</wpt>
<wpt lat="38.7807312" lon="141.0838314">
<time>2026-01-01T00:23:06.000Z</time>
</wpt>
<wpt lat="38.7799664" lon="141.0835417">
<time>2026-01-01T00:23:07.000Z</time>
</wpt>
<wpt lat="38.7792016" lon="141.0832520">
<time>2026-01-01T00:23:08.000Z</time>
</wpt>
<wpt lat="38.7784368" lon="141.0829623">
<time>2026-01-01T00:23:09.000Z</time>
</wpt>
<wpt lat="38.7776721" lon="141.0826726">
<time>2026-01-01T00:23:10.000Z</time>
</wpt>
<wpt lat="38.7769073" lon="141.0823829">
<time>2026-01-01T00:23:11.000Z</time>
</wpt>
<wpt lat="38.7761425" lon="141.0820932">
<time>2026-01-01T00:23:12.000Z</time>
</wpt>
<wpt lat="38.7753777" lon="141.0818035">
<time>2026-01-01T00:23:13.000Z</time>
</wpt>
<wpt lat="38.7746130" lon="141.0815138">
<time>2026-01-01T00:23:14.000Z</time>
</wpt>
<wpt lat="38.7738482" lon="141.0812241">
<time>2026-01-01T00:23:15.000Z</time>
</wpt>
<wpt lat="38.7730834" lon="141.0809344">
<time>2026-01-01T00:23:16.000Z</time>
</wpt>
<wpt lat="38.7723187" lon="141.0806447">
<time>2026-01-01T00:23:17.000Z</time>
</wpt>
<wpt lat="38.7715539" lon="141.0803550">
<time>2026-01-01T00:23:18.000Z</time>
</wpt>
<wpt lat="38.7707891" lon="141.0800653">
<time>2026-01-01T00:23:19.000Z</time>
</wpt>
<wpt lat="38.7700243" lon="141.0797756">
<time>2026-01-01T00:23:20.000Z</time>
</wpt>
<wpt lat="38.7692596" lon="141.0794859">
<time>2026-01-01T00:23:21.000Z</time>
</wpt>
<wpt lat="38.7684948" lon="141.0791962">
<time>2026-01-01T00:23:22.000Z</time>
</wpt>
<wpt lat="38.7677300" lon="141.0789065">
<time>2026-01-01T00:23:23.000Z</time>
</wpt>
<wpt lat="38.7669652" lon="141.0786168">
<time>2026-01-01T00:23:24.000Z</time>
</wpt>
<wpt lat="38.7662005" lon="141.0783271">
<time>2026-01-01T00:23:25.000Z</time>
</wpt>
<wpt lat="38.7654357" lon="141.0780374">
<time>2026-01-01T00:23:26.000Z</time>
</wpt>
<wpt lat="38.7646709" lon="141.0777477">
<time>2026-01-01T00:23:27.000Z</time>
</wpt>
<wpt lat="38.7639062" lon="141.0774580">
<time>2026-01-01T00:23:28.000Z</time>
</wpt>
<wpt lat="38.7631414" lon="141.0771683">
<time>2026-01-01T00:23:29.000Z</time>
</wpt>
<wpt lat="38.7623766" lon="141.0768786">
<time>2026-01-01T00:23:30.000Z</time>
</wpt>
<wpt lat="38.7616118" lon="141.0765889">
<time>2026-01-01T00:23:31.000Z</time>
</wpt>
<wpt lat="38.7608471" lon="141.0762992">
<time>2026-01-01T00:23:32.000Z</time>
</wpt>
<wpt lat="38.7600823" lon="141.0760095">
<time>2026-01-01T00:23:33.000Z</time>
</wpt>
<wpt lat="38.7593175" lon="141.0757198">
<time>2026-01-01T00:23:34.000Z</time>
</wpt>
<wpt lat="38.7585528" lon="141.0754301">
<time>2026-01-01T00:23:35.000Z</time>
</wpt>
<wpt lat="38.7577880" lon="141.0751404">
<time>2026-01-01T00:23:36.000Z</time>
</wpt>
<wpt lat="38.7570232" lon="141.0748507">
<time>2026-01-01T00:23:37.000Z</time>
</wpt>
<wpt lat="38.7562584" lon="141.0745610">
<time>2026-01-01T00:23:38.000Z</time>
</wpt>
<wpt lat="38.7554937" lon="141.0742713">
<time>2026-01-01T00:23:39.000Z</time>
</wpt>
<wpt lat="38.7547289" lon="141.0739816">
<time>2026-01-01T00:23:40.000Z</time>
</wpt>
<wpt lat="38.7539641" lon="141.0736919">
<time>2026-01-01T00:23:41.000Z</time>
</wpt>
<wpt lat="38.7531993" lon="141.0734022">
<time>2026-01-01T00:23:42.000Z</time>
</wpt>
<wpt lat="38.7524346" lon="141.0731125">
<time>2026-01-01T00:23:43.000Z</time>
</wpt>
<wpt lat="38.7516698" lon="141.0728228">
<time>2026-01-01T00:23:44.000Z</time>
</wpt>
<wpt lat="38.7509050" lon="141.0725331">
<time>2026-01-01T00:23:45.000Z</time>
</wpt>
<wpt lat="38.7501403" lon="141.0722434">
<time>2026-01-01T00:23:46.000Z</time>
</wpt>
<wpt lat="38.7493755" lon="141.0719537">
<time>2026-01-01T00:23:47.000Z</time>
</wpt>
<wpt lat="38.7486268" lon="141.0716080">
<time>2026-01-01T00:23:48.000Z</time>
</wpt>
<wpt lat="38.7479007" lon="141.0711839">
<time>2026-01-01T00:23:49.000Z</time>
</wpt>
<wpt lat="38.7471746" lon="141.0707599">
<time>2026-01-01T00:23:50.000Z</time>
</wpt>
<wpt lat="38.7464484" lon="141.0703358">
<time>2026-01-01T00:23:51.000Z</time>
</wpt>
<wpt lat="38.7457223" lon="141.0699118">
<time>2026-01-01T00:23:52.000Z</time>
</wpt>
<wpt lat="38.7449962" lon="141.0694878">
<time>2026-01-01T00:23:53.000Z</time>
</wpt>
<wpt lat="38.7442701" lon="141.0690637">
<time>2026-01-01T00:23:54.000Z</time>
</wpt>
<wpt lat="38.7435439" lon="141.0686397">
<time>2026-01-01T00:23:55.000Z</time>
</wpt>
<wpt lat="38.7428178" lon="141.0682156">
<time>2026-01-01T00:23:56.000Z</time>
</wpt>
<wpt lat="38.7420917" lon="141.0677916">
<time>2026-01-01T00:23:57.000Z</time>
</wpt>
<wpt lat="38.7413655" lon="141.0673676">
<time>2026-01-01T00:23:58.000Z</time>
</wpt>
<wpt lat="38.7406394" lon="141.0669435">
<time>2026-01-01T00:23:59.000Z</time>
</wpt>
<wpt lat="38.7399133" lon="141.0665195">
<time>2026-01-01T00:24:00.000Z</time>
</wpt>
<wpt lat="38.7391871" lon="141.0660954">
<time>2026-01-01T00:24:01.000Z</time>
</wpt>
<wpt lat="38.7384610" lon="141.0656714">
<time>2026-01-01T00:24:02.000Z</time>
</wpt>
<wpt lat="38.7377349" lon="141.0652474">
<time>2026-01-01T00:24:03.000Z</time>
</wpt>
<wpt lat="38.7370088" lon="141.0648233">
<time>2026-01-01T00:24:04.000Z</time>
</wpt>
<wpt lat="38.7362826" lon="141.0643993">
<time>2026-01-01T00:24:05.000Z</time>
</wpt>
<wpt lat="38.7355565" lon="141.0639752">
<time>2026-01-01T00:24:06.000Z</time>
</wpt>
<wpt lat="38.7348304" lon="141.0635512">
<time>2026-01-01T00:24:07.000Z</time>
</wpt>
<wpt lat="38.7341042" lon="141.0631272">
<time>2026-01-01T00:24:08.000Z</time>
</wpt>
<wpt lat="38.7333781" lon="141.0627031">
<time>2026-01-01T00:24:09.000Z</time>
</wpt>
<wpt lat="38.7326520" lon="141.0622791">
<time>2026-01-01T00:24:10.000Z</time>
</wpt>
<wpt lat="38.7319258" lon="141.0618550">
<time>2026-01-01T00:24:11.000Z</time>
</wpt>
<wpt lat="38.7311997" lon="141.0614310">
<time>2026-01-01T00:24:12.000Z</time>
</wpt>
<wpt lat="38.7304736" lon="141.0610070">
<time>2026-01-01T00:24:13.000Z</time>
</wpt>
<wpt lat="38.7297474" lon="141.0605829">
<time>2026-01-01T00:24:14.000Z</time>
</wpt>
<wpt lat="38.7290213" lon="141.0601589">
<time>2026-01-01T00:24:15.000Z</time>
</wpt>
<wpt lat="38.7282952" lon="141.0597348">
<time>2026-01-01T00:24:16.000Z</time>
</wpt>
<wpt lat="38.7275691" lon="141.0593108">
<time>2026-01-01T00:24:17.000Z</time>
</wpt>
<wpt lat="38.7268429" lon="141.0588867">
<time>2026-01-01T00:24:18.000Z</time>
</wpt>
<wpt lat="38.7261168" lon="141.0584627">
<time>2026-01-01T00:24:19.000Z</time>
</wpt>
<wpt lat="38.7253907" lon="141.0580387">
<time>2026-01-01T00:24:20.000Z</time>
</wpt>
<wpt lat="38.7246645" lon="141.0576146">
<time>2026-01-01T00:24:21.000Z</time>
</wpt>
<wpt lat="38.7239384" lon="141.0571906">
<time>2026-01-01T00:24:22.000Z</time>
</wpt>
<wpt lat="38.7232123" lon="141.0567665">
<time>2026-01-01T00:24:23.000Z</time>
</wpt>
<wpt lat="38.7224861" lon="141.0563425">
<time>2026-01-01T00:24:24.000Z</time>
</wpt>
<wpt lat="38.7217600" lon="141.0559185">
<time>2026-01-01T00:24:25.000Z</time>
</wpt>
<wpt lat="38.7210339" lon="141.0554944">
<time>2026-01-01T00:24:26.000Z</time>
</wpt>
<wpt lat="38.7203077" lon="141.0550704">
<time>2026-01-01T00:24:27.000Z</time>
</wpt>
<wpt lat="38.7195816" lon="141.0546463">
<time>2026-01-01T00:24:28.000Z</time>
</wpt>
<wpt lat="38.7188555" lon="141.0542223">
<time>2026-01-01T00:24:29.000Z</time>
</wpt>
<wpt lat="38.7181294" lon="141.0537983">
<time>2026-01-01T00:24:30.000Z</time>
</wpt>
<wpt lat="38.7174032" lon="141.0533742">
<time>2026-01-01T00:24:31.000Z</time>
</wpt>
<wpt lat="38.7166771" lon="141.0529502">
<time>2026-01-01T00:24:32.000Z</time>
</wpt>
<wpt lat="38.7159510" lon="141.0525261">
<time>2026-01-01T00:24:33.000Z</time>
</wpt>
<wpt lat="38.7152248" lon="141.0521021">
<time>2026-01-01T00:24:34.000Z</time>
</wpt>
<wpt lat="38.7144987" lon="141.0516781">
<time>2026-01-01T00:24:35.000Z</time>
</wpt>
<wpt lat="38.7137726" lon="141.0512540">
<time>2026-01-01T00:24:36.000Z</time>
</wpt>
<wpt lat="38.7130464" lon="141.0508300">
<time>2026-01-01T00:24:37.000Z</time>
</wpt>
<wpt lat="38.7123203" lon="141.0504059">
<time>2026-01-01T00:24:38.000Z</time>
</wpt>
<wpt lat="38.7115942" lon="141.0499819">
<time>2026-01-01T00:24:39.000Z</time>
</wpt>
<wpt lat="38.7108681" lon="141.0495579">
<time>2026-01-01T00:24:40.000Z</time>
</wpt>
<wpt lat="38.7101419" lon="141.0491338">
<time>2026-01-01T00:24:41.000Z</time>
</wpt>
<wpt lat="38.7094158" lon="141.0487098">
<time>2026-01-01T00:24:42.000Z</time>
</wpt>
<wpt lat="38.7086897" lon="141.0482857">
<time>2026-01-01T00:24:43.000Z</time>
</wpt>
<wpt lat="38.7079635" lon="141.0478617">
<time>2026-01-01T00:24:44.000Z</time>
</wpt>
<wpt lat="38.7072374" lon="141.0474377">
<time>2026-01-01T00:24:45.000Z</time>
</wpt>
<wpt lat="38.7065113" lon="141.0470136">
<time>2026-01-01T00:24:46.000Z</time>
</wpt>
<wpt lat="38.7057851" lon="141.0465896">
<time>2026-01-01T00:24:47.000Z</time>
</wpt>
<wpt lat="38.7050590" lon="141.0461655">
<time>2026-01-01T00:24:48.000Z</time>
</wpt>
<wpt lat="38.7043329" lon="141.0457415">
<time>2026-01-01T00:24:49.000Z</time>
</wpt>
<wpt lat="38.7036067" lon="141.0453175">
<time>2026-01-01T00:24:50.000Z</time>
</wpt>
<wpt lat="38.7028806" lon="141.0448934">
<time>2026-01-01T00:24:51.000Z</time>
</wpt>
<wpt lat="38.7021545" lon="141.0444694">
<time>2026-01-01T00:24:52.000Z</time>
</wpt>
<wpt lat="38.7014284" lon="141.0440453">
<time>2026-01-01T00:24:53.000Z</time>
</wpt>
<wpt lat="38.7007022" lon="141.0436213">
<time>2026-01-01T00:24:54.000Z</time>
</wpt>
<wpt lat="38.6999761" lon="141.0431972">
<time>2026-01-01T00:24:55.000Z</time>
</wpt>
<wpt lat="38.6992500" lon="141.0427732">
<time>2026-01-01T00:24:56.000Z</time>
</wpt>
<wpt lat="38.6985238" lon="141.0423492">
<time>2026-01-01T00:24:57.000Z</time>
</wpt>
<wpt lat="38.6977977" lon="141.0419251">
<time>2026-01-01T00:24:58.000Z</time>
</wpt>
<wpt lat="38.6970716" lon="141.0415011">
<time>2026-01-01T00:24:59.000Z</time>
</wpt>
<wpt lat="38.6963454" lon="141.0410770">
<time>2026-01-01T00:25:00.000Z</time>
</wpt>
<wpt lat="38.6956193" lon="141.0406530">
<time>2026-01-01T00:25:01.000Z</time>
</wpt>
<wpt lat="38.6948932" lon="141.0402290">
<time>2026-01-01T00:25:02.000Z</time>
</wpt>
<wpt lat="38.6941670" lon="141.0398049">
<time>2026-01-01T00:25:03.000Z</time>
</wpt>
<wpt lat="38.6934409" lon="141.0393809">
<time>2026-01-01T00:25:04.000Z</time>
</wpt>
<wpt lat="38.6927148" lon="141.0389568">
<time>2026-01-01T00:25:05.000Z</time>
</wpt>
<wpt lat="38.6919887" lon="141.0385328">
<time>2026-01-01T00:25:06.000Z</time>
</wpt>
<wpt lat="38.6912625" lon="141.0381088">
<time>2026-01-01T00:25:07.000Z</time>
</wpt>
<wpt lat="38.6905364" lon="141.0376847">
<time>2026-01-01T00:25:08.000Z</time>
</wpt>
<wpt lat="38.6898103" lon="141.0372607">
<time>2026-01-01T00:25:09.000Z</time>
</wpt>
<wpt lat="38.6890841" lon="141.0368366">
<time>2026-01-01T00:25:10.000Z</time>
</wpt>
<wpt lat="38.6883580" lon="141.0364126">
<time>2026-01-01T00:25:11.000Z</time>
</wpt>
<wpt lat="38.6876319" lon="141.0359886">
<time>2026-01-01T00:25:12.000Z</time>
</wpt>
<wpt lat="38.6869057" lon="141.0355645">
<time>2026-01-01T00:25:13.000Z</time>
</wpt>
<wpt lat="38.6861796" lon="141.0351405">
<time>2026-01-01T00:25:14.000Z</time>
</wpt>
<wpt lat="38.6854535" lon="141.0347164">
<time>2026-01-01T00:25:15.000Z</time>
</wpt>
<wpt lat="38.6847274" lon="141.0342924">
<time>2026-01-01T00:25:16.000Z</time>
</wpt>
<wpt lat="38.6840012" lon="141.0338684">
<time>2026-01-01T00:25:17.000Z</time>
</wpt>
<wpt lat="38.6832751" lon="141.0334443">
<time>2026-01-01T00:25:18.000Z</time>
</wpt>
<wpt lat="38.6825490" lon="141.0330203">
<time>2026-01-01T00:25:19.000Z</time>
</wpt>
<wpt lat="38.6818228" lon="141.0325962">
<time>2026-01-01T00:25:20.000Z</time>
</wpt>
<wpt lat="38.6810967" lon="141.0321722">
<time>2026-01-01T00:25:21.000Z</time>
</wpt>
<wpt lat="38.6803706" lon="141.0317482">
<time>2026-01-01T00:25:22.000Z</time>
</wpt>
<wpt lat="38.6796444" lon="141.0313241">
<time>2026-01-01T00:25:23.000Z</time>
</wpt>
<wpt lat="38.6789183" lon="141.0309001">
<time>2026-01-01T00:25:24.000Z</time>
</wpt>
<wpt lat="38.6781922" lon="141.0304760">
<time>2026-01-01T00:25:25.000Z</time>
</wpt>
<wpt lat="38.6774660" lon="141.0300520">
<time>2026-01-01T00:25:26.000Z</time>
</wpt>
<wpt lat="38.6767399" lon="141.0296280">
<time>2026-01-01T00:25:27.000Z</time>
</wpt>
<wpt lat="38.6760138" lon="141.0292039">
<time>2026-01-01T00:25:28.000Z</time>
</wpt>
<wpt lat="38.6752877" lon="141.0287799">
<time>2026-01-01T00:25:29.000Z</time>
</wpt>
<wpt lat="38.6745615" lon="141.0283558">
<time>2026-01-01T00:25:30.000Z</time>
</wpt>
<wpt lat="38.6738354" lon="141.0279318">
<time>2026-01-01T00:25:31.000Z</time>
</wpt>
<wpt lat="38.6731093" lon="141.0275078">
<time>2026-01-01T00:25:32.000Z</time>
</wpt>
<wpt lat="38.6723831" lon="141.0270837">
<time>2026-01-01T00:25:33.000Z</time>
</wpt>
<wpt lat="38.6716570" lon="141.0266597">
<time>2026-01-01T00:25:34.000Z</time>
</wpt>
<wpt lat="38.6709309" lon="141.0262356">
<time>2026-01-01T00:25:35.000Z</time>
</wpt>
<wpt lat="38.6702047" lon="141.0258116">
<time>2026-01-01T00:25:36.000Z</time>
</wpt>
<wpt lat="38.6694786" lon="141.0253875">
<time>2026-01-01T00:25:37.000Z</time>
</wpt>
<wpt lat="38.6687525" lon="141.0249635">
<time>2026-01-01T00:25:38.000Z</time>
</wpt>
<wpt lat="38.6680263" lon="141.0245395">
<time>2026-01-01T00:25:39.000Z</time>
</wpt>
<wpt lat="38.6673002" lon="141.0241154">
<time>2026-01-01T00:25:40.000Z</time>
</wpt>
<wpt lat="38.6665741" lon="141.0236914">
<time>2026-01-01T00:25:41.000Z</time>
</wpt>
<wpt lat="38.6658480" lon="141.0232673">
<time>2026-01-01T00:25:42.000Z</time>
</wpt>
<wpt lat="38.6651218" lon="141.0228433">
<time>2026-01-01T00:25:43.000Z</time>
</wpt>
<wpt lat="38.6643957" lon="141.0224193">
<time>2026-01-01T00:25:44.000Z</time>
</wpt>
<wpt lat="38.6636696" lon="141.0219952">
<time>2026-01-01T00:25:45.000Z</time>
</wpt>
<wpt lat="38.6629434" lon="141.0215712">
<time>2026-01-01T00:25:46.000Z</time>
</wpt>
<wpt lat="38.6622173" lon="141.0211471">
<time>2026-01-01T00:25:47.000Z</time>
</wpt>
<wpt lat="38.6614912" lon="141.0207231">
<time>2026-01-01T00:25:48.000Z</time>
</wpt>
<wpt lat="38.6607650" lon="141.0202991">
<time>2026-01-01T00:25:49.000Z</time>
</wpt>
<wpt lat="38.6600389" lon="141.0198750">
<time>2026-01-01T00:25:50.000Z</time>
</wpt>
<wpt lat="38.6593128" lon="141.0194510">
<time>2026-01-01T00:25:51.000Z</time>
</wpt>
<wpt lat="38.6585867" lon="141.0190269">
<time>2026-01-01T00:25:52.000Z</time>
</wpt>
<wpt lat="38.6578605" lon="141.0186029">
<time>2026-01-01T00:25:53.000Z</time>
</wpt>
<wpt lat="38.6571344" lon="141.0181789">
<time>2026-01-01T00:25:54.000Z</time>
</wpt>
<wpt lat="38.6564083" lon="141.0177548">
<time>2026-01-01T00:25:55.000Z</time>
</wpt>
<wpt lat="38.6556821" lon="141.0173308">
<time>2026-01-01T00:25:56.000Z</time>
</wpt>
<wpt lat="38.6549560" lon="141.0169067">
<time>2026-01-01T00:25:57.000Z</time>
</wpt>
<wpt lat="38.6542299" lon="141.0164827">
<time>2026-01-01T00:25:58.000Z</time>
</wpt>
<wpt lat="38.6535037" lon="141.0160587">
<time>2026-01-01T00:25:59.000Z</time>
</wpt>
<wpt lat="38.6527776" lon="141.0156346">
<time>2026-01-01T00:26:00.000Z</time>
</wpt>
<wpt lat="38.6520515" lon="141.0152106">
<time>2026-01-01T00:26:01.000Z</time>
</wpt>
<wpt lat="38.6513253" lon="141.0147865">
<time>2026-01-01T00:26:02.000Z</time>
</wpt>
<wpt lat="38.6505992" lon="141.0143625">
<time>2026-01-01T00:26:03.000Z</time>
</wpt>
<wpt lat="38.6498731" lon="141.0139385">
<time>2026-01-01T00:26:04.000Z</time>
</wpt>
<wpt lat="38.6491470" lon="141.0135144">
<time>2026-01-01T00:26:05.000Z</time>
</wpt>
<wpt lat="38.6484208" lon="141.0130904">
<time>2026-01-01T00:26:06.000Z</time>
</wpt>
<wpt lat="38.6476947" lon="141.0126663">
<time>2026-01-01T00:26:07.000Z</time>
</wpt>
<wpt lat="38.6469686" lon="141.0122423">
<time>2026-01-01T00:26:08.000Z</time>
</wpt>
<wpt lat="38.6462424" lon="141.0118183">
<time>2026-01-01T00:26:09.000Z</time>
</wpt>
<wpt lat="38.6455163" lon="141.0113942">
<time>2026-01-01T00:26:10.000Z</time>
</wpt>
<wpt lat="38.6447902" lon="141.0109702">
<time>2026-01-01T00:26:11.000Z</time>
</wpt>
<wpt lat="38.6440640" lon="141.0105461">
<time>2026-01-01T00:26:12.000Z</time>
</wpt>
<wpt lat="38.6433379" lon="141.0101221">
<time>2026-01-01T00:26:13.000Z</time>
</wpt>
<wpt lat="38.6426118" lon="141.0096980">
<time>2026-01-01T00:26:14.000Z</time>
</wpt>
<wpt lat="38.6418856" lon="141.0092740">
<time>2026-01-01T00:26:15.000Z</time>
</wpt>
<wpt lat="38.6411595" lon="141.0088500">
<time>2026-01-01T00:26:16.000Z</time>
</wpt>
<wpt lat="38.6404334" lon="141.0084259">
<time>2026-01-01T00:26:17.000Z</time>
</wpt>
<wpt lat="38.6397073" lon="141.0080019">
<time>2026-01-01T00:26:18.000Z</time>
</wpt>
<wpt lat="38.6389811" lon="141.0075778">
<time>2026-01-01T00:26:19.000Z</time>
</wpt>
<wpt lat="38.6382550" lon="141.0071538">
<time>2026-01-01T00:26:20.000Z</time>
</wpt>
<wpt lat="38.6375289" lon="141.0067298">
<time>2026-01-01T00:26:21.000Z</time>
</wpt>
<wpt lat="38.6368027" lon="141.0063057">
<time>2026-01-01T00:26:22.000Z</time>
</wpt>
<wpt lat="38.6360766" lon="141.0058817">
<time>2026-01-01T00:26:23.000Z</time>
</wpt>
<wpt lat="38.6353505" lon="141.0054576">
<time>2026-01-01T00:26:24.000Z</time>
</wpt>
<wpt lat="38.6346243" lon="141.0050336">
<time>2026-01-01T00:26:25.000Z</time>
</wpt>
<wpt lat="38.6338982" lon="141.0046096">
<time>2026-01-01T00:26:26.000Z</time>
</wpt>
<wpt lat="38.6331721" lon="141.0041855">
<time>2026-01-01T00:26:27.000Z</time>
</wpt>
<wpt lat="38.6324460" lon="141.0037615">
<time>2026-01-01T00:26:28.000Z</time>
</wpt>
<wpt lat="38.6317198" lon="141.0033374">
<time>2026-01-01T00:26:29.000Z</time>
</wpt>
<wpt lat="38.6309937" lon="141.0029134">
<time>2026-01-01T00:26:30.000Z</time>
</wpt>
<wpt lat="38.6302676" lon="141.0024894">
<time>2026-01-01T00:26:31.000Z</time>
</wpt>
<wpt lat="38.6295414" lon="141.0020653">
<time>2026-01-01T00:26:32.000Z</time>
</wpt>
<wpt lat="38.6288153" lon="141.0016413">
<time>2026-01-01T00:26:33.000Z</time>
</wpt>
<wpt lat="38.6280892" lon="141.0012172">
<time>2026-01-01T00:26:34.000Z</time>
</wpt>
<wpt lat="38.6273630" lon="141.0007932">
<time>2026-01-01T00:26:35.000Z</time>
</wpt>
<wpt lat="38.6266369" lon="141.0003692">
<time>2026-01-01T00:26:36.000Z</time>
</wpt>
<wpt lat="38.6259108" lon="140.9999451">
<time>2026-01-01T00:26:37.000Z</time>
</wpt>
<wpt lat="38.6251846" lon="140.9995211">
<time>2026-01-01T00:26:38.000Z</time>
</wpt>
<wpt lat="38.6244585" lon="140.9990970">
<time>2026-01-01T00:26:39.000Z</time>
</wpt>
<wpt lat="38.6237324" lon="140.9986730">
<time>2026-01-01T00:26:40.000Z</time>
</wpt>
<wpt lat="38.6230063" lon="140.9982490">
<time>2026-01-01T00:26:41.000Z</time>
</wpt>
<wpt lat="38.6222801" lon="140.9978249">
<time>2026-01-01T00:26:42.000Z</time>
</wpt>
<wpt lat="38.6215540" lon="140.9974009">
<time>2026-01-01T00:26:43.000Z</time>
</wpt>
<wpt lat="38.6208279" lon="140.9969768">
<time>2026-01-01T00:26:44.000Z</time>
</wpt>
<wpt lat="38.6201017" lon="140.9965528">
<time>2026-01-01T00:26:45.000Z</time>
</wpt>
<wpt lat="38.6193756" lon="140.9961288">
<time>2026-01-01T00:26:46.000Z</time>
</wpt>
<wpt lat="38.6186495" lon="140.9957047">
<time>2026-01-01T00:26:47.000Z</time>
</wpt>
<wpt lat="38.6179233" lon="140.9952807">
<time>2026-01-01T00:26:48.000Z</time>
</wpt>
<wpt lat="38.6171972" lon="140.9948566">
<time>2026-01-01T00:26:49.000Z</time>
</wpt>
<wpt lat="38.6164711" lon="140.9944326">
<time>2026-01-01T00:26:50.000Z</time>
</wpt>
<wpt lat="38.6157449" lon="140.9940086">
<time>2026-01-01T00:26:51.000Z</time>
</wpt>
<wpt lat="38.6150188" lon="140.9935845">
<time>2026-01-01T00:26:52.000Z</time>
</wpt>
<wpt lat="38.6142927" lon="140.9931605">
<time>2026-01-01T00:26:53.000Z</time>
</wpt>
<wpt lat="38.6135666" lon="140.9927364">
<time>2026-01-01T00:26:54.000Z</time>
</wpt>
<wpt lat="38.6128404" lon="140.9923124">
<time>2026-01-01T00:26:55.000Z</time>
</wpt>
<wpt lat="38.6121143" lon="140.9918883">
<time>2026-01-01T00:26:56.000Z</time>
</wpt>
<wpt lat="38.6113882" lon="140.9914643">
<time>2026-01-01T00:26:57.000Z</time>
</wpt>
<wpt lat="38.6106620" lon="140.9910403">
<time>2026-01-01T00:26:58.000Z</time>
</wpt>
<wpt lat="38.6099359" lon="140.9906162">
<time>2026-01-01T00:26:59.000Z</time>
</wpt>
<wpt lat="38.6092098" lon="140.9901922">
<time>2026-01-01T00:27:00.000Z</time>
</wpt>
<wpt lat="38.6084836" lon="140.9897681">
<time>2026-01-01T00:27:01.000Z</time>
</wpt>
<wpt lat="38.6077575" lon="140.9893441">
<time>2026-01-01T00:27:02.000Z</time>
</wpt>
<wpt lat="38.6070314" lon="140.9889201">
<time>2026-01-01T00:27:03.000Z</time>
</wpt>
<wpt lat="38.6063053" lon="140.9884960">
<time>2026-01-01T00:27:04.000Z</time>
</wpt>
<wpt lat="38.6055791" lon="140.9880720">
<time>2026-01-01T00:27:05.000Z</time>
</wpt>
<wpt lat="38.6048530" lon="140.9876479">
<time>2026-01-01T00:27:06.000Z</time>
</wpt>
<wpt lat="38.6041269" lon="140.9872239">
<time>2026-01-01T00:27:07.000Z</time>
</wpt>
<wpt lat="38.6034007" lon="140.9867999">
<time>2026-01-01T00:27:08.000Z</time>
</wpt>
<wpt lat="38.6026746" lon="140.9863758">
<time>2026-01-01T00:27:09.000Z</time>
</wpt>
<wpt lat="38.6019485" lon="140.9859518">
<time>2026-01-01T00:27:10.000Z</time>
</wpt>
<wpt lat="38.6012223" lon="140.9855277">
<time>2026-01-01T00:27:11.000Z</time>
</wpt>
<wpt lat="38.6004962" lon="140.9851037">
<time>2026-01-01T00:27:12.000Z</time>
</wpt>
<wpt lat="38.5997701" lon="140.9846797">
<time>2026-01-01T00:27:13.000Z</time>
</wpt>
<wpt lat="38.5990439" lon="140.9842556">
<time>2026-01-01T00:27:14.000Z</time>
</wpt>
<wpt lat="38.5983178" lon="140.9838316">
<time>2026-01-01T00:27:15.000Z</time>
</wpt>
<wpt lat="38.5975917" lon="140.9834075">
<time>2026-01-01T00:27:16.000Z</time>
</wpt>
<wpt lat="38.5968656" lon="140.9829835">
<time>2026-01-01T00:27:17.000Z</time>
</wpt>
<wpt lat="38.5961394" lon="140.9825595">
<time>2026-01-01T00:27:18.000Z</time>
</wpt>
<wpt lat="38.5954133" lon="140.9821354">
<time>2026-01-01T00:27:19.000Z</time>
</wpt>
<wpt lat="38.5946872" lon="140.9817114">
<time>2026-01-01T00:27:20.000Z</time>
</wpt>
<wpt lat="38.5939610" lon="140.9812873">
<time>2026-01-01T00:27:21.000Z</time>
</wpt>
<wpt lat="38.5932349" lon="140.9808633">
<time>2026-01-01T00:27:22.000Z</time>
</wpt>
<wpt lat="38.5925088" lon="140.9804393">
<time>2026-01-01T00:27:23.000Z</time>
</wpt>
<wpt lat="38.5917826" lon="140.9800152">
<time>2026-01-01T00:27:24.000Z</time>
</wpt>
<wpt lat="38.5910565" lon="140.9795912">
<time>2026-01-01T00:27:25.000Z</time>
</wpt>
<wpt lat="38.5903304" lon="140.9791671">
<time>2026-01-01T00:27:26.000Z</time>
</wpt>
<wpt lat="38.5896042" lon="140.9787431">
<time>2026-01-01T00:27:27.000Z</time>
</wpt>
<wpt lat="38.5888781" lon="140.9783191">
<time>2026-01-01T00:27:28.000Z</time>
</wpt>
<wpt lat="38.5881520" lon="140.9778950">
<time>2026-01-01T00:27:29.000Z</time>
</wpt>
<wpt lat="38.5874259" lon="140.9774710">
<time>2026-01-01T00:27:30.000Z</time>
</wpt>
<wpt lat="38.5866997" lon="140.9770469">
<time>2026-01-01T00:27:31.000Z</time>
</wpt>
<wpt lat="38.5859736" lon="140.9766229">
<time>2026-01-01T00:27:32.000Z</time>
</wpt>
<wpt lat="38.5852475" lon="140.9761988">
<time>2026-01-01T00:27:33.000Z</time>
</wpt>
<wpt lat="38.5845213" lon="140.9757748">
<time>2026-01-01T00:27:34.000Z</time>
</wpt>
<wpt lat="38.5837952" lon="140.9753508">
<time>2026-01-01T00:27:35.000Z</time>
</wpt>
<wpt lat="38.5830691" lon="140.9749267">
<time>2026-01-01T00:27:36.000Z</time>
</wpt>
<wpt lat="38.5823429" lon="140.9745027">
<time>2026-01-01T00:27:37.000Z</time>
</wpt>
<wpt lat="38.5816168" lon="140.9740786">
<time>2026-01-01T00:27:38.000Z</time>
</wpt>
<wpt lat="38.5808907" lon="140.9736546">
<time>2026-01-01T00:27:39.000Z</time>
</wpt>
<wpt lat="38.5801645" lon="140.9732306">
<time>2026-01-01T00:27:40.000Z</time>
</wpt>
<wpt lat="38.5794384" lon="140.9728065">
<time>2026-01-01T00:27:41.000Z</time>
</wpt>
<wpt lat="38.5787123" lon="140.9723825">
<time>2026-01-01T00:27:42.000Z</time>
</wpt>
<wpt lat="38.5779862" lon="140.9719584">
<time>2026-01-01T00:27:43.000Z</time>
</wpt>
<wpt lat="38.5772600" lon="140.9715344">
<time>2026-01-01T00:27:44.000Z</time>
</wpt>
<wpt lat="38.5765339" lon="140.9711104">
<time>2026-01-01T00:27:45.000Z</time>
</wpt>
<wpt lat="38.5758078" lon="140.9706863">
<time>2026-01-01T00:27:46.000Z</time>
</wpt>
<wpt lat="38.5750816" lon="140.9702623">
<time>2026-01-01T00:27:47.000Z</time>
</wpt>
<wpt lat="38.5743555" lon="140.9698382">
<time>2026-01-01T00:27:48.000Z</time>
</wpt>
<wpt lat="38.5736294" lon="140.9694142">
<time>2026-01-01T00:27:49.000Z</time>
</wpt>
<wpt lat="38.5729032" lon="140.9689902">
<time>2026-01-01T00:27:50.000Z</time>
</wpt>
<wpt lat="38.5721771" lon="140.9685661">
<time>2026-01-01T00:27:51.000Z</time>
</wpt>
<wpt lat="38.5714510" lon="140.9681421">
<time>2026-01-01T00:27:52.000Z</time>
</wpt>
<wpt lat="38.5707277" lon="140.9677790">
<time>2026-01-01T00:27:53.000Z</time>
</wpt>
<wpt lat="38.5700120" lon="140.9675818">
<time>2026-01-01T00:27:54.000Z</time>
</wpt>
<wpt lat="38.5692964" lon="140.9673847">
<time>2026-01-01T00:27:55.000Z</time>
</wpt>
<wpt lat="38.5685808" lon="140.9671875">
<time>2026-01-01T00:27:56.000Z</time>
</wpt>
<wpt lat="38.5678651" lon="140.9669903">
<time>2026-01-01T00:27:57.000Z</time>
</wpt>
<wpt lat="38.5671495" lon="140.9667931">
<time>2026-01-01T00:27:58.000Z</time>
</wpt>
<wpt lat="38.5664339" lon="140.9665960">
<time>2026-01-01T00:27:59.000Z</time>
</wpt>
<wpt lat="38.5657183" lon="140.9663988">
<time>2026-01-01T00:28:00.000Z</time>
</wpt>
<wpt lat="38.5650026" lon="140.9662016">
<time>2026-01-01T00:28:01.000Z</time>
</wpt>
<wpt lat="38.5642870" lon="140.9660044">
<time>2026-01-01T00:28:02.000Z</time>
</wpt>
<wpt lat="38.5635714" lon="140.9658073">
<time>2026-01-01T00:28:03.000Z</time>
</wpt>
<wpt lat="38.5628557" lon="140.9656101">
<time>2026-01-01T00:28:04.000Z</time>
</wpt>
<wpt lat="38.5621401" lon="140.9654129">
<time>2026-01-01T00:28:05.000Z</time>
</wpt>
<wpt lat="38.5614245" lon="140.9652157">
<time>2026-01-01T00:28:06.000Z</time>
</wpt>
<wpt lat="38.5607088" lon="140.9650186">
<time>2026-01-01T00:28:07.000Z</time>
</wpt>
<wpt lat="38.5599932" lon="140.9648214">
<time>2026-01-01T00:28:08.000Z</time>
</wpt>
<wpt lat="38.5592776" lon="140.9646242">
<time>2026-01-01T00:28:09.000Z</time>
</wpt>
<wpt lat="38.5585619" lon="140.9644270">
<time>2026-01-01T00:28:10.000Z</time>
</wpt>
<wpt lat="38.5578463" lon="140.9642298">
<time>2026-01-01T00:28:11.000Z</time>
</wpt>
<wpt lat="38.5571307" lon="140.9640327">
<time>2026-01-01T00:28:12.000Z</time>
</wpt>
<wpt lat="38.5564151" lon="140.9638355">
<time>2026-01-01T00:28:13.000Z</time>
</wpt>
<wpt lat="38.5556994" lon="140.9636383">
<time>2026-01-01T00:28:14.000Z</time>
</wpt>
<wpt lat="38.5549838" lon="140.9634411">
<time>2026-01-01T00:28:15.000Z</time>
</wpt>
<wpt lat="38.5542682" lon="140.9632440">
<time>2026-01-01T00:28:16.000Z</time>
</wpt>
<wpt lat="38.5535525" lon="140.9630468">
<time>2026-01-01T00:28:17.000Z</time>
</wpt>
<wpt lat="38.5528369" lon="140.9628496">
<time>2026-01-01T00:28:18.000Z</time>
</wpt>
<wpt lat="38.5521213" lon="140.9626524">
<time>2026-01-01T00:28:19.000Z</time>
</wpt>
<wpt lat="38.5514056" lon="140.9624553">
<time>2026-01-01T00:28:20.000Z</time>
</wpt>
<wpt lat="38.5506900" lon="140.9622581">
<time>2026-01-01T00:28:21.000Z</time>
</wpt>
<wpt lat="38.5499744" lon="140.9620609">
<time>2026-01-01T00:28:22.000Z</time>
</wpt>
<wpt lat="38.5492587" lon="140.9618637">
<time>2026-01-01T00:28:23.000Z</time>
</wpt>
<wpt lat="38.5485431" lon="140.9616666">
<time>2026-01-01T00:28:24.000Z</time>
</wpt>
<wpt lat="38.5478275" lon="140.9614694">
<time>2026-01-01T00:28:25.000Z</time>
</wpt>
<wpt lat="38.5471118" lon="140.9612722">
<time>2026-01-01T00:28:26.000Z</time>
</wpt>
<wpt lat="38.5463962" lon="140.9610750">
<time>2026-01-01T00:28:27.000Z</time>
</wpt>
<wpt lat="38.5456806" lon="140.9608779">
<time>2026-01-01T00:28:28.000Z</time>
</wpt>
<wpt lat="38.5449650" lon="140.9606807">
<time>2026-01-01T00:28:29.000Z</time>
</wpt>
<wpt lat="38.5442493" lon="140.9604835">
<time>2026-01-01T00:28:30.000Z</time>
</wpt>
<wpt lat="38.5435337" lon="140.9602863">
<time>2026-01-01T00:28:31.000Z</time>
</wpt>
<wpt lat="38.5428181" lon="140.9600892">
<time>2026-01-01T00:28:32.000Z</time>
</wpt>
<wpt lat="38.5421024" lon="140.9598920">
<time>2026-01-01T00:28:33.000Z</time>
</wpt>
<wpt lat="38.5413868" lon="140.9596948">
<time>2026-01-01T00:28:34.000Z</time>
</wpt>
<wpt lat="38.5406712" lon="140.9594976">
<time>2026-01-01T00:28:35.000Z</time>
</wpt>
<wpt lat="38.5399555" lon="140.9593005">
<time>2026-01-01T00:28:36.000Z</time>
</wpt>
<wpt lat="38.5392399" lon="140.9591033">
<time>2026-01-01T00:28:37.000Z</time>
</wpt>
<wpt lat="38.5385243" lon="140.9589061">
<time>2026-01-01T00:28:38.000Z</time>
</wpt>
<wpt lat="38.5378086" lon="140.9587089">
<time>2026-01-01T00:28:39.000Z</time>
</wpt>
<wpt lat="38.5370930" lon="140.9585118">
<time>2026-01-01T00:28:40.000Z</time>
</wpt>
<wpt lat="38.5363774" lon="140.9583146">
<time>2026-01-01T00:28:41.000Z</time>
</wpt>
<wpt lat="38.5356617" lon="140.9581174">
<time>2026-01-01T00:28:42.000Z</time>
</wpt>
<wpt lat="38.5349461" lon="140.9579202">
<time>2026-01-01T00:28:43.000Z</time>
</wpt>
<wpt lat="38.5342305" lon="140.9577231">
<time>2026-01-01T00:28:44.000Z</time>
</wpt>
<wpt lat="38.5335149" lon="140.9575259">
<time>2026-01-01T00:28:45.000Z</time>
</wpt>
<wpt lat="38.5327992" lon="140.9573287">
<time>2026-01-01T00:28:46.000Z</time>
</wpt>
<wpt lat="38.5320836" lon="140.9571315">
<time>2026-01-01T00:28:47.000Z</time>
</wpt>
<wpt lat="38.5313680" lon="140.9569344">
<time>2026-01-01T00:28:48.000Z</time>
</wpt>
<wpt lat="38.5306523" lon="140.9567372">
<time>2026-01-01T00:28:49.000Z</time>
</wpt>
<wpt lat="38.5299367" lon="140.9565400">
<time>2026-01-01T00:28:50.000Z</time>
</wpt>
<wpt lat="38.5292211" lon="140.9563428">
<time>2026-01-01T00:28:51.000Z</time>
</wpt>
<wpt lat="38.5285054" lon="140.9561457">
<time>2026-01-01T00:28:52.000Z</time>
</wpt>
<wpt lat="38.5277898" lon="140.9559485">
<time>2026-01-01T00:28:53.000Z</time>
</wpt>
<wpt lat="38.5270742" lon="140.9557513">
<time>2026-01-01T00:28:54.000Z</time>
</wpt>
<wpt lat="38.5263585" lon="140.9555541">
<time>2026-01-01T00:28:55.000Z</time>
</wpt>
<wpt lat="38.5256429" lon="140.9553569">
<time>2026-01-01T00:28:56.000Z</time>
</wpt>
<wpt lat="38.5249273" lon="140.9551598">
<time>2026-01-01T00:28:57.000Z</time>
</wpt>
<wpt lat="38.5242117" lon="140.9549626">
<time>2026-01-01T00:28:58.000Z</time>
</wpt>
<wpt lat="38.5234960" lon="140.9547654">
<time>2026-01-01T00:28:59.000Z</time>
</wpt>
<wpt lat="38.5227804" lon="140.9545682">
<time>2026-01-01T00:29:00.000Z</time>
</wpt>
<wpt lat="38.5220648" lon="140.9543711">
<time>2026-01-01T00:29:01.000Z</time>
</wpt>
<wpt lat="38.5213491" lon="140.9541739">
<time>2026-01-01T00:29:02.000Z</time>
</wpt>
<wpt lat="38.5206335" lon="140.9539767">
<time>2026-01-01T00:29:03.000Z</time>
</wpt>
<wpt lat="38.5199179" lon="140.9537795">
<time>2026-01-01T00:29:04.000Z</time>
</wpt>
<wpt lat="38.5192022" lon="140.9535824">
<time>2026-01-01T00:29:05.000Z</time>
</wpt>
<wpt lat="38.5184866" lon="140.9533852">
<time>2026-01-01T00:29:06.000Z</time>
</wpt>
<wpt lat="38.5177710" lon="140.9531880">
<time>2026-01-01T00:29:07.000Z</time>
</wpt>
<wpt lat="38.5170553" lon="140.9529908">
<time>2026-01-01T00:29:08.000Z</time>
</wpt>
<wpt lat="38.5163397" lon="140.9527937">
<time>2026-01-01T00:29:09.000Z</time>
</wpt>
<wpt lat="38.5156241" lon="140.9525965">
<time>2026-01-01T00:29:10.000Z</time>
</wpt>
<wpt lat="38.5149084" lon="140.9523993">
<time>2026-01-01T00:29:11.000Z</time>
</wpt>
<wpt lat="38.5141928" lon="140.9522021">
<time>2026-01-01T00:29:12.000Z</time>
</wpt>
<wpt lat="38.5134772" lon="140.9520050">
<time>2026-01-01T00:29:13.000Z</time>
</wpt>
<wpt lat="38.5127616" lon="140.9518078">
<time>2026-01-01T00:29:14.000Z</time>
</wpt>
<wpt lat="38.5120459" lon="140.9516106">
<time>2026-01-01T00:29:15.000Z</time>
</wpt>
<wpt lat="38.5113303" lon="140.9514134">
<time>2026-01-01T00:29:16.000Z</time>
</wpt>
<wpt lat="38.5106147" lon="140.9512163">
<time>2026-01-01T00:29:17.000Z</time>
</wpt>
<wpt lat="38.5098990" lon="140.9510191">
<time>2026-01-01T00:29:18.000Z</time>
</wpt>
<wpt lat="38.5091834" lon="140.9508219">
<time>2026-01-01T00:29:19.000Z</time>
</wpt>
<wpt lat="38.5084678" lon="140.9506247">
<time>2026-01-01T00:29:20.000Z</time>
</wpt>
<wpt lat="38.5077521" lon="140.9504276">
<time>2026-01-01T00:29:21.000Z</time>
</wpt>
<wpt lat="38.5070365" lon="140.9502304">
<time>2026-01-01T00:29:22.000Z</time>
</wpt>
<wpt lat="38.5063209" lon="140.9500332">
<time>2026-01-01T00:29:23.000Z</time>
</wpt>
<wpt lat="38.5056052" lon="140.9498360">
<time>2026-01-01T00:29:24.000Z</time>
</wpt>
<wpt lat="38.5048896" lon="140.9496389">
<time>2026-01-01T00:29:25.000Z</time>
</wpt>
<wpt lat="38.5041740" lon="140.9494417">
<time>2026-01-01T00:29:26.000Z</time>
</wpt>
<wpt lat="38.5034583" lon="140.9492445">
<time>2026-01-01T00:29:27.000Z</time>
</wpt>
<wpt lat="38.5027427" lon="140.9490473">
<time>2026-01-01T00:29:28.000Z</time>
</wpt>
<wpt lat="38.5020271" lon="140.9488502">
<time>2026-01-01T00:29:29.000Z</time>
</wpt>
<wpt lat="38.5013115" lon="140.9486530">
<time>2026-01-01T00:29:30.000Z</time>
</wpt>
<wpt lat="38.5005958" lon="140.9484558">
<time>2026-01-01T00:29:31.000Z</time>
</wpt>
<wpt lat="38.4998802" lon="140.9482586">
<time>2026-01-01T00:29:32.000Z</time>
</wpt>
<wpt lat="38.4991646" lon="140.9480615">
<time>2026-01-01T00:29:33.000Z</time>
</wpt>
<wpt lat="38.4984489" lon="140.9478643">
<time>2026-01-01T00:29:34.000Z</time>
</wpt>
<wpt lat="38.4977333" lon="140.9476671">
<time>2026-01-01T00:29:35.000Z</time>
</wpt>
<wpt lat="38.4970177" lon="140.9474699">
<time>2026-01-01T00:29:36.000Z</time>
</wpt>
<wpt lat="38.4963020" lon="140.9472727">
<time>2026-01-01T00:29:37.000Z</time>
</wpt>
<wpt lat="38.4955864" lon="140.9470756">
<time>2026-01-01T00:29:38.000Z</time>
</wpt>
<wpt lat="38.4948708" lon="140.9468784">
<time>2026-01-01T00:29:39.000Z</time>
</wpt>
<wpt lat="38.4941551" lon="140.9466812">
<time>2026-01-01T00:29:40.000Z</time>
</wpt>
<wpt lat="38.4934395" lon="140.9464840">
<time>2026-01-01T00:29:41.000Z</time>
</wpt>
<wpt lat="38.4927239" lon="140.9462869">
<time>2026-01-01T00:29:42.000Z</time>
</wpt>
<wpt lat="38.4920083" lon="140.9460897">
<time>2026-01-01T00:29:43.000Z</time>
</wpt>
<wpt lat="38.4912926" lon="140.9458925">
<time>2026-01-01T00:29:44.000Z</time>
</wpt>
<wpt lat="38.4905770" lon="140.9456953">
<time>2026-01-01T00:29:45.000Z</time>
</wpt>
<wpt lat="38.4898614" lon="140.9454982">
<time>2026-01-01T00:29:46.000Z</time>
</wpt>
<wpt lat="38.4891457" lon="140.9453010">
<time>2026-01-01T00:29:47.000Z</time>
</wpt>
<wpt lat="38.4884301" lon="140.9451038">
<time>2026-01-01T00:29:48.000Z</time>
</wpt>
<wpt lat="38.4877145" lon="140.9449066">
<time>2026-01-01T00:29:49.000Z</time>
</wpt>
<wpt lat="38.4869988" lon="140.9447095">
<time>2026-01-01T00:29:50.000Z</time>
</wpt>
<wpt lat="38.4862832" lon="140.9445123">
<time>2026-01-01T00:29:51.000Z</time>
</wpt>
<wpt lat="38.4855676" lon="140.9443151">
<time>2026-01-01T00:29:52.000Z</time>
</wpt>
<wpt lat="38.4848519" lon="140.9441179">
<time>2026-01-01T00:29:53.000Z</time>
</wpt>
<wpt lat="38.4841363" lon="140.9439208">
<time>2026-01-01T00:29:54.000Z</time>
</wpt>
<wpt lat="38.4834207" lon="140.9437236">
<time>2026-01-01T00:29:55.000Z</time>
</wpt>
<wpt lat="38.4827050" lon="140.9435264">
<time>2026-01-01T00:29:56.000Z</time>
</wpt>
<wpt lat="38.4819894" lon="140.9433292">
<time>2026-01-01T00:29:57.000Z</time>
</wpt>
<wpt lat="38.4812738" lon="140.9431321">
<time>2026-01-01T00:29:58.000Z</time>
</wpt>
<wpt lat="38.4805582" lon="140.9429349">
<time>2026-01-01T00:29:59.000Z</time>
</wpt>
<wpt lat="38.4798425" lon="140.9427377">
<time>2026-01-01T00:30:00.000Z</time>
</wpt>
<wpt lat="38.4791269" lon="140.9425405">
<time>2026-01-01T00:30:01.000Z</time>
</wpt>
<wpt lat="38.4784113" lon="140.9423434">
<time>2026-01-01T00:30:02.000Z</time>
</wpt>
<wpt lat="38.4776956" lon="140.9421462">
<time>2026-01-01T00:30:03.000Z</time>
</wpt>
<wpt lat="38.4769800" lon="140.9419490">
<time>2026-01-01T00:30:04.000Z</time>
</wpt>
<wpt lat="38.4762644" lon="140.9417518">
<time>2026-01-01T00:30:05.000Z</time>
</wpt>
<wpt lat="38.4755487" lon="140.9415547">
<time>2026-01-01T00:30:06.000Z</time>
</wpt>
<wpt lat="38.4748331" lon="140.9413575">
<time>2026-01-01T00:30:07.000Z</time>
</wpt>
<wpt lat="38.4741175" lon="140.9411603">
<time>2026-01-01T00:30:08.000Z</time>
</wpt>
<wpt lat="38.4734018" lon="140.9409631">
<time>2026-01-01T00:30:09.000Z</time>
</wpt>
<wpt lat="38.4726862" lon="140.9407660">
<time>2026-01-01T00:30:10.000Z</time>
</wpt>
<wpt lat="38.4719706" lon="140.9405688">
<time>2026-01-01T00:30:11.000Z</time>
</wpt>
<wpt lat="38.4712549" lon="140.9403716">
<time>2026-01-01T00:30:12.000Z</time>
</wpt>
<wpt lat="38.4705393" lon="140.9401744">
<time>2026-01-01T00:30:13.000Z</time>
</wpt>
<wpt lat="38.4698237" lon="140.9399773">
<time>2026-01-01T00:30:14.000Z</time>
</wpt>
<wpt lat="38.4691081" lon="140.9397801">
<time>2026-01-01T00:30:15.000Z</time>
</wpt>
<wpt lat="38.4683924" lon="140.9395829">
<time>2026-01-01T00:30:16.000Z</time>
</wpt>
<wpt lat="38.4676768" lon="140.9393857">
<time>2026-01-01T00:30:17.000Z</time>
</wpt>
<wpt lat="38.4669612" lon="140.9391886">
<time>2026-01-01T00:30:18.000Z</time>
</wpt>
<wpt lat="38.4662455" lon="140.9389914">
<time>2026-01-01T00:30:19.000Z</time>
</wpt>
<wpt lat="38.4655299" lon="140.9387942">
<time>2026-01-01T00:30:20.000Z</time>
</wpt>
<wpt lat="38.4648143" lon="140.9385970">
<time>2026-01-01T00:30:21.000Z</time>
</wpt>
<wpt lat="38.4640986" lon="140.9383998">
<time>2026-01-01T00:30:22.000Z</time>
</wpt>
<wpt lat="38.4633830" lon="140.9382027">
<time>2026-01-01T00:30:23.000Z</time>
</wpt>
<wpt lat="38.4626674" lon="140.9380055">
<time>2026-01-01T00:30:24.000Z</time>
</wpt>
<wpt lat="38.4619517" lon="140.9378083">
<time>2026-01-01T00:30:25.000Z</time>
</wpt>
<wpt lat="38.4612361" lon="140.9376111">
<time>2026-01-01T00:30:26.000Z</time>
</wpt>
<wpt lat="38.4605205" lon="140.9374140">
<time>2026-01-01T00:30:27.000Z</time>
</wpt>
<wpt lat="38.4598049" lon="140.9372168">
<time>2026-01-01T00:30:28.000Z</time>
</wpt>
<wpt lat="38.4590892" lon="140.9370196">
<time>2026-01-01T00:30:29.000Z</time>
</wpt>
<wpt lat="38.4583736" lon="140.9368224">
<time>2026-01-01T00:30:30.000Z</time>
</wpt>
<wpt lat="38.4576580" lon="140.9366253">
<time>2026-01-01T00:30:31.000Z</time>
</wpt>
<wpt lat="38.4569423" lon="140.9364281">
<time>2026-01-01T00:30:32.000Z</time>
</wpt>
<wpt lat="38.4562267" lon="140.9362309">
<time>2026-01-01T00:30:33.000Z</time>
</wpt>
<wpt lat="38.4555111" lon="140.9360337">
<time>2026-01-01T00:30:34.000Z</time>
</wpt>
<wpt lat="38.4547954" lon="140.9358366">
<time>2026-01-01T00:30:35.000Z</time>
</wpt>
<wpt lat="38.4540798" lon="140.9356394">
<time>2026-01-01T00:30:36.000Z</time>
</wpt>
<wpt lat="38.4533642" lon="140.9354422">
<time>2026-01-01T00:30:37.000Z</time>
</wpt>
<wpt lat="38.4526485" lon="140.9352450">
<time>2026-01-01T00:30:38.000Z</time>
</wpt>
<wpt lat="38.4519329" lon="140.9350479">
<time>2026-01-01T00:30:39.000Z</time>
</wpt>
<wpt lat="38.4512173" lon="140.9348507">
<time>2026-01-01T00:30:40.000Z</time>
</wpt>
<wpt lat="38.4505016" lon="140.9346535">
<time>2026-01-01T00:30:41.000Z</time>
</wpt>
<wpt lat="38.4497860" lon="140.9344563">
<time>2026-01-01T00:30:42.000Z</time>
</wpt>
<wpt lat="38.4490704" lon="140.9342592">
<time>2026-01-01T00:30:43.000Z</time>
</wpt>
<wpt lat="38.4483548" lon="140.9340620">
<time>2026-01-01T00:30:44.000Z</time>
</wpt>
<wpt lat="38.4476391" lon="140.9338648">
<time>2026-01-01T00:30:45.000Z</time>
</wpt>
<wpt lat="38.4469235" lon="140.9336676">
<time>2026-01-01T00:30:46.000Z</time>
</wpt>
<wpt lat="38.4462079" lon="140.9334705">
<time>2026-01-01T00:30:47.000Z</time>
</wpt>
<wpt lat="38.4454922" lon="140.9332733">
<time>2026-01-01T00:30:48.000Z</time>
</wpt>
<wpt lat="38.4447766" lon="140.9330761">
<time>2026-01-01T00:30:49.000Z</time>
</wpt>
<wpt lat="38.4440610" lon="140.9328789">
<time>2026-01-01T00:30:50.000Z</time>
</wpt>
<wpt lat="38.4433453" lon="140.9326818">
<time>2026-01-01T00:30:51.000Z</time>
</wpt>
<wpt lat="38.4426297" lon="140.9324846">
<time>2026-01-01T00:30:52.000Z</time>
</wpt>
<wpt lat="38.4419141" lon="140.9322874">
<time>2026-01-01T00:30:53.000Z</time>
</wpt>
<wpt lat="38.4411984" lon="140.9320902">
<time>2026-01-01T00:30:54.000Z</time>
</wpt>
<wpt lat="38.4404828" lon="140.9318931">
<time>2026-01-01T00:30:55.000Z</time>
</wpt>
<wpt lat="38.4397672" lon="140.9316959">
<time>2026-01-01T00:30:56.000Z</time>
</wpt>
<wpt lat="38.4390515" lon="140.9314987">
<time>2026-01-01T00:30:57.000Z</time>
</wpt>
<wpt lat="38.4383359" lon="140.9313015">
<time>2026-01-01T00:30:58.000Z</time>
</wpt>
<wpt lat="38.4376203" lon="140.9311044">
<time>2026-01-01T00:30:59.000Z</time>
</wpt>
<wpt lat="38.4369047" lon="140.9309072">
<time>2026-01-01T00:31:00.000Z</time>
</wpt>
<wpt lat="38.4361890" lon="140.9307100">
<time>2026-01-01T00:31:01.000Z</time>
</wpt>
<wpt lat="38.4354734" lon="140.9305128">
<time>2026-01-01T00:31:02.000Z</time>
</wpt>
<wpt lat="38.4347578" lon="140.9303157">
<time>2026-01-01T00:31:03.000Z</time>
</wpt>
<wpt lat="38.4340421" lon="140.9301185">
<time>2026-01-01T00:31:04.000Z</time>
</wpt>
<wpt lat="38.4333265" lon="140.9299213">
<time>2026-01-01T00:31:05.000Z</time>
</wpt>
<wpt lat="38.4326109" lon="140.9297241">
<time>2026-01-01T00:31:06.000Z</time>
</wpt>
<wpt lat="38.4318952" lon="140.9295269">
<time>2026-01-01T00:31:07.000Z</time>
</wpt>
<wpt lat="38.4311796" lon="140.9293298">
<time>2026-01-01T00:31:08.000Z</time>
</wpt>
<wpt lat="38.4304640" lon="140.9291326">
<time>2026-01-01T00:31:09.000Z</time>
</wpt>
<wpt lat="38.4297483" lon="140.9289354">
<time>2026-01-01T00:31:10.000Z</time>
</wpt>
<wpt lat="38.4290327" lon="140.9287382">
<time>2026-01-01T00:31:11.000Z</time>
</wpt>
<wpt lat="38.4283171" lon="140.9285411">
<time>2026-01-01T00:31:12.000Z</time>
</wpt>
<wpt lat="38.4276015" lon="140.9283439">
<time>2026-01-01T00:31:13.000Z</time>
</wpt>
<wpt lat="38.4268858" lon="140.9281467">
<time>2026-01-01T00:31:14.000Z</time>
</wpt>
<wpt lat="38.4261702" lon="140.9279495">
<time>2026-01-01T00:31:15.000Z</time>
</wpt>
<wpt lat="38.4254546" lon="140.9277524">
<time>2026-01-01T00:31:16.000Z</time>
</wpt>
<wpt lat="38.4247389" lon="140.9275552">
<time>2026-01-01T00:31:17.000Z</time>
</wpt>
<wpt lat="38.4240233" lon="140.9273580">
<time>2026-01-01T00:31:18.000Z</time>
</wpt>
<wpt lat="38.4233077" lon="140.9271608">
<time>2026-01-01T00:31:19.000Z</time>
</wpt>
<wpt lat="38.4225920" lon="140.9269637">
<time>2026-01-01T00:31:20.000Z</time>
</wpt>
<wpt lat="38.4218764" lon="140.9267665">
<time>2026-01-01T00:31:21.000Z</time>
</wpt>
<wpt lat="38.4211608" lon="140.9265693">
<time>2026-01-01T00:31:22.000Z</time>
</wpt>
<wpt lat="38.4204451" lon="140.9263721">
<time>2026-01-01T00:31:23.000Z</time>
</wpt>
<wpt lat="38.4197295" lon="140.9261750">
<time>2026-01-01T00:31:24.000Z</time>
</wpt>
<wpt lat="38.4190139" lon="140.9259778">
<time>2026-01-01T00:31:25.000Z</time>
</wpt>
<wpt lat="38.4182982" lon="140.9257806">
<time>2026-01-01T00:31:26.000Z</time>
</wpt>
<wpt lat="38.4175826" lon="140.9255834">
<time>2026-01-01T00:31:27.000Z</time>
</wpt>
<wpt lat="38.4168670" lon="140.9253863">
<time>2026-01-01T00:31:28.000Z</time>
</wpt>
<wpt lat="38.4161514" lon="140.9251891">
<time>2026-01-01T00:31:29.000Z</time>
</wpt>
<wpt lat="38.4154357" lon="140.9249919">
<time>2026-01-01T00:31:30.000Z</time>
</wpt>
<wpt lat="38.4147201" lon="140.9247947">
<time>2026-01-01T00:31:31.000Z</time>
</wpt>
<wpt lat="38.4140045" lon="140.9245976">
<time>2026-01-01T00:31:32.000Z</time>
</wpt>
<wpt lat="38.4132888" lon="140.9244004">
<time>2026-01-01T00:31:33.000Z</time>
</wpt>
<wpt lat="38.4125732" lon="140.9242032">
<time>2026-01-01T00:31:34.000Z</time>
</wpt>
<wpt lat="38.4118576" lon="140.9240060">
<time>2026-01-01T00:31:35.000Z</time>
</wpt>
<wpt lat="38.4111419" lon="140.9238089">
<time>2026-01-01T00:31:36.000Z</time>
</wpt>
<wpt lat="38.4104263" lon="140.9236117">
<time>2026-01-01T00:31:37.000Z</time>
</wpt>
<wpt lat="38.4097107" lon="140.9234145">
<time>2026-01-01T00:31:38.000Z</time>
</wpt>
<wpt lat="38.4089950" lon="140.9232173">
<time>2026-01-01T00:31:39.000Z</time>
</wpt>
<wpt lat="38.4082794" lon="140.9230202">
<time>2026-01-01T00:31:40.000Z</time>
</wpt>
<wpt lat="38.4075638" lon="140.9228230">
<time>2026-01-01T00:31:41.000Z</time>
</wpt>
<wpt lat="38.4068481" lon="140.9226258">
<time>2026-01-01T00:31:42.000Z</time>
</wpt>
<wpt lat="38.4061325" lon="140.9224286">
<time>2026-01-01T00:31:43.000Z</time>
</wpt>
<wpt lat="38.4054169" lon="140.9222315">
<time>2026-01-01T00:31:44.000Z</time>
</wpt>
<wpt lat="38.4047013" lon="140.9220343">
<time>2026-01-01T00:31:45.000Z</time>
</wpt>
<wpt lat="38.4039856" lon="140.9218371">
<time>2026-01-01T00:31:46.000Z</time>
</wpt>
<wpt lat="38.4032700" lon="140.9216399">
<time>2026-01-01T00:31:47.000Z</time>
</wpt>
<wpt lat="38.4025544" lon="140.9214427">
<time>2026-01-01T00:31:48.000Z</time>
</wpt>
<wpt lat="38.4018387" lon="140.9212456">
<time>2026-01-01T00:31:49.000Z</time>
</wpt>
<wpt lat="38.4011231" lon="140.9210484">
<time>2026-01-01T00:31:50.000Z</time>
</wpt>
<wpt lat="38.4004075" lon="140.9208512">
<time>2026-01-01T00:31:51.000Z</time>
</wpt>
<wpt lat="38.3996918" lon="140.9206540">
<time>2026-01-01T00:31:52.000Z</time>
</wpt>
<wpt lat="38.3989762" lon="140.9204569">
<time>2026-01-01T00:31:53.000Z</time>
</wpt>
<wpt lat="38.3982606" lon="140.9202597">
<time>2026-01-01T00:31:54.000Z</time>
</wpt>
<wpt lat="38.3975449" lon="140.9200625">
<time>2026-01-01T00:31:55.000Z</time>
</wpt>
<wpt lat="38.3968293" lon="140.9198653">
<time>2026-01-01T00:31:56.000Z</time>
</wpt>
<wpt lat="38.3961137" lon="140.9196682">
<time>2026-01-01T00:31:57.000Z</time>
</wpt>
<wpt lat="38.3953980" lon="140.9194710">
<time>2026-01-01T00:31:58.000Z</time>
</wpt>
<wpt lat="38.3946824" lon="140.9192738">
<time>2026-01-01T00:31:59.000Z</time>
</wpt>
<wpt lat="38.3939668" lon="140.9190766">
<time>2026-01-01T00:32:00.000Z</time>
</wpt>
<wpt lat="38.3932512" lon="140.9188795">
<time>2026-01-01T00:32:01.000Z</time>
</wpt>
<wpt lat="38.3925355" lon="140.9186823">
<time>2026-01-01T00:32:02.000Z</time>
</wpt>
<wpt lat="38.3918199" lon="140.9184851">
<time>2026-01-01T00:32:03.000Z</time>
</wpt>
<wpt lat="38.3911043" lon="140.9182879">
<time>2026-01-01T00:32:04.000Z</time>
</wpt>
<wpt lat="38.3903886" lon="140.9180908">
<time>2026-01-01T00:32:05.000Z</time>
</wpt>
<wpt lat="38.3896730" lon="140.9178936">
<time>2026-01-01T00:32:06.000Z</time>
</wpt>
<wpt lat="38.3889574" lon="140.9176964">
<time>2026-01-01T00:32:07.000Z</time>
</wpt>
<wpt lat="38.3882417" lon="140.9174992">
<time>2026-01-01T00:32:08.000Z</time>
</wpt>
<wpt lat="38.3875261" lon="140.9173021">
<time>2026-01-01T00:32:09.000Z</time>
</wpt>
<wpt lat="38.3868105" lon="140.9171049">
<time>2026-01-01T00:32:10.000Z</time>
</wpt>
<wpt lat="38.3860948" lon="140.9169077">
<time>2026-01-01T00:32:11.000Z</time>
</wpt>
<wpt lat="38.3853792" lon="140.9167105">
<time>2026-01-01T00:32:12.000Z</time>
</wpt>
<wpt lat="38.3846636" lon="140.9165134">
<time>2026-01-01T00:32:13.000Z</time>
</wpt>
<wpt lat="38.3839480" lon="140.9163162">
<time>2026-01-01T00:32:14.000Z</time>
</wpt>
<wpt lat="38.3832323" lon="140.9161190">
<time>2026-01-01T00:32:15.000Z</time>
</wpt>
<wpt lat="38.3825167" lon="140.9159218">
<time>2026-01-01T00:32:16.000Z</time>
</wpt>
<wpt lat="38.3818011" lon="140.9157247">
<time>2026-01-01T00:32:17.000Z</time>
</wpt>
<wpt lat="38.3810854" lon="140.9155275">
<time>2026-01-01T00:32:18.000Z</time>
</wpt>
<wpt lat="38.3803698" lon="140.9153303">
<time>2026-01-01T00:32:19.000Z</time>
</wpt>
<wpt lat="38.3796542" lon="140.9151331">
<time>2026-01-01T00:32:20.000Z</time>
</wpt>
<wpt lat="38.3789385" lon="140.9149360">
<time>2026-01-01T00:32:21.000Z</time>
</wpt>
<wpt lat="38.3782229" lon="140.9147388">
<time>2026-01-01T00:32:22.000Z</time>
</wpt>
<wpt lat="38.3775073" lon="140.9145416">
<time>2026-01-01T00:32:23.000Z</time>
</wpt>
<wpt lat="38.3767916" lon="140.9143444">
<time>2026-01-01T00:32:24.000Z</time>
</wpt>
<wpt lat="38.3760760" lon="140.9141473">
<time>2026-01-01T00:32:25.000Z</time>
</wpt>
<wpt lat="38.3753604" lon="140.9139501">
<time>2026-01-01T00:32:26.000Z</time>
</wpt>
<wpt lat="38.3746447" lon="140.9137529">
<time>2026-01-01T00:32:27.000Z</time>
</wpt>
<wpt lat="38.3739291" lon="140.9135557">
<time>2026-01-01T00:32:28.000Z</time>
</wpt>
<wpt lat="38.3732135" lon="140.9133586">
<time>2026-01-01T00:32:29.000Z</time>
</wpt>
<wpt lat="38.3724979" lon="140.9131614">
<time>2026-01-01T00:32:30.000Z</time>
</wpt>
<wpt lat="38.3717822" lon="140.9129642">
<time>2026-01-01T00:32:31.000Z</time>
</wpt>
<wpt lat="38.3710666" lon="140.9127670">
<time>2026-01-01T00:32:32.000Z</time>
</wpt>
<wpt lat="38.3703510" lon="140.9125698">
<time>2026-01-01T00:32:33.000Z</time>
</wpt>
<wpt lat="38.3696353" lon="140.9123727">
<time>2026-01-01T00:32:34.000Z</time>
</wpt>
<wpt lat="38.3689197" lon="140.9121755">
<time>2026-01-01T00:32:35.000Z</time>
</wpt>
<wpt lat="38.3682041" lon="140.9119783">
<time>2026-01-01T00:32:36.000Z</time>
</wpt>
<wpt lat="38.3674884" lon="140.9117811">
<time>2026-01-01T00:32:37.000Z</time>
</wpt>
<wpt lat="38.3667728" lon="140.9115840">
<time>2026-01-01T00:32:38.000Z</time>
</wpt>
<wpt lat="38.3660572" lon="140.9113868">
<time>2026-01-01T00:32:39.000Z</time>
</wpt>
<wpt lat="38.3653415" lon="140.9111896">
<time>2026-01-01T00:32:40.000Z</time>
</wpt>
<wpt lat="38.3646259" lon="140.9109924">
<time>2026-01-01T00:32:41.000Z</time>
</wpt>
<wpt lat="38.3639103" lon="140.9107953">
<time>2026-01-01T00:32:42.000Z</time>
</wpt>
<wpt lat="38.3631946" lon="140.9105981">
<time>2026-01-01T00:32:43.000Z</time>
</wpt>
<wpt lat="38.3624790" lon="140.9104009">
<time>2026-01-01T00:32:44.000Z</time>
</wpt>
<wpt lat="38.3617634" lon="140.9102037">
<time>2026-01-01T00:32:45.000Z</time>
</wpt>
<wpt lat="38.3610478" lon="140.9100066">
<time>2026-01-01T00:32:46.000Z</time>
</wpt>
<wpt lat="38.3603321" lon="140.9098094">
<time>2026-01-01T00:32:47.000Z</time>
</wpt>
<wpt lat="38.3596165" lon="140.9096122">
<time>2026-01-01T00:32:48.000Z</time>
</wpt>
<wpt lat="38.3589009" lon="140.9094150">
<time>2026-01-01T00:32:49.000Z</time>
</wpt>
<wpt lat="38.3581852" lon="140.9092179">
<time>2026-01-01T00:32:50.000Z</time>
</wpt>
<wpt lat="38.3574696" lon="140.9090207">
<time>2026-01-01T00:32:51.000Z</time>
</wpt>
<wpt lat="38.3567540" lon="140.9088235">
<time>2026-01-01T00:32:52.000Z</time>
</wpt>
<wpt lat="38.3560383" lon="140.9086263">
<time>2026-01-01T00:32:53.000Z</time>
</wpt>
<wpt lat="38.3553227" lon="140.9084292">
<time>2026-01-01T00:32:54.000Z</time>
</wpt>
<wpt lat="38.3546071" lon="140.9082320">
<time>2026-01-01T00:32:55.000Z</time>
</wpt>
<wpt lat="38.3538914" lon="140.9080348">
<time>2026-01-01T00:32:56.000Z</time>
</wpt>
<wpt lat="38.3531758" lon="140.9078376">
<time>2026-01-01T00:32:57.000Z</time>
</wpt>
<wpt lat="38.3524602" lon="140.9076405">
<time>2026-01-01T00:32:58.000Z</time>
</wpt>
<wpt lat="38.3517446" lon="140.9074433">
<time>2026-01-01T00:32:59.000Z</time>
</wpt>
<wpt lat="38.3510289" lon="140.9072461">
<time>2026-01-01T00:33:00.000Z</time>
</wpt>
<wpt lat="38.3503133" lon="140.9070489">
<time>2026-01-01T00:33:01.000Z</time>
</wpt>
<wpt lat="38.3495977" lon="140.9068518">
<time>2026-01-01T00:33:02.000Z</time>
</wpt>
<wpt lat="38.3488820" lon="140.9066546">
<time>2026-01-01T00:33:03.000Z</time>
</wpt>
<wpt lat="38.3481664" lon="140.9064574">
<time>2026-01-01T00:33:04.000Z</time>
</wpt>
<wpt lat="38.3474508" lon="140.9062602">
<time>2026-01-01T00:33:05.000Z</time>
</wpt>
<wpt lat="38.3467351" lon="140.9060631">
<time>2026-01-01T00:33:06.000Z</time>
</wpt>
<wpt lat="38.3460195" lon="140.9058659">
<time>2026-01-01T00:33:07.000Z</time>
</wpt>
<wpt lat="38.3453039" lon="140.9056687">
<time>2026-01-01T00:33:08.000Z</time>
</wpt>
<wpt lat="38.3445882" lon="140.9054715">
<time>2026-01-01T00:33:09.000Z</time>
</wpt>
<wpt lat="38.3438726" lon="140.9052744">
<time>2026-01-01T00:33:10.000Z</time>
</wpt>
<wpt lat="38.3431570" lon="140.9050772">
<time>2026-01-01T00:33:11.000Z</time>
</wpt>
<wpt lat="38.3424413" lon="140.9048800">
<time>2026-01-01T00:33:12.000Z</time>
</wpt>
<wpt lat="38.3417257" lon="140.9046828">
<time>2026-01-01T00:33:13.000Z</time>
</wpt>
<wpt lat="38.3410101" lon="140.9044857">
<time>2026-01-01T00:33:14.000Z</time>
</wpt>
<wpt lat="38.3402945" lon="140.9042885">
<time>2026-01-01T00:33:15.000Z</time>
</wpt>
<wpt lat="38.3395788" lon="140.9040913">
<time>2026-01-01T00:33:16.000Z</time>
</wpt>
<wpt lat="38.3388632" lon="140.9038941">
<time>2026-01-01T00:33:17.000Z</time>
</wpt>
<wpt lat="38.3381476" lon="140.9036969">
<time>2026-01-01T00:33:18.000Z</time>
</wpt>
<wpt lat="38.3374319" lon="140.9034998">
<time>2026-01-01T00:33:19.000Z</time>
</wpt>
<wpt lat="38.3367163" lon="140.9033026">
<time>2026-01-01T00:33:20.000Z</time>
</wpt>
<wpt lat="38.3360007" lon="140.9031054">
<time>2026-01-01T00:33:21.000Z</time>
</wpt>
<wpt lat="38.3352850" lon="140.9029082">
<time>2026-01-01T00:33:22.000Z</time>
</wpt>
<wpt lat="38.3345694" lon="140.9027111">
<time>2026-01-01T00:33:23.000Z</time>
</wpt>
<wpt lat="38.3338538" lon="140.9025139">
<time>2026-01-01T00:33:24.000Z</time>
</wpt>
<wpt lat="38.3331381" lon="140.9023167">
<time>2026-01-01T00:33:25.000Z</time>
</wpt>
<wpt lat="38.3324225" lon="140.9021195">
<time>2026-01-01T00:33:26.000Z</time>
</wpt>
<wpt lat="38.3317069" lon="140.9019224">
<time>2026-01-01T00:33:27.000Z</time>
</wpt>
<wpt lat="38.3309912" lon="140.9017252">
<time>2026-01-01T00:33:28.000Z</time>
</wpt>
<wpt lat="38.3302756" lon="140.9015280">
<time>2026-01-01T00:33:29.000Z</time>
</wpt>
<wpt lat="38.3295600" lon="140.9013308">
<time>2026-01-01T00:33:30.000Z</time>
</wpt>
<wpt lat="38.3288444" lon="140.9011337">
<time>2026-01-01T00:33:31.000Z</time>
</wpt>
<wpt lat="38.3281287" lon="140.9009365">
<time>2026-01-01T00:33:32.000Z</time>
</wpt>
<wpt lat="38.3274131" lon="140.9007393">
<time>2026-01-01T00:33:33.000Z</time>
</wpt>
<wpt lat="38.3266975" lon="140.9005421">
<time>2026-01-01T00:33:34.000Z</time>
</wpt>
<wpt lat="38.3259818" lon="140.9003450">
<time>2026-01-01T00:33:35.000Z</time>
</wpt>
<wpt lat="38.3252662" lon="140.9001478">
<time>2026-01-01T00:33:36.000Z</time>
</wpt>
<wpt lat="38.3245506" lon="140.8999506">
<time>2026-01-01T00:33:37.000Z</time>
</wpt>
<wpt lat="38.3238349" lon="140.8997534">
<time>2026-01-01T00:33:38.000Z</time>
</wpt>
<wpt lat="38.3231193" lon="140.8995563">
<time>2026-01-01T00:33:39.000Z</time>
</wpt>
<wpt lat="38.3224037" lon="140.8993591">
<time>2026-01-01T00:33:40.000Z</time>
</wpt>
<wpt lat="38.3216880" lon="140.8991619">
<time>2026-01-01T00:33:41.000Z</time>
</wpt>
<wpt lat="38.3209724" lon="140.8989647">
<time>2026-01-01T00:33:42.000Z</time>
</wpt>
<wpt lat="38.3202568" lon="140.8987676">
<time>2026-01-01T00:33:43.000Z</time>
</wpt>
<wpt lat="38.3195412" lon="140.8985704">
<time>2026-01-01T00:33:44.000Z</time>
</wpt>
<wpt lat="38.3188255" lon="140.8983732">
<time>2026-01-01T00:33:45.000Z</time>
</wpt>
<wpt lat="38.3181099" lon="140.8981760">
<time>2026-01-01T00:33:46.000Z</time>
</wpt>
<wpt lat="38.3173943" lon="140.8979789">
<time>2026-01-01T00:33:47.000Z</time>
</wpt>
<wpt lat="38.3166786" lon="140.8977817">
<time>2026-01-01T00:33:48.000Z</time>
</wpt>
<wpt lat="38.3159630" lon="140.8975845">
<time>2026-01-01T00:33:49.000Z</time>
</wpt>
<wpt lat="38.3152474" lon="140.8973873">
<time>2026-01-01T00:33:50.000Z</time>
</wpt>
<wpt lat="38.3145317" lon="140.8971902">
<time>2026-01-01T00:33:51.000Z</time>
</wpt>
<wpt lat="38.3138161" lon="140.8969930">
<time>2026-01-01T00:33:52.000Z</time>
</wpt>
<wpt lat="38.3131005" lon="140.8967958">
<time>2026-01-01T00:33:53.000Z</time>
</wpt>
<wpt lat="38.3123848" lon="140.8965986">
<time>2026-01-01T00:33:54.000Z</time>
</wpt>
<wpt lat="38.3116692" lon="140.8964015">
<time>2026-01-01T00:33:55.000Z</time>
</wpt>
<wpt lat="38.3109536" lon="140.8962043">
<time>2026-01-01T00:33:56.000Z</time>
</wpt>
<wpt lat="38.3102379" lon="140.8960071">
<time>2026-01-01T00:33:57.000Z</time>
</wpt>
<wpt lat="38.3095223" lon="140.8958099">
<time>2026-01-01T00:33:58.000Z</time>
</wpt>
<wpt lat="38.3088067" lon="140.8956128">
<time>2026-01-01T00:33:59.000Z</time>
</wpt>
<wpt lat="38.3080911" lon="140.8954156">
<time>2026-01-01T00:34:00.000Z</time>
</wpt>
<wpt lat="38.3073754" lon="140.8952184">
<time>2026-01-01T00:34:01.000Z</time>
</wpt>
<wpt lat="38.3066598" lon="140.8950212">
<time>2026-01-01T00:34:02.000Z</time>
</wpt>
<wpt lat="38.3059442" lon="140.8948240">
<time>2026-01-01T00:34:03.000Z</time>
</wpt>
<wpt lat="38.3052285" lon="140.8946269">
<time>2026-01-01T00:34:04.000Z</time>
</wpt>
<wpt lat="38.3045129" lon="140.8944297">
<time>2026-01-01T00:34:05.000Z</time>
</wpt>
<wpt lat="38.3037973" lon="140.8942325">
<time>2026-01-01T00:34:06.000Z</time>
</wpt>
<wpt lat="38.3030816" lon="140.8940353">
<time>2026-01-01T00:34:07.000Z</time>
</wpt>
<wpt lat="38.3023660" lon="140.8938382">
<time>2026-01-01T00:34:08.000Z</time>
</wpt>
<wpt lat="38.3016504" lon="140.8936410">
<time>2026-01-01T00:34:09.000Z</time>
</wpt>
<wpt lat="38.3009347" lon="140.8934438">
<time>2026-01-01T00:34:10.000Z</time>
</wpt>
<wpt lat="38.3002191" lon="140.8932466">
<time>2026-01-01T00:34:11.000Z</time>
</wpt>
<wpt lat="38.2995035" lon="140.8930495">
<time>2026-01-01T00:34:12.000Z</time>
</wpt>
<wpt lat="38.2987878" lon="140.8928523">
<time>2026-01-01T00:34:13.000Z</time>
</wpt>
<wpt lat="38.2980722" lon="140.8926551">
<time>2026-01-01T00:34:14.000Z</time>
</wpt>
<wpt lat="38.2973566" lon="140.8924579">
<time>2026-01-01T00:34:15.000Z</time>
</wpt>
<wpt lat="38.2966410" lon="140.8922608">
<time>2026-01-01T00:34:16.000Z</time>
</wpt>
<wpt lat="38.2959253" lon="140.8920636">
<time>2026-01-01T00:34:17.000Z</time>
</wpt>
<wpt lat="38.2952097" lon="140.8918664">
<time>2026-01-01T00:34:18.000Z</time>
</wpt>
<wpt lat="38.2944941" lon="140.8916692">
<time>2026-01-01T00:34:19.000Z</time>
</wpt>
<wpt lat="38.2937784" lon="140.8914721">
<time>2026-01-01T00:34:20.000Z</time>
</wpt>
<wpt lat="38.2930628" lon="140.8912749">
<time>2026-01-01T00:34:21.000Z</time>
</wpt>
<wpt lat="38.2923472" lon="140.8910777">
<time>2026-01-01T00:34:22.000Z</time>
</wpt>
<wpt lat="38.2916315" lon="140.8908805">
<time>2026-01-01T00:34:23.000Z</time>
</wpt>
<wpt lat="38.2909159" lon="140.8906834">
<time>2026-01-01T00:34:24.000Z</time>
</wpt>
<wpt lat="38.2902003" lon="140.8904862">
<time>2026-01-01T00:34:25.000Z</time>
</wpt>
<wpt lat="38.2894846" lon="140.8902890">
<time>2026-01-01T00:34:26.000Z</time>
</wpt>
<wpt lat="38.2887690" lon="140.8900918">
<time>2026-01-01T00:34:27.000Z</time>
</wpt>
<wpt lat="38.2880534" lon="140.8898947">
<time>2026-01-01T00:34:28.000Z</time>
</wpt>
<wpt lat="38.2873378" lon="140.8896975">
<time>2026-01-01T00:34:29.000Z</time>
</wpt>
<wpt lat="38.2866221" lon="140.8895003">
<time>2026-01-01T00:34:30.000Z</time>
</wpt>
<wpt lat="38.2859065" lon="140.8893031">
<time>2026-01-01T00:34:31.000Z</time>
</wpt>
<wpt lat="38.2851909" lon="140.8891060">
<time>2026-01-01T00:34:32.000Z</time>
</wpt>
<wpt lat="38.2844752" lon="140.8889088">
<time>2026-01-01T00:34:33.000Z</time>
</wpt>
<wpt lat="38.2837596" lon="140.8887116">
<time>2026-01-01T00:34:34.000Z</time>
</wpt>
<wpt lat="38.2830440" lon="140.8885144">
<time>2026-01-01T00:34:35.000Z</time>
</wpt>
<wpt lat="38.2823283" lon="140.8883173">
<time>2026-01-01T00:34:36.000Z</time>
</wpt>
<wpt lat="38.2816127" lon="140.8881201">
<time>2026-01-01T00:34:37.000Z</time>
</wpt>
<wpt lat="38.2808971" lon="140.8879229">
<time>2026-01-01T00:34:38.000Z</time>
</wpt>
<wpt lat="38.2801935" lon="140.8877291">
<time>2026-01-01T00:34:39.000Z</time>
</wpt>
<wpt lat="38.2795020" lon="140.8875385">
<time>2026-01-01T00:34:40.000Z</time>
</wpt>
<wpt lat="38.2788226" lon="140.8873513">
<time>2026-01-01T00:34:41.000Z</time>
</wpt>
<wpt lat="38.2781553" lon="140.8871675">
<time>2026-01-01T00:34:42.000Z</time>
</wpt>
<wpt lat="38.2775001" lon="140.8869869">
<time>2026-01-01T00:34:43.000Z</time>
</wpt>
<wpt lat="38.2768569" lon="140.8868097">
<time>2026-01-01T00:34:44.000Z</time>
</wpt>
<wpt lat="38.2762258" lon="140.8866358">
<time>2026-01-01T00:34:45.000Z</time>
</wpt>
<wpt lat="38.2756068" lon="140.8864653">
<time>2026-01-01T00:34:46.000Z</time>
</wpt>
<wpt lat="38.2749998" lon="140.8862981">
<time>2026-01-01T00:34:47.000Z</time>
</wpt>
<wpt lat="38.2744050" lon="140.8861342">
<time>2026-01-01T00:34:48.000Z</time>
</wpt>
<wpt lat="38.2738222" lon="140.8859736">
<time>2026-01-01T00:34:49.000Z</time>
</wpt>
<wpt lat="38.2732514" lon="140.8858163">
<time>2026-01-01T00:34:50.000Z</time>
</wpt>
<wpt lat="38.2726928" lon="140.8856624">
<time>2026-01-01T00:34:51.000Z</time>
</wpt>
<wpt lat="38.2721462" lon="140.8855118">
<time>2026-01-01T00:34:52.000Z</time>
</wpt>
<wpt lat="38.2716118" lon="140.8853645">
<time>2026-01-01T00:34:53.000Z</time>
</wpt>
<wpt lat="38.2710893" lon="140.8852206">
<time>2026-01-01T00:34:54.000Z</time>
</wpt>
<wpt lat="38.2705790" lon="140.8850800">
<time>2026-01-01T00:34:55.000Z</time>
</wpt>
<wpt lat="38.2700808" lon="140.8849427">
<time>2026-01-01T00:34:56.000Z</time>
</wpt>
<wpt lat="38.2695946" lon="140.8848088">
<time>2026-01-01T00:34:57.000Z</time>
</wpt>
<wpt lat="38.2691205" lon="140.8846781">
<time>2026-01-01T00:34:58.000Z</time>
</wpt>
<wpt lat="38.2686584" lon="140.8845508">
<time>2026-01-01T00:34:59.000Z</time>
</wpt>
<wpt lat="38.2682085" lon="140.8844269">
<time>2026-01-01T00:35:00.000Z</time>
</wpt>
<wpt lat="38.2677706" lon="140.8843062">
<time>2026-01-01T00:35:01.000Z</time>
</wpt>
<wpt lat="38.2673448" lon="140.8841889">
<time>2026-01-01T00:35:02.000Z</time>
</wpt>
<wpt lat="38.2669311" lon="140.8840749">
<time>2026-01-01T00:35:03.000Z</time>
</wpt>
<wpt lat="38.2665294" lon="140.8839642">
<time>2026-01-01T00:35:04.000Z</time>
</wpt>
<wpt lat="38.2661399" lon="140.8838569">
<time>2026-01-01T00:35:05.000Z</time>
</wpt>
<wpt lat="38.2657624" lon="140.8837529">
<time>2026-01-01T00:35:06.000Z</time>
</wpt>
<wpt lat="38.2653969" lon="140.8836522">
<time>2026-01-01T00:35:07.000Z</time>
</wpt>
<wpt lat="38.2650436" lon="140.8835548">
<time>2026-01-01T00:35:08.000Z</time>
</wpt>
<wpt lat="38.2647023" lon="140.8834608">
<time>2026-01-01T00:35:09.000Z</time>
</wpt>
<wpt lat="38.2643731" lon="140.8833701">
<time>2026-01-01T00:35:10.000Z</time>
</wpt>
<wpt lat="38.2640560" lon="140.8832827">
<time>2026-01-01T00:35:11.000Z</time>
</wpt>
<wpt lat="38.2637510" lon="140.8831987">
<time>2026-01-01T00:35:12.000Z</time>
</wpt>
<wpt lat="38.2634580" lon="140.8831180">
<time>2026-01-01T00:35:13.000Z</time>
</wpt>
<wpt lat="38.2631771" lon="140.8830406">
<time>2026-01-01T00:35:14.000Z</time>
</wpt>
<wpt lat="38.2629083" lon="140.8829665">
<time>2026-01-01T00:35:15.000Z</time>
</wpt>
<wpt lat="38.2626516" lon="140.8828958">
<time>2026-01-01T00:35:16.000Z</time>
</wpt>
<wpt lat="38.2624070" lon="140.8828284">
<time>2026-01-01T00:35:17.000Z</time>
</wpt>
<wpt lat="38.2621744" lon="140.8827643">
<time>2026-01-01T00:35:18.000Z</time>
</wpt>
<wpt lat="38.2619539" lon="140.8827035">
<time>2026-01-01T00:35:19.000Z</time>
</wpt>
<wpt lat="38.2617454" lon="140.8826461">
<time>2026-01-01T00:35:20.000Z</time>
</wpt>
<wpt lat="38.2615491" lon="140.8825920">
<time>2026-01-01T00:35:21.000Z</time>
</wpt>
<wpt lat="38.2613648" lon="140.8825412">
<time>2026-01-01T00:35:22.000Z</time>
</wpt>
<wpt lat="38.2611926" lon="140.8824938">
<time>2026-01-01T00:35:23.000Z</time>
</wpt>
<wpt lat="38.2610325" lon="140.8824497">
<time>2026-01-01T00:35:24.000Z</time>
</wpt>
<wpt lat="38.2608844" lon="140.8824089">
<time>2026-01-01T00:35:25.000Z</time>
</wpt>
<wpt lat="38.2607485" lon="140.8823714">
<time>2026-01-01T00:35:26.000Z</time>
</wpt>
<wpt lat="38.2606246" lon="140.8823373">
<time>2026-01-01T00:35:27.000Z</time>
</wpt>
<wpt lat="38.2605128" lon="140.8823065">
<time>2026-01-01T00:35:28.000Z</time>
</wpt>
<wpt lat="38.2604130" lon="140.8822790">
<time>2026-01-01T00:35:29.000Z</time>
</wpt>
<wpt lat="38.2603254" lon="140.8822548">
<time>2026-01-01T00:35:30.000Z</time>
</wpt>
<wpt lat="38.2602860" lon="140.8822440">
<time>2026-01-01T00:35:31.000Z</time>
</wpt>
<wpt lat="38.2602860" lon="140.8822440">
<time>2026-01-01T00:35:32.000Z</time>
</wpt>
<wpt lat="38.2602860" lon="140.8822440">
<time>2026-01-01T00:35:33.000Z</time>
</wpt>
<wpt lat="38.2602860" lon="140.8822440">
<time>2026-01-01T00:35:34.000Z</time>
</wpt>
<wpt lat="38.2602860" lon="140.8822440">
<time>2026-01-01T00:35:35.000Z</time>
</wpt>
<wpt lat="38.2602860" lon="140.8822440">
<time>2026-01-01T00:35:36.000Z</time>
</wpt>
<wpt lat="38.2602860" lon="140.8822440">
<time>2026-01-01T00:35:37.000Z</time>
</wpt>
<wpt lat="38.2602860" lon="140.8822440">
<time>2026-01-01T00:35:38.000Z</time>
</wpt>
</gpx>
