<?xml version="1.0" encoding="UTF-8"?>
<gpx version="1.1" creator="TrainLCD scripts/generate-location-gpx.mjs" xmlns="http://www.topografix.com/GPX/1/1">
<wpt lat="35.6968020" lon="139.8141360">
<time>2026-01-01T00:00:00.000Z</time>
</wpt>
<wpt lat="35.6968049" lon="139.8141423">
<time>2026-01-01T00:00:01.000Z</time>
</wpt>
<wpt lat="35.6968107" lon="139.8141549">
<time>2026-01-01T00:00:02.000Z</time>
</wpt>
<wpt lat="35.6968194" lon="139.8141738">
<time>2026-01-01T00:00:03.000Z</time>
</wpt>
<wpt lat="35.6968310" lon="139.8141989">
<time>2026-01-01T00:00:04.000Z</time>
</wpt>
<wpt lat="35.6968455" lon="139.8142304">
<time>2026-01-01T00:00:05.000Z</time>
</wpt>
<wpt lat="35.6968629" lon="139.8142682">
<time>2026-01-01T00:00:06.000Z</time>
</wpt>
<wpt lat="35.6968832" lon="139.8143122">
<time>2026-01-01T00:00:07.000Z</time>
</wpt>
<wpt lat="35.6969064" lon="139.8143626">
<time>2026-01-01T00:00:08.000Z</time>
</wpt>
<wpt lat="35.6969324" lon="139.8144192">
<time>2026-01-01T00:00:09.000Z</time>
</wpt>
<wpt lat="35.6969614" lon="139.8144821">
<time>2026-01-01T00:00:10.000Z</time>
</wpt>
<wpt lat="35.6969933" lon="139.8145514">
<time>2026-01-01T00:00:11.000Z</time>
</wpt>
<wpt lat="35.6970281" lon="139.8146269">
<time>2026-01-01T00:00:12.000Z</time>
</wpt>
<wpt lat="35.6970658" lon="139.8147087">
<time>2026-01-01T00:00:13.000Z</time>
</wpt>
<wpt lat="35.6971064" lon="139.8147968">
<time>2026-01-01T00:00:14.000Z</time>
</wpt>
<wpt lat="35.6971499" lon="139.8148912">
<time>2026-01-01T00:00:15.000Z</time>
</wpt>
<wpt lat="35.6971962" lon="139.8149919">
<time>2026-01-01T00:00:16.000Z</time>
</wpt>
<wpt lat="35.6972455" lon="139.8150989">
<time>2026-01-01T00:00:17.000Z</time>
</wpt>
<wpt lat="35.6972977" lon="139.8152122">
<time>2026-01-01T00:00:18.000Z</time>
</wpt>
<wpt lat="35.6973528" lon="139.8153318">
<time>2026-01-01T00:00:19.000Z</time>
</wpt>
<wpt lat="35.6974108" lon="139.8154577">
<time>2026-01-01T00:00:20.000Z</time>
</wpt>
<wpt lat="35.6974716" lon="139.8155898">
<time>2026-01-01T00:00:21.000Z</time>
</wpt>
<wpt lat="35.6975354" lon="139.8157283">
<time>2026-01-01T00:00:22.000Z</time>
</wpt>
<wpt lat="35.6976021" lon="139.8158730">
<time>2026-01-01T00:00:23.000Z</time>
</wpt>
<wpt lat="35.6976716" lon="139.8160241">
<time>2026-01-01T00:00:24.000Z</time>
</wpt>
<wpt lat="35.6977441" lon="139.8161814">
<time>2026-01-01T00:00:25.000Z</time>
</wpt>
<wpt lat="35.6978195" lon="139.8163450">
<time>2026-01-01T00:00:26.000Z</time>
</wpt>
<wpt lat="35.6978978" lon="139.8165150">
<time>2026-01-01T00:00:27.000Z</time>
</wpt>
<wpt lat="35.6979788" lon="139.8166910">
<time>2026-01-01T00:00:28.000Z</time>
</wpt>
<wpt lat="35.6980599" lon="139.8168671">
<time>2026-01-01T00:00:29.000Z</time>
</wpt>
<wpt lat="35.6981410" lon="139.8170431">
<time>2026-01-01T00:00:30.000Z</time>
</wpt>
<wpt lat="35.6982221" lon="139.8172192">
<time>2026-01-01T00:00:31.000Z</time>
</wpt>
<wpt lat="35.6983032" lon="139.8173952">
<time>2026-01-01T00:00:32.000Z</time>
</wpt>
<wpt lat="35.6983843" lon="139.8175712">
<time>2026-01-01T00:00:33.000Z</time>
</wpt>
<wpt lat="35.6984654" lon="139.8177473">
<time>2026-01-01T00:00:34.000Z</time>
</wpt>
<wpt lat="35.6985464" lon="139.8179233">
<time>2026-01-01T00:00:35.000Z</time>
</wpt>
<wpt lat="35.6986275" lon="139.8180994">
<time>2026-01-01T00:00:36.000Z</time>
</wpt>
<wpt lat="35.6987086" lon="139.8182754">
<time>2026-01-01T00:00:37.000Z</time>
</wpt>
<wpt lat="35.6987897" lon="139.8184515">
<time>2026-01-01T00:00:38.000Z</time>
</wpt>
<wpt lat="35.6988708" lon="139.8186275">
<time>2026-01-01T00:00:39.000Z</time>
</wpt>
<wpt lat="35.6989519" lon="139.8188036">
<time>2026-01-01T00:00:40.000Z</time>
</wpt>
<wpt lat="35.6990330" lon="139.8189796">
<time>2026-01-01T00:00:41.000Z</time>
</wpt>
<wpt lat="35.6991140" lon="139.8191557">
<time>2026-01-01T00:00:42.000Z</time>
</wpt>
<wpt lat="35.6991951" lon="139.8193317">
<time>2026-01-01T00:00:43.000Z</time>
</wpt>
<wpt lat="35.6992762" lon="139.8195078">
<time>2026-01-01T00:00:44.000Z</time>
</wpt>
<wpt lat="35.6993573" lon="139.8196838">
<time>2026-01-01T00:00:45.000Z</time>
</wpt>
<wpt lat="35.6994384" lon="139.8198598">
<time>2026-01-01T00:00:46.000Z</time>
</wpt>
<wpt lat="35.6995195" lon="139.8200359">
<time>2026-01-01T00:00:47.000Z</time>
</wpt>
<wpt lat="35.6996006" lon="139.8202119">
<time>2026-01-01T00:00:48.000Z</time>
</wpt>
<wpt lat="35.6996817" lon="139.8203880">
<time>2026-01-01T00:00:49.000Z</time>
</wpt>
<wpt lat="35.6997627" lon="139.8205640">
<time>2026-01-01T00:00:50.000Z</time>
</wpt>
<wpt lat="35.6998438" lon="139.8207401">
<time>2026-01-01T00:00:51.000Z</time>
</wpt>
<wpt lat="35.6999249" lon="139.8209161">
<time>2026-01-01T00:00:52.000Z</time>
</wpt>
<wpt lat="35.7000060" lon="139.8210922">
<time>2026-01-01T00:00:53.000Z</time>
</wpt>
<wpt lat="35.7000871" lon="139.8212682">
<time>2026-01-01T00:00:54.000Z</time>
</wpt>
<wpt lat="35.7001682" lon="139.8214443">
<time>2026-01-01T00:00:55.000Z</time>
</wpt>
<wpt lat="35.7002493" lon="139.8216203">
<time>2026-01-01T00:00:56.000Z</time>
</wpt>
<wpt lat="35.7003303" lon="139.8217963">
<time>2026-01-01T00:00:57.000Z</time>
</wpt>
<wpt lat="35.7004114" lon="139.8219724">
<time>2026-01-01T00:00:58.000Z</time>
</wpt>
<wpt lat="35.7004925" lon="139.8221484">
<time>2026-01-01T00:00:59.000Z</time>
</wpt>
<wpt lat="35.7005736" lon="139.8223245">
<time>2026-01-01T00:01:00.000Z</time>
</wpt>
<wpt lat="35.7006547" lon="139.8225005">
<time>2026-01-01T00:01:01.000Z</time>
</wpt>
<wpt lat="35.7007358" lon="139.8226766">
<time>2026-01-01T00:01:02.000Z</time>
</wpt>
<wpt lat="35.7008169" lon="139.8228526">
<time>2026-01-01T00:01:03.000Z</time>
</wpt>
<wpt lat="35.7008980" lon="139.8230287">
<time>2026-01-01T00:01:04.000Z</time>
</wpt>
<wpt lat="35.7009790" lon="139.8232047">
<time>2026-01-01T00:01:05.000Z</time>
</wpt>
<wpt lat="35.7010601" lon="139.8233808">
<time>2026-01-01T00:01:06.000Z</time>
</wpt>
<wpt lat="35.7011412" lon="139.8235568">
<time>2026-01-01T00:01:07.000Z</time>
</wpt>
<wpt lat="35.7012223" lon="139.8237328">
<time>2026-01-01T00:01:08.000Z</time>
</wpt>
<wpt lat="35.7013034" lon="139.8239089">
<time>2026-01-01T00:01:09.000Z</time>
</wpt>
<wpt lat="35.7013845" lon="139.8240849">
<time>2026-01-01T00:01:10.000Z</time>
</wpt>
<wpt lat="35.7014656" lon="139.8242610">
<time>2026-01-01T00:01:11.000Z</time>
</wpt>
<wpt lat="35.7015466" lon="139.8244370">
<time>2026-01-01T00:01:12.000Z</time>
</wpt>
<wpt lat="35.7016277" lon="139.8246131">
<time>2026-01-01T00:01:13.000Z</time>
</wpt>
<wpt lat="35.7017088" lon="139.8247891">
<time>2026-01-01T00:01:14.000Z</time>
</wpt>
<wpt lat="35.7017899" lon="139.8249652">
<time>2026-01-01T00:01:15.000Z</time>
</wpt>
<wpt lat="35.7018710" lon="139.8251412">
<time>2026-01-01T00:01:16.000Z</time>
</wpt>
<wpt lat="35.7019521" lon="139.8253173">
<time>2026-01-01T00:01:17.000Z</time>
</wpt>
<wpt lat="35.7020332" lon="139.8254933">
<time>2026-01-01T00:01:18.000Z</time>
</wpt>
<wpt lat="35.7021143" lon="139.8256694">
<time>2026-01-01T00:01:19.000Z</time>
</wpt>
<wpt lat="35.7021953" lon="139.8258454">
<time>2026-01-01T00:01:20.000Z</time>
</wpt>
<wpt lat="35.7022764" lon="139.8260214">
<time>2026-01-01T00:01:21.000Z</time>
</wpt>
<wpt lat="35.7023575" lon="139.8261975">
<time>2026-01-01T00:01:22.000Z</time>
</wpt>
<wpt lat="35.7024386" lon="139.8263735">
<time>2026-01-01T00:01:23.000Z</time>
</wpt>
<wpt lat="35.7025197" lon="139.8265496">
<time>2026-01-01T00:01:24.000Z</time>
</wpt>
<wpt lat="35.7026008" lon="139.8267256">
<time>2026-01-01T00:01:25.000Z</time>
</wpt>
<wpt lat="35.7026819" lon="139.8269017">
<time>2026-01-01T00:01:26.000Z</time>
</wpt>
<wpt lat="35.7027629" lon="139.8270777">
<time>2026-01-01T00:01:27.000Z</time>
</wpt>
<wpt lat="35.7028440" lon="139.8272538">
<time>2026-01-01T00:01:28.000Z</time>
</wpt>
<wpt lat="35.7029251" lon="139.8274298">
<time>2026-01-01T00:01:29.000Z</time>
</wpt>
<wpt lat="35.7030062" lon="139.8276059">
<time>2026-01-01T00:01:30.000Z</time>
</wpt>
<wpt lat="35.7030873" lon="139.8277819">
<time>2026-01-01T00:01:31.000Z</time>
</wpt>
<wpt lat="35.7031684" lon="139.8279579">
<time>2026-01-01T00:01:32.000Z</time>
</wpt>
<wpt lat="35.7032495" lon="139.8281340">
<time>2026-01-01T00:01:33.000Z</time>
</wpt>
<wpt lat="35.7033305" lon="139.8283100">
<time>2026-01-01T00:01:34.000Z</time>
</wpt>
<wpt lat="35.7034116" lon="139.8284861">
<time>2026-01-01T00:01:35.000Z</time>
</wpt>
<wpt lat="35.7034927" lon="139.8286621">
<time>2026-01-01T00:01:36.000Z</time>
</wpt>
<wpt lat="35.7035738" lon="139.8288382">
<time>2026-01-01T00:01:37.000Z</time>
</wpt>
<wpt lat="35.7036549" lon="139.8290142">
<time>2026-01-01T00:01:38.000Z</time>
</wpt>
<wpt lat="35.7037360" lon="139.8291903">
<time>2026-01-01T00:01:39.000Z</time>
</wpt>
<wpt lat="35.7038171" lon="139.8293663">
<time>2026-01-01T00:01:40.000Z</time>
</wpt>
<wpt lat="35.7038982" lon="139.8295424">
<time>2026-01-01T00:01:41.000Z</time>
</wpt>
<wpt lat="35.7039792" lon="139.8297184">
<time>2026-01-01T00:01:42.000Z</time>
</wpt>
<wpt lat="35.7040603" lon="139.8298945">
<time>2026-01-01T00:01:43.000Z</time>
</wpt>
<wpt lat="35.7041414" lon="139.8300705">
<time>2026-01-01T00:01:44.000Z</time>
</wpt>
<wpt lat="35.7042225" lon="139.8302465">
<time>2026-01-01T00:01:45.000Z</time>
</wpt>
<wpt lat="35.7043036" lon="139.8304226">
<time>2026-01-01T00:01:46.000Z</time>
</wpt>
<wpt lat="35.7043847" lon="139.8305986">
<time>2026-01-01T00:01:47.000Z</time>
</wpt>
<wpt lat="35.7044658" lon="139.8307747">
<time>2026-01-01T00:01:48.000Z</time>
</wpt>
<wpt lat="35.7045468" lon="139.8309507">
<time>2026-01-01T00:01:49.000Z</time>
</wpt>
<wpt lat="35.7046279" lon="139.8311268">
<time>2026-01-01T00:01:50.000Z</time>
</wpt>
<wpt lat="35.7047090" lon="139.8313028">
<time>2026-01-01T00:01:51.000Z</time>
</wpt>
<wpt lat="35.7047901" lon="139.8314789">
<time>2026-01-01T00:01:52.000Z</time>
</wpt>
<wpt lat="35.7048712" lon="139.8316549">
<time>2026-01-01T00:01:53.000Z</time>
</wpt>
<wpt lat="35.7049523" lon="139.8318310">
<time>2026-01-01T00:01:54.000Z</time>
</wpt>
<wpt lat="35.7050334" lon="139.8320070">
<time>2026-01-01T00:01:55.000Z</time>
</wpt>
<wpt lat="35.7051145" lon="139.8321830">
<time>2026-01-01T00:01:56.000Z</time>
</wpt>
<wpt lat="35.7051955" lon="139.8323591">
<time>2026-01-01T00:01:57.000Z</time>
</wpt>
<wpt lat="35.7052766" lon="139.8325351">
<time>2026-01-01T00:01:58.000Z</time>
</wpt>
<wpt lat="35.7053577" lon="139.8327112">
<time>2026-01-01T00:01:59.000Z</time>
</wpt>
<wpt lat="35.7054388" lon="139.8328872">
<time>2026-01-01T00:02:00.000Z</time>
</wpt>
<wpt lat="35.7055199" lon="139.8330633">
<time>2026-01-01T00:02:01.000Z</time>
</wpt>
<wpt lat="35.7056010" lon="139.8332393">
<time>2026-01-01T00:02:02.000Z</time>
</wpt>
<wpt lat="35.7056821" lon="139.8334154">
<time>2026-01-01T00:02:03.000Z</time>
</wpt>
<wpt lat="35.7057631" lon="139.8335914">
<time>2026-01-01T00:02:04.000Z</time>
</wpt>
<wpt lat="35.7058442" lon="139.8337675">
<time>2026-01-01T00:02:05.000Z</time>
</wpt>
<wpt lat="35.7059253" lon="139.8339435">
<time>2026-01-01T00:02:06.000Z</time>
</wpt>
<wpt lat="35.7060064" lon="139.8341196">
<time>2026-01-01T00:02:07.000Z</time>
</wpt>
<wpt lat="35.7060875" lon="139.8342956">
<time>2026-01-01T00:02:08.000Z</time>
</wpt>
<wpt lat="35.7061686" lon="139.8344716">
<time>2026-01-01T00:02:09.000Z</time>
</wpt>
<wpt lat="35.7062497" lon="139.8346477">
<time>2026-01-01T00:02:10.000Z</time>
</wpt>
<wpt lat="35.7063307" lon="139.8348237">
<time>2026-01-01T00:02:11.000Z</time>
</wpt>
<wpt lat="35.7064118" lon="139.8349998">
<time>2026-01-01T00:02:12.000Z</time>
</wpt>
<wpt lat="35.7064929" lon="139.8351758">
<time>2026-01-01T00:02:13.000Z</time>
</wpt>
<wpt lat="35.7065740" lon="139.8353519">
<time>2026-01-01T00:02:14.000Z</time>
</wpt>
<wpt lat="35.7066551" lon="139.8355279">
<time>2026-01-01T00:02:15.000Z</time>
</wpt>
<wpt lat="35.7067362" lon="139.8357040">
<time>2026-01-01T00:02:16.000Z</time>
</wpt>
<wpt lat="35.7068173" lon="139.8358800">
<time>2026-01-01T00:02:17.000Z</time>
</wpt>
<wpt lat="35.7068984" lon="139.8360561">
<time>2026-01-01T00:02:18.000Z</time>
</wpt>
<wpt lat="35.7069794" lon="139.8362321">
<time>2026-01-01T00:02:19.000Z</time>
</wpt>
<wpt lat="35.7070605" lon="139.8364081">
<time>2026-01-01T00:02:20.000Z</time>
</wpt>
<wpt lat="35.7071416" lon="139.8365842">
<time>2026-01-01T00:02:21.000Z</time>
</wpt>
<wpt lat="35.7072227" lon="139.8367602">
<time>2026-01-01T00:02:22.000Z</time>
</wpt>
<wpt lat="35.7073038" lon="139.8369363">
<time>2026-01-01T00:02:23.000Z</time>
</wpt>
<wpt lat="35.7073849" lon="139.8371123">
<time>2026-01-01T00:02:24.000Z</time>
</wpt>
<wpt lat="35.7074660" lon="139.8372884">
<time>2026-01-01T00:02:25.000Z</time>
</wpt>
<wpt lat="35.7075470" lon="139.8374644">
<time>2026-01-01T00:02:26.000Z</time>
</wpt>
<wpt lat="35.7076281" lon="139.8376405">
<time>2026-01-01T00:02:27.000Z</time>
</wpt>
<wpt lat="35.7077092" lon="139.8378165">
<time>2026-01-01T00:02:28.000Z</time>
</wpt>
<wpt lat="35.7077903" lon="139.8379926">
<time>2026-01-01T00:02:29.000Z</time>
</wpt>
<wpt lat="35.7078714" lon="139.8381686">
<time>2026-01-01T00:02:30.000Z</time>
</wpt>
<wpt lat="35.7079525" lon="139.8383447">
<time>2026-01-01T00:02:31.000Z</time>
</wpt>
<wpt lat="35.7080336" lon="139.8385207">
<time>2026-01-01T00:02:32.000Z</time>
</wpt>
<wpt lat="35.7081147" lon="139.8386967">
<time>2026-01-01T00:02:33.000Z</time>
</wpt>
<wpt lat="35.7081957" lon="139.8388728">
<time>2026-01-01T00:02:34.000Z</time>
</wpt>
<wpt lat="35.7082768" lon="139.8390488">
<time>2026-01-01T00:02:35.000Z</time>
</wpt>
<wpt lat="35.7083579" lon="139.8392249">
<time>2026-01-01T00:02:36.000Z</time>
</wpt>
<wpt lat="35.7084390" lon="139.8394009">
<time>2026-01-01T00:02:37.000Z</time>
</wpt>
<wpt lat="35.7085201" lon="139.8395770">
<time>2026-01-01T00:02:38.000Z</time>
</wpt>
<wpt lat="35.7086012" lon="139.8397530">
<time>2026-01-01T00:02:39.000Z</time>
</wpt>
<wpt lat="35.7086823" lon="139.8399291">
<time>2026-01-01T00:02:40.000Z</time>
</wpt>
<wpt lat="35.7087633" lon="139.8401051">
<time>2026-01-01T00:02:41.000Z</time>
</wpt>
<wpt lat="35.7088444" lon="139.8402812">
<time>2026-01-01T00:02:42.000Z</time>
</wpt>
<wpt lat="35.7089255" lon="139.8404572">
<time>2026-01-01T00:02:43.000Z</time>
</wpt>
<wpt lat="35.7090066" lon="139.8406332">
<time>2026-01-01T00:02:44.000Z</time>
</wpt>
<wpt lat="35.7090877" lon="139.8408093">
<time>2026-01-01T00:02:45.000Z</time>
</wpt>
<wpt lat="35.7091688" lon="139.8409853">
<time>2026-01-01T00:02:46.000Z</time>
</wpt>
<wpt lat="35.7092499" lon="139.8411614">
<time>2026-01-01T00:02:47.000Z</time>
</wpt>
<wpt lat="35.7093310" lon="139.8413374">
<time>2026-01-01T00:02:48.000Z</time>
</wpt>
<wpt lat="35.7094120" lon="139.8415135">
<time>2026-01-01T00:02:49.000Z</time>
</wpt>
<wpt lat="35.7094931" lon="139.8416895">
<time>2026-01-01T00:02:50.000Z</time>
</wpt>
<wpt lat="35.7095742" lon="139.8418656">
<time>2026-01-01T00:02:51.000Z</time>
</wpt>
<wpt lat="35.7096553" lon="139.8420416">
<time>2026-01-01T00:02:52.000Z</time>
</wpt>
<wpt lat="35.7097364" lon="139.8422177">
<time>2026-01-01T00:02:53.000Z</time>
</wpt>
<wpt lat="35.7098175" lon="139.8423937">
<time>2026-01-01T00:02:54.000Z</time>
</wpt>
<wpt lat="35.7098986" lon="139.8425697">
<time>2026-01-01T00:02:55.000Z</time>
</wpt>
<wpt lat="35.7099796" lon="139.8427458">
<time>2026-01-01T00:02:56.000Z</time>
</wpt>
<wpt lat="35.7100607" lon="139.8429218">
<time>2026-01-01T00:02:57.000Z</time>
</wpt>
<wpt lat="35.7101418" lon="139.8430979">
<time>2026-01-01T00:02:58.000Z</time>
</wpt>
<wpt lat="35.7102229" lon="139.8432739">
<time>2026-01-01T00:02:59.000Z</time>
</wpt>
<wpt lat="35.7103040" lon="139.8434500">
<time>2026-01-01T00:03:00.000Z</time>
</wpt>
<wpt lat="35.7103851" lon="139.8436260">
<time>2026-01-01T00:03:01.000Z</time>
</wpt>
<wpt lat="35.7104662" lon="139.8438021">
<time>2026-01-01T00:03:02.000Z</time>
</wpt>
<wpt lat="35.7105472" lon="139.8439781">
<time>2026-01-01T00:03:03.000Z</time>
</wpt>
<wpt lat="35.7106283" lon="139.8441542">
<time>2026-01-01T00:03:04.000Z</time>
</wpt>
<wpt lat="35.7107094" lon="139.8443302">
<time>2026-01-01T00:03:05.000Z</time>
</wpt>
<wpt lat="35.7107905" lon="139.8445063">
<time>2026-01-01T00:03:06.000Z</time>
</wpt>
<wpt lat="35.7108716" lon="139.8446823">
<time>2026-01-01T00:03:07.000Z</time>
</wpt>
<wpt lat="35.7109527" lon="139.8448583">
<time>2026-01-01T00:03:08.000Z</time>
</wpt>
<wpt lat="35.7110338" lon="139.8450344">
<time>2026-01-01T00:03:09.000Z</time>
</wpt>
<wpt lat="35.7111149" lon="139.8452104">
<time>2026-01-01T00:03:10.000Z</time>
</wpt>
<wpt lat="35.7111959" lon="139.8453865">
<time>2026-01-01T00:03:11.000Z</time>
</wpt>
<wpt lat="35.7112770" lon="139.8455625">
<time>2026-01-01T00:03:12.000Z</time>
</wpt>
<wpt lat="35.7113581" lon="139.8457386">
<time>2026-01-01T00:03:13.000Z</time>
</wpt>
<wpt lat="35.7114392" lon="139.8459146">
<time>2026-01-01T00:03:14.000Z</time>
</wpt>
<wpt lat="35.7115203" lon="139.8460907">
<time>2026-01-01T00:03:15.000Z</time>
</wpt>
<wpt lat="35.7116014" lon="139.8462667">
<time>2026-01-01T00:03:16.000Z</time>
</wpt>
<wpt lat="35.7116825" lon="139.8464428">
<time>2026-01-01T00:03:17.000Z</time>
</wpt>
<wpt lat="35.7117635" lon="139.8466188">
<time>2026-01-01T00:03:18.000Z</time>
</wpt>
<wpt lat="35.7118446" lon="139.8467948">
<time>2026-01-01T00:03:19.000Z</time>
</wpt>
<wpt lat="35.7119257" lon="139.8469709">
<time>2026-01-01T00:03:20.000Z</time>
</wpt>
<wpt lat="35.7120068" lon="139.8471469">
<time>2026-01-01T00:03:21.000Z</time>
</wpt>
<wpt lat="35.7120879" lon="139.8473230">
<time>2026-01-01T00:03:22.000Z</time>
</wpt>
<wpt lat="35.7121690" lon="139.8474990">
<time>2026-01-01T00:03:23.000Z</time>
</wpt>
<wpt lat="35.7122501" lon="139.8476751">
<time>2026-01-01T00:03:24.000Z</time>
</wpt>
<wpt lat="35.7123312" lon="139.8478511">
<time>2026-01-01T00:03:25.000Z</time>
</wpt>
<wpt lat="35.7124122" lon="139.8480272">
<time>2026-01-01T00:03:26.000Z</time>
</wpt>
<wpt lat="35.7124933" lon="139.8482032">
<time>2026-01-01T00:03:27.000Z</time>
</wpt>
<wpt lat="35.7125744" lon="139.8483793">
<time>2026-01-01T00:03:28.000Z</time>
</wpt>
<wpt lat="35.7126555" lon="139.8485553">
<time>2026-01-01T00:03:29.000Z</time>
</wpt>
<wpt lat="35.7127366" lon="139.8487314">
<time>2026-01-01T00:03:30.000Z</time>
</wpt>
<wpt lat="35.7128177" lon="139.8489074">
<time>2026-01-01T00:03:31.000Z</time>
</wpt>
<wpt lat="35.7128988" lon="139.8490834">
<time>2026-01-01T00:03:32.000Z</time>
</wpt>
<wpt lat="35.7129798" lon="139.8492595">
<time>2026-01-01T00:03:33.000Z</time>
</wpt>
<wpt lat="35.7130609" lon="139.8494355">
<time>2026-01-01T00:03:34.000Z</time>
</wpt>
<wpt lat="35.7131420" lon="139.8496116">
<time>2026-01-01T00:03:35.000Z</time>
</wpt>
<wpt lat="35.7132231" lon="139.8497876">
<time>2026-01-01T00:03:36.000Z</time>
</wpt>
<wpt lat="35.7133042" lon="139.8499637">
<time>2026-01-01T00:03:37.000Z</time>
</wpt>
<wpt lat="35.7133853" lon="139.8501397">
<time>2026-01-01T00:03:38.000Z</time>
</wpt>
<wpt lat="35.7134664" lon="139.8503158">
<time>2026-01-01T00:03:39.000Z</time>
</wpt>
<wpt lat="35.7135474" lon="139.8504918">
<time>2026-01-01T00:03:40.000Z</time>
</wpt>
<wpt lat="35.7136285" lon="139.8506679">
<time>2026-01-01T00:03:41.000Z</time>
</wpt>
<wpt lat="35.7137096" lon="139.8508439">
<time>2026-01-01T00:03:42.000Z</time>
</wpt>
<wpt lat="35.7137907" lon="139.8510199">
<time>2026-01-01T00:03:43.000Z</time>
</wpt>
<wpt lat="35.7138718" lon="139.8511960">
<time>2026-01-01T00:03:44.000Z</time>
</wpt>
<wpt lat="35.7139529" lon="139.8513720">
<time>2026-01-01T00:03:45.000Z</time>
</wpt>
<wpt lat="35.7140340" lon="139.8515481">
<time>2026-01-01T00:03:46.000Z</time>
</wpt>
<wpt lat="35.7141151" lon="139.8517241">
<time>2026-01-01T00:03:47.000Z</time>
</wpt>
<wpt lat="35.7141961" lon="139.8519002">
<time>2026-01-01T00:03:48.000Z</time>
</wpt>
<wpt lat="35.7142772" lon="139.8520762">
<time>2026-01-01T00:03:49.000Z</time>
</wpt>
<wpt lat="35.7143583" lon="139.8522523">
<time>2026-01-01T00:03:50.000Z</time>
</wpt>
<wpt lat="35.7144394" lon="139.8524283">
<time>2026-01-01T00:03:51.000Z</time>
</wpt>
<wpt lat="35.7145205" lon="139.8526044">
<time>2026-01-01T00:03:52.000Z</time>
</wpt>
<wpt lat="35.7146016" lon="139.8527804">
<time>2026-01-01T00:03:53.000Z</time>
</wpt>
<wpt lat="35.7146827" lon="139.8529565">
<time>2026-01-01T00:03:54.000Z</time>
</wpt>
<wpt lat="35.7147637" lon="139.8531325">
<time>2026-01-01T00:03:55.000Z</time>
</wpt>
<wpt lat="35.7148448" lon="139.8533085">
<time>2026-01-01T00:03:56.000Z</time>
</wpt>
<wpt lat="35.7149259" lon="139.8534846">
<time>2026-01-01T00:03:57.000Z</time>
</wpt>
<wpt lat="35.7150070" lon="139.8536606">
<time>2026-01-01T00:03:58.000Z</time>
</wpt>
<wpt lat="35.7150881" lon="139.8538367">
<time>2026-01-01T00:03:59.000Z</time>
</wpt>
<wpt lat="35.7151692" lon="139.8540127">
<time>2026-01-01T00:04:00.000Z</time>
</wpt>
<wpt lat="35.7152503" lon="139.8541888">
<time>2026-01-01T00:04:01.000Z</time>
</wpt>
<wpt lat="35.7153314" lon="139.8543648">
<time>2026-01-01T00:04:02.000Z</time>
</wpt>
<wpt lat="35.7154124" lon="139.8545409">
<time>2026-01-01T00:04:03.000Z</time>
</wpt>
<wpt lat="35.7154935" lon="139.8547169">
<time>2026-01-01T00:04:04.000Z</time>
</wpt>
<wpt lat="35.7155746" lon="139.8548930">
<time>2026-01-01T00:04:05.000Z</time>
</wpt>
<wpt lat="35.7156557" lon="139.8550690">
<time>2026-01-01T00:04:06.000Z</time>
</wpt>
<wpt lat="35.7157368" lon="139.8552450">
<time>2026-01-01T00:04:07.000Z</time>
</wpt>
<wpt lat="35.7158179" lon="139.8554211">
<time>2026-01-01T00:04:08.000Z</time>
</wpt>
<wpt lat="35.7158990" lon="139.8555971">
<time>2026-01-01T00:04:09.000Z</time>
</wpt>
<wpt lat="35.7159800" lon="139.8557732">
<time>2026-01-01T00:04:10.000Z</time>
</wpt>
<wpt lat="35.7160611" lon="139.8559492">
<time>2026-01-01T00:04:11.000Z</time>
</wpt>
<wpt lat="35.7161385" lon="139.8561172">
<time>2026-01-01T00:04:12.000Z</time>
</wpt>
<wpt lat="35.7162121" lon="139.8562770">
<time>2026-01-01T00:04:13.000Z</time>
</wpt>
<wpt lat="35.7162820" lon="139.8564288">
<time>2026-01-01T00:04:14.000Z</time>
</wpt>
<wpt lat="35.7163482" lon="139.8565725">
<time>2026-01-01T00:04:15.000Z</time>
</wpt>
<wpt lat="35.7164107" lon="139.8567081">
<time>2026-01-01T00:04:16.000Z</time>
</wpt>
<wpt lat="35.7164694" lon="139.8568356">
<time>2026-01-01T00:04:17.000Z</time>
</wpt>
<wpt lat="35.7165244" lon="139.8569550">
<time>2026-01-01T00:04:18.000Z</time>
</wpt>
<wpt lat="35.7165756" lon="139.8570663">
<time>2026-01-01T00:04:19.000Z</time>
</wpt>
<wpt lat="35.7166232" lon="139.8571695">
<time>2026-01-01T00:04:20.000Z</time>
</wpt>
<wpt lat="35.7166670" lon="139.8572646">
<time>2026-01-01T00:04:21.000Z</time>
</wpt>
<wpt lat="35.7167071" lon="139.8573517">
<time>2026-01-01T00:04:22.000Z</time>
</wpt>
<wpt lat="35.7167435" lon="139.8574306">
<time>2026-01-01T00:04:23.000Z</time>
</wpt>
<wpt lat="35.7167761" lon="139.8575015">
<time>2026-01-01T00:04:24.000Z</time>
</wpt>
<wpt lat="35.7168050" lon="139.8575642">
<time>2026-01-01T00:04:25.000Z</time>
</wpt>
<wpt lat="35.7168302" lon="139.8576189">
<time>2026-01-01T00:04:26.000Z</time>
</wpt>
<wpt lat="35.7168516" lon="139.8576655">
<time>2026-01-01T00:04:27.000Z</time>
</wpt>
<wpt lat="35.7168694" lon="139.8577040">
<time>2026-01-01T00:04:28.000Z</time>
</wpt>
<wpt lat="35.7168834" lon="139.8577344">
<time>2026-01-01T00:04:29.000Z</time>
</wpt>
<wpt lat="35.7168936" lon="139.8577567">
<time>2026-01-01T00:04:30.000Z</time>
</wpt>
<wpt lat="35.7169002" lon="139.8577709">
<time>2026-01-01T00:04:31.000Z</time>
</wpt>
<wpt lat="35.7169030" lon="139.8577770">
<time>2026-01-01T00:04:32.000Z</time>
</wpt>
<wpt lat="35.7169030" lon="139.8577770">
<time>2026-01-01T00:04:33.000Z</time>
</wpt>
<wpt lat="35.7169030" lon="139.8577770">
<time>2026-01-01T00:04:34.000Z</time>
</wpt>
<wpt lat="35.7169030" lon="139.8577770">
<time>2026-01-01T00:04:35.000Z</time>
</wpt>
<wpt lat="35.7169030" lon="139.8577770">
<time>2026-01-01T00:04:36.000Z</time>
</wpt>
<wpt lat="35.7169030" lon="139.8577770">
<time>2026-01-01T00:04:37.000Z</time>
</wpt>
<wpt lat="35.7169030" lon="139.8577770">
<time>2026-01-01T00:04:38.000Z</time>
</wpt>
<wpt lat="35.7169030" lon="139.8577770">
<time>2026-01-01T00:04:39.000Z</time>
</wpt>
<wpt lat="35.7169030" lon="139.8577770">
<time>2026-01-01T00:04:40.000Z</time>
</wpt>
<wpt lat="35.7169030" lon="139.8577770">
<time>2026-01-01T00:04:41.000Z</time>
</wpt>
<wpt lat="35.7169030" lon="139.8577770">
<time>2026-01-01T00:04:42.000Z</time>
</wpt>
<wpt lat="35.7169030" lon="139.8577770">
<time>2026-01-01T00:04:43.000Z</time>
</wpt>
<wpt lat="35.7169030" lon="139.8577770">
<time>2026-01-01T00:04:44.000Z</time>
</wpt>
<wpt lat="35.7169030" lon="139.8577770">
<time>2026-01-01T00:04:45.000Z</time>
</wpt>
<wpt lat="35.7169030" lon="139.8577770">
<time>2026-01-01T00:04:46.000Z</time>
</wpt>
<wpt lat="35.7169030" lon="139.8577770">
<time>2026-01-01T00:04:47.000Z</time>
</wpt>
<wpt lat="35.7169030" lon="139.8577770">
<time>2026-01-01T00:04:48.000Z</time>
</wpt>
<wpt lat="35.7169030" lon="139.8577770">
<time>2026-01-01T00:04:49.000Z</time>
</wpt>
<wpt lat="35.7169030" lon="139.8577770">
<time>2026-01-01T00:04:50.000Z</time>
</wpt>
<wpt lat="35.7169030" lon="139.8577770">
<time>2026-01-01T00:04:51.000Z</time>
</wpt>
<wpt lat="35.7169030" lon="139.8577770">
<time>2026-01-01T00:04:52.000Z</time>
</wpt>
<wpt lat="35.7169030" lon="139.8577770">
<time>2026-01-01T00:04:53.000Z</time>
</wpt>
<wpt lat="35.7169030" lon="139.8577770">
<time>2026-01-01T00:04:54.000Z</time>
</wpt>
<wpt lat="35.7169030" lon="139.8577770">
<time>2026-01-01T00:04:55.000Z</time>
</wpt>
<wpt lat="35.7169030" lon="139.8577770">
<time>2026-01-01T00:04:56.000Z</time>
</wpt>
<wpt lat="35.7169030" lon="139.8577770">
<time>2026-01-01T00:04:57.000Z</time>
</wpt>
<wpt lat="35.7169030" lon="139.8577770">
<time>2026-01-01T00:04:58.000Z</time>
</wpt>
<wpt lat="35.7169030" lon="139.8577770">
<time>2026-01-01T00:04:59.000Z</time>
</wpt>
<wpt lat="35.7169030" lon="139.8577770">
<time>2026-01-01T00:05:00.000Z</time>
</wpt>
<wpt lat="35.7169030" lon="139.8577770">
<time>2026-01-01T00:05:01.000Z</time>
</wpt>
<wpt lat="35.7169030" lon="139.8577770">
<time>2026-01-01T00:05:02.000Z</time>
</wpt>
<wpt lat="35.7169030" lon="139.8577770">
<time>2026-01-01T00:05:03.000Z</time>
</wpt>
<wpt lat="35.7169030" lon="139.8577770">
<time>2026-01-01T00:05:04.000Z</time>
</wpt>
<wpt lat="35.7169030" lon="139.8577770">
<time>2026-01-01T00:05:05.000Z</time>
</wpt>
<wpt lat="35.7169030" lon="139.8577770">
<time>2026-01-01T00:05:06.000Z</time>
</wpt>
<wpt lat="35.7169030" lon="139.8577770">
<time>2026-01-01T00:05:07.000Z</time>
</wpt>
<wpt lat="35.7169030" lon="139.8577770">
<time>2026-01-01T00:05:08.000Z</time>
</wpt>
<wpt lat="35.7169030" lon="139.8577770">
<time>2026-01-01T00:05:09.000Z</time>
</wpt>
<wpt lat="35.7169045" lon="139.8577834">
<time>2026-01-01T00:05:10.000Z</time>
</wpt>
<wpt lat="35.7169076" lon="139.8577962">
<time>2026-01-01T00:05:11.000Z</time>
</wpt>
<wpt lat="35.7169121" lon="139.8578154">
<time>2026-01-01T00:05:12.000Z</time>
</wpt>
<wpt lat="35.7169182" lon="139.8578409">
<time>2026-01-01T00:05:13.000Z</time>
</wpt>
<wpt lat="35.7169259" lon="139.8578729">
<time>2026-01-01T00:05:14.000Z</time>
</wpt>
<wpt lat="35.7169350" lon="139.8579113">
<time>2026-01-01T00:05:15.000Z</time>
</wpt>
<wpt lat="35.7169457" lon="139.8579561">
<time>2026-01-01T00:05:16.000Z</time>
</wpt>
<wpt lat="35.7169579" lon="139.8580072">
<time>2026-01-01T00:05:17.000Z</time>
</wpt>
<wpt lat="35.7169716" lon="139.8580648">
<time>2026-01-01T00:05:18.000Z</time>
</wpt>
<wpt lat="35.7169868" lon="139.8581287">
<time>2026-01-01T00:05:19.000Z</time>
</wpt>
<wpt lat="35.7170036" lon="139.8581991">
<time>2026-01-01T00:05:20.000Z</time>
</wpt>
<wpt lat="35.7170218" lon="139.8582758">
<time>2026-01-01T00:05:21.000Z</time>
</wpt>
<wpt lat="35.7170417" lon="139.8583589">
<time>2026-01-01T00:05:22.000Z</time>
</wpt>
<wpt lat="35.7170630" lon="139.8584485">
<time>2026-01-01T00:05:23.000Z</time>
</wpt>
<wpt lat="35.7170858" lon="139.8585444">
<time>2026-01-01T00:05:24.000Z</time>
</wpt>
<wpt lat="35.7171102" lon="139.8586467">
<time>2026-01-01T00:05:25.000Z</time>
</wpt>
<wpt lat="35.7171361" lon="139.8587554">
<time>2026-01-01T00:05:26.000Z</time>
</wpt>
<wpt lat="35.7171635" lon="139.8588705">
<time>2026-01-01T00:05:27.000Z</time>
</wpt>
<wpt lat="35.7171925" lon="139.8589920">
<time>2026-01-01T00:05:28.000Z</time>
</wpt>
<wpt lat="35.7172230" lon="139.8591199">
<time>2026-01-01T00:05:29.000Z</time>
</wpt>
<wpt lat="35.7172550" lon="139.8592542">
<time>2026-01-01T00:05:30.000Z</time>
</wpt>
<wpt lat="35.7172885" lon="139.8593949">
<time>2026-01-01T00:05:31.000Z</time>
</wpt>
<wpt lat="35.7173235" lon="139.8595420">
<time>2026-01-01T00:05:32.000Z</time>
</wpt>
<wpt lat="35.7173601" lon="139.8596954">
<time>2026-01-01T00:05:33.000Z</time>
</wpt>
<wpt lat="35.7173982" lon="139.8598553">
<time>2026-01-01T00:05:34.000Z</time>
</wpt>
<wpt lat="35.7174378" lon="139.8600216">
<time>2026-01-01T00:05:35.000Z</time>
</wpt>
<wpt lat="35.7174789" lon="139.8601942">
<time>2026-01-01T00:05:36.000Z</time>
</wpt>
<wpt lat="35.7175216" lon="139.8603733">
<time>2026-01-01T00:05:37.000Z</time>
</wpt>
<wpt lat="35.7175658" lon="139.8605588">
<time>2026-01-01T00:05:38.000Z</time>
</wpt>
<wpt lat="35.7176115" lon="139.8607506">
<time>2026-01-01T00:05:39.000Z</time>
</wpt>
<wpt lat="35.7176581" lon="139.8609461">
<time>2026-01-01T00:05:40.000Z</time>
</wpt>
<wpt lat="35.7177047" lon="139.8611416">
<time>2026-01-01T00:05:41.000Z</time>
</wpt>
<wpt lat="35.7177512" lon="139.8613371">
<time>2026-01-01T00:05:42.000Z</time>
</wpt>
<wpt lat="35.7177978" lon="139.8615327">
<time>2026-01-01T00:05:43.000Z</time>
</wpt>
<wpt lat="35.7178444" lon="139.8617282">
<time>2026-01-01T00:05:44.000Z</time>
</wpt>
<wpt lat="35.7178910" lon="139.8619237">
<time>2026-01-01T00:05:45.000Z</time>
</wpt>
<wpt lat="35.7179376" lon="139.8621192">
<time>2026-01-01T00:05:46.000Z</time>
</wpt>
<wpt lat="35.7179842" lon="139.8623147">
<time>2026-01-01T00:05:47.000Z</time>
</wpt>
<wpt lat="35.7180307" lon="139.8625102">
<time>2026-01-01T00:05:48.000Z</time>
</wpt>
<wpt lat="35.7180773" lon="139.8627057">
<time>2026-01-01T00:05:49.000Z</time>
</wpt>
<wpt lat="35.7181239" lon="139.8629013">
<time>2026-01-01T00:05:50.000Z</time>
</wpt>
<wpt lat="35.7181705" lon="139.8630968">
<time>2026-01-01T00:05:51.000Z</time>
</wpt>
<wpt lat="35.7182171" lon="139.8632923">
<time>2026-01-01T00:05:52.000Z</time>
</wpt>
<wpt lat="35.7182637" lon="139.8634878">
<time>2026-01-01T00:05:53.000Z</time>
</wpt>
<wpt lat="35.7183102" lon="139.8636833">
<time>2026-01-01T00:05:54.000Z</time>
</wpt>
<wpt lat="35.7183568" lon="139.8638788">
<time>2026-01-01T00:05:55.000Z</time>
</wpt>
<wpt lat="35.7184034" lon="139.8640743">
<time>2026-01-01T00:05:56.000Z</time>
</wpt>
<wpt lat="35.7184500" lon="139.8642699">
<time>2026-01-01T00:05:57.000Z</time>
</wpt>
<wpt lat="35.7184966" lon="139.8644654">
<time>2026-01-01T00:05:58.000Z</time>
</wpt>
<wpt lat="35.7185432" lon="139.8646609">
<time>2026-01-01T00:05:59.000Z</time>
</wpt>
<wpt lat="35.7185897" lon="139.8648564">
<time>2026-01-01T00:06:00.000Z</time>
</wpt>
<wpt lat="35.7186363" lon="139.8650519">
<time>2026-01-01T00:06:01.000Z</time>
</wpt>
<wpt lat="35.7186829" lon="139.8652474">
<time>2026-01-01T00:06:02.000Z</time>
</wpt>
<wpt lat="35.7187295" lon="139.8654429">
<time>2026-01-01T00:06:03.000Z</time>
</wpt>
<wpt lat="35.7187761" lon="139.8656385">
<time>2026-01-01T00:06:04.000Z</time>
</wpt>
<wpt lat="35.7188227" lon="139.8658340">
<time>2026-01-01T00:06:05.000Z</time>
</wpt>
<wpt lat="35.7188692" lon="139.8660295">
<time>2026-01-01T00:06:06.000Z</time>
</wpt>
<wpt lat="35.7189158" lon="139.8662250">
<time>2026-01-01T00:06:07.000Z</time>
</wpt>
<wpt lat="35.7189624" lon="139.8664205">
<time>2026-01-01T00:06:08.000Z</time>
</wpt>
<wpt lat="35.7190090" lon="139.8666160">
<time>2026-01-01T00:06:09.000Z</time>
</wpt>
<wpt lat="35.7190556" lon="139.8668115">
<time>2026-01-01T00:06:10.000Z</time>
</wpt>
<wpt lat="35.7191022" lon="139.8670071">
<time>2026-01-01T00:06:11.000Z</time>
</wpt>
<wpt lat="35.7191487" lon="139.8672026">
<time>2026-01-01T00:06:12.000Z</time>
</wpt>
<wpt lat="35.7191953" lon="139.8673981">
<time>2026-01-01T00:06:13.000Z</time>
</wpt>
<wpt lat="35.7192419" lon="139.8675936">
<time>2026-01-01T00:06:14.000Z</time>
</wpt>
<wpt lat="35.7192885" lon="139.8677891">
<time>2026-01-01T00:06:15.000Z</time>
</wpt>
<wpt lat="35.7193351" lon="139.8679846">
<time>2026-01-01T00:06:16.000Z</time>
</wpt>
<wpt lat="35.7193817" lon="139.8681801">
<time>2026-01-01T00:06:17.000Z</time>
</wpt>
<wpt lat="35.7194282" lon="139.8683757">
<time>2026-01-01T00:06:18.000Z</time>
</wpt>
<wpt lat="35.7194748" lon="139.8685712">
<time>2026-01-01T00:06:19.000Z</time>
</wpt>
<wpt lat="35.7195214" lon="139.8687667">
<time>2026-01-01T00:06:20.000Z</time>
</wpt>
<wpt lat="35.7195680" lon="139.8689622">
<time>2026-01-01T00:06:21.000Z</time>
</wpt>
<wpt lat="35.7196146" lon="139.8691577">
<time>2026-01-01T00:06:22.000Z</time>
</wpt>
<wpt lat="35.7196612" lon="139.8693532">
<time>2026-01-01T00:06:23.000Z</time>
</wpt>
<wpt lat="35.7197077" lon="139.8695487">
<time>2026-01-01T00:06:24.000Z</time>
</wpt>
<wpt lat="35.7197543" lon="139.8697443">
<time>2026-01-01T00:06:25.000Z</time>
</wpt>
<wpt lat="35.7198009" lon="139.8699398">
<time>2026-01-01T00:06:26.000Z</time>
</wpt>
<wpt lat="35.7198475" lon="139.8701353">
<time>2026-01-01T00:06:27.000Z</time>
</wpt>
<wpt lat="35.7198941" lon="139.8703308">
<time>2026-01-01T00:06:28.000Z</time>
</wpt>
<wpt lat="35.7199407" lon="139.8705263">
<time>2026-01-01T00:06:29.000Z</time>
</wpt>
<wpt lat="35.7199872" lon="139.8707218">
<time>2026-01-01T00:06:30.000Z</time>
</wpt>
<wpt lat="35.7200338" lon="139.8709173">
<time>2026-01-01T00:06:31.000Z</time>
</wpt>
<wpt lat="35.7200804" lon="139.8711129">
<time>2026-01-01T00:06:32.000Z</time>
</wpt>
<wpt lat="35.7201270" lon="139.8713084">
<time>2026-01-01T00:06:33.000Z</time>
</wpt>
<wpt lat="35.7201736" lon="139.8715039">
<time>2026-01-01T00:06:34.000Z</time>
</wpt>
<wpt lat="35.7202202" lon="139.8716994">
<time>2026-01-01T00:06:35.000Z</time>
</wpt>
<wpt lat="35.7202667" lon="139.8718949">
<time>2026-01-01T00:06:36.000Z</time>
</wpt>
<wpt lat="35.7203133" lon="139.8720904">
<time>2026-01-01T00:06:37.000Z</time>
</wpt>
<wpt lat="35.7203599" lon="139.8722859">
<time>2026-01-01T00:06:38.000Z</time>
</wpt>
<wpt lat="35.7204065" lon="139.8724815">
<time>2026-01-01T00:06:39.000Z</time>
</wpt>
<wpt lat="35.7204531" lon="139.8726770">
<time>2026-01-01T00:06:40.000Z</time>
</wpt>
<wpt lat="35.7204997" lon="139.8728725">
<time>2026-01-01T00:06:41.000Z</time>
</wpt>
<wpt lat="35.7205462" lon="139.8730680">
<time>2026-01-01T00:06:42.000Z</time>
</wpt>
<wpt lat="35.7205928" lon="139.8732635">
<time>2026-01-01T00:06:43.000Z</time>
</wpt>
<wpt lat="35.7206394" lon="139.8734590">
<time>2026-01-01T00:06:44.000Z</time>
</wpt>
<wpt lat="35.7206860" lon="139.8736545">
<time>2026-01-01T00:06:45.000Z</time>
</wpt>
<wpt lat="35.7207326" lon="139.8738501">
<time>2026-01-01T00:06:46.000Z</time>
</wpt>
<wpt lat="35.7207792" lon="139.8740456">
<time>2026-01-01T00:06:47.000Z</time>
</wpt>
<wpt lat="35.7208257" lon="139.8742411">
<time>2026-01-01T00:06:48.000Z</time>
</wpt>
<wpt lat="35.7208723" lon="139.8744366">
<time>2026-01-01T00:06:49.000Z</time>
</wpt>
<wpt lat="35.7209189" lon="139.8746321">
<time>2026-01-01T00:06:50.000Z</time>
</wpt>
<wpt lat="35.7209655" lon="139.8748276">
<time>2026-01-01T00:06:51.000Z</time>
</wpt>
<wpt lat="35.7210121" lon="139.8750231">
<time>2026-01-01T00:06:52.000Z</time>
</wpt>
<wpt lat="35.7210587" lon="139.8752187">
<time>2026-01-01T00:06:53.000Z</time>
</wpt>
<wpt lat="35.7211052" lon="139.8754142">
<time>2026-01-01T00:06:54.000Z</time>
</wpt>
<wpt lat="35.7211518" lon="139.8756097">
<time>2026-01-01T00:06:55.000Z</time>
</wpt>
<wpt lat="35.7211984" lon="139.8758052">
<time>2026-01-01T00:06:56.000Z</time>
</wpt>
<wpt lat="35.7212450" lon="139.8760007">
<time>2026-01-01T00:06:57.000Z</time>
</wpt>
<wpt lat="35.7212916" lon="139.8761962">
<time>2026-01-01T00:06:58.000Z</time>
</wpt>
<wpt lat="35.7213382" lon="139.8763917">
<time>2026-01-01T00:06:59.000Z</time>
</wpt>
<wpt lat="35.7213847" lon="139.8765873">
<time>2026-01-01T00:07:00.000Z</time>
</wpt>
<wpt lat="35.7214313" lon="139.8767828">
<time>2026-01-01T00:07:01.000Z</time>
</wpt>
<wpt lat="35.7214779" lon="139.8769783">
<time>2026-01-01T00:07:02.000Z</time>
</wpt>
<wpt lat="35.7215245" lon="139.8771738">
<time>2026-01-01T00:07:03.000Z</time>
</wpt>
<wpt lat="35.7215711" lon="139.8773693">
<time>2026-01-01T00:07:04.000Z</time>
</wpt>
<wpt lat="35.7216177" lon="139.8775648">
<time>2026-01-01T00:07:05.000Z</time>
</wpt>
<wpt lat="35.7216642" lon="139.8777603">
<time>2026-01-01T00:07:06.000Z</time>
</wpt>
<wpt lat="35.7217108" lon="139.8779559">
<time>2026-01-01T00:07:07.000Z</time>
</wpt>
<wpt lat="35.7217574" lon="139.8781514">
<time>2026-01-01T00:07:08.000Z</time>
</wpt>
<wpt lat="35.7218040" lon="139.8783469">
<time>2026-01-01T00:07:09.000Z</time>
</wpt>
<wpt lat="35.7218506" lon="139.8785424">
<time>2026-01-01T00:07:10.000Z</time>
</wpt>
<wpt lat="35.7218972" lon="139.8787379">
<time>2026-01-01T00:07:11.000Z</time>
</wpt>
<wpt lat="35.7219437" lon="139.8789334">
<time>2026-01-01T00:07:12.000Z</time>
</wpt>
<wpt lat="35.7219903" lon="139.8791289">
<time>2026-01-01T00:07:13.000Z</time>
</wpt>
<wpt lat="35.7220369" lon="139.8793245">
<time>2026-01-01T00:07:14.000Z</time>
</wpt>
<wpt lat="35.7220835" lon="139.8795200">
<time>2026-01-01T00:07:15.000Z</time>
</wpt>
<wpt lat="35.7221301" lon="139.8797155">
<time>2026-01-01T00:07:16.000Z</time>
</wpt>
<wpt lat="35.7221767" lon="139.8799110">
<time>2026-01-01T00:07:17.000Z</time>
</wpt>
<wpt lat="35.7222232" lon="139.8801065">
<time>2026-01-01T00:07:18.000Z</time>
</wpt>
<wpt lat="35.7222698" lon="139.8803020">
<time>2026-01-01T00:07:19.000Z</time>
</wpt>
<wpt lat="35.7223164" lon="139.8804975">
<time>2026-01-01T00:07:20.000Z</time>
</wpt>
<wpt lat="35.7223630" lon="139.8806931">
<time>2026-01-01T00:07:21.000Z</time>
</wpt>
<wpt lat="35.7224096" lon="139.8808886">
<time>2026-01-01T00:07:22.000Z</time>
</wpt>
<wpt lat="35.7224562" lon="139.8810841">
<time>2026-01-01T00:07:23.000Z</time>
</wpt>
<wpt lat="35.7225027" lon="139.8812796">
<time>2026-01-01T00:07:24.000Z</time>
</wpt>
<wpt lat="35.7225493" lon="139.8814751">
<time>2026-01-01T00:07:25.000Z</time>
</wpt>
<wpt lat="35.7225959" lon="139.8816706">
<time>2026-01-01T00:07:26.000Z</time>
</wpt>
<wpt lat="35.7226425" lon="139.8818662">
<time>2026-01-01T00:07:27.000Z</time>
</wpt>
<wpt lat="35.7226891" lon="139.8820617">
<time>2026-01-01T00:07:28.000Z</time>
</wpt>
<wpt lat="35.7227357" lon="139.8822572">
<time>2026-01-01T00:07:29.000Z</time>
</wpt>
<wpt lat="35.7227822" lon="139.8824527">
<time>2026-01-01T00:07:30.000Z</time>
</wpt>
<wpt lat="35.7228288" lon="139.8826482">
<time>2026-01-01T00:07:31.000Z</time>
</wpt>
<wpt lat="35.7228754" lon="139.8828437">
<time>2026-01-01T00:07:32.000Z</time>
</wpt>
<wpt lat="35.7229220" lon="139.8830392">
<time>2026-01-01T00:07:33.000Z</time>
</wpt>
<wpt lat="35.7229686" lon="139.8832348">
<time>2026-01-01T00:07:34.000Z</time>
</wpt>
<wpt lat="35.7230152" lon="139.8834303">
<time>2026-01-01T00:07:35.000Z</time>
</wpt>
<wpt lat="35.7230617" lon="139.8836258">
<time>2026-01-01T00:07:36.000Z</time>
</wpt>
<wpt lat="35.7231083" lon="139.8838213">
<time>2026-01-01T00:07:37.000Z</time>
</wpt>
<wpt lat="35.7231549" lon="139.8840168">
<time>2026-01-01T00:07:38.000Z</time>
</wpt>
<wpt lat="35.7232015" lon="139.8842123">
<time>2026-01-01T00:07:39.000Z</time>
</wpt>
<wpt lat="35.7232481" lon="139.8844078">
<time>2026-01-01T00:07:40.000Z</time>
</wpt>
<wpt lat="35.7232947" lon="139.8846034">
<time>2026-01-01T00:07:41.000Z</time>
</wpt>
<wpt lat="35.7233412" lon="139.8847989">
<time>2026-01-01T00:07:42.000Z</time>
</wpt>
<wpt lat="35.7233878" lon="139.8849944">
<time>2026-01-01T00:07:43.000Z</time>
</wpt>
<wpt lat="35.7234344" lon="139.8851899">
<time>2026-01-01T00:07:44.000Z</time>
</wpt>
<wpt lat="35.7234810" lon="139.8853854">
<time>2026-01-01T00:07:45.000Z</time>
</wpt>
<wpt lat="35.7235276" lon="139.8855809">
<time>2026-01-01T00:07:46.000Z</time>
</wpt>
<wpt lat="35.7235742" lon="139.8857764">
<time>2026-01-01T00:07:47.000Z</time>
</wpt>
<wpt lat="35.7236207" lon="139.8859720">
<time>2026-01-01T00:07:48.000Z</time>
</wpt>
<wpt lat="35.7236673" lon="139.8861675">
<time>2026-01-01T00:07:49.000Z</time>
</wpt>
<wpt lat="35.7237139" lon="139.8863630">
<time>2026-01-01T00:07:50.000Z</time>
</wpt>
<wpt lat="35.7237605" lon="139.8865585">
<time>2026-01-01T00:07:51.000Z</time>
</wpt>
<wpt lat="35.7238071" lon="139.8867540">
<time>2026-01-01T00:07:52.000Z</time>
</wpt>
<wpt lat="35.7238537" lon="139.8869495">
<time>2026-01-01T00:07:53.000Z</time>
</wpt>
<wpt lat="35.7239002" lon="139.8871450">
<time>2026-01-01T00:07:54.000Z</time>
</wpt>
<wpt lat="35.7239468" lon="139.8873406">
<time>2026-01-01T00:07:55.000Z</time>
</wpt>
<wpt lat="35.7239934" lon="139.8875361">
<time>2026-01-01T00:07:56.000Z</time>
</wpt>
<wpt lat="35.7240400" lon="139.8877316">
<time>2026-01-01T00:07:57.000Z</time>
</wpt>
<wpt lat="35.7240866" lon="139.8879271">
<time>2026-01-01T00:07:58.000Z</time>
</wpt>
<wpt lat="35.7241332" lon="139.8881226">
<time>2026-01-01T00:07:59.000Z</time>
</wpt>
<wpt lat="35.7241797" lon="139.8883181">
<time>2026-01-01T00:08:00.000Z</time>
</wpt>
<wpt lat="35.7242263" lon="139.8885136">
<time>2026-01-01T00:08:01.000Z</time>
</wpt>
<wpt lat="35.7242729" lon="139.8887092">
<time>2026-01-01T00:08:02.000Z</time>
</wpt>
<wpt lat="35.7243195" lon="139.8889047">
<time>2026-01-01T00:08:03.000Z</time>
</wpt>
<wpt lat="35.7243661" lon="139.8891002">
<time>2026-01-01T00:08:04.000Z</time>
</wpt>
<wpt lat="35.7244127" lon="139.8892957">
<time>2026-01-01T00:08:05.000Z</time>
</wpt>
<wpt lat="35.7244593" lon="139.8894912">
<time>2026-01-01T00:08:06.000Z</time>
</wpt>
<wpt lat="35.7245058" lon="139.8896867">
<time>2026-01-01T00:08:07.000Z</time>
</wpt>
<wpt lat="35.7245524" lon="139.8898822">
<time>2026-01-01T00:08:08.000Z</time>
</wpt>
<wpt lat="35.7245990" lon="139.8900778">
<time>2026-01-01T00:08:09.000Z</time>
</wpt>
<wpt lat="35.7246456" lon="139.8902733">
<time>2026-01-01T00:08:10.000Z</time>
</wpt>
<wpt lat="35.7246922" lon="139.8904688">
<time>2026-01-01T00:08:11.000Z</time>
</wpt>
<wpt lat="35.7247388" lon="139.8906643">
<time>2026-01-01T00:08:12.000Z</time>
</wpt>
<wpt lat="35.7247853" lon="139.8908598">
<time>2026-01-01T00:08:13.000Z</time>
</wpt>
<wpt lat="35.7248319" lon="139.8910553">
<time>2026-01-01T00:08:14.000Z</time>
</wpt>
<wpt lat="35.7248785" lon="139.8912508">
<time>2026-01-01T00:08:15.000Z</time>
</wpt>
<wpt lat="35.7249251" lon="139.8914464">
<time>2026-01-01T00:08:16.000Z</time>
</wpt>
<wpt lat="35.7249717" lon="139.8916419">
<time>2026-01-01T00:08:17.000Z</time>
</wpt>
<wpt lat="35.7250183" lon="139.8918374">
<time>2026-01-01T00:08:18.000Z</time>
</wpt>
<wpt lat="35.7250648" lon="139.8920329">
<time>2026-01-01T00:08:19.000Z</time>
</wpt>
<wpt lat="35.7251114" lon="139.8922284">
<time>2026-01-01T00:08:20.000Z</time>
</wpt>
<wpt lat="35.7251580" lon="139.8924239">
<time>2026-01-01T00:08:21.000Z</time>
</wpt>
<wpt lat="35.7252046" lon="139.8926194">
<time>2026-01-01T00:08:22.000Z</time>
</wpt>
<wpt lat="35.7252512" lon="139.8928150">
<time>2026-01-01T00:08:23.000Z</time>
</wpt>
<wpt lat="35.7252978" lon="139.8930105">
<time>2026-01-01T00:08:24.000Z</time>
</wpt>
<wpt lat="35.7253443" lon="139.8932060">
<time>2026-01-01T00:08:25.000Z</time>
</wpt>
<wpt lat="35.7253909" lon="139.8934015">
<time>2026-01-01T00:08:26.000Z</time>
</wpt>
<wpt lat="35.7254375" lon="139.8935970">
<time>2026-01-01T00:08:27.000Z</time>
</wpt>
<wpt lat="35.7254841" lon="139.8937925">
<time>2026-01-01T00:08:28.000Z</time>
</wpt>
<wpt lat="35.7255307" lon="139.8939880">
<time>2026-01-01T00:08:29.000Z</time>
</wpt>
<wpt lat="35.7255773" lon="139.8941836">
<time>2026-01-01T00:08:30.000Z</time>
</wpt>
<wpt lat="35.7256238" lon="139.8943791">
<time>2026-01-01T00:08:31.000Z</time>
</wpt>
<wpt lat="35.7256704" lon="139.8945746">
<time>2026-01-01T00:08:32.000Z</time>
</wpt>
<wpt lat="35.7257170" lon="139.8947701">
<time>2026-01-01T00:08:33.000Z</time>
</wpt>
<wpt lat="35.7257636" lon="139.8949656">
<time>2026-01-01T00:08:34.000Z</time>
</wpt>
<wpt lat="35.7258102" lon="139.8951611">
<time>2026-01-01T00:08:35.000Z</time>
</wpt>
<wpt lat="35.7258568" lon="139.8953566">
<time>2026-01-01T00:08:36.000Z</time>
</wpt>
<wpt lat="35.7259033" lon="139.8955522">
<time>2026-01-01T00:08:37.000Z</time>
</wpt>
<wpt lat="35.7259499" lon="139.8957477">
<time>2026-01-01T00:08:38.000Z</time>
</wpt>
<wpt lat="35.7259965" lon="139.8959432">
<time>2026-01-01T00:08:39.000Z</time>
</wpt>
<wpt lat="35.7260431" lon="139.8961387">
<time>2026-01-01T00:08:40.000Z</time>
</wpt>
<wpt lat="35.7260897" lon="139.8963342">
<time>2026-01-01T00:08:41.000Z</time>
</wpt>
<wpt lat="35.7261363" lon="139.8965297">
<time>2026-01-01T00:08:42.000Z</time>
</wpt>
<wpt lat="35.7261828" lon="139.8967252">
<time>2026-01-01T00:08:43.000Z</time>
</wpt>
<wpt lat="35.7262294" lon="139.8969208">
<time>2026-01-01T00:08:44.000Z</time>
</wpt>
<wpt lat="35.7262760" lon="139.8971163">
<time>2026-01-01T00:08:45.000Z</time>
</wpt>
<wpt lat="35.7263226" lon="139.8973118">
<time>2026-01-01T00:08:46.000Z</time>
</wpt>
<wpt lat="35.7263692" lon="139.8975073">
<time>2026-01-01T00:08:47.000Z</time>
</wpt>
<wpt lat="35.7264158" lon="139.8977028">
<time>2026-01-01T00:08:48.000Z</time>
</wpt>
<wpt lat="35.7264623" lon="139.8978983">
<time>2026-01-01T00:08:49.000Z</time>
</wpt>
<wpt lat="35.7265089" lon="139.8980938">
<time>2026-01-01T00:08:50.000Z</time>
</wpt>
<wpt lat="35.7265555" lon="139.8982894">
<time>2026-01-01T00:08:51.000Z</time>
</wpt>
<wpt lat="35.7266021" lon="139.8984849">
<time>2026-01-01T00:08:52.000Z</time>
</wpt>
<wpt lat="35.7266487" lon="139.8986804">
<time>2026-01-01T00:08:53.000Z</time>
</wpt>
<wpt lat="35.7266953" lon="139.8988759">
<time>2026-01-01T00:08:54.000Z</time>
</wpt>
<wpt lat="35.7267418" lon="139.8990714">
<time>2026-01-01T00:08:55.000Z</time>
</wpt>
<wpt lat="35.7267884" lon="139.8992669">
<time>2026-01-01T00:08:56.000Z</time>
</wpt>
<wpt lat="35.7268350" lon="139.8994624">
<time>2026-01-01T00:08:57.000Z</time>
</wpt>
<wpt lat="35.7268816" lon="139.8996580">
<time>2026-01-01T00:08:58.000Z</time>
</wpt>
<wpt lat="35.7269282" lon="139.8998535">
<time>2026-01-01T00:08:59.000Z</time>
</wpt>
<wpt lat="35.7269748" lon="139.9000490">
<time>2026-01-01T00:09:00.000Z</time>
</wpt>
<wpt lat="35.7270213" lon="139.9002445">
<time>2026-01-01T00:09:01.000Z</time>
</wpt>
<wpt lat="35.7270679" lon="139.9004400">
<time>2026-01-01T00:09:02.000Z</time>
</wpt>
<wpt lat="35.7271145" lon="139.9006355">
<time>2026-01-01T00:09:03.000Z</time>
</wpt>
<wpt lat="35.7271611" lon="139.9008310">
<time>2026-01-01T00:09:04.000Z</time>
</wpt>
<wpt lat="35.7272077" lon="139.9010266">
<time>2026-01-01T00:09:05.000Z</time>
</wpt>
<wpt lat="35.7272543" lon="139.9012221">
<time>2026-01-01T00:09:06.000Z</time>
</wpt>
<wpt lat="35.7273008" lon="139.9014176">
<time>2026-01-01T00:09:07.000Z</time>
</wpt>
<wpt lat="35.7273474" lon="139.9016131">
<time>2026-01-01T00:09:08.000Z</time>
</wpt>
<wpt lat="35.7273940" lon="139.9018086">
<time>2026-01-01T00:09:09.000Z</time>
</wpt>
<wpt lat="35.7274406" lon="139.9020041">
<time>2026-01-01T00:09:10.000Z</time>
</wpt>
<wpt lat="35.7274872" lon="139.9021996">
<time>2026-01-01T00:09:11.000Z</time>
</wpt>
<wpt lat="35.7275338" lon="139.9023952">
<time>2026-01-01T00:09:12.000Z</time>
</wpt>
<wpt lat="35.7275803" lon="139.9025907">
<time>2026-01-01T00:09:13.000Z</time>
</wpt>
<wpt lat="35.7276269" lon="139.9027862">
<time>2026-01-01T00:09:14.000Z</time>
</wpt>
<wpt lat="35.7276735" lon="139.9029817">
<time>2026-01-01T00:09:15.000Z</time>
</wpt>
<wpt lat="35.7277201" lon="139.9031772">
<time>2026-01-01T00:09:16.000Z</time>
</wpt>
<wpt lat="35.7277667" lon="139.9033727">
<time>2026-01-01T00:09:17.000Z</time>
</wpt>
<wpt lat="35.7278133" lon="139.9035682">
<time>2026-01-01T00:09:18.000Z</time>
</wpt>
<wpt lat="35.7278598" lon="139.9037638">
<time>2026-01-01T00:09:19.000Z</time>
</wpt>
<wpt lat="35.7279064" lon="139.9039593">
<time>2026-01-01T00:09:20.000Z</time>
</wpt>
<wpt lat="35.7279530" lon="139.9041548">
<time>2026-01-01T00:09:21.000Z</time>
</wpt>
<wpt lat="35.7279996" lon="139.9043503">
<time>2026-01-01T00:09:22.000Z</time>
</wpt>
<wpt lat="35.7280462" lon="139.9045458">
<time>2026-01-01T00:09:23.000Z</time>
</wpt>
<wpt lat="35.7280928" lon="139.9047413">
<time>2026-01-01T00:09:24.000Z</time>
</wpt>
<wpt lat="35.7281393" lon="139.9049368">
<time>2026-01-01T00:09:25.000Z</time>
</wpt>
<wpt lat="35.7281859" lon="139.9051324">
<time>2026-01-01T00:09:26.000Z</time>
</wpt>
<wpt lat="35.7282325" lon="139.9053279">
<time>2026-01-01T00:09:27.000Z</time>
</wpt>
<wpt lat="35.7282791" lon="139.9055234">
<time>2026-01-01T00:09:28.000Z</time>
</wpt>
<wpt lat="35.7283257" lon="139.9057189">
<time>2026-01-01T00:09:29.000Z</time>
</wpt>
<wpt lat="35.7283723" lon="139.9059144">
<time>2026-01-01T00:09:30.000Z</time>
</wpt>
<wpt lat="35.7284169" lon="139.9061017">
<time>2026-01-01T00:09:31.000Z</time>
</wpt>
<wpt lat="35.7284595" lon="139.9062808">
<time>2026-01-01T00:09:32.000Z</time>
</wpt>
<wpt lat="35.7285003" lon="139.9064516">
<time>2026-01-01T00:09:33.000Z</time>
</wpt>
<wpt lat="35.7285390" lon="139.9066143">
<time>2026-01-01T00:09:34.000Z</time>
</wpt>
<wpt lat="35.7285758" lon="139.9067687">
<time>2026-01-01T00:09:35.000Z</time>
</wpt>
<wpt lat="35.7286106" lon="139.9069148">
<time>2026-01-01T00:09:36.000Z</time>
</wpt>
<wpt lat="35.7286435" lon="139.9070528">
<time>2026-01-01T00:09:37.000Z</time>
</wpt>
<wpt lat="35.7286744" lon="139.9071825">
<time>2026-01-01T00:09:38.000Z</time>
</wpt>
<wpt lat="35.7287034" lon="139.9073041">
<time>2026-01-01T00:09:39.000Z</time>
</wpt>
<wpt lat="35.7287303" lon="139.9074174">
<time>2026-01-01T00:09:40.000Z</time>
</wpt>
<wpt lat="35.7287554" lon="139.9075224">
<time>2026-01-01T00:09:41.000Z</time>
</wpt>
<wpt lat="35.7287785" lon="139.9076193">
<time>2026-01-01T00:09:42.000Z</time>
</wpt>
<wpt lat="35.7287996" lon="139.9077079">
<time>2026-01-01T00:09:43.000Z</time>
</wpt>
<wpt lat="35.7288187" lon="139.9077883">
<time>2026-01-01T00:09:44.000Z</time>
</wpt>
<wpt lat="35.7288359" lon="139.9078605">
<time>2026-01-01T00:09:45.000Z</time>
</wpt>
<wpt lat="35.7288512" lon="139.9079245">
<time>2026-01-01T00:09:46.000Z</time>
</wpt>
<wpt lat="35.7288645" lon="139.9079802">
<time>2026-01-01T00:09:47.000Z</time>
</wpt>
<wpt lat="35.7288758" lon="139.9080277">
<time>2026-01-01T00:09:48.000Z</time>
</wpt>
<wpt lat="35.7288851" lon="139.9080670">
<time>2026-01-01T00:09:49.000Z</time>
</wpt>
<wpt lat="35.7288925" lon="139.9080981">
<time>2026-01-01T00:09:50.000Z</time>
</wpt>
<wpt lat="35.7288980" lon="139.9081210">
<time>2026-01-01T00:09:51.000Z</time>
</wpt>
<wpt lat="35.7289015" lon="139.9081356">
<time>2026-01-01T00:09:52.000Z</time>
</wpt>
<wpt lat="35.7289030" lon="139.9081420">
<time>2026-01-01T00:09:53.000Z</time>
</wpt>
<wpt lat="35.7289030" lon="139.9081420">
<time>2026-01-01T00:09:54.000Z</time>
</wpt>
<wpt lat="35.7289030" lon="139.9081420">
<time>2026-01-01T00:09:55.000Z</time>
</wpt>
<wpt lat="35.7289030" lon="139.9081420">
<time>2026-01-01T00:09:56.000Z</time>
</wpt>
<wpt lat="35.7289030" lon="139.9081420">
<time>2026-01-01T00:09:57.000Z</time>
</wpt>
<wpt lat="35.7289030" lon="139.9081420">
<time>2026-01-01T00:09:58.000Z</time>
</wpt>
<wpt lat="35.7289030" lon="139.9081420">
<time>2026-01-01T00:09:59.000Z</time>
</wpt>
<wpt lat="35.7289030" lon="139.9081420">
<time>2026-01-01T00:10:00.000Z</time>
</wpt>
<wpt lat="35.7289030" lon="139.9081420">
<time>2026-01-01T00:10:01.000Z</time>
</wpt>
<wpt lat="35.7289030" lon="139.9081420">
<time>2026-01-01T00:10:02.000Z</time>
</wpt>
<wpt lat="35.7289030" lon="139.9081420">
<time>2026-01-01T00:10:03.000Z</time>
</wpt>
<wpt lat="35.7289030" lon="139.9081420">
<time>2026-01-01T00:10:04.000Z</time>
</wpt>
<wpt lat="35.7289030" lon="139.9081420">
<time>2026-01-01T00:10:05.000Z</time>
</wpt>
<wpt lat="35.7289030" lon="139.9081420">
<time>2026-01-01T00:10:06.000Z</time>
</wpt>
<wpt lat="35.7289030" lon="139.9081420">
<time>2026-01-01T00:10:07.000Z</time>
</wpt>
<wpt lat="35.7289030" lon="139.9081420">
<time>2026-01-01T00:10:08.000Z</time>
</wpt>
<wpt lat="35.7289030" lon="139.9081420">
<time>2026-01-01T00:10:09.000Z</time>
</wpt>
<wpt lat="35.7289030" lon="139.9081420">
<time>2026-01-01T00:10:10.000Z</time>
</wpt>
<wpt lat="35.7289030" lon="139.9081420">
<time>2026-01-01T00:10:11.000Z</time>
</wpt>
<wpt lat="35.7289030" lon="139.9081420">
<time>2026-01-01T00:10:12.000Z</time>
</wpt>
<wpt lat="35.7289030" lon="139.9081420">
<time>2026-01-01T00:10:13.000Z</time>
</wpt>
<wpt lat="35.7289030" lon="139.9081420">
<time>2026-01-01T00:10:14.000Z</time>
</wpt>
<wpt lat="35.7289030" lon="139.9081420">
<time>2026-01-01T00:10:15.000Z</time>
</wpt>
<wpt lat="35.7289030" lon="139.9081420">
<time>2026-01-01T00:10:16.000Z</time>
</wpt>
<wpt lat="35.7289030" lon="139.9081420">
<time>2026-01-01T00:10:17.000Z</time>
</wpt>
<wpt lat="35.7289030" lon="139.9081420">
<time>2026-01-01T00:10:18.000Z</time>
</wpt>
<wpt lat="35.7289030" lon="139.9081420">
<time>2026-01-01T00:10:19.000Z</time>
</wpt>
<wpt lat="35.7289030" lon="139.9081420">
<time>2026-01-01T00:10:20.000Z</time>
</wpt>
<wpt lat="35.7289030" lon="139.9081420">
<time>2026-01-01T00:10:21.000Z</time>
</wpt>
<wpt lat="35.7289030" lon="139.9081420">
<time>2026-01-01T00:10:22.000Z</time>
</wpt>
<wpt lat="35.7289030" lon="139.9081420">
<time>2026-01-01T00:10:23.000Z</time>
</wpt>
<wpt lat="35.7289030" lon="139.9081420">
<time>2026-01-01T00:10:24.000Z</time>
</wpt>
<wpt lat="35.7289030" lon="139.9081420">
<time>2026-01-01T00:10:25.000Z</time>
</wpt>
<wpt lat="35.7289030" lon="139.9081420">
<time>2026-01-01T00:10:26.000Z</time>
</wpt>
<wpt lat="35.7289030" lon="139.9081420">
<time>2026-01-01T00:10:27.000Z</time>
</wpt>
<wpt lat="35.7289030" lon="139.9081420">
<time>2026-01-01T00:10:28.000Z</time>
</wpt>
<wpt lat="35.7289030" lon="139.9081420">
<time>2026-01-01T00:10:29.000Z</time>
</wpt>
<wpt lat="35.7289030" lon="139.9081420">
<time>2026-01-01T00:10:30.000Z</time>
</wpt>
<wpt lat="35.7289005" lon="139.9081490">
<time>2026-01-01T00:10:31.000Z</time>
</wpt>
<wpt lat="35.7288956" lon="139.9081630">
<time>2026-01-01T00:10:32.000Z</time>
</wpt>
<wpt lat="35.7288882" lon="139.9081840">
<time>2026-01-01T00:10:33.000Z</time>
</wpt>
<wpt lat="35.7288783" lon="139.9082120">
<time>2026-01-01T00:10:34.000Z</time>
</wpt>
<wpt lat="35.7288659" lon="139.9082470">
<time>2026-01-01T00:10:35.000Z</time>
</wpt>
<wpt lat="35.7288511" lon="139.9082890">
<time>2026-01-01T00:10:36.000Z</time>
</wpt>
<wpt lat="35.7288338" lon="139.9083381">
<time>2026-01-01T00:10:37.000Z</time>
</wpt>
<wpt lat="35.7288140" lon="139.9083941">
<time>2026-01-01T00:10:38.000Z</time>
</wpt>
<wpt lat="35.7287917" lon="139.9084571">
<time>2026-01-01T00:10:39.000Z</time>
</wpt>
<wpt lat="35.7287670" lon="139.9085271">
<time>2026-01-01T00:10:40.000Z</time>
</wpt>
<wpt lat="35.7287398" lon="139.9086041">
<time>2026-01-01T00:10:41.000Z</time>
</wpt>
<wpt lat="35.7287101" lon="139.9086882">
<time>2026-01-01T00:10:42.000Z</time>
</wpt>
<wpt lat="35.7286780" lon="139.9087792">
<time>2026-01-01T00:10:43.000Z</time>
</wpt>
<wpt lat="35.7286434" lon="139.9088772">
<time>2026-01-01T00:10:44.000Z</time>
</wpt>
<wpt lat="35.7286063" lon="139.9089822">
<time>2026-01-01T00:10:45.000Z</time>
</wpt>
<wpt lat="35.7285667" lon="139.9090943">
<time>2026-01-01T00:10:46.000Z</time>
</wpt>
<wpt lat="35.7285247" lon="139.9092133">
<time>2026-01-01T00:10:47.000Z</time>
</wpt>
<wpt lat="35.7284802" lon="139.9093393">
<time>2026-01-01T00:10:48.000Z</time>
</wpt>
<wpt lat="35.7284332" lon="139.9094724">
<time>2026-01-01T00:10:49.000Z</time>
</wpt>
<wpt lat="35.7283837" lon="139.9096124">
<time>2026-01-01T00:10:50.000Z</time>
</wpt>
<wpt lat="35.7283318" lon="139.9097595">
<time>2026-01-01T00:10:51.000Z</time>
</wpt>
<wpt lat="35.7282774" lon="139.9099135">
<time>2026-01-01T00:10:52.000Z</time>
</wpt>
<wpt lat="35.7282205" lon="139.9100746">
<time>2026-01-01T00:10:53.000Z</time>
</wpt>
<wpt lat="35.7281612" lon="139.9102426">
<time>2026-01-01T00:10:54.000Z</time>
</wpt>
<wpt lat="35.7280994" lon="139.9104177">
<time>2026-01-01T00:10:55.000Z</time>
</wpt>
<wpt lat="35.7280351" lon="139.9105997">
<time>2026-01-01T00:10:56.000Z</time>
</wpt>
<wpt lat="35.7279688" lon="139.9107874">
<time>2026-01-01T00:10:57.000Z</time>
</wpt>
<wpt lat="35.7279026" lon="139.9109750">
<time>2026-01-01T00:10:58.000Z</time>
</wpt>
<wpt lat="35.7278363" lon="139.9111627">
<time>2026-01-01T00:10:59.000Z</time>
</wpt>
<wpt lat="35.7277700" lon="139.9113503">
<time>2026-01-01T00:11:00.000Z</time>
</wpt>
<wpt lat="35.7277038" lon="139.9115379">
<time>2026-01-01T00:11:01.000Z</time>
</wpt>
<wpt lat="35.7276375" lon="139.9117256">
<time>2026-01-01T00:11:02.000Z</time>
</wpt>
<wpt lat="35.7275712" lon="139.9119132">
<time>2026-01-01T00:11:03.000Z</time>
</wpt>
<wpt lat="35.7275050" lon="139.9121009">
<time>2026-01-01T00:11:04.000Z</time>
</wpt>
<wpt lat="35.7274387" lon="139.9122885">
<time>2026-01-01T00:11:05.000Z</time>
</wpt>
<wpt lat="35.7273724" lon="139.9124762">
<time>2026-01-01T00:11:06.000Z</time>
</wpt>
<wpt lat="35.7273062" lon="139.9126638">
<time>2026-01-01T00:11:07.000Z</time>
</wpt>
<wpt lat="35.7272399" lon="139.9128515">
<time>2026-01-01T00:11:08.000Z</time>
</wpt>
<wpt lat="35.7271736" lon="139.9130391">
<time>2026-01-01T00:11:09.000Z</time>
</wpt>
<wpt lat="35.7271074" lon="139.9132268">
<time>2026-01-01T00:11:10.000Z</time>
</wpt>
<wpt lat="35.7270411" lon="139.9134144">
<time>2026-01-01T00:11:11.000Z</time>
</wpt>
<wpt lat="35.7269748" lon="139.9136021">
<time>2026-01-01T00:11:12.000Z</time>
</wpt>
<wpt lat="35.7269086" lon="139.9137897">
<time>2026-01-01T00:11:13.000Z</time>
</wpt>
<wpt lat="35.7268423" lon="139.9139774">
<time>2026-01-01T00:11:14.000Z</time>
</wpt>
<wpt lat="35.7267760" lon="139.9141650">
<time>2026-01-01T00:11:15.000Z</time>
</wpt>
<wpt lat="35.7267098" lon="139.9143527">
<time>2026-01-01T00:11:16.000Z</time>
</wpt>
<wpt lat="35.7266435" lon="139.9145403">
<time>2026-01-01T00:11:17.000Z</time>
</wpt>
<wpt lat="35.7265772" lon="139.9147280">
<time>2026-01-01T00:11:18.000Z</time>
</wpt>
<wpt lat="35.7265110" lon="139.9149156">
<time>2026-01-01T00:11:19.000Z</time>
</wpt>
<wpt lat="35.7264447" lon="139.9151033">
<time>2026-01-01T00:11:20.000Z</time>
</wpt>
<wpt lat="35.7263784" lon="139.9152909">
<time>2026-01-01T00:11:21.000Z</time>
</wpt>
<wpt lat="35.7263122" lon="139.9154786">
<time>2026-01-01T00:11:22.000Z</time>
</wpt>
<wpt lat="35.7262459" lon="139.9156662">
<time>2026-01-01T00:11:23.000Z</time>
</wpt>
<wpt lat="35.7261796" lon="139.9158539">
<time>2026-01-01T00:11:24.000Z</time>
</wpt>
<wpt lat="35.7261134" lon="139.9160415">
<time>2026-01-01T00:11:25.000Z</time>
</wpt>
<wpt lat="35.7260471" lon="139.9162292">
<time>2026-01-01T00:11:26.000Z</time>
</wpt>
<wpt lat="35.7259808" lon="139.9164168">
<time>2026-01-01T00:11:27.000Z</time>
</wpt>
<wpt lat="35.7259146" lon="139.9166045">
<time>2026-01-01T00:11:28.000Z</time>
</wpt>
<wpt lat="35.7258483" lon="139.9167921">
<time>2026-01-01T00:11:29.000Z</time>
</wpt>
<wpt lat="35.7257820" lon="139.9169798">
<time>2026-01-01T00:11:30.000Z</time>
</wpt>
<wpt lat="35.7257158" lon="139.9171674">
<time>2026-01-01T00:11:31.000Z</time>
</wpt>
<wpt lat="35.7256495" lon="139.9173551">
<time>2026-01-01T00:11:32.000Z</time>
</wpt>
<wpt lat="35.7255833" lon="139.9175427">
<time>2026-01-01T00:11:33.000Z</time>
</wpt>
<wpt lat="35.7255170" lon="139.9177304">
<time>2026-01-01T00:11:34.000Z</time>
</wpt>
<wpt lat="35.7254507" lon="139.9179180">
<time>2026-01-01T00:11:35.000Z</time>
</wpt>
<wpt lat="35.7253845" lon="139.9181057">
<time>2026-01-01T00:11:36.000Z</time>
</wpt>
<wpt lat="35.7253182" lon="139.9182933">
<time>2026-01-01T00:11:37.000Z</time>
</wpt>
<wpt lat="35.7252519" lon="139.9184810">
<time>2026-01-01T00:11:38.000Z</time>
</wpt>
<wpt lat="35.7251857" lon="139.9186686">
<time>2026-01-01T00:11:39.000Z</time>
</wpt>
<wpt lat="35.7251194" lon="139.9188563">
<time>2026-01-01T00:11:40.000Z</time>
</wpt>
<wpt lat="35.7250531" lon="139.9190439">
<time>2026-01-01T00:11:41.000Z</time>
</wpt>
<wpt lat="35.7249869" lon="139.9192316">
<time>2026-01-01T00:11:42.000Z</time>
</wpt>
<wpt lat="35.7249206" lon="139.9194192">
<time>2026-01-01T00:11:43.000Z</time>
</wpt>
<wpt lat="35.7248543" lon="139.9196069">
<time>2026-01-01T00:11:44.000Z</time>
</wpt>
<wpt lat="35.7247881" lon="139.9197945">
<time>2026-01-01T00:11:45.000Z</time>
</wpt>
<wpt lat="35.7247218" lon="139.9199822">
<time>2026-01-01T00:11:46.000Z</time>
</wpt>
<wpt lat="35.7246555" lon="139.9201698">
<time>2026-01-01T00:11:47.000Z</time>
</wpt>
<wpt lat="35.7245893" lon="139.9203575">
<time>2026-01-01T00:11:48.000Z</time>
</wpt>
<wpt lat="35.7245230" lon="139.9205451">
<time>2026-01-01T00:11:49.000Z</time>
</wpt>
<wpt lat="35.7244567" lon="139.9207327">
<time>2026-01-01T00:11:50.000Z</time>
</wpt>
<wpt lat="35.7243905" lon="139.9209204">
<time>2026-01-01T00:11:51.000Z</time>
</wpt>
<wpt lat="35.7243242" lon="139.9211080">
<time>2026-01-01T00:11:52.000Z</time>
</wpt>
<wpt lat="35.7242579" lon="139.9212957">
<time>2026-01-01T00:11:53.000Z</time>
</wpt>
<wpt lat="35.7241917" lon="139.9214833">
<time>2026-01-01T00:11:54.000Z</time>
</wpt>
<wpt lat="35.7241254" lon="139.9216710">
<time>2026-01-01T00:11:55.000Z</time>
</wpt>
<wpt lat="35.7240591" lon="139.9218586">
<time>2026-01-01T00:11:56.000Z</time>
</wpt>
<wpt lat="35.7239929" lon="139.9220463">
<time>2026-01-01T00:11:57.000Z</time>
</wpt>
<wpt lat="35.7239266" lon="139.9222339">
<time>2026-01-01T00:11:58.000Z</time>
</wpt>
<wpt lat="35.7238603" lon="139.9224216">
<time>2026-01-01T00:11:59.000Z</time>
</wpt>
<wpt lat="35.7237941" lon="139.9226092">
<time>2026-01-01T00:12:00.000Z</time>
</wpt>
<wpt lat="35.7237278" lon="139.9227969">
<time>2026-01-01T00:12:01.000Z</time>
</wpt>
<wpt lat="35.7236615" lon="139.9229845">
<time>2026-01-01T00:12:02.000Z</time>
</wpt>
<wpt lat="35.7235953" lon="139.9231722">
<time>2026-01-01T00:12:03.000Z</time>
</wpt>
<wpt lat="35.7235290" lon="139.9233598">
<time>2026-01-01T00:12:04.000Z</time>
</wpt>
<wpt lat="35.7234627" lon="139.9235475">
<time>2026-01-01T00:12:05.000Z</time>
</wpt>
<wpt lat="35.7233965" lon="139.9237351">
<time>2026-01-01T00:12:06.000Z</time>
</wpt>
<wpt lat="35.7233302" lon="139.9239228">
<time>2026-01-01T00:12:07.000Z</time>
</wpt>
<wpt lat="35.7232639" lon="139.9241104">
<time>2026-01-01T00:12:08.000Z</time>
</wpt>
<wpt lat="35.7231977" lon="139.9242981">
<time>2026-01-01T00:12:09.000Z</time>
</wpt>
<wpt lat="35.7231314" lon="139.9244857">
<time>2026-01-01T00:12:10.000Z</time>
</wpt>
<wpt lat="35.7230651" lon="139.9246734">
<time>2026-01-01T00:12:11.000Z</time>
</wpt>
<wpt lat="35.7229989" lon="139.9248610">
<time>2026-01-01T00:12:12.000Z</time>
</wpt>
<wpt lat="35.7229326" lon="139.9250487">
<time>2026-01-01T00:12:13.000Z</time>
</wpt>
<wpt lat="35.7228663" lon="139.9252363">
<time>2026-01-01T00:12:14.000Z</time>
</wpt>
<wpt lat="35.7228001" lon="139.9254240">
<time>2026-01-01T00:12:15.000Z</time>
</wpt>
<wpt lat="35.7227338" lon="139.9256116">
<time>2026-01-01T00:12:16.000Z</time>
</wpt>
<wpt lat="35.7226675" lon="139.9257993">
<time>2026-01-01T00:12:17.000Z</time>
</wpt>
<wpt lat="35.7226013" lon="139.9259869">
<time>2026-01-01T00:12:18.000Z</time>
</wpt>
<wpt lat="35.7225350" lon="139.9261746">
<time>2026-01-01T00:12:19.000Z</time>
</wpt>
<wpt lat="35.7224688" lon="139.9263622">
<time>2026-01-01T00:12:20.000Z</time>
</wpt>
<wpt lat="35.7224025" lon="139.9265499">
<time>2026-01-01T00:12:21.000Z</time>
</wpt>
<wpt lat="35.7223362" lon="139.9267375">
<time>2026-01-01T00:12:22.000Z</time>
</wpt>
<wpt lat="35.7222700" lon="139.9269252">
<time>2026-01-01T00:12:23.000Z</time>
</wpt>
<wpt lat="35.7222037" lon="139.9271128">
<time>2026-01-01T00:12:24.000Z</time>
</wpt>
<wpt lat="35.7221374" lon="139.9273005">
<time>2026-01-01T00:12:25.000Z</time>
</wpt>
<wpt lat="35.7220712" lon="139.9274881">
<time>2026-01-01T00:12:26.000Z</time>
</wpt>
<wpt lat="35.7220049" lon="139.9276758">
<time>2026-01-01T00:12:27.000Z</time>
</wpt>
<wpt lat="35.7219386" lon="139.9278634">
<time>2026-01-01T00:12:28.000Z</time>
</wpt>
<wpt lat="35.7218724" lon="139.9280511">
<time>2026-01-01T00:12:29.000Z</time>
</wpt>
<wpt lat="35.7218061" lon="139.9282387">
<time>2026-01-01T00:12:30.000Z</time>
</wpt>
<wpt lat="35.7217398" lon="139.9284264">
<time>2026-01-01T00:12:31.000Z</time>
</wpt>
<wpt lat="35.7216736" lon="139.9286140">
<time>2026-01-01T00:12:32.000Z</time>
</wpt>
<wpt lat="35.7216073" lon="139.9288017">
<time>2026-01-01T00:12:33.000Z</time>
</wpt>
<wpt lat="35.7215410" lon="139.9289893">
<time>2026-01-01T00:12:34.000Z</time>
</wpt>
<wpt lat="35.7214748" lon="139.9291770">
<time>2026-01-01T00:12:35.000Z</time>
</wpt>
<wpt lat="35.7214085" lon="139.9293646">
<time>2026-01-01T00:12:36.000Z</time>
</wpt>
<wpt lat="35.7213422" lon="139.9295523">
<time>2026-01-01T00:12:37.000Z</time>
</wpt>
<wpt lat="35.7212760" lon="139.9297399">
<time>2026-01-01T00:12:38.000Z</time>
</wpt>
<wpt lat="35.7212097" lon="139.9299275">
<time>2026-01-01T00:12:39.000Z</time>
</wpt>
<wpt lat="35.7211434" lon="139.9301152">
<time>2026-01-01T00:12:40.000Z</time>
</wpt>
<wpt lat="35.7210772" lon="139.9303028">
<time>2026-01-01T00:12:41.000Z</time>
</wpt>
<wpt lat="35.7210109" lon="139.9304905">
<time>2026-01-01T00:12:42.000Z</time>
</wpt>
<wpt lat="35.7209446" lon="139.9306781">
<time>2026-01-01T00:12:43.000Z</time>
</wpt>
<wpt lat="35.7208784" lon="139.9308658">
<time>2026-01-01T00:12:44.000Z</time>
</wpt>
<wpt lat="35.7208121" lon="139.9310534">
<time>2026-01-01T00:12:45.000Z</time>
</wpt>
<wpt lat="35.7207458" lon="139.9312411">
<time>2026-01-01T00:12:46.000Z</time>
</wpt>
<wpt lat="35.7206796" lon="139.9314287">
<time>2026-01-01T00:12:47.000Z</time>
</wpt>
<wpt lat="35.7206133" lon="139.9316164">
<time>2026-01-01T00:12:48.000Z</time>
</wpt>
<wpt lat="35.7205470" lon="139.9318040">
<time>2026-01-01T00:12:49.000Z</time>
</wpt>
<wpt lat="35.7204808" lon="139.9319917">
<time>2026-01-01T00:12:50.000Z</time>
</wpt>
<wpt lat="35.7204145" lon="139.9321793">
<time>2026-01-01T00:12:51.000Z</time>
</wpt>
<wpt lat="35.7203482" lon="139.9323670">
<time>2026-01-01T00:12:52.000Z</time>
</wpt>
<wpt lat="35.7202820" lon="139.9325546">
<time>2026-01-01T00:12:53.000Z</time>
</wpt>
<wpt lat="35.7202157" lon="139.9327423">
<time>2026-01-01T00:12:54.000Z</time>
</wpt>
<wpt lat="35.7201494" lon="139.9329299">
<time>2026-01-01T00:12:55.000Z</time>
</wpt>
<wpt lat="35.7200832" lon="139.9331176">
<time>2026-01-01T00:12:56.000Z</time>
</wpt>
<wpt lat="35.7200169" lon="139.9333052">
<time>2026-01-01T00:12:57.000Z</time>
</wpt>
<wpt lat="35.7199506" lon="139.9334929">
<time>2026-01-01T00:12:58.000Z</time>
</wpt>
<wpt lat="35.7198844" lon="139.9336805">
<time>2026-01-01T00:12:59.000Z</time>
</wpt>
<wpt lat="35.7198181" lon="139.9338682">
<time>2026-01-01T00:13:00.000Z</time>
</wpt>
<wpt lat="35.7197518" lon="139.9340558">
<time>2026-01-01T00:13:01.000Z</time>
</wpt>
<wpt lat="35.7196856" lon="139.9342435">
<time>2026-01-01T00:13:02.000Z</time>
</wpt>
<wpt lat="35.7196193" lon="139.9344311">
<time>2026-01-01T00:13:03.000Z</time>
</wpt>
<wpt lat="35.7195530" lon="139.9346188">
<time>2026-01-01T00:13:04.000Z</time>
</wpt>
<wpt lat="35.7194868" lon="139.9348064">
<time>2026-01-01T00:13:05.000Z</time>
</wpt>
<wpt lat="35.7194205" lon="139.9349941">
<time>2026-01-01T00:13:06.000Z</time>
</wpt>
<wpt lat="35.7193543" lon="139.9351817">
<time>2026-01-01T00:13:07.000Z</time>
</wpt>
<wpt lat="35.7192880" lon="139.9353694">
<time>2026-01-01T00:13:08.000Z</time>
</wpt>
<wpt lat="35.7192217" lon="139.9355570">
<time>2026-01-01T00:13:09.000Z</time>
</wpt>
<wpt lat="35.7191555" lon="139.9357447">
<time>2026-01-01T00:13:10.000Z</time>
</wpt>
<wpt lat="35.7190892" lon="139.9359323">
<time>2026-01-01T00:13:11.000Z</time>
</wpt>
<wpt lat="35.7190229" lon="139.9361200">
<time>2026-01-01T00:13:12.000Z</time>
</wpt>
<wpt lat="35.7189567" lon="139.9363076">
<time>2026-01-01T00:13:13.000Z</time>
</wpt>
<wpt lat="35.7188904" lon="139.9364953">
<time>2026-01-01T00:13:14.000Z</time>
</wpt>
<wpt lat="35.7188241" lon="139.9366829">
<time>2026-01-01T00:13:15.000Z</time>
</wpt>
<wpt lat="35.7187579" lon="139.9368706">
<time>2026-01-01T00:13:16.000Z</time>
</wpt>
<wpt lat="35.7186916" lon="139.9370582">
<time>2026-01-01T00:13:17.000Z</time>
</wpt>
<wpt lat="35.7186253" lon="139.9372459">
<time>2026-01-01T00:13:18.000Z</time>
</wpt>
<wpt lat="35.7185591" lon="139.9374335">
<time>2026-01-01T00:13:19.000Z</time>
</wpt>
<wpt lat="35.7184928" lon="139.9376212">
<time>2026-01-01T00:13:20.000Z</time>
</wpt>
<wpt lat="35.7184265" lon="139.9378088">
<time>2026-01-01T00:13:21.000Z</time>
</wpt>
<wpt lat="35.7183603" lon="139.9379965">
<time>2026-01-01T00:13:22.000Z</time>
</wpt>
<wpt lat="35.7182940" lon="139.9381841">
<time>2026-01-01T00:13:23.000Z</time>
</wpt>
<wpt lat="35.7182277" lon="139.9383718">
<time>2026-01-01T00:13:24.000Z</time>
</wpt>
<wpt lat="35.7181615" lon="139.9385594">
<time>2026-01-01T00:13:25.000Z</time>
</wpt>
<wpt lat="35.7180952" lon="139.9387471">
<time>2026-01-01T00:13:26.000Z</time>
</wpt>
<wpt lat="35.7180289" lon="139.9389347">
<time>2026-01-01T00:13:27.000Z</time>
</wpt>
<wpt lat="35.7179627" lon="139.9391223">
<time>2026-01-01T00:13:28.000Z</time>
</wpt>
<wpt lat="35.7178964" lon="139.9393100">
<time>2026-01-01T00:13:29.000Z</time>
</wpt>
<wpt lat="35.7178301" lon="139.9394976">
<time>2026-01-01T00:13:30.000Z</time>
</wpt>
<wpt lat="35.7177639" lon="139.9396853">
<time>2026-01-01T00:13:31.000Z</time>
</wpt>
<wpt lat="35.7176976" lon="139.9398729">
<time>2026-01-01T00:13:32.000Z</time>
</wpt>
<wpt lat="35.7176313" lon="139.9400606">
<time>2026-01-01T00:13:33.000Z</time>
</wpt>
<wpt lat="35.7175651" lon="139.9402482">
<time>2026-01-01T00:13:34.000Z</time>
</wpt>
<wpt lat="35.7174988" lon="139.9404359">
<time>2026-01-01T00:13:35.000Z</time>
</wpt>
<wpt lat="35.7174325" lon="139.9406235">
<time>2026-01-01T00:13:36.000Z</time>
</wpt>
<wpt lat="35.7173663" lon="139.9408112">
<time>2026-01-01T00:13:37.000Z</time>
</wpt>
<wpt lat="35.7173000" lon="139.9409988">
<time>2026-01-01T00:13:38.000Z</time>
</wpt>
<wpt lat="35.7172337" lon="139.9411865">
<time>2026-01-01T00:13:39.000Z</time>
</wpt>
<wpt lat="35.7171675" lon="139.9413741">
<time>2026-01-01T00:13:40.000Z</time>
</wpt>
<wpt lat="35.7171012" lon="139.9415618">
<time>2026-01-01T00:13:41.000Z</time>
</wpt>
<wpt lat="35.7170349" lon="139.9417494">
<time>2026-01-01T00:13:42.000Z</time>
</wpt>
<wpt lat="35.7169687" lon="139.9419371">
<time>2026-01-01T00:13:43.000Z</time>
</wpt>
<wpt lat="35.7169024" lon="139.9421247">
<time>2026-01-01T00:13:44.000Z</time>
</wpt>
<wpt lat="35.7168361" lon="139.9423124">
<time>2026-01-01T00:13:45.000Z</time>
</wpt>
<wpt lat="35.7167699" lon="139.9425000">
<time>2026-01-01T00:13:46.000Z</time>
</wpt>
<wpt lat="35.7167036" lon="139.9426877">
<time>2026-01-01T00:13:47.000Z</time>
</wpt>
<wpt lat="35.7166373" lon="139.9428753">
<time>2026-01-01T00:13:48.000Z</time>
</wpt>
<wpt lat="35.7165711" lon="139.9430630">
<time>2026-01-01T00:13:49.000Z</time>
</wpt>
<wpt lat="35.7165048" lon="139.9432506">
<time>2026-01-01T00:13:50.000Z</time>
</wpt>
<wpt lat="35.7164385" lon="139.9434383">
<time>2026-01-01T00:13:51.000Z</time>
</wpt>
<wpt lat="35.7163723" lon="139.9436259">
<time>2026-01-01T00:13:52.000Z</time>
</wpt>
<wpt lat="35.7163060" lon="139.9438136">
<time>2026-01-01T00:13:53.000Z</time>
</wpt>
<wpt lat="35.7162398" lon="139.9440012">
<time>2026-01-01T00:13:54.000Z</time>
</wpt>
<wpt lat="35.7161735" lon="139.9441889">
<time>2026-01-01T00:13:55.000Z</time>
</wpt>
<wpt lat="35.7161072" lon="139.9443765">
<time>2026-01-01T00:13:56.000Z</time>
</wpt>
<wpt lat="35.7160410" lon="139.9445642">
<time>2026-01-01T00:13:57.000Z</time>
</wpt>
<wpt lat="35.7159747" lon="139.9447518">
<time>2026-01-01T00:13:58.000Z</time>
</wpt>
<wpt lat="35.7159084" lon="139.9449395">
<time>2026-01-01T00:13:59.000Z</time>
</wpt>
<wpt lat="35.7158422" lon="139.9451271">
<time>2026-01-01T00:14:00.000Z</time>
</wpt>
<wpt lat="35.7157759" lon="139.9453148">
<time>2026-01-01T00:14:01.000Z</time>
</wpt>
<wpt lat="35.7157096" lon="139.9455024">
<time>2026-01-01T00:14:02.000Z</time>
</wpt>
<wpt lat="35.7156434" lon="139.9456901">
<time>2026-01-01T00:14:03.000Z</time>
</wpt>
<wpt lat="35.7155771" lon="139.9458777">
<time>2026-01-01T00:14:04.000Z</time>
</wpt>
<wpt lat="35.7155108" lon="139.9460654">
<time>2026-01-01T00:14:05.000Z</time>
</wpt>
<wpt lat="35.7154446" lon="139.9462530">
<time>2026-01-01T00:14:06.000Z</time>
</wpt>
<wpt lat="35.7153783" lon="139.9464407">
<time>2026-01-01T00:14:07.000Z</time>
</wpt>
<wpt lat="35.7153120" lon="139.9466283">
<time>2026-01-01T00:14:08.000Z</time>
</wpt>
<wpt lat="35.7152458" lon="139.9468160">
<time>2026-01-01T00:14:09.000Z</time>
</wpt>
<wpt lat="35.7151795" lon="139.9470036">
<time>2026-01-01T00:14:10.000Z</time>
</wpt>
<wpt lat="35.7151132" lon="139.9471913">
<time>2026-01-01T00:14:11.000Z</time>
</wpt>
<wpt lat="35.7150470" lon="139.9473789">
<time>2026-01-01T00:14:12.000Z</time>
</wpt>
<wpt lat="35.7149807" lon="139.9475666">
<time>2026-01-01T00:14:13.000Z</time>
</wpt>
<wpt lat="35.7149144" lon="139.9477542">
<time>2026-01-01T00:14:14.000Z</time>
</wpt>
<wpt lat="35.7148482" lon="139.9479419">
<time>2026-01-01T00:14:15.000Z</time>
</wpt>
<wpt lat="35.7147819" lon="139.9481295">
<time>2026-01-01T00:14:16.000Z</time>
</wpt>
<wpt lat="35.7147156" lon="139.9483171">
<time>2026-01-01T00:14:17.000Z</time>
</wpt>
<wpt lat="35.7146494" lon="139.9485048">
<time>2026-01-01T00:14:18.000Z</time>
</wpt>
<wpt lat="35.7145831" lon="139.9486924">
<time>2026-01-01T00:14:19.000Z</time>
</wpt>
<wpt lat="35.7145168" lon="139.9488801">
<time>2026-01-01T00:14:20.000Z</time>
</wpt>
<wpt lat="35.7144506" lon="139.9490677">
<time>2026-01-01T00:14:21.000Z</time>
</wpt>
<wpt lat="35.7143843" lon="139.9492554">
<time>2026-01-01T00:14:22.000Z</time>
</wpt>
<wpt lat="35.7143180" lon="139.9494430">
<time>2026-01-01T00:14:23.000Z</time>
</wpt>
<wpt lat="35.7142518" lon="139.9496307">
<time>2026-01-01T00:14:24.000Z</time>
</wpt>
<wpt lat="35.7141855" lon="139.9498183">
<time>2026-01-01T00:14:25.000Z</time>
</wpt>
<wpt lat="35.7141192" lon="139.9500060">
<time>2026-01-01T00:14:26.000Z</time>
</wpt>
<wpt lat="35.7140530" lon="139.9501936">
<time>2026-01-01T00:14:27.000Z</time>
</wpt>
<wpt lat="35.7139867" lon="139.9503813">
<time>2026-01-01T00:14:28.000Z</time>
</wpt>
<wpt lat="35.7139204" lon="139.9505689">
<time>2026-01-01T00:14:29.000Z</time>
</wpt>
<wpt lat="35.7138542" lon="139.9507566">
<time>2026-01-01T00:14:30.000Z</time>
</wpt>
<wpt lat="35.7137879" lon="139.9509442">
<time>2026-01-01T00:14:31.000Z</time>
</wpt>
<wpt lat="35.7137216" lon="139.9511319">
<time>2026-01-01T00:14:32.000Z</time>
</wpt>
<wpt lat="35.7136554" lon="139.9513195">
<time>2026-01-01T00:14:33.000Z</time>
</wpt>
<wpt lat="35.7135891" lon="139.9515072">
<time>2026-01-01T00:14:34.000Z</time>
</wpt>
<wpt lat="35.7135228" lon="139.9516948">
<time>2026-01-01T00:14:35.000Z</time>
</wpt>
<wpt lat="35.7134566" lon="139.9518825">
<time>2026-01-01T00:14:36.000Z</time>
</wpt>
<wpt lat="35.7133903" lon="139.9520701">
<time>2026-01-01T00:14:37.000Z</time>
</wpt>
<wpt lat="35.7133240" lon="139.9522578">
<time>2026-01-01T00:14:38.000Z</time>
</wpt>
<wpt lat="35.7132578" lon="139.9524454">
<time>2026-01-01T00:14:39.000Z</time>
</wpt>
<wpt lat="35.7131915" lon="139.9526331">
<time>2026-01-01T00:14:40.000Z</time>
</wpt>
<wpt lat="35.7131253" lon="139.9528207">
<time>2026-01-01T00:14:41.000Z</time>
</wpt>
<wpt lat="35.7130590" lon="139.9530084">
<time>2026-01-01T00:14:42.000Z</time>
</wpt>
<wpt lat="35.7129927" lon="139.9531960">
<time>2026-01-01T00:14:43.000Z</time>
</wpt>
<wpt lat="35.7129265" lon="139.9533837">
<time>2026-01-01T00:14:44.000Z</time>
</wpt>
<wpt lat="35.7128602" lon="139.9535713">
<time>2026-01-01T00:14:45.000Z</time>
</wpt>
<wpt lat="35.7127939" lon="139.9537590">
<time>2026-01-01T00:14:46.000Z</time>
</wpt>
<wpt lat="35.7127277" lon="139.9539466">
<time>2026-01-01T00:14:47.000Z</time>
</wpt>
<wpt lat="35.7126614" lon="139.9541343">
<time>2026-01-01T00:14:48.000Z</time>
</wpt>
<wpt lat="35.7125951" lon="139.9543219">
<time>2026-01-01T00:14:49.000Z</time>
</wpt>
<wpt lat="35.7125289" lon="139.9545096">
<time>2026-01-01T00:14:50.000Z</time>
</wpt>
<wpt lat="35.7124626" lon="139.9546972">
<time>2026-01-01T00:14:51.000Z</time>
</wpt>
<wpt lat="35.7123963" lon="139.9548849">
<time>2026-01-01T00:14:52.000Z</time>
</wpt>
<wpt lat="35.7123301" lon="139.9550725">
<time>2026-01-01T00:14:53.000Z</time>
</wpt>
<wpt lat="35.7122638" lon="139.9552602">
<time>2026-01-01T00:14:54.000Z</time>
</wpt>
<wpt lat="35.7121975" lon="139.9554478">
<time>2026-01-01T00:14:55.000Z</time>
</wpt>
<wpt lat="35.7121313" lon="139.9556355">
<time>2026-01-01T00:14:56.000Z</time>
</wpt>
<wpt lat="35.7120650" lon="139.9558231">
<time>2026-01-01T00:14:57.000Z</time>
</wpt>
<wpt lat="35.7119987" lon="139.9560108">
<time>2026-01-01T00:14:58.000Z</time>
</wpt>
<wpt lat="35.7119325" lon="139.9561984">
<time>2026-01-01T00:14:59.000Z</time>
</wpt>
<wpt lat="35.7118662" lon="139.9563861">
<time>2026-01-01T00:15:00.000Z</time>
</wpt>
<wpt lat="35.7117999" lon="139.9565737">
<time>2026-01-01T00:15:01.000Z</time>
</wpt>
<wpt lat="35.7117337" lon="139.9567614">
<time>2026-01-01T00:15:02.000Z</time>
</wpt>
<wpt lat="35.7116674" lon="139.9569490">
<time>2026-01-01T00:15:03.000Z</time>
</wpt>
<wpt lat="35.7116011" lon="139.9571367">
<time>2026-01-01T00:15:04.000Z</time>
</wpt>
<wpt lat="35.7115349" lon="139.9573243">
<time>2026-01-01T00:15:05.000Z</time>
</wpt>
<wpt lat="35.7114686" lon="139.9575119">
<time>2026-01-01T00:15:06.000Z</time>
</wpt>
<wpt lat="35.7114023" lon="139.9576996">
<time>2026-01-01T00:15:07.000Z</time>
</wpt>
<wpt lat="35.7113361" lon="139.9578872">
<time>2026-01-01T00:15:08.000Z</time>
</wpt>
<wpt lat="35.7112698" lon="139.9580749">
<time>2026-01-01T00:15:09.000Z</time>
</wpt>
<wpt lat="35.7112035" lon="139.9582625">
<time>2026-01-01T00:15:10.000Z</time>
</wpt>
<wpt lat="35.7111373" lon="139.9584502">
<time>2026-01-01T00:15:11.000Z</time>
</wpt>
<wpt lat="35.7110710" lon="139.9586378">
<time>2026-01-01T00:15:12.000Z</time>
</wpt>
<wpt lat="35.7110047" lon="139.9588255">
<time>2026-01-01T00:15:13.000Z</time>
</wpt>
<wpt lat="35.7109385" lon="139.9590131">
<time>2026-01-01T00:15:14.000Z</time>
</wpt>
<wpt lat="35.7108722" lon="139.9592008">
<time>2026-01-01T00:15:15.000Z</time>
</wpt>
<wpt lat="35.7108059" lon="139.9593884">
<time>2026-01-01T00:15:16.000Z</time>
</wpt>
<wpt lat="35.7107397" lon="139.9595761">
<time>2026-01-01T00:15:17.000Z</time>
</wpt>
<wpt lat="35.7106734" lon="139.9597637">
<time>2026-01-01T00:15:18.000Z</time>
</wpt>
<wpt lat="35.7106071" lon="139.9599514">
<time>2026-01-01T00:15:19.000Z</time>
</wpt>
<wpt lat="35.7105409" lon="139.9601390">
<time>2026-01-01T00:15:20.000Z</time>
</wpt>
<wpt lat="35.7104746" lon="139.9603267">
<time>2026-01-01T00:15:21.000Z</time>
</wpt>
<wpt lat="35.7104083" lon="139.9605143">
<time>2026-01-01T00:15:22.000Z</time>
</wpt>
<wpt lat="35.7103421" lon="139.9607020">
<time>2026-01-01T00:15:23.000Z</time>
</wpt>
<wpt lat="35.7102758" lon="139.9608896">
<time>2026-01-01T00:15:24.000Z</time>
</wpt>
<wpt lat="35.7102095" lon="139.9610773">
<time>2026-01-01T00:15:25.000Z</time>
</wpt>
<wpt lat="35.7101433" lon="139.9612649">
<time>2026-01-01T00:15:26.000Z</time>
</wpt>
<wpt lat="35.7100770" lon="139.9614526">
<time>2026-01-01T00:15:27.000Z</time>
</wpt>
<wpt lat="35.7100108" lon="139.9616402">
<time>2026-01-01T00:15:28.000Z</time>
</wpt>
<wpt lat="35.7099445" lon="139.9618279">
<time>2026-01-01T00:15:29.000Z</time>
</wpt>
<wpt lat="35.7098782" lon="139.9620155">
<time>2026-01-01T00:15:30.000Z</time>
</wpt>
<wpt lat="35.7098120" lon="139.9622032">
<time>2026-01-01T00:15:31.000Z</time>
</wpt>
<wpt lat="35.7097457" lon="139.9623908">
<time>2026-01-01T00:15:32.000Z</time>
</wpt>
<wpt lat="35.7096794" lon="139.9625785">
<time>2026-01-01T00:15:33.000Z</time>
</wpt>
<wpt lat="35.7096132" lon="139.9627661">
<time>2026-01-01T00:15:34.000Z</time>
</wpt>
<wpt lat="35.7095469" lon="139.9629538">
<time>2026-01-01T00:15:35.000Z</time>
</wpt>
<wpt lat="35.7094806" lon="139.9631414">
<time>2026-01-01T00:15:36.000Z</time>
</wpt>
<wpt lat="35.7094144" lon="139.9633291">
<time>2026-01-01T00:15:37.000Z</time>
</wpt>
<wpt lat="35.7093481" lon="139.9635167">
<time>2026-01-01T00:15:38.000Z</time>
</wpt>
<wpt lat="35.7092818" lon="139.9637044">
<time>2026-01-01T00:15:39.000Z</time>
</wpt>
<wpt lat="35.7092156" lon="139.9638920">
<time>2026-01-01T00:15:40.000Z</time>
</wpt>
<wpt lat="35.7091493" lon="139.9640797">
<time>2026-01-01T00:15:41.000Z</time>
</wpt>
<wpt lat="35.7090830" lon="139.9642673">
<time>2026-01-01T00:15:42.000Z</time>
</wpt>
<wpt lat="35.7090168" lon="139.9644550">
<time>2026-01-01T00:15:43.000Z</time>
</wpt>
<wpt lat="35.7089505" lon="139.9646426">
<time>2026-01-01T00:15:44.000Z</time>
</wpt>
<wpt lat="35.7088842" lon="139.9648303">
<time>2026-01-01T00:15:45.000Z</time>
</wpt>
<wpt lat="35.7088180" lon="139.9650179">
<time>2026-01-01T00:15:46.000Z</time>
</wpt>
<wpt lat="35.7087517" lon="139.9652056">
<time>2026-01-01T00:15:47.000Z</time>
</wpt>
<wpt lat="35.7086854" lon="139.9653932">
<time>2026-01-01T00:15:48.000Z</time>
</wpt>
<wpt lat="35.7086192" lon="139.9655809">
<time>2026-01-01T00:15:49.000Z</time>
</wpt>
<wpt lat="35.7085529" lon="139.9657685">
<time>2026-01-01T00:15:50.000Z</time>
</wpt>
<wpt lat="35.7084866" lon="139.9659562">
<time>2026-01-01T00:15:51.000Z</time>
</wpt>
<wpt lat="35.7084204" lon="139.9661438">
<time>2026-01-01T00:15:52.000Z</time>
</wpt>
<wpt lat="35.7083541" lon="139.9663315">
<time>2026-01-01T00:15:53.000Z</time>
</wpt>
<wpt lat="35.7082878" lon="139.9665191">
<time>2026-01-01T00:15:54.000Z</time>
</wpt>
<wpt lat="35.7082216" lon="139.9667068">
<time>2026-01-01T00:15:55.000Z</time>
</wpt>
<wpt lat="35.7081553" lon="139.9668944">
<time>2026-01-01T00:15:56.000Z</time>
</wpt>
<wpt lat="35.7080890" lon="139.9670820">
<time>2026-01-01T00:15:57.000Z</time>
</wpt>
<wpt lat="35.7080228" lon="139.9672697">
<time>2026-01-01T00:15:58.000Z</time>
</wpt>
<wpt lat="35.7079565" lon="139.9674573">
<time>2026-01-01T00:15:59.000Z</time>
</wpt>
<wpt lat="35.7078902" lon="139.9676450">
<time>2026-01-01T00:16:00.000Z</time>
</wpt>
<wpt lat="35.7078240" lon="139.9678326">
<time>2026-01-01T00:16:01.000Z</time>
</wpt>
<wpt lat="35.7077577" lon="139.9680203">
<time>2026-01-01T00:16:02.000Z</time>
</wpt>
<wpt lat="35.7076914" lon="139.9682079">
<time>2026-01-01T00:16:03.000Z</time>
</wpt>
<wpt lat="35.7076252" lon="139.9683956">
<time>2026-01-01T00:16:04.000Z</time>
</wpt>
<wpt lat="35.7075589" lon="139.9685832">
<time>2026-01-01T00:16:05.000Z</time>
</wpt>
<wpt lat="35.7074926" lon="139.9687709">
<time>2026-01-01T00:16:06.000Z</time>
</wpt>
<wpt lat="35.7074264" lon="139.9689585">
<time>2026-01-01T00:16:07.000Z</time>
</wpt>
<wpt lat="35.7073601" lon="139.9691462">
<time>2026-01-01T00:16:08.000Z</time>
</wpt>
<wpt lat="35.7072938" lon="139.9693338">
<time>2026-01-01T00:16:09.000Z</time>
</wpt>
<wpt lat="35.7072276" lon="139.9695215">
<time>2026-01-01T00:16:10.000Z</time>
</wpt>
<wpt lat="35.7071613" lon="139.9697091">
<time>2026-01-01T00:16:11.000Z</time>
</wpt>
<wpt lat="35.7070950" lon="139.9698968">
<time>2026-01-01T00:16:12.000Z</time>
</wpt>
<wpt lat="35.7070288" lon="139.9700844">
<time>2026-01-01T00:16:13.000Z</time>
</wpt>
<wpt lat="35.7069625" lon="139.9702721">
<time>2026-01-01T00:16:14.000Z</time>
</wpt>
<wpt lat="35.7068963" lon="139.9704597">
<time>2026-01-01T00:16:15.000Z</time>
</wpt>
<wpt lat="35.7068300" lon="139.9706474">
<time>2026-01-01T00:16:16.000Z</time>
</wpt>
<wpt lat="35.7067637" lon="139.9708350">
<time>2026-01-01T00:16:17.000Z</time>
</wpt>
<wpt lat="35.7066975" lon="139.9710227">
<time>2026-01-01T00:16:18.000Z</time>
</wpt>
<wpt lat="35.7066312" lon="139.9712103">
<time>2026-01-01T00:16:19.000Z</time>
</wpt>
<wpt lat="35.7065649" lon="139.9713980">
<time>2026-01-01T00:16:20.000Z</time>
</wpt>
<wpt lat="35.7064987" lon="139.9715856">
<time>2026-01-01T00:16:21.000Z</time>
</wpt>
<wpt lat="35.7064324" lon="139.9717733">
<time>2026-01-01T00:16:22.000Z</time>
</wpt>
<wpt lat="35.7063661" lon="139.9719609">
<time>2026-01-01T00:16:23.000Z</time>
</wpt>
<wpt lat="35.7062999" lon="139.9721486">
<time>2026-01-01T00:16:24.000Z</time>
</wpt>
<wpt lat="35.7062336" lon="139.9723362">
<time>2026-01-01T00:16:25.000Z</time>
</wpt>
<wpt lat="35.7061673" lon="139.9725239">
<time>2026-01-01T00:16:26.000Z</time>
</wpt>
<wpt lat="35.7061011" lon="139.9727115">
<time>2026-01-01T00:16:27.000Z</time>
</wpt>
<wpt lat="35.7060348" lon="139.9728992">
<time>2026-01-01T00:16:28.000Z</time>
</wpt>
<wpt lat="35.7059685" lon="139.9730868">
<time>2026-01-01T00:16:29.000Z</time>
</wpt>
<wpt lat="35.7059023" lon="139.9732745">
<time>2026-01-01T00:16:30.000Z</time>
</wpt>
<wpt lat="35.7058360" lon="139.9734621">
<time>2026-01-01T00:16:31.000Z</time>
</wpt>
<wpt lat="35.7057697" lon="139.9736498">
<time>2026-01-01T00:16:32.000Z</time>
</wpt>
<wpt lat="35.7057035" lon="139.9738374">
<time>2026-01-01T00:16:33.000Z</time>
</wpt>
<wpt lat="35.7056372" lon="139.9740251">
<time>2026-01-01T00:16:34.000Z</time>
</wpt>
<wpt lat="35.7055709" lon="139.9742127">
<time>2026-01-01T00:16:35.000Z</time>
</wpt>
<wpt lat="35.7055047" lon="139.9744004">
<time>2026-01-01T00:16:36.000Z</time>
</wpt>
<wpt lat="35.7054384" lon="139.9745880">
<time>2026-01-01T00:16:37.000Z</time>
</wpt>
<wpt lat="35.7053721" lon="139.9747757">
<time>2026-01-01T00:16:38.000Z</time>
</wpt>
<wpt lat="35.7053059" lon="139.9749633">
<time>2026-01-01T00:16:39.000Z</time>
</wpt>
<wpt lat="35.7052396" lon="139.9751510">
<time>2026-01-01T00:16:40.000Z</time>
</wpt>
<wpt lat="35.7051733" lon="139.9753386">
<time>2026-01-01T00:16:41.000Z</time>
</wpt>
<wpt lat="35.7051071" lon="139.9755263">
<time>2026-01-01T00:16:42.000Z</time>
</wpt>
<wpt lat="35.7050408" lon="139.9757139">
<time>2026-01-01T00:16:43.000Z</time>
</wpt>
<wpt lat="35.7049745" lon="139.9759016">
<time>2026-01-01T00:16:44.000Z</time>
</wpt>
<wpt lat="35.7049083" lon="139.9760892">
<time>2026-01-01T00:16:45.000Z</time>
</wpt>
<wpt lat="35.7048420" lon="139.9762768">
<time>2026-01-01T00:16:46.000Z</time>
</wpt>
<wpt lat="35.7047757" lon="139.9764645">
<time>2026-01-01T00:16:47.000Z</time>
</wpt>
<wpt lat="35.7047095" lon="139.9766521">
<time>2026-01-01T00:16:48.000Z</time>
</wpt>
<wpt lat="35.7046432" lon="139.9768398">
<time>2026-01-01T00:16:49.000Z</time>
</wpt>
<wpt lat="35.7045769" lon="139.9770274">
<time>2026-01-01T00:16:50.000Z</time>
</wpt>
<wpt lat="35.7045107" lon="139.9772151">
<time>2026-01-01T00:16:51.000Z</time>
</wpt>
<wpt lat="35.7044444" lon="139.9774027">
<time>2026-01-01T00:16:52.000Z</time>
</wpt>
<wpt lat="35.7043781" lon="139.9775904">
<time>2026-01-01T00:16:53.000Z</time>
</wpt>
<wpt lat="35.7043119" lon="139.9777780">
<time>2026-01-01T00:16:54.000Z</time>
</wpt>
<wpt lat="35.7042456" lon="139.9779657">
<time>2026-01-01T00:16:55.000Z</time>
</wpt>
<wpt lat="35.7041793" lon="139.9781533">
<time>2026-01-01T00:16:56.000Z</time>
</wpt>
<wpt lat="35.7041131" lon="139.9783410">
<time>2026-01-01T00:16:57.000Z</time>
</wpt>
<wpt lat="35.7040468" lon="139.9785286">
<time>2026-01-01T00:16:58.000Z</time>
</wpt>
<wpt lat="35.7039805" lon="139.9787163">
<time>2026-01-01T00:16:59.000Z</time>
</wpt>
<wpt lat="35.7039143" lon="139.9789039">
<time>2026-01-01T00:17:00.000Z</time>
</wpt>
<wpt lat="35.7038480" lon="139.9790916">
<time>2026-01-01T00:17:01.000Z</time>
</wpt>
<wpt lat="35.7037818" lon="139.9792792">
<time>2026-01-01T00:17:02.000Z</time>
</wpt>
<wpt lat="35.7037155" lon="139.9794669">
<time>2026-01-01T00:17:03.000Z</time>
</wpt>
<wpt lat="35.7036492" lon="139.9796545">
<time>2026-01-01T00:17:04.000Z</time>
</wpt>
<wpt lat="35.7035830" lon="139.9798422">
<time>2026-01-01T00:17:05.000Z</time>
</wpt>
<wpt lat="35.7035167" lon="139.9800298">
<time>2026-01-01T00:17:06.000Z</time>
</wpt>
<wpt lat="35.7034504" lon="139.9802175">
<time>2026-01-01T00:17:07.000Z</time>
</wpt>
<wpt lat="35.7033842" lon="139.9804051">
<time>2026-01-01T00:17:08.000Z</time>
</wpt>
<wpt lat="35.7033179" lon="139.9805928">
<time>2026-01-01T00:17:09.000Z</time>
</wpt>
<wpt lat="35.7032516" lon="139.9807804">
<time>2026-01-01T00:17:10.000Z</time>
</wpt>
<wpt lat="35.7031854" lon="139.9809681">
<time>2026-01-01T00:17:11.000Z</time>
</wpt>
<wpt lat="35.7031191" lon="139.9811557">
<time>2026-01-01T00:17:12.000Z</time>
</wpt>
<wpt lat="35.7030528" lon="139.9813434">
<time>2026-01-01T00:17:13.000Z</time>
</wpt>
<wpt lat="35.7029866" lon="139.9815310">
<time>2026-01-01T00:17:14.000Z</time>
</wpt>
<wpt lat="35.7029203" lon="139.9817187">
<time>2026-01-01T00:17:15.000Z</time>
</wpt>
<wpt lat="35.7028540" lon="139.9819063">
<time>2026-01-01T00:17:16.000Z</time>
</wpt>
<wpt lat="35.7027878" lon="139.9820940">
<time>2026-01-01T00:17:17.000Z</time>
</wpt>
<wpt lat="35.7027215" lon="139.9822816">
<time>2026-01-01T00:17:18.000Z</time>
</wpt>
<wpt lat="35.7026552" lon="139.9824693">
<time>2026-01-01T00:17:19.000Z</time>
</wpt>
<wpt lat="35.7025890" lon="139.9826569">
<time>2026-01-01T00:17:20.000Z</time>
</wpt>
<wpt lat="35.7025227" lon="139.9828446">
<time>2026-01-01T00:17:21.000Z</time>
</wpt>
<wpt lat="35.7024596" lon="139.9830232">
<time>2026-01-01T00:17:22.000Z</time>
</wpt>
<wpt lat="35.7023997" lon="139.9831929">
<time>2026-01-01T00:17:23.000Z</time>
</wpt>
<wpt lat="35.7023430" lon="139.9833535">
<time>2026-01-01T00:17:24.000Z</time>
</wpt>
<wpt lat="35.7022894" lon="139.9835051">
<time>2026-01-01T00:17:25.000Z</time>
</wpt>
<wpt lat="35.7022391" lon="139.9836478">
<time>2026-01-01T00:17:26.000Z</time>
</wpt>
<wpt lat="35.7021919" lon="139.9837814">
<time>2026-01-01T00:17:27.000Z</time>
</wpt>
<wpt lat="35.7021479" lon="139.9839060">
<time>2026-01-01T00:17:28.000Z</time>
</wpt>
<wpt lat="35.7021070" lon="139.9840217">
<time>2026-01-01T00:17:29.000Z</time>
</wpt>
<wpt lat="35.7020694" lon="139.9841283">
<time>2026-01-01T00:17:30.000Z</time>
</wpt>
<wpt lat="35.7020349" lon="139.9842259">
<time>2026-01-01T00:17:31.000Z</time>
</wpt>
<wpt lat="35.7020036" lon="139.9843145">
<time>2026-01-01T00:17:32.000Z</time>
</wpt>
<wpt lat="35.7019755" lon="139.9843941">
<time>2026-01-01T00:17:33.000Z</time>
</wpt>
<wpt lat="35.7019505" lon="139.9844648">
<time>2026-01-01T00:17:34.000Z</time>
</wpt>
<wpt lat="35.7019288" lon="139.9845264">
<time>2026-01-01T00:17:35.000Z</time>
</wpt>
<wpt lat="35.7019102" lon="139.9845790">
<time>2026-01-01T00:17:36.000Z</time>
</wpt>
<wpt lat="35.7018948" lon="139.9846226">
<time>2026-01-01T00:17:37.000Z</time>
</wpt>
<wpt lat="35.7018826" lon="139.9846572">
<time>2026-01-01T00:17:38.000Z</time>
</wpt>
<wpt lat="35.7018735" lon="139.9846828">
<time>2026-01-01T00:17:39.000Z</time>
</wpt>
<wpt lat="35.7018677" lon="139.9846994">
<time>2026-01-01T00:17:40.000Z</time>
</wpt>
<wpt lat="35.7018650" lon="139.9847070">
<time>2026-01-01T00:17:41.000Z</time>
</wpt>
<wpt lat="35.7018650" lon="139.9847070">
<time>2026-01-01T00:17:42.000Z</time>
</wpt>
<wpt lat="35.7018650" lon="139.9847070">
<time>2026-01-01T00:17:43.000Z</time>
</wpt>
<wpt lat="35.7018650" lon="139.9847070">
<time>2026-01-01T00:17:44.000Z</time>
</wpt>
<wpt lat="35.7018650" lon="139.9847070">
<time>2026-01-01T00:17:45.000Z</time>
</wpt>
<wpt lat="35.7018650" lon="139.9847070">
<time>2026-01-01T00:17:46.000Z</time>
</wpt>
<wpt lat="35.7018650" lon="139.9847070">
<time>2026-01-01T00:17:47.000Z</time>
</wpt>
<wpt lat="35.7018650" lon="139.9847070">
<time>2026-01-01T00:17:48.000Z</time>
</wpt>
<wpt lat="35.7018650" lon="139.9847070">
<time>2026-01-01T00:17:49.000Z</time>
</wpt>
<wpt lat="35.7018650" lon="139.9847070">
<time>2026-01-01T00:17:50.000Z</time>
</wpt>
<wpt lat="35.7018650" lon="139.9847070">
<time>2026-01-01T00:17:51.000Z</time>
</wpt>
<wpt lat="35.7018650" lon="139.9847070">
<time>2026-01-01T00:17:52.000Z</time>
</wpt>
<wpt lat="35.7018650" lon="139.9847070">
<time>2026-01-01T00:17:53.000Z</time>
</wpt>
<wpt lat="35.7018650" lon="139.9847070">
<time>2026-01-01T00:17:54.000Z</time>
</wpt>
<wpt lat="35.7018650" lon="139.9847070">
<time>2026-01-01T00:17:55.000Z</time>
</wpt>
<wpt lat="35.7018650" lon="139.9847070">
<time>2026-01-01T00:17:56.000Z</time>
</wpt>
<wpt lat="35.7018650" lon="139.9847070">
<time>2026-01-01T00:17:57.000Z</time>
</wpt>
<wpt lat="35.7018650" lon="139.9847070">
<time>2026-01-01T00:17:58.000Z</time>
</wpt>
<wpt lat="35.7018650" lon="139.9847070">
<time>2026-01-01T00:17:59.000Z</time>
</wpt>
<wpt lat="35.7018650" lon="139.9847070">
<time>2026-01-01T00:18:00.000Z</time>
</wpt>
<wpt lat="35.7018650" lon="139.9847070">
<time>2026-01-01T00:18:01.000Z</time>
</wpt>
<wpt lat="35.7018650" lon="139.9847070">
<time>2026-01-01T00:18:02.000Z</time>
</wpt>
<wpt lat="35.7018650" lon="139.9847070">
<time>2026-01-01T00:18:03.000Z</time>
</wpt>
<wpt lat="35.7018650" lon="139.9847070">
<time>2026-01-01T00:18:04.000Z</time>
</wpt>
<wpt lat="35.7018650" lon="139.9847070">
<time>2026-01-01T00:18:05.000Z</time>
</wpt>
<wpt lat="35.7018650" lon="139.9847070">
<time>2026-01-01T00:18:06.000Z</time>
</wpt>
<wpt lat="35.7018650" lon="139.9847070">
<time>2026-01-01T00:18:07.000Z</time>
</wpt>
<wpt lat="35.7018650" lon="139.9847070">
<time>2026-01-01T00:18:08.000Z</time>
</wpt>
<wpt lat="35.7018650" lon="139.9847070">
<time>2026-01-01T00:18:09.000Z</time>
</wpt>
<wpt lat="35.7018650" lon="139.9847070">
<time>2026-01-01T00:18:10.000Z</time>
</wpt>
<wpt lat="35.7018650" lon="139.9847070">
<time>2026-01-01T00:18:11.000Z</time>
</wpt>
<wpt lat="35.7018650" lon="139.9847070">
<time>2026-01-01T00:18:12.000Z</time>
</wpt>
<wpt lat="35.7018650" lon="139.9847070">
<time>2026-01-01T00:18:13.000Z</time>
</wpt>
<wpt lat="35.7018650" lon="139.9847070">
<time>2026-01-01T00:18:14.000Z</time>
</wpt>
<wpt lat="35.7018650" lon="139.9847070">
<time>2026-01-01T00:18:15.000Z</time>
</wpt>
<wpt lat="35.7018650" lon="139.9847070">
<time>2026-01-01T00:18:16.000Z</time>
</wpt>
<wpt lat="35.7018650" lon="139.9847070">
<time>2026-01-01T00:18:17.000Z</time>
</wpt>
<wpt lat="35.7018650" lon="139.9847070">
<time>2026-01-01T00:18:18.000Z</time>
</wpt>
<wpt lat="35.7018630" lon="139.9847139">
<time>2026-01-01T00:18:19.000Z</time>
</wpt>
<wpt lat="35.7018589" lon="139.9847278">
<time>2026-01-01T00:18:20.000Z</time>
</wpt>
<wpt lat="35.7018527" lon="139.9847486">
<time>2026-01-01T00:18:21.000Z</time>
</wpt>
<wpt lat="35.7018445" lon="139.9847763">
<time>2026-01-01T00:18:22.000Z</time>
</wpt>
<wpt lat="35.7018343" lon="139.9848109">
<time>2026-01-01T00:18:23.000Z</time>
</wpt>
<wpt lat="35.7018220" lon="139.9848524">
<time>2026-01-01T00:18:24.000Z</time>
</wpt>
<wpt lat="35.7018076" lon="139.9849009">
<time>2026-01-01T00:18:25.000Z</time>
</wpt>
<wpt lat="35.7017912" lon="139.9849563">
<time>2026-01-01T00:18:26.000Z</time>
</wpt>
<wpt lat="35.7017728" lon="139.9850186">
<time>2026-01-01T00:18:27.000Z</time>
</wpt>
<wpt lat="35.7017523" lon="139.9850879">
<time>2026-01-01T00:18:28.000Z</time>
</wpt>
<wpt lat="35.7017297" lon="139.9851641">
<time>2026-01-01T00:18:29.000Z</time>
</wpt>
<wpt lat="35.7017051" lon="139.9852472">
<time>2026-01-01T00:18:30.000Z</time>
</wpt>
<wpt lat="35.7016785" lon="139.9853372">
<time>2026-01-01T00:18:31.000Z</time>
</wpt>
<wpt lat="35.7016498" lon="139.9854341">
<time>2026-01-01T00:18:32.000Z</time>
</wpt>
<wpt lat="35.7016191" lon="139.9855380">
<time>2026-01-01T00:18:33.000Z</time>
</wpt>
<wpt lat="35.7015863" lon="139.9856488">
<time>2026-01-01T00:18:34.000Z</time>
</wpt>
<wpt lat="35.7015514" lon="139.9857665">
<time>2026-01-01T00:18:35.000Z</time>
</wpt>
<wpt lat="35.7015145" lon="139.9858912">
<time>2026-01-01T00:18:36.000Z</time>
</wpt>
<wpt lat="35.7014756" lon="139.9860228">
<time>2026-01-01T00:18:37.000Z</time>
</wpt>
<wpt lat="35.7014346" lon="139.9861613">
<time>2026-01-01T00:18:38.000Z</time>
</wpt>
<wpt lat="35.7013916" lon="139.9863067">
<time>2026-01-01T00:18:39.000Z</time>
</wpt>
<wpt lat="35.7013465" lon="139.9864590">
<time>2026-01-01T00:18:40.000Z</time>
</wpt>
<wpt lat="35.7012993" lon="139.9866183">
<time>2026-01-01T00:18:41.000Z</time>
</wpt>
<wpt lat="35.7012502" lon="139.9867845">
<time>2026-01-01T00:18:42.000Z</time>
</wpt>
<wpt lat="35.7011989" lon="139.9869576">
<time>2026-01-01T00:18:43.000Z</time>
</wpt>
<wpt lat="35.7011456" lon="139.9871377">
<time>2026-01-01T00:18:44.000Z</time>
</wpt>
<wpt lat="35.7010904" lon="139.9873244">
<time>2026-01-01T00:18:45.000Z</time>
</wpt>
<wpt lat="35.7010351" lon="139.9875111">
<time>2026-01-01T00:18:46.000Z</time>
</wpt>
<wpt lat="35.7009799" lon="139.9876978">
<time>2026-01-01T00:18:47.000Z</time>
</wpt>
<wpt lat="35.7009246" lon="139.9878844">
<time>2026-01-01T00:18:48.000Z</time>
</wpt>
<wpt lat="35.7008694" lon="139.9880711">
<time>2026-01-01T00:18:49.000Z</time>
</wpt>
<wpt lat="35.7008141" lon="139.9882578">
<time>2026-01-01T00:18:50.000Z</time>
</wpt>
<wpt lat="35.7007589" lon="139.9884445">
<time>2026-01-01T00:18:51.000Z</time>
</wpt>
<wpt lat="35.7007036" lon="139.9886312">
<time>2026-01-01T00:18:52.000Z</time>
</wpt>
<wpt lat="35.7006484" lon="139.9888179">
<time>2026-01-01T00:18:53.000Z</time>
</wpt>
<wpt lat="35.7005931" lon="139.9890046">
<time>2026-01-01T00:18:54.000Z</time>
</wpt>
<wpt lat="35.7005379" lon="139.9891913">
<time>2026-01-01T00:18:55.000Z</time>
</wpt>
<wpt lat="35.7004826" lon="139.9893780">
<time>2026-01-01T00:18:56.000Z</time>
</wpt>
<wpt lat="35.7004274" lon="139.9895647">
<time>2026-01-01T00:18:57.000Z</time>
</wpt>
<wpt lat="35.7003721" lon="139.9897513">
<time>2026-01-01T00:18:58.000Z</time>
</wpt>
<wpt lat="35.7003169" lon="139.9899380">
<time>2026-01-01T00:18:59.000Z</time>
</wpt>
<wpt lat="35.7002616" lon="139.9901247">
<time>2026-01-01T00:19:00.000Z</time>
</wpt>
<wpt lat="35.7002064" lon="139.9903114">
<time>2026-01-01T00:19:01.000Z</time>
</wpt>
<wpt lat="35.7001511" lon="139.9904981">
<time>2026-01-01T00:19:02.000Z</time>
</wpt>
<wpt lat="35.7000959" lon="139.9906848">
<time>2026-01-01T00:19:03.000Z</time>
</wpt>
<wpt lat="35.7000406" lon="139.9908715">
<time>2026-01-01T00:19:04.000Z</time>
</wpt>
<wpt lat="35.6999854" lon="139.9910582">
<time>2026-01-01T00:19:05.000Z</time>
</wpt>
<wpt lat="35.6999301" lon="139.9912449">
<time>2026-01-01T00:19:06.000Z</time>
</wpt>
<wpt lat="35.6998749" lon="139.9914316">
<time>2026-01-01T00:19:07.000Z</time>
</wpt>
<wpt lat="35.6998196" lon="139.9916182">
<time>2026-01-01T00:19:08.000Z</time>
</wpt>
<wpt lat="35.6997644" lon="139.9918049">
<time>2026-01-01T00:19:09.000Z</time>
</wpt>
<wpt lat="35.6997091" lon="139.9919916">
<time>2026-01-01T00:19:10.000Z</time>
</wpt>
<wpt lat="35.6996538" lon="139.9921783">
<time>2026-01-01T00:19:11.000Z</time>
</wpt>
<wpt lat="35.6995986" lon="139.9923650">
<time>2026-01-01T00:19:12.000Z</time>
</wpt>
<wpt lat="35.6995433" lon="139.9925517">
<time>2026-01-01T00:19:13.000Z</time>
</wpt>
<wpt lat="35.6994881" lon="139.9927384">
<time>2026-01-01T00:19:14.000Z</time>
</wpt>
<wpt lat="35.6994328" lon="139.9929251">
<time>2026-01-01T00:19:15.000Z</time>
</wpt>
<wpt lat="35.6993776" lon="139.9931118">
<time>2026-01-01T00:19:16.000Z</time>
</wpt>
<wpt lat="35.6993223" lon="139.9932985">
<time>2026-01-01T00:19:17.000Z</time>
</wpt>
<wpt lat="35.6992671" lon="139.9934852">
<time>2026-01-01T00:19:18.000Z</time>
</wpt>
<wpt lat="35.6992118" lon="139.9936718">
<time>2026-01-01T00:19:19.000Z</time>
</wpt>
<wpt lat="35.6991566" lon="139.9938585">
<time>2026-01-01T00:19:20.000Z</time>
</wpt>
<wpt lat="35.6991013" lon="139.9940452">
<time>2026-01-01T00:19:21.000Z</time>
</wpt>
<wpt lat="35.6990461" lon="139.9942319">
<time>2026-01-01T00:19:22.000Z</time>
</wpt>
<wpt lat="35.6989908" lon="139.9944186">
<time>2026-01-01T00:19:23.000Z</time>
</wpt>
<wpt lat="35.6989356" lon="139.9946053">
<time>2026-01-01T00:19:24.000Z</time>
</wpt>
<wpt lat="35.6988803" lon="139.9947920">
<time>2026-01-01T00:19:25.000Z</time>
</wpt>
<wpt lat="35.6988251" lon="139.9949787">
<time>2026-01-01T00:19:26.000Z</time>
</wpt>
<wpt lat="35.6987698" lon="139.9951654">
<time>2026-01-01T00:19:27.000Z</time>
</wpt>
<wpt lat="35.6987146" lon="139.9953521">
<time>2026-01-01T00:19:28.000Z</time>
</wpt>
<wpt lat="35.6986593" lon="139.9955387">
<time>2026-01-01T00:19:29.000Z</time>
</wpt>
<wpt lat="35.6986041" lon="139.9957254">
<time>2026-01-01T00:19:30.000Z</time>
</wpt>
<wpt lat="35.6985488" lon="139.9959121">
<time>2026-01-01T00:19:31.000Z</time>
</wpt>
<wpt lat="35.6984936" lon="139.9960988">
<time>2026-01-01T00:19:32.000Z</time>
</wpt>
<wpt lat="35.6984383" lon="139.9962855">
<time>2026-01-01T00:19:33.000Z</time>
</wpt>
<wpt lat="35.6983831" lon="139.9964722">
<time>2026-01-01T00:19:34.000Z</time>
</wpt>
<wpt lat="35.6983278" lon="139.9966589">
<time>2026-01-01T00:19:35.000Z</time>
</wpt>
<wpt lat="35.6982726" lon="139.9968456">
<time>2026-01-01T00:19:36.000Z</time>
</wpt>
<wpt lat="35.6982173" lon="139.9970323">
<time>2026-01-01T00:19:37.000Z</time>
</wpt>
<wpt lat="35.6981621" lon="139.9972190">
<time>2026-01-01T00:19:38.000Z</time>
</wpt>
<wpt lat="35.6981068" lon="139.9974056">
<time>2026-01-01T00:19:39.000Z</time>
</wpt>
<wpt lat="35.6980516" lon="139.9975923">
<time>2026-01-01T00:19:40.000Z</time>
</wpt>
<wpt lat="35.6979963" lon="139.9977790">
<time>2026-01-01T00:19:41.000Z</time>
</wpt>
<wpt lat="35.6979411" lon="139.9979657">
<time>2026-01-01T00:19:42.000Z</time>
</wpt>
<wpt lat="35.6978858" lon="139.9981524">
<time>2026-01-01T00:19:43.000Z</time>
</wpt>
<wpt lat="35.6978306" lon="139.9983391">
<time>2026-01-01T00:19:44.000Z</time>
</wpt>
<wpt lat="35.6977753" lon="139.9985258">
<time>2026-01-01T00:19:45.000Z</time>
</wpt>
<wpt lat="35.6977201" lon="139.9987125">
<time>2026-01-01T00:19:46.000Z</time>
</wpt>
<wpt lat="35.6976648" lon="139.9988992">
<time>2026-01-01T00:19:47.000Z</time>
</wpt>
<wpt lat="35.6976096" lon="139.9990859">
<time>2026-01-01T00:19:48.000Z</time>
</wpt>
<wpt lat="35.6975543" lon="139.9992725">
<time>2026-01-01T00:19:49.000Z</time>
</wpt>
<wpt lat="35.6974990" lon="139.9994592">
<time>2026-01-01T00:19:50.000Z</time>
</wpt>
<wpt lat="35.6974438" lon="139.9996459">
<time>2026-01-01T00:19:51.000Z</time>
</wpt>
<wpt lat="35.6973885" lon="139.9998326">
<time>2026-01-01T00:19:52.000Z</time>
</wpt>
<wpt lat="35.6973333" lon="140.0000193">
<time>2026-01-01T00:19:53.000Z</time>
</wpt>
<wpt lat="35.6972780" lon="140.0002060">
<time>2026-01-01T00:19:54.000Z</time>
</wpt>
<wpt lat="35.6972228" lon="140.0003927">
<time>2026-01-01T00:19:55.000Z</time>
</wpt>
<wpt lat="35.6971675" lon="140.0005794">
<time>2026-01-01T00:19:56.000Z</time>
</wpt>
<wpt lat="35.6971123" lon="140.0007661">
<time>2026-01-01T00:19:57.000Z</time>
</wpt>
<wpt lat="35.6970570" lon="140.0009528">
<time>2026-01-01T00:19:58.000Z</time>
</wpt>
<wpt lat="35.6970018" lon="140.0011395">
<time>2026-01-01T00:19:59.000Z</time>
</wpt>
<wpt lat="35.6969465" lon="140.0013261">
<time>2026-01-01T00:20:00.000Z</time>
</wpt>
<wpt lat="35.6968913" lon="140.0015128">
<time>2026-01-01T00:20:01.000Z</time>
</wpt>
<wpt lat="35.6968360" lon="140.0016995">
<time>2026-01-01T00:20:02.000Z</time>
</wpt>
<wpt lat="35.6967808" lon="140.0018862">
<time>2026-01-01T00:20:03.000Z</time>
</wpt>
<wpt lat="35.6967255" lon="140.0020729">
<time>2026-01-01T00:20:04.000Z</time>
</wpt>
<wpt lat="35.6966703" lon="140.0022596">
<time>2026-01-01T00:20:05.000Z</time>
</wpt>
<wpt lat="35.6966150" lon="140.0024463">
<time>2026-01-01T00:20:06.000Z</time>
</wpt>
<wpt lat="35.6965598" lon="140.0026330">
<time>2026-01-01T00:20:07.000Z</time>
</wpt>
<wpt lat="35.6965045" lon="140.0028197">
<time>2026-01-01T00:20:08.000Z</time>
</wpt>
<wpt lat="35.6964493" lon="140.0030064">
<time>2026-01-01T00:20:09.000Z</time>
</wpt>
<wpt lat="35.6963940" lon="140.0031930">
<time>2026-01-01T00:20:10.000Z</time>
</wpt>
<wpt lat="35.6963388" lon="140.0033797">
<time>2026-01-01T00:20:11.000Z</time>
</wpt>
<wpt lat="35.6962835" lon="140.0035664">
<time>2026-01-01T00:20:12.000Z</time>
</wpt>
<wpt lat="35.6962283" lon="140.0037531">
<time>2026-01-01T00:20:13.000Z</time>
</wpt>
<wpt lat="35.6961730" lon="140.0039398">
<time>2026-01-01T00:20:14.000Z</time>
</wpt>
<wpt lat="35.6961178" lon="140.0041265">
<time>2026-01-01T00:20:15.000Z</time>
</wpt>
<wpt lat="35.6960625" lon="140.0043132">
<time>2026-01-01T00:20:16.000Z</time>
</wpt>
<wpt lat="35.6960073" lon="140.0044999">
<time>2026-01-01T00:20:17.000Z</time>
</wpt>
<wpt lat="35.6959520" lon="140.0046866">
<time>2026-01-01T00:20:18.000Z</time>
</wpt>
<wpt lat="35.6958968" lon="140.0048733">
<time>2026-01-01T00:20:19.000Z</time>
</wpt>
<wpt lat="35.6958415" lon="140.0050599">
<time>2026-01-01T00:20:20.000Z</time>
</wpt>
<wpt lat="35.6957863" lon="140.0052466">
<time>2026-01-01T00:20:21.000Z</time>
</wpt>
<wpt lat="35.6957310" lon="140.0054333">
<time>2026-01-01T00:20:22.000Z</time>
</wpt>
<wpt lat="35.6956758" lon="140.0056200">
<time>2026-01-01T00:20:23.000Z</time>
</wpt>
<wpt lat="35.6956205" lon="140.0058067">
<time>2026-01-01T00:20:24.000Z</time>
</wpt>
<wpt lat="35.6955653" lon="140.0059934">
<time>2026-01-01T00:20:25.000Z</time>
</wpt>
<wpt lat="35.6955100" lon="140.0061801">
<time>2026-01-01T00:20:26.000Z</time>
</wpt>
<wpt lat="35.6954548" lon="140.0063668">
<time>2026-01-01T00:20:27.000Z</time>
</wpt>
<wpt lat="35.6953995" lon="140.0065535">
<time>2026-01-01T00:20:28.000Z</time>
</wpt>
<wpt lat="35.6953442" lon="140.0067402">
<time>2026-01-01T00:20:29.000Z</time>
</wpt>
<wpt lat="35.6952890" lon="140.0069268">
<time>2026-01-01T00:20:30.000Z</time>
</wpt>
<wpt lat="35.6952337" lon="140.0071135">
<time>2026-01-01T00:20:31.000Z</time>
</wpt>
<wpt lat="35.6951785" lon="140.0073002">
<time>2026-01-01T00:20:32.000Z</time>
</wpt>
<wpt lat="35.6951232" lon="140.0074869">
<time>2026-01-01T00:20:33.000Z</time>
</wpt>
<wpt lat="35.6950680" lon="140.0076736">
<time>2026-01-01T00:20:34.000Z</time>
</wpt>
<wpt lat="35.6950127" lon="140.0078603">
<time>2026-01-01T00:20:35.000Z</time>
</wpt>
<wpt lat="35.6949575" lon="140.0080470">
<time>2026-01-01T00:20:36.000Z</time>
</wpt>
<wpt lat="35.6949022" lon="140.0082337">
<time>2026-01-01T00:20:37.000Z</time>
</wpt>
<wpt lat="35.6948470" lon="140.0084204">
<time>2026-01-01T00:20:38.000Z</time>
</wpt>
<wpt lat="35.6947917" lon="140.0086071">
<time>2026-01-01T00:20:39.000Z</time>
</wpt>
<wpt lat="35.6947365" lon="140.0087938">
<time>2026-01-01T00:20:40.000Z</time>
</wpt>
<wpt lat="35.6946812" lon="140.0089804">
<time>2026-01-01T00:20:41.000Z</time>
</wpt>
<wpt lat="35.6946260" lon="140.0091671">
<time>2026-01-01T00:20:42.000Z</time>
</wpt>
<wpt lat="35.6945707" lon="140.0093538">
<time>2026-01-01T00:20:43.000Z</time>
</wpt>
<wpt lat="35.6945155" lon="140.0095405">
<time>2026-01-01T00:20:44.000Z</time>
</wpt>
<wpt lat="35.6944602" lon="140.0097272">
<time>2026-01-01T00:20:45.000Z</time>
</wpt>
<wpt lat="35.6944050" lon="140.0099139">
<time>2026-01-01T00:20:46.000Z</time>
</wpt>
<wpt lat="35.6943497" lon="140.0101006">
<time>2026-01-01T00:20:47.000Z</time>
</wpt>
<wpt lat="35.6942945" lon="140.0102873">
<time>2026-01-01T00:20:48.000Z</time>
</wpt>
<wpt lat="35.6942392" lon="140.0104740">
<time>2026-01-01T00:20:49.000Z</time>
</wpt>
<wpt lat="35.6941840" lon="140.0106607">
<time>2026-01-01T00:20:50.000Z</time>
</wpt>
<wpt lat="35.6941287" lon="140.0108473">
<time>2026-01-01T00:20:51.000Z</time>
</wpt>
<wpt lat="35.6940735" lon="140.0110340">
<time>2026-01-01T00:20:52.000Z</time>
</wpt>
<wpt lat="35.6940182" lon="140.0112207">
<time>2026-01-01T00:20:53.000Z</time>
</wpt>
<wpt lat="35.6939630" lon="140.0114074">
<time>2026-01-01T00:20:54.000Z</time>
</wpt>
<wpt lat="35.6939077" lon="140.0115941">
<time>2026-01-01T00:20:55.000Z</time>
</wpt>
<wpt lat="35.6938525" lon="140.0117808">
<time>2026-01-01T00:20:56.000Z</time>
</wpt>
<wpt lat="35.6937972" lon="140.0119675">
<time>2026-01-01T00:20:57.000Z</time>
</wpt>
<wpt lat="35.6937420" lon="140.0121542">
<time>2026-01-01T00:20:58.000Z</time>
</wpt>
<wpt lat="35.6936867" lon="140.0123409">
<time>2026-01-01T00:20:59.000Z</time>
</wpt>
<wpt lat="35.6936315" lon="140.0125276">
<time>2026-01-01T00:21:00.000Z</time>
</wpt>
<wpt lat="35.6935762" lon="140.0127142">
<time>2026-01-01T00:21:01.000Z</time>
</wpt>
<wpt lat="35.6935210" lon="140.0129009">
<time>2026-01-01T00:21:02.000Z</time>
</wpt>
<wpt lat="35.6934657" lon="140.0130876">
<time>2026-01-01T00:21:03.000Z</time>
</wpt>
<wpt lat="35.6934105" lon="140.0132743">
<time>2026-01-01T00:21:04.000Z</time>
</wpt>
<wpt lat="35.6933552" lon="140.0134610">
<time>2026-01-01T00:21:05.000Z</time>
</wpt>
<wpt lat="35.6933000" lon="140.0136477">
<time>2026-01-01T00:21:06.000Z</time>
</wpt>
<wpt lat="35.6932447" lon="140.0138344">
<time>2026-01-01T00:21:07.000Z</time>
</wpt>
<wpt lat="35.6931894" lon="140.0140211">
<time>2026-01-01T00:21:08.000Z</time>
</wpt>
<wpt lat="35.6931342" lon="140.0142078">
<time>2026-01-01T00:21:09.000Z</time>
</wpt>
<wpt lat="35.6930789" lon="140.0143945">
<time>2026-01-01T00:21:10.000Z</time>
</wpt>
<wpt lat="35.6930237" lon="140.0145811">
<time>2026-01-01T00:21:11.000Z</time>
</wpt>
<wpt lat="35.6929684" lon="140.0147678">
<time>2026-01-01T00:21:12.000Z</time>
</wpt>
<wpt lat="35.6929132" lon="140.0149545">
<time>2026-01-01T00:21:13.000Z</time>
</wpt>
<wpt lat="35.6928579" lon="140.0151412">
<time>2026-01-01T00:21:14.000Z</time>
</wpt>
<wpt lat="35.6928027" lon="140.0153279">
<time>2026-01-01T00:21:15.000Z</time>
</wpt>
<wpt lat="35.6927474" lon="140.0155146">
<time>2026-01-01T00:21:16.000Z</time>
</wpt>
<wpt lat="35.6926922" lon="140.0157013">
<time>2026-01-01T00:21:17.000Z</time>
</wpt>
<wpt lat="35.6926369" lon="140.0158880">
<time>2026-01-01T00:21:18.000Z</time>
</wpt>
<wpt lat="35.6925817" lon="140.0160747">
<time>2026-01-01T00:21:19.000Z</time>
</wpt>
<wpt lat="35.6925264" lon="140.0162614">
<time>2026-01-01T00:21:20.000Z</time>
</wpt>
<wpt lat="35.6924712" lon="140.0164480">
<time>2026-01-01T00:21:21.000Z</time>
</wpt>
<wpt lat="35.6924159" lon="140.0166347">
<time>2026-01-01T00:21:22.000Z</time>
</wpt>
<wpt lat="35.6923607" lon="140.0168214">
<time>2026-01-01T00:21:23.000Z</time>
</wpt>
<wpt lat="35.6923054" lon="140.0170081">
<time>2026-01-01T00:21:24.000Z</time>
</wpt>
<wpt lat="35.6922502" lon="140.0171948">
<time>2026-01-01T00:21:25.000Z</time>
</wpt>
<wpt lat="35.6921949" lon="140.0173815">
<time>2026-01-01T00:21:26.000Z</time>
</wpt>
<wpt lat="35.6921397" lon="140.0175682">
<time>2026-01-01T00:21:27.000Z</time>
</wpt>
<wpt lat="35.6920844" lon="140.0177549">
<time>2026-01-01T00:21:28.000Z</time>
</wpt>
<wpt lat="35.6920292" lon="140.0179416">
<time>2026-01-01T00:21:29.000Z</time>
</wpt>
<wpt lat="35.6919739" lon="140.0181283">
<time>2026-01-01T00:21:30.000Z</time>
</wpt>
<wpt lat="35.6919187" lon="140.0183150">
<time>2026-01-01T00:21:31.000Z</time>
</wpt>
<wpt lat="35.6918661" lon="140.0184927">
<time>2026-01-01T00:21:32.000Z</time>
</wpt>
<wpt lat="35.6918161" lon="140.0186616">
<time>2026-01-01T00:21:33.000Z</time>
</wpt>
<wpt lat="35.6917687" lon="140.0188216">
<time>2026-01-01T00:21:34.000Z</time>
</wpt>
<wpt lat="35.6917240" lon="140.0189727">
<time>2026-01-01T00:21:35.000Z</time>
</wpt>
<wpt lat="35.6916819" lon="140.0191148">
<time>2026-01-01T00:21:36.000Z</time>
</wpt>
<wpt lat="35.6916425" lon="140.0192481">
<time>2026-01-01T00:21:37.000Z</time>
</wpt>
<wpt lat="35.6916057" lon="140.0193725">
<time>2026-01-01T00:21:38.000Z</time>
</wpt>
<wpt lat="35.6915715" lon="140.0194879">
<time>2026-01-01T00:21:39.000Z</time>
</wpt>
<wpt lat="35.6915400" lon="140.0195945">
<time>2026-01-01T00:21:40.000Z</time>
</wpt>
<wpt lat="35.6915111" lon="140.0196922">
<time>2026-01-01T00:21:41.000Z</time>
</wpt>
<wpt lat="35.6914848" lon="140.0197809">
<time>2026-01-01T00:21:42.000Z</time>
</wpt>
<wpt lat="35.6914612" lon="140.0198608">
<time>2026-01-01T00:21:43.000Z</time>
</wpt>
<wpt lat="35.6914402" lon="140.0199317">
<time>2026-01-01T00:21:44.000Z</time>
</wpt>
<wpt lat="35.6914218" lon="140.0199937">
<time>2026-01-01T00:21:45.000Z</time>
</wpt>
<wpt lat="35.6914061" lon="140.0200469">
<time>2026-01-01T00:21:46.000Z</time>
</wpt>
<wpt lat="35.6913930" lon="140.0200911">
<time>2026-01-01T00:21:47.000Z</time>
</wpt>
<wpt lat="35.6913826" lon="140.0201264">
<time>2026-01-01T00:21:48.000Z</time>
</wpt>
<wpt lat="35.6913747" lon="140.0201529">
<time>2026-01-01T00:21:49.000Z</time>
</wpt>
<wpt lat="35.6913696" lon="140.0201704">
<time>2026-01-01T00:21:50.000Z</time>
</wpt>
<wpt lat="35.6913670" lon="140.0201790">
<time>2026-01-01T00:21:51.000Z</time>
</wpt>
<wpt lat="35.6913670" lon="140.0201790">
<time>2026-01-01T00:21:52.000Z</time>
</wpt>
</gpx>
